ATE_SE3_m,ATE_Sim3_m,Coverage,IDF1,MPJPE_mm,PA-MPJPE_mm,Precision,W-MPJPE_mm,WA-MPJPE_mm,angle_stratum,case_id,dataset,inference_status,method,seconds,time_access,unit
0.8788194038973041,0.7023122543849913,0.9525,0.95,74.39815521717985,42.71704021025628,0.9525,583.1823721416623,475.9460384590206,extreme,ego_test_basketball_001_basketball_extreme_cam05_cam04_b00301,egohumans,audited,JOSH,453.3470751789864,offline_full_sequence,001_basketball
1.1225376706974346,0.5411813914996562,0.5625,0.4745011086474501,96.7734223323532,36.63984456189119,0.448207171314741,1530.581500009038,389.61108158468375,large,ego_test_badminton_001_badminton_large_cam11_cam15_b00301,egohumans,audited,JOSH,494.01650185801554,offline_full_sequence,001_badminton
1.2923575524757667,0.5415048278238976,0.4875,0.3652694610778443,83.29791060356166,33.167865787886264,0.3239202657807309,2007.2510277759695,477.8620631928896,large,ego_test_badminton_005_badminton_large_cam11_cam15_b00326,egohumans,audited,JOSH,568.0588529509259,offline_full_sequence,005_badminton
1.7882397062858217,0.6700083162295464,0.8475,0.492831541218638,61.141810095673435,34.1997058683938,0.473463687150838,963.9256223571646,575.6216001616741,extreme,ego_test_badminton_005_badminton_extreme_cam13_cam01_b00326,egohumans,audited,JOSH,653.5686653589364,offline_full_sequence,005_badminton
3.3942743782529248,0.32015476713389274,0.38,0.24462809917355371,65.09044186958982,35.82564163573185,0.18765432098765433,3107.0835585830764,506.43575378408195,medium,ego_test_badminton_005_badminton_medium_cam02_cam15_b00326,egohumans,audited,JOSH,715.5854080429417,offline_full_sequence,005_badminton
4.879704296847266,1.5902104578186083,0.47,0.29777070063694266,67.8853127524259,39.3424391317955,0.21962616822429906,5687.395808481765,501.7444049123333,medium,ego_test_badminton_001_badminton_medium_cam02_cam15_b00301,egohumans,audited,JOSH,739.78331613302,offline_full_sequence,001_badminton
6.389884548620012,0.6063424427840917,0.975,0.9725,73.89485537731083,39.25271178446567,0.975,3778.6806150538514,673.8914263974548,large,ego_test_basketball_001_basketball_large_cam05_cam01_b00301,egohumans,audited,JOSH,420.2526975160581,offline_full_sequence,001_basketball
0.951382414005611,0.2333591025632948,0.33,0.1665615141955836,57.29352794532144,35.994669227342456,0.11139240506329114,970.9543568640598,200.90466725592105,small,ego_test_badminton_005_badminton_small_cam02_cam06_b00326,egohumans,audited,JOSH,903.7792664080625,offline_full_sequence,005_badminton
0.3753789274643925,0.23346839428710808,0.37,0.1856060606060606,62.75490970764521,35.722825586686575,0.125,795.1448580319527,313.60931733063717,small,ego_test_badminton_001_badminton_small_cam06_cam02_b00301,egohumans,audited,JOSH,914.987795136054,offline_full_sequence,001_badminton
2.875752317777432,0.4605343732128448,0.975,0.97,71.7152857748572,43.836515133982736,0.975,1542.188418688304,843.2314818947453,medium,ego_test_basketball_001_basketball_medium_cam01_cam03_b00301,egohumans,audited,JOSH,409.8898964310065,offline_full_sequence,001_basketball
0.27116931141668993,0.271010588163692,0.455,0.4702842377260982,61.09372470246325,43.13802336752361,0.48663101604278075,308.6815916887384,213.8965100300048,small,ego_test_basketball_001_basketball_small_cam06_cam03_b00301,egohumans,audited,JOSH,412.75819796707947,offline_full_sequence,001_basketball
0.8433727325056561,0.7022918154795877,0.87,0.8789808917197452,96.70374043071689,56.26092102653441,0.9038961038961039,1302.293740581963,497.91476986058115,extreme,ego_test_basketball_002_basketball_extreme_cam04_cam05_b00301,egohumans,audited,JOSH,396.8281890930957,offline_full_sequence,002_basketball
6.791096820557481,0.6070515765037261,0.8725,0.9109947643979057,89.81154581318582,57.16890775010044,0.9587912087912088,3993.2546262599135,954.7806395094597,large,ego_test_basketball_002_basketball_large_cam01_cam05_b00301,egohumans,audited,JOSH,407.49435359297786,offline_full_sequence,002_basketball
2.5916405643144373,0.46023384876855306,0.8825,0.88,80.18361487402193,55.632133117643356,0.8825,1816.8954417857615,946.7053838069297,medium,ego_test_basketball_002_basketball_medium_cam03_cam01_b00301,egohumans,audited,JOSH,401.05235038598767,offline_full_sequence,002_basketball
2.9885637010503676,3.046934932640874,0.3175,0.30140485312899107,94.57990683467634,75.99972015359259,0.33159268929503916,1960.9493901930596,897.1115502628172,small,ego_test_basketball_002_basketball_small_cam06_cam03_b00301,egohumans,audited,JOSH,406.20059874810977,offline_full_sequence,002_basketball
2.6420699250917727,0.46084051875609106,0.3475,0.29846938775510207,105.3128444710547,75.42457048969628,0.3619791666666667,2171.628797631521,785.3673526930089,medium,ego_test_basketball_003_basketball_medium_cam03_cam01_b00286,egohumans,audited,JOSH,413.9234912089305,offline_full_sequence,003_basketball
0.27099305823535347,0.2710346373266205,0.2,0.20408163265306123,106.16508953499692,75.35060353523318,0.20833333333333334,740.7229803622815,586.0295461709555,small,ego_test_basketball_003_basketball_small_cam03_cam06_b00286,egohumans,audited,JOSH,404.5023064420093,offline_full_sequence,003_basketball
0.7025741566789973,0.26788017383946855,0.78,0.6633663366336634,104.48249136516215,46.316377361517524,0.7647058823529411,272.4761809330347,321.71970078957884,extreme,ego_test_fencing_001_fencing_extreme_cam10_cam07_b00301,egohumans,audited,JOSH,415.9002640329418,offline_full_sequence,001_fencing
1.3861198814149942,0.1623064079799775,0.7857142857142857,0.8577319587628865,91.00718580846944,44.3725008617615,0.954337899543379,1541.6468397799495,432.81180195021136,medium,ego_test_fencing_001_fencing_medium_cam13_cam10_b00301,egohumans,audited,JOSH,380.1958683420089,offline_full_sequence,001_fencing
2.7109293327048034,0.22937395052559714,0.9,0.5571428571428572,95.92140323437815,44.102167339810656,0.675,2578.641827856005,478.00127861060815,large,ego_test_fencing_001_fencing_large_cam14_cam03_b00301,egohumans,audited,JOSH,483.6921793509391,offline_full_sequence,001_fencing
0.16342153402658346,0.05910968996124966,0.975,0.781563126252505,80.20454469149696,45.750104821167916,0.6521739130434783,226.74446668637464,158.94704826734122,small,ego_test_fencing_001_fencing_small_cam15_cam04_b00301,egohumans,audited,JOSH,383.61560169095173,offline_full_sequence,001_fencing
0.6870091348925561,0.267842851918192,0.988,0.9176029962546817,98.59894862383226,41.71823225490211,0.8697183098591549,719.147420570383,367.2129871891649,extreme,ego_test_fencing_002_fencing_extreme_cam10_cam07_b00301,egohumans,audited,JOSH,400.68994190194644,offline_full_sequence,002_fencing
1.2230874264438016,0.23492969463529445,0.9795918367346939,0.8609865470852018,82.6910056274238,40.31226256767528,0.768,1620.7472261076298,592.8179041736986,large,ego_test_fencing_002_fencing_large_cam11_cam12_b00301,egohumans,audited,JOSH,372.15566140500596,offline_full_sequence,002_fencing
0.3606953945125866,0.2679482037882955,0.992,0.9018181818181819,100.7028630883001,41.00445487876935,0.8266666666666667,513.7604044476236,384.90008540638473,extreme,ego_test_fencing_003_fencing_extreme_cam10_cam07_b00301,egohumans,audited,JOSH,423.0019264020957,offline_full_sequence,003_fencing
0.21850672361608137,0.060487551794958704,0.8066666666666666,0.6797752808988764,79.02337477267822,46.20581331996335,0.587378640776699,493.40679349558957,215.3994554600862,small,ego_test_fencing_002_fencing_small_cam03_cam13_b00301,egohumans,audited,JOSH,481.8848585719825,offline_full_sequence,002_fencing
0.5551829189383218,0.23495915103220216,1.0,0.9103448275862069,94.95051418177742,41.83715051168202,0.851063829787234,281.00663708695976,226.17267576899303,large,ego_test_fencing_003_fencing_large_cam11_cam12_b00301,egohumans,audited,JOSH,374.4604550350341,offline_full_sequence,003_fencing
2.5176789764685052,1.7222246288839202,0.9066666666666666,0.5976714100905562,80.64481930403072,41.43024453788783,0.5750528541226215,2436.6788675933512,636.5901028918398,medium,ego_test_fencing_002_fencing_medium_cam01_cam08_b00301,egohumans,audited,JOSH,529.1267815560568,offline_full_sequence,002_fencing
2.9402386174347637,0.24941874351691695,0.97,0.8302425106990015,83.254753585052,45.179434535064956,0.7256857855361596,2731.1837723559815,522.3794237336082,medium,ego_test_fencing_003_fencing_medium_cam08_cam01_b00301,egohumans,audited,JOSH,480.0466346750036,offline_full_sequence,003_fencing
0.0999461603352165,0.060475655914519845,0.94,0.8663594470046083,75.83090183754024,43.06512922222913,0.8034188034188035,301.58626438878235,156.00587431245341,small,ego_test_fencing_003_fencing_small_cam13_cam03_b00301,egohumans,audited,JOSH,457.8154965969734,offline_full_sequence,003_fencing
2.3179734950609365,0.2041396209109856,0.9833333333333333,0.9666666666666667,122.70727716672482,70.36289025938045,0.9833333333333333,1354.629355253942,404.62689416633555,extreme,ego_test_legoassemble_002_legoassemble_extreme_cam04_cam03_b00226,egohumans,audited,JOSH,424.21829833398806,offline_full_sequence,002_legoassemble
1.0765809336881518,0.17398362868400072,0.9833333333333333,0.9766666666666667,144.34212072841106,93.11823688447481,0.9833333333333333,1006.5338049825763,344.0946212688803,large,ego_test_legoassemble_002_legoassemble_large_cam01_cam05_b00226,egohumans,audited,JOSH,448.005566161999,offline_full_sequence,002_legoassemble
0.1669250998320844,0.16419536158078832,0.9766666666666667,0.9780775716694773,118.40801036893899,73.72859815046489,1.0,451.75330690202486,205.83465093409671,medium,ego_test_legoassemble_002_legoassemble_medium_cam07_cam05_b00226,egohumans,audited,JOSH,417.84687867504545,offline_full_sequence,002_legoassemble
0.13474263666064618,0.0805944444270316,1.0,1.0,110.95759699830303,68.7170792468555,1.0,271.09600838730086,162.0154980008082,small,ego_test_legoassemble_002_legoassemble_small_cam03_cam05_b00226,egohumans,audited,JOSH,421.48909982299665,offline_full_sequence,002_legoassemble
0.6959998365172048,0.20398457294715297,0.9866666666666667,0.97,109.5944324986808,59.08341022580855,0.9866666666666667,599.7996136820726,360.88614537295194,extreme,ego_test_legoassemble_003_legoassemble_extreme_cam03_cam04_b00301,egohumans,audited,JOSH,469.58282484300435,offline_full_sequence,003_legoassemble
1.679156975715263,0.1739532461099313,0.9466666666666667,0.9282136894824707,126.5519544435076,69.78329680141196,0.9498327759197325,1058.2289121385932,366.045653744734,large,ego_test_legoassemble_003_legoassemble_large_cam05_cam01_b00301,egohumans,audited,JOSH,439.5783983829315,offline_full_sequence,003_legoassemble
0.4136344641712487,0.1640715718279153,0.9533333333333334,0.9515859766277128,104.04316889088986,56.06054850234112,0.9565217391304348,456.9020487157385,253.17348055563588,medium,ego_test_legoassemble_003_legoassemble_medium_cam05_cam07_b00301,egohumans,audited,JOSH,437.80549359403085,offline_full_sequence,003_legoassemble
0.2123216996214131,0.0805598856926312,0.9366666666666666,0.9382303839732888,100.01039855472746,54.321792621234025,0.939799331103679,230.03578911135747,146.41319637433048,small,ego_test_legoassemble_003_legoassemble_small_cam05_cam03_b00301,egohumans,audited,JOSH,427.7866061460227,offline_full_sequence,003_legoassemble
1.0241790330082792,0.2039812134806764,1.0,0.9833333333333333,103.31742233326354,56.56158035515377,1.0,1447.665438065095,409.7033360401575,extreme,ego_test_legoassemble_004_legoassemble_extreme_cam03_cam04_b00301,egohumans,audited,JOSH,430.286757265043,offline_full_sequence,004_legoassemble
1.8881353550969018,0.17370562469451784,0.9225352112676056,0.8341880341880342,129.08274997620285,66.74362047091105,0.8704318936877077,962.1033023604178,359.771718262963,large,ego_test_legoassemble_004_legoassemble_large_cam05_cam01_b00301,egohumans,audited,JOSH,438.02372069098055,offline_full_sequence,004_legoassemble
0.16578311367307894,0.16413100159572258,1.0,1.0,104.74350514928267,62.803635178821885,1.0,339.5151704243395,228.7366290690556,medium,ego_test_legoassemble_004_legoassemble_medium_cam07_cam05_b00301,egohumans,audited,JOSH,438.5474676860031,offline_full_sequence,004_legoassemble
0.08045083753226955,0.08056724628236166,1.0,1.0,99.47798611554799,54.94552023274756,1.0,235.8406977032996,140.8557849187735,small,ego_test_legoassemble_004_legoassemble_small_cam03_cam05_b00301,egohumans,audited,JOSH,427.4427313670167,offline_full_sequence,004_legoassemble
1.0160209663726854,0.20936609290215966,0.652542372881356,0.6553480475382003,101.4088271410679,57.89952742452239,0.9829787234042553,1040.6927551967078,450.59681628031836,large,ego_test_tagging_002_tagging_large_cam07_cam08_b00111,egohumans,audited,JOSH,410.43353685503826,offline_full_sequence,002_tagging
4.107361008669869,0.3271998012861935,0.8915343915343915,0.8951612903225806,98.0338473201465,50.29184780908725,0.9207650273224044,1912.0845445032476,671.2156773188881,extreme,ego_test_tagging_002_tagging_extreme_cam06_cam05_b00111,egohumans,audited,JOSH,467.2129148680251,offline_full_sequence,002_tagging
1.5549751611893317,0.24419103959219615,0.91,0.9178255372945638,99.41824435334317,47.63413685209033,0.9309462915601023,1165.1745925756647,480.3686045578314,medium,ego_test_tagging_002_tagging_medium_cam02_cam04_b00111,egohumans,audited,JOSH,474.1824542499962,offline_full_sequence,002_tagging
4.106498642502833,0.32548693795740824,0.9825,0.975,127.97795172240725,63.79481942611831,0.9825,3159.8585700303324,749.4284322309702,extreme,ego_test_tagging_003_tagging_extreme_cam05_cam06_b00156,egohumans,audited,JOSH,471.1739085559966,offline_full_sequence,003_tagging
0.16350852978500616,0.1637080365610496,0.8721227621483376,0.8788659793814433,105.49660316872594,50.414980124115466,0.8857142857142857,578.0646750830493,366.6717091569691,small,ego_test_tagging_002_tagging_small_cam02_cam06_b00111,egohumans,audited,JOSH,479.671822600998,offline_full_sequence,002_tagging
1.891401494864713,0.2093855020411202,0.8046272493573264,0.724233983286908,113.8745713649092,65.9001173816821,0.9513677811550152,2608.147050824914,726.2186177654456,large,ego_test_tagging_003_tagging_large_cam07_cam08_b00156,egohumans,audited,JOSH,477.84688379702857,offline_full_sequence,003_tagging
0.8695612711257066,0.24406237048581747,0.9125,0.9273885350318471,105.30097118910993,59.59282796677954,0.948051948051948,842.2535175064664,409.5722387546327,medium,ego_test_tagging_003_tagging_medium_cam04_cam02_b00156,egohumans,audited,JOSH,458.79950042895507,offline_full_sequence,003_tagging
0.20232072734544398,0.16370003282328432,0.825,0.825,114.53521794633164,58.953519905984265,0.825,546.4780130335752,342.19221344698354,small,ego_test_tagging_003_tagging_small_cam06_cam02_b00156,egohumans,audited,JOSH,466.2370510880137,offline_full_sequence,003_tagging
4.129822891435252,0.3263610130623064,0.945054945054945,0.9340659340659341,96.19838426797993,53.287703568744945,0.945054945054945,1799.5165926238997,911.5293119814045,extreme,ego_test_tagging_005_tagging_extreme_cam05_cam06_b00221,egohumans,audited,JOSH,450.76569438900333,offline_full_sequence,005_tagging
2.0171687112438947,0.20942220473718,0.9554973821989529,0.9479166666666666,99.16002368681204,52.77698340411332,0.9455958549222798,2577.9295270259045,919.5718203895298,large,ego_test_tagging_005_tagging_large_cam07_cam08_b00221,egohumans,audited,JOSH,462.23033792799106,offline_full_sequence,005_tagging
0.16350110973317875,0.16370136086836368,0.9258241758241759,0.9262865090403338,87.46444064565674,52.183097969919174,0.9492957746478873,1414.4063347317037,230.37327076515638,small,ego_test_tagging_005_tagging_small_cam02_cam06_b00221,egohumans,audited,JOSH,446.5421529870364,offline_full_sequence,005_tagging
4.14044597986496,0.32836147379917485,0.9805013927576601,0.9169960474308301,90.13146282522492,51.08726338775126,0.88,2200.4013111870863,515.0553194018947,extreme,ego_test_tagging_006_tagging_extreme_cam05_cam06_b00186,egohumans,audited,JOSH,451.74346658191644,offline_full_sequence,006_tagging
0.7578127679293176,0.24408674375754155,0.9166666666666666,0.916030534351145,87.34912014590552,55.20179952236206,0.9307692307692308,1003.5527279353842,431.1926802690936,medium,ego_test_tagging_005_tagging_medium_cam02_cam04_b00221,egohumans,audited,JOSH,491.49020036199363,offline_full_sequence,005_tagging
2.083640779770652,0.20999487486400795,0.9685714285714285,0.9671897289586305,96.21620496754647,47.66949121406356,0.9658119658119658,1920.8654036962148,479.97427373586476,large,ego_test_tagging_006_tagging_large_cam08_cam07_b00186,egohumans,audited,JOSH,479.61362903990084,offline_full_sequence,006_tagging
3.77224419176989,0.32488930842392444,0.7100271002710027,0.7758887171561051,109.42778983234783,62.87938212747837,0.9424460431654677,1871.394133818793,888.4173068665411,extreme,ego_test_tagging_007_tagging_extreme_cam06_cam05_b00359,egohumans,audited,JOSH,434.38976911403006,offline_full_sequence,007_tagging
0.43712398183702994,0.2440400470298229,0.8279569892473119,0.850415512465374,90.32489836092721,48.95860631313862,0.88,662.1826182441754,371.4195226491617,medium,ego_test_tagging_006_tagging_medium_cam02_cam04_b00186,egohumans,audited,JOSH,513.2908775430406,offline_full_sequence,006_tagging
0.35222903370115327,0.16354245657306232,0.8607242339832869,0.7530364372469636,102.99595656179613,58.092455652548885,0.8089005235602095,1032.03778773603,530.3248163215408,small,ego_test_tagging_006_tagging_small_cam02_cam06_b00186,egohumans,audited,JOSH,471.6190182918799,offline_full_sequence,006_tagging
2.315973545511943,0.20939382117162253,0.639751552795031,0.7640449438202247,104.48472600033499,65.14083845310219,0.9716981132075472,1614.6767903883615,813.796872944928,large,ego_test_tagging_007_tagging_large_cam08_cam07_b00359,egohumans,audited,JOSH,386.0971382339485,offline_full_sequence,007_tagging
0.39815882950085835,0.1636224150810199,0.8759493670886076,0.8891752577319587,95.50255153237536,55.909305956510906,0.9081364829396326,822.8054102483312,544.5996625532737,small,ego_test_tagging_007_tagging_small_cam02_cam06_b00359,egohumans,audited,JOSH,474.1652731469949,offline_full_sequence,007_tagging
4.101270571479408,0.32472240476236924,0.9933333333333333,0.8469241773962805,80.04451875465887,48.67336337309237,0.7468671679197995,1976.367050792554,749.7155460698739,extreme,ego_test_tagging_009_tagging_extreme_cam06_cam05_b00286,egohumans,audited,JOSH,483.37948284693994,offline_full_sequence,009_tagging
2.084926343054647,0.20935673889925105,0.9666666666666667,0.8778979907264297,89.11355394595225,47.82221476439198,0.8357348703170029,1550.4630795976136,793.5971524185655,large,ego_test_tagging_009_tagging_large_cam07_cam08_b00286,egohumans,audited,JOSH,469.9652989569586,offline_full_sequence,009_tagging
0.9475807057668062,0.24418194220929862,0.9566666666666667,0.8247422680412371,84.26851256862982,50.7643520627512,0.7572559366754618,768.1246470305945,447.34186491048905,medium,ego_test_tagging_009_tagging_medium_cam04_cam02_b00286,egohumans,audited,JOSH,472.2359888960491,offline_full_sequence,009_tagging
2.252370756301855,0.20953598524359573,0.8212927756653993,0.7301587301587301,112.79184448089173,58.86711413031147,0.7105263157894737,1638.698304655938,613.1900198957031,large,ego_test_tagging_010_tagging_large_cam07_cam08_b00211,egohumans,audited,JOSH,436.20188430295093,offline_full_sequence,010_tagging
4.00915854714309,0.32619240207263384,0.9866666666666667,0.8354792560801144,100.37336383417146,60.72638460044298,0.7418546365914787,2437.0006031891385,1256.204513659019,extreme,ego_test_tagging_010_tagging_extreme_cam06_cam05_b00211,egohumans,audited,JOSH,456.30055473704124,offline_full_sequence,010_tagging
0.262375225284854,0.16366537202192766,0.94,0.6723891273247496,113.43687151476158,53.03743374590726,0.706766917293233,1611.5991703556679,527.9128440339159,small,ego_test_tagging_009_tagging_small_cam06_cam02_b00286,egohumans,audited,JOSH,460.2271216220688,offline_full_sequence,009_tagging
0.6619810150627267,0.24410199159930415,0.87,0.7791044776119403,90.9685338247951,60.72831230376386,0.7054054054054054,704.5024679668201,363.0365265160824,medium,ego_test_tagging_010_tagging_medium_cam02_cam04_b00211,egohumans,audited,JOSH,463.89938418689417,offline_full_sequence,010_tagging
2.5904590176506757,1.6839554473853107,0.6134969325153374,0.4541284403669725,60.760622841443684,38.6648641849784,0.3663003663003663,968.2597378669238,305.8641716210019,extreme,ego_test_tennis_004_tennis_extreme_cam15_cam05_b00601,egohumans,audited,JOSH,374.9239804390236,offline_full_sequence,004_tennis
5.90379122347922,0.9556257535837118,0.23,0.19166666666666668,62.29897184081237,31.28806803760494,0.16428571428571428,81.23805441519498,67.40246954667644,large,ego_test_tennis_004_tennis_large_cam01_cam07_b00601,egohumans,audited,JOSH,379.63591205206467,offline_full_sequence,004_tennis
0.2461094943722471,0.1635582970558392,0.9133333333333333,0.7196531791907514,113.42410819629399,64.71434147894017,0.6989795918367347,1103.508181966545,429.2559720384894,small,ego_test_tagging_010_tagging_small_cam02_cam06_b00211,egohumans,audited,JOSH,460.212309369992,offline_full_sequence,010_tagging
1.8607928993504839,0.7156702781810905,0.0,0.0,,,0.0,,,large,ego_test_tennis_005_tennis_large_cam01_cam07_b00601,egohumans,audited,JOSH,373.52147313801106,offline_full_sequence,005_tennis
3.224622453417727,1.797208195715948,0.05,0.03502626970227671,72.54460442903259,46.871163477051745,0.026954177897574125,,,medium,ego_test_tennis_004_tennis_medium_cam02_cam15_b00601,egohumans,audited,JOSH,441.4487390939612,offline_full_sequence,004_tennis
1.7894329865664866,0.3864082082082095,0.0,0.0,,,0.0,,,small,ego_test_tennis_005_tennis_small_cam10_cam09_b00601,egohumans,audited,JOSH,389.71755425207084,offline_full_sequence,005_tennis
2.5899313723191444,1.0815935522437672,0.0,0.0,,,0.0,,,medium,ego_test_tennis_005_tennis_medium_cam02_cam15_b00601,egohumans,audited,JOSH,439.17547126102727,offline_full_sequence,005_tennis
3.6714752002571087,1.6321881461656802,0.45,0.16225165562913907,65.99293369620544,39.92247002580872,0.22277227722772278,1163.2064402203332,252.03194826255753,extreme,ego_test_tennis_006_tennis_extreme_cam15_cam05_b00651,egohumans,audited,JOSH,456.43020486598834,offline_full_sequence,006_tennis
0.6547613086646803,0.17892832646861784,0.0,0.0,,,0.0,,,small,ego_test_tennis_007_tennis_small_cam09_cam10_b00776,egohumans,audited,JOSH,333.4539362670621,offline_full_sequence,007_tennis
2.3552818583351867,0.7096090897471977,0.035,0.027944111776447105,61.15733897151019,27.245603216599164,0.023255813953488372,,,large,ego_test_tennis_006_tennis_large_cam01_cam07_b00651,egohumans,audited,JOSH,379.8304871909786,offline_full_sequence,006_tennis
,,0.0,0.0,,,0.0,,,extreme,ego_test_volleyball_001_volleyball_extreme_cam02_cam09_b00301,egohumans,inference_failed,JOSH,,offline_full_sequence,001_volleyball
5.470042890152554,0.7093887775781641,0.1,0.07984031936127745,69.14050390887446,47.90393466158577,0.0664451827242525,357.46083809747586,133.64004519026366,large,ego_test_tennis_008_tennis_large_cam01_cam07_b00601,egohumans,audited,JOSH,395.36340908601414,offline_full_sequence,008_tennis
,,0.0,0.0,,,0.0,,,extreme,ego_test_volleyball_002_volleyball_extreme_cam09_cam02_b00301,egohumans,inference_failed,JOSH,,offline_full_sequence,002_volleyball
,,0.0,0.0,,,0.0,,,extreme,ego_test_volleyball_004_volleyball_extreme_cam02_cam09_b00301,egohumans,inference_failed,JOSH,,offline_full_sequence,004_volleyball
0.8955283650080684,0.5489444749092496,0.0,0.0,,,0.0,,,medium,ego_test_tennis_008_tennis_medium_cam11_cam07_b00601,egohumans,audited,JOSH,398.38267877098406,offline_full_sequence,008_tennis
1.6709599434031863,0.7254446728838349,0.0,0.0,,,0.0,,,large,ego_test_tennis_009_tennis_large_cam01_cam07_b00601,egohumans,audited,JOSH,377.09602831699885,offline_full_sequence,009_tennis
3.833915137769209,0.8325481398084239,0.21717171717171718,0.1577981651376147,49.1476013672486,33.008031700351836,0.1239193083573487,,,extreme,ego_test_tennis_009_tennis_extreme_cam05_cam15_b00601,egohumans,audited,JOSH,400.36423030594597,offline_full_sequence,009_tennis
1.1360264740679828,0.1796321258975571,0.0,0.0,,,0.0,,,small,ego_test_tennis_009_tennis_small_cam09_cam10_b00601,egohumans,audited,JOSH,412.7522200340172,offline_full_sequence,009_tennis
0.4272949161171622,0.37825177059497084,0.72,0.2730573710965868,88.76799339896151,55.9890780982258,0.2947799385875128,2733.4752028600365,762.0218241585254,medium,ego_test_volleyball_002_volleyball_medium_cam06_cam12_b00301,egohumans,audited,JOSH,786.8520831890055,offline_full_sequence,002_volleyball
1.2673121130406513,0.38220440972860537,0.6175,0.3280067283431455,89.89272868970973,56.79598880286263,0.31305449936628643,4385.113229586994,582.3291321612905,medium,ego_test_volleyball_004_volleyball_medium_cam12_cam06_b00301,egohumans,audited,JOSH,659.6321970549761,offline_full_sequence,004_volleyball
0.18005877019931707,0.17999220152624365,0.725,0.36386449184441655,76.85439290082769,47.913428589087076,0.24288107202680068,678.6217044063279,254.22078560295807,small,ego_test_volleyball_001_volleyball_small_cam11_cam12_b00301,egohumans,audited,JOSH,870.5894263380324,offline_full_sequence,001_volleyball
0.17975258816672665,0.17981897904138144,0.655,0.43449419568822556,84.01366110369487,53.621973589520124,0.3250620347394541,1087.9260701511082,476.1463859773523,small,ego_test_volleyball_004_volleyball_small_cam11_cam12_b00301,egohumans,audited,JOSH,668.3673464510357,offline_full_sequence,004_volleyball
0.19083636783907895,0.18027708318270874,0.42777777777777776,0.14891041162227603,94.41940102981125,57.36526730587219,0.11919504643962849,1215.3275465535844,496.32174844324857,small,ego_test_volleyball_002_volleyball_small_cam11_cam12_b00301,egohumans,audited,JOSH,942.4855362360249,offline_full_sequence,002_volleyball
0.62501862356022,0.41662888291409195,0.5375,0.4453125,127.95883175299045,77.91450041028784,0.5842391304347826,1010.2562777072827,373.27588899786764,large,ego_test_badminton_001_badminton_large_cam11_cam15_b00301,egohumans,existing_paper_result,Human3R,,streaming,001_badminton
2.043973696888253,0.30529090716797613,0.37,0.24808184143222506,85.69775379231491,55.7099204981657,0.387434554973822,719.8603716669053,468.3878487524382,medium,ego_test_badminton_001_badminton_medium_cam02_cam15_b00301,egohumans,existing_paper_result,Human3R,,streaming,001_badminton
1.4773250799171194,0.07773293400601154,0.41,0.24282560706401765,117.04824051951647,66.35858082192524,0.3241106719367589,641.7804579591618,358.0764663750789,small,ego_test_badminton_001_badminton_small_cam06_cam02_b00301,egohumans,existing_paper_result,Human3R,,streaming,001_badminton
2.972551738993576,0.6948229434337071,0.3475,0.25365853658536586,110.5976062416215,56.820752563967915,0.6465116279069767,1609.6193314088541,367.7500013263344,extreme,ego_test_badminton_005_badminton_extreme_cam13_cam01_b00326,egohumans,existing_paper_result,Human3R,,streaming,005_badminton
0.4861134838039536,0.32585216684301954,0.53,0.5233918128654971,90.15000370084634,50.77398611721776,0.7464788732394366,1111.197697102256,329.34879231411344,large,ego_test_badminton_005_badminton_large_cam11_cam15_b00326,egohumans,existing_paper_result,Human3R,,streaming,005_badminton
2.2110916680149666,0.27458483681202706,0.26,0.13284132841328414,83.99146421401726,48.711976481262546,0.25181598062953997,1430.4673555439283,290.1413350696847,medium,ego_test_badminton_005_badminton_medium_cam02_cam15_b00326,egohumans,existing_paper_result,Human3R,,streaming,005_badminton
1.8289755302649393,0.25381269990604843,0.38,0.23435722411831628,85.44310471826766,54.29840086384159,0.3173277661795407,1556.4514598810745,772.5173578044701,small,ego_test_badminton_005_badminton_small_cam02_cam06_b00326,egohumans,existing_paper_result,Human3R,,streaming,005_badminton
9.075362613749299,7.258997156110706,0.715,0.40664961636828645,83.92049335567503,65.37941376906102,0.7486910994764397,5672.014756680699,671.9224449937254,extreme,ego_test_basketball_001_basketball_extreme_cam05_cam04_b00301,egohumans,existing_paper_result,Human3R,,streaming,001_basketball
7.796084693583492,6.6191079326392,0.875,0.6238993710691824,86.96085375683518,61.7919415701405,0.8860759493670886,6470.906684334829,832.4246009755476,large,ego_test_basketball_001_basketball_large_cam05_cam01_b00301,egohumans,existing_paper_result,Human3R,,streaming,001_basketball
0.18556501940952974,0.16911994075972328,0.915,0.48911651728553135,96.26981154587965,65.77342046616572,0.9606299212598425,1137.2055582757928,502.6823885840756,medium,ego_test_basketball_001_basketball_medium_cam01_cam03_b00301,egohumans,existing_paper_result,Human3R,,streaming,001_basketball
0.3389421261280219,0.25650591051594945,0.7925,0.7144827586206897,97.22491186428924,64.56764922514648,0.9753846153846154,1335.9348305376116,434.03190752710884,small,ego_test_basketball_001_basketball_small_cam06_cam03_b00301,egohumans,existing_paper_result,Human3R,,streaming,001_basketball
7.7095245607672345,0.8830745663193146,0.45,0.36962750716332377,122.22443730049496,79.67737633537845,0.6040268456375839,4090.604127104054,912.4630448385213,extreme,ego_test_basketball_002_basketball_extreme_cam04_cam05_b00301,egohumans,existing_paper_result,Human3R,,streaming,002_basketball
7.535558953306361,4.239892473406486,0.5425,0.5079365079365079,102.96846055121568,74.4538685060267,0.7406143344709898,2094.055717340071,506.46177035309205,large,ego_test_basketball_002_basketball_large_cam01_cam05_b00301,egohumans,existing_paper_result,Human3R,,streaming,002_basketball
1.2196230245124162,0.24146718034556972,0.6125,0.48152866242038217,93.12943159984633,72.43187805356109,0.6363636363636364,1133.3000755962803,722.3040124263979,medium,ego_test_basketball_002_basketball_medium_cam03_cam01_b00301,egohumans,existing_paper_result,Human3R,,streaming,002_basketball
0.3520256211525177,0.1938350237611267,0.56,0.612184249628529,120.6703920920113,96.9578824627894,0.8205128205128205,1076.6439408553183,481.88588685680315,small,ego_test_basketball_002_basketball_small_cam06_cam03_b00301,egohumans,existing_paper_result,Human3R,,streaming,002_basketball
0.9414928873652818,0.2868753439105684,0.21,0.15609756097560976,191.98078944560194,121.29246043247693,0.39069767441860465,1261.3568149095922,625.7284751915905,medium,ego_test_basketball_003_basketball_medium_cam03_cam01_b00286,egohumans,existing_paper_result,Human3R,,streaming,003_basketball
0.7399358938229521,0.2031804102652858,0.145,0.1761467889908257,130.19869336140127,101.86362056193745,0.4,646.9422941546339,567.8191318308066,small,ego_test_basketball_003_basketball_small_cam03_cam06_b00286,egohumans,existing_paper_result,Human3R,,streaming,003_basketball
0.6399480200967629,0.2978320730639908,0.04,0.041884816753926704,97.36830939705455,51.03230570253174,0.04395604395604396,113.25806707733507,90.81988032203026,extreme,ego_test_fencing_001_fencing_extreme_cam10_cam07_b00301,egohumans,existing_paper_result,Human3R,,streaming,001_fencing
0.8195118085027537,0.22371949418836287,0.44666666666666666,0.4168126094570928,107.25598156047643,57.12225040576742,0.4944649446494465,831.2050586944138,314.54718860225813,large,ego_test_fencing_001_fencing_large_cam14_cam03_b00301,egohumans,existing_paper_result,Human3R,,streaming,001_fencing
0.547287137188021,0.1283059824781841,0.6090225563909775,0.41841004184100417,105.29005552665392,56.47502187137993,0.7641509433962265,253.0633707780775,211.2248429721031,medium,ego_test_fencing_001_fencing_medium_cam13_cam10_b00301,egohumans,existing_paper_result,Human3R,,streaming,001_fencing
0.24906299369273782,0.03340233055622911,0.81,0.49884526558891457,219.32485307859037,126.00670018426308,0.6952789699570815,828.7191094763316,453.4058615842085,small,ego_test_fencing_001_fencing_small_cam15_cam04_b00301,egohumans,existing_paper_result,Human3R,,streaming,001_fencing
2.07018972711786,0.5403011980899306,0.988,0.593186372745491,102.85623054216937,50.85799392846051,0.9919678714859438,1751.1908433285926,522.4296481912693,extreme,ego_test_fencing_002_fencing_extreme_cam10_cam07_b00301,egohumans,existing_paper_result,Human3R,,streaming,002_fencing
0.7283727061821912,0.15510610619381565,0.9591836734693877,0.78125,106.00635006375245,61.02295547565954,1.0,589.1312989088773,270.40612950965533,large,ego_test_fencing_002_fencing_large_cam11_cam12_b00301,egohumans,existing_paper_result,Human3R,,streaming,002_fencing
0.8568529557580775,0.08480615488008508,0.8233333333333334,0.48859934853420195,107.50094821745645,55.83763325209078,0.7866242038216561,590.967065860293,302.9303854551693,medium,ego_test_fencing_002_fencing_medium_cam01_cam08_b00301,egohumans,existing_paper_result,Human3R,,streaming,002_fencing
0.17357238929571717,0.028646189501722666,0.67,0.6885813148788927,111.73908765714985,68.98121524795694,0.7230215827338129,420.8834826516218,224.08949435877875,small,ego_test_fencing_002_fencing_small_cam03_cam13_b00301,egohumans,existing_paper_result,Human3R,,streaming,002_fencing
1.0686741428097415,0.5111718644697136,0.396,0.3018181818181818,103.90662186638397,48.177111595019376,0.33,1854.409482318166,401.3133001901015,extreme,ego_test_fencing_003_fencing_extreme_cam10_cam07_b00301,egohumans,existing_paper_result,Human3R,,streaming,003_fencing
0.6838582777732669,0.2806877383446123,1.0,0.7228915662650602,98.18377478298841,51.33130401475783,0.9302325581395349,336.7029814754975,325.49011126074953,large,ego_test_fencing_003_fencing_large_cam11_cam12_b00301,egohumans,existing_paper_result,Human3R,,streaming,003_fencing
0.5113263764334524,0.4755073048997791,0.58,0.42948717948717946,106.04685166190019,64.20830922527107,0.5370370370370371,616.8416236568356,304.89853595481367,medium,ego_test_fencing_003_fencing_medium_cam08_cam01_b00301,egohumans,existing_paper_result,Human3R,,streaming,003_fencing
0.1651945733964059,0.0552940176338636,0.5333333333333333,0.5086505190311419,133.25058148371778,73.83577223307468,0.5755395683453237,672.5061568662422,285.3058104546388,small,ego_test_fencing_003_fencing_small_cam13_cam03_b00301,egohumans,existing_paper_result,Human3R,,streaming,003_fencing
0.275424705485669,0.06398074009580616,0.87,0.5311942959001783,120.2444002816224,72.16291035030872,1.0,279.43834708191133,223.1666147622713,extreme,ego_test_legoassemble_002_legoassemble_extreme_cam04_cam03_b00226,egohumans,existing_paper_result,Human3R,,streaming,002_legoassemble
0.37107537807222113,0.0784898625533194,0.78,0.7378277153558053,139.1472660881415,94.0812023444926,1.0,444.17021874185275,215.89545459289502,large,ego_test_legoassemble_002_legoassemble_large_cam01_cam05_b00226,egohumans,existing_paper_result,Human3R,,streaming,002_legoassemble
0.3014271769020263,0.043506926222842524,0.9166666666666666,0.6573913043478261,121.14553922662837,81.84467301794167,1.0,394.2779026879526,229.33780269787837,medium,ego_test_legoassemble_002_legoassemble_medium_cam07_cam05_b00226,egohumans,existing_paper_result,Human3R,,streaming,002_legoassemble
0.19716549212313017,0.07314071848267209,0.9966666666666667,0.998330550918197,123.35197361216767,83.84602733114777,1.0,301.73496958914836,201.75579999635198,small,ego_test_legoassemble_002_legoassemble_small_cam03_cam05_b00226,egohumans,existing_paper_result,Human3R,,streaming,002_legoassemble
0.49448756981155634,0.07053954562616677,0.9066666666666666,0.513986013986014,106.3145154087614,61.16899165747216,1.0,393.11877869862957,208.13325969231082,extreme,ego_test_legoassemble_003_legoassemble_extreme_cam03_cam04_b00301,egohumans,existing_paper_result,Human3R,,streaming,003_legoassemble
0.3368483439017996,0.10882155092469657,0.8833333333333333,0.4920353982300885,124.66500001592344,61.46394561487421,1.0,389.83096526168333,234.6061649415609,large,ego_test_legoassemble_003_legoassemble_large_cam05_cam01_b00301,egohumans,existing_paper_result,Human3R,,streaming,003_legoassemble
0.4363662636038422,0.2042822492011677,0.9633333333333334,0.5093378607809848,108.33042967561084,60.02385454091143,1.0,517.0455140786573,310.54823333668475,medium,ego_test_legoassemble_003_legoassemble_medium_cam05_cam07_b00301,egohumans,existing_paper_result,Human3R,,streaming,003_legoassemble
0.2883202425092774,0.0834404634707192,0.9533333333333334,0.6439522998296422,109.47045610091443,61.72853661091348,0.9965156794425087,406.96898185580847,261.765914887304,small,ego_test_legoassemble_003_legoassemble_small_cam05_cam03_b00301,egohumans,existing_paper_result,Human3R,,streaming,003_legoassemble
0.38730172304547145,0.08464612106453284,1.0,0.6666666666666666,99.78081484230613,66.10402111170872,1.0,343.91495912673633,258.2957950275802,extreme,ego_test_legoassemble_004_legoassemble_extreme_cam03_cam04_b00301,egohumans,existing_paper_result,Human3R,,streaming,004_legoassemble
0.4924426454117259,0.07611152774047002,0.852112676056338,0.5399239543726235,120.48774136764216,65.18857335212857,1.0,209.0823768459884,180.50881686380345,large,ego_test_legoassemble_004_legoassemble_large_cam05_cam01_b00301,egohumans,existing_paper_result,Human3R,,streaming,004_legoassemble
0.293299016516171,0.05812815625407697,0.8733333333333333,0.708185053380783,121.34398251251702,71.03231514214698,1.0,453.2627621648854,228.07065853107343,medium,ego_test_legoassemble_004_legoassemble_medium_cam07_cam05_b00301,egohumans,existing_paper_result,Human3R,,streaming,004_legoassemble
0.18920869253666292,0.08162529752981323,1.0,1.0,109.81183675948976,66.05851954259282,1.0,259.382933423569,196.59578806528035,small,ego_test_legoassemble_004_legoassemble_small_cam03_cam05_b00301,egohumans,existing_paper_result,Human3R,,streaming,004_legoassemble
0.3426268675961883,0.2936482749051166,0.8915343915343915,0.5386740331491713,99.85515048986626,61.206829109872714,0.9739884393063584,1236.0244154781903,345.7397804179725,extreme,ego_test_tagging_002_tagging_extreme_cam06_cam05_b00111,egohumans,existing_paper_result,Human3R,,streaming,002_tagging
0.31008895620355853,0.24837653427529566,0.7909604519774012,0.5930599369085173,105.78887115561237,58.11208439815973,1.0,760.4778306935376,311.7585364288058,large,ego_test_tagging_002_tagging_large_cam07_cam08_b00111,egohumans,existing_paper_result,Human3R,,streaming,002_tagging
0.1433433403224845,0.11360224573558328,0.915,0.4856396866840731,102.47455890838744,59.10893075668635,1.0,376.03895664298346,257.68332376089444,medium,ego_test_tagging_002_tagging_medium_cam02_cam04_b00111,egohumans,existing_paper_result,Human3R,,streaming,002_tagging
0.31457182412094986,0.044782602081258976,0.8695652173913043,0.7660738714090287,111.48230956386654,62.9894390189773,1.0,289.7497906777252,184.54637302395847,small,ego_test_tagging_002_tagging_small_cam02_cam06_b00111,egohumans,existing_paper_result,Human3R,,streaming,002_tagging
0.7510537617483146,0.20885840853099047,0.925,0.6103896103896104,135.4949889135815,77.40141864351695,1.0,629.9279193212617,396.3252630004064,extreme,ego_test_tagging_003_tagging_extreme_cam05_cam06_b00156,egohumans,existing_paper_result,Human3R,,streaming,003_tagging
0.6034725580700102,0.22426916212104606,0.8097686375321337,0.5361702127659574,122.58503945694741,74.83423324937256,0.9968354430379747,562.8318770782333,372.4337615110897,large,ego_test_tagging_003_tagging_large_cam07_cam08_b00156,egohumans,existing_paper_result,Human3R,,streaming,003_tagging
0.14961003654615054,0.148677671345212,0.85,0.5053763440860215,121.49932860402687,76.63680752395743,0.9883720930232558,1512.3870107016794,355.93608771983236,medium,ego_test_tagging_003_tagging_medium_cam04_cam02_b00156,egohumans,existing_paper_result,Human3R,,streaming,003_tagging
0.40001949921041785,0.2557875188174618,0.8575,0.472630173564753,122.85849116696173,75.17962084997748,0.9828080229226361,1294.2940564955088,296.2088783406397,small,ego_test_tagging_003_tagging_small_cam06_cam02_b00156,egohumans,existing_paper_result,Human3R,,streaming,003_tagging
1.3143877644660973,0.8011611528481413,0.9697802197802198,0.5467224546722455,95.57835431517556,54.909725334979385,1.0,963.5820275231781,685.7599862682002,extreme,ego_test_tagging_005_tagging_extreme_cam05_cam06_b00221,egohumans,existing_paper_result,Human3R,,streaming,005_tagging
0.5373384338925148,0.5339100558999406,0.5235602094240838,0.5340453938584779,99.28977629264617,52.50049356743009,0.5449591280653951,1012.9004716454322,528.7225978539624,large,ego_test_tagging_005_tagging_large_cam07_cam08_b00221,egohumans,existing_paper_result,Human3R,,streaming,005_tagging
0.08552686773026695,0.06444890494318874,0.8813131313131313,0.5906040268456376,91.79321450338436,56.704228563923444,1.0,1277.3954258115898,270.1063545072575,medium,ego_test_tagging_005_tagging_medium_cam02_cam04_b00221,egohumans,existing_paper_result,Human3R,,streaming,005_tagging
0.20195984513157478,0.06598977963947576,0.9368131868131868,0.7943262411347518,87.21231921331199,54.854648138414525,1.0,1313.34279656637,226.8108862294078,small,ego_test_tagging_005_tagging_small_cam02_cam06_b00221,egohumans,existing_paper_result,Human3R,,streaming,005_tagging
2.6038248529947547,1.6814413395496042,0.7994428969359332,0.535475234270415,103.04136966524317,63.96653924791577,0.7396907216494846,1520.9570818305915,515.2272964129276,extreme,ego_test_tagging_006_tagging_extreme_cam05_cam06_b00186,egohumans,existing_paper_result,Human3R,,streaming,006_tagging
0.8967256828088901,0.5888523223426493,0.9771428571428571,0.7106017191977078,99.40228055297634,53.94246064556007,0.9827586206896551,1683.07935612478,454.5569837607895,large,ego_test_tagging_006_tagging_large_cam08_cam07_b00186,egohumans,existing_paper_result,Human3R,,streaming,006_tagging
0.4428671610964542,0.07797115102973035,0.717741935483871,0.6261682242990654,105.54803919683442,59.25703585207975,0.9888888888888889,606.1433267449759,250.95848432896346,medium,ego_test_tagging_006_tagging_medium_cam02_cam04_b00186,egohumans,existing_paper_result,Human3R,,streaming,006_tagging
0.38573696729291695,0.051796619689138755,0.8217270194986073,0.855072463768116,100.57614621410237,60.76492542627996,0.8912386706948641,644.8919450860367,227.42712485483597,small,ego_test_tagging_006_tagging_small_cam02_cam06_b00186,egohumans,existing_paper_result,Human3R,,streaming,006_tagging
0.6313843945087371,0.26403489436990446,0.7560975609756098,0.6278713629402757,102.00142861330912,62.25932195138189,0.9823943661971831,1210.9303489799968,420.8408339886214,extreme,ego_test_tagging_007_tagging_extreme_cam06_cam05_b00359,egohumans,existing_paper_result,Human3R,,streaming,007_tagging
1.5560395666628961,0.517430692451018,0.7360248447204969,0.6475849731663685,103.56221272143297,66.29019782530943,1.0,2569.3964878875477,662.8578307445791,large,ego_test_tagging_007_tagging_large_cam08_cam07_b00359,egohumans,existing_paper_result,Human3R,,streaming,007_tagging
0.35298899250955706,0.0747709952680473,0.8481012658227848,0.6712328767123288,114.18917383518354,66.16755026608065,1.0,575.6269155673326,248.08139059995406,small,ego_test_tagging_007_tagging_small_cam02_cam06_b00359,egohumans,existing_paper_result,Human3R,,streaming,007_tagging
0.2746185283345136,0.2579194115752213,0.9533333333333334,0.4370257966616085,83.39832971165482,53.09109239994696,0.7966573816155988,601.3848201705628,276.9489351482307,extreme,ego_test_tagging_009_tagging_extreme_cam06_cam05_b00286,egohumans,existing_paper_result,Human3R,,streaming,009_tagging
0.7455328284538081,0.6496283678522435,0.9766666666666667,0.45553822152886114,94.09682660680832,53.87130478033616,0.8592375366568915,1948.2891910912504,482.6204529683,large,ego_test_tagging_009_tagging_large_cam07_cam08_b00286,egohumans,existing_paper_result,Human3R,,streaming,009_tagging
0.15270891761568273,0.1430639137197354,0.93,0.43558282208588955,83.11996409232067,54.79933757245319,0.7926136363636364,732.6668168859912,230.64934613943805,medium,ego_test_tagging_009_tagging_medium_cam04_cam02_b00286,egohumans,existing_paper_result,Human3R,,streaming,009_tagging
0.2937273660538299,0.16833795705416382,0.9366666666666666,0.7082066869300911,79.57202502842358,53.95641563838886,0.7849162011173184,497.0752153004952,193.06264989284324,small,ego_test_tagging_009_tagging_small_cam06_cam02_b00286,egohumans,existing_paper_result,Human3R,,streaming,009_tagging
0.2772916067759399,0.2826184471571666,0.9733333333333334,0.5857988165680473,105.31668387084775,63.37334877265333,0.776595744680851,610.973679638282,322.28793362860137,extreme,ego_test_tagging_010_tagging_extreme_cam06_cam05_b00211,egohumans,existing_paper_result,Human3R,,streaming,010_tagging
0.7599309692558038,0.3573163019319786,0.8479087452471483,0.5,113.45468810236905,64.05426565197452,0.7216828478964401,806.5968499214946,370.22627752231153,large,ego_test_tagging_010_tagging_large_cam07_cam08_b00211,egohumans,existing_paper_result,Human3R,,streaming,010_tagging
0.2689147230749149,0.09542277148935643,0.8566666666666667,0.5457463884430177,108.78946888679151,64.1750514406565,0.7956656346749226,680.5884679690558,364.4650055904166,medium,ego_test_tagging_010_tagging_medium_cam02_cam04_b00211,egohumans,existing_paper_result,Human3R,,streaming,010_tagging
0.42346400165990966,0.06621240406573647,0.9366666666666666,0.42835595776772245,109.85292315858335,63.31502475655207,0.7741046831955923,624.1664802214196,338.01707477465453,small,ego_test_tagging_010_tagging_small_cam02_cam06_b00211,egohumans,existing_paper_result,Human3R,,streaming,010_tagging
8.416870350404608,0.7648139188799,0.3128834355828221,0.2932551319648094,84.86059923346421,63.03190713073837,0.28651685393258425,474.33171962523886,168.1401363615404,extreme,ego_test_tennis_004_tennis_extreme_cam15_cam05_b00601,egohumans,existing_paper_result,Human3R,,streaming,004_tennis
2.5846649146084046,1.040641590852046,0.225,0.25936599423631124,69.26738995082488,59.46910547157282,0.30612244897959184,1206.612583488661,307.2965869642153,large,ego_test_tennis_004_tennis_large_cam01_cam07_b00601,egohumans,existing_paper_result,Human3R,,streaming,004_tennis
3.5116884979037355,0.363831801288679,0.5,0.24691358024691357,74.68700545636106,56.834499924646124,0.4878048780487805,1036.8103325316602,436.2504332324818,medium,ego_test_tennis_004_tennis_medium_cam02_cam15_b00601,egohumans,existing_paper_result,Human3R,,streaming,004_tennis
1.8093181102255471,0.4820670236670266,0.25,0.26455026455026454,71.14081748014816,57.7632883851715,0.2808988764044944,905.4804596360408,318.62299928367554,large,ego_test_tennis_005_tennis_large_cam01_cam07_b00601,egohumans,existing_paper_result,Human3R,,streaming,005_tennis
2.821313934481868,0.27308450788766037,0.49,0.24630541871921183,67.07647510649439,57.486098554377875,0.47572815533980584,1072.8965648813535,230.24769309961414,medium,ego_test_tennis_005_tennis_medium_cam02_cam15_b00601,egohumans,existing_paper_result,Human3R,,streaming,005_tennis
0.5147007445387799,0.0916898761831066,0.48,0.4682926829268293,81.35587665186192,57.067548403970655,0.45714285714285713,456.28910527991087,243.42980781950905,small,ego_test_tennis_005_tennis_small_cam10_cam09_b00601,egohumans,existing_paper_result,Human3R,,streaming,005_tennis
8.892163275062511,1.233955258320309,0.265,0.28160919540229884,72.47415728002727,59.7105070041853,0.3581081081081081,361.17773444178266,173.0235002684355,extreme,ego_test_tennis_006_tennis_extreme_cam15_cam05_b00651,egohumans,existing_paper_result,Human3R,,streaming,006_tennis
3.1272282038017623,0.857341632060501,0.25,0.2849002849002849,70.0391398711029,59.43836790998449,0.33112582781456956,224.7139407521827,164.83112957700735,large,ego_test_tennis_006_tennis_large_cam01_cam07_b00651,egohumans,existing_paper_result,Human3R,,streaming,006_tennis
0.29668925817494146,0.12300155686929821,0.495,0.5089974293059126,91.99451646858081,69.96442363507528,0.5238095238095238,1502.9719305995839,323.8251351280317,small,ego_test_tennis_007_tennis_small_cam09_cam10_b00776,egohumans,existing_paper_result,Human3R,,streaming,007_tennis
2.9802517461021862,0.4474705498636635,0.25,0.2557544757033248,71.84826176770201,56.826805816487095,0.2617801047120419,675.7278509885094,220.04160276822984,large,ego_test_tennis_008_tennis_large_cam01_cam07_b00601,egohumans,existing_paper_result,Human3R,,streaming,008_tennis
2.5037986396857543,0.44345326961676795,0.245,0.24257425742574257,85.85480363687972,49.518526715851166,0.24019607843137256,543.23034409517,172.84676843388033,medium,ego_test_tennis_008_tennis_medium_cam11_cam07_b00601,egohumans,existing_paper_result,Human3R,,streaming,008_tennis
6.418741030559014,1.417435048695787,0.2222222222222222,0.2018348623853211,116.9025571068633,88.39157970490135,0.18487394957983194,516.823711320466,267.06762193304263,extreme,ego_test_tennis_009_tennis_extreme_cam05_cam15_b00601,egohumans,existing_paper_result,Human3R,,streaming,009_tennis
1.9877551009806778,0.30969178445271106,0.18974358974358974,0.19839142091152814,155.2631916924228,105.32323669588645,0.20786516853932585,1022.3186361287694,772.2910750773681,large,ego_test_tennis_009_tennis_large_cam01_cam07_b00601,egohumans,existing_paper_result,Human3R,,streaming,009_tennis
0.08939086257359519,0.05701924784781431,0.5333333333333333,0.5024154589371981,79.67826854288289,58.18192345476037,0.4748858447488584,674.1286747239076,293.2960257247697,small,ego_test_tennis_009_tennis_small_cam09_cam10_b00601,egohumans,existing_paper_result,Human3R,,streaming,009_tennis
6.1414707659487,1.0837334255369524,0.345,0.31876606683804626,149.68945087500865,99.28129860888147,0.36507936507936506,821.5054992312821,481.4846006677092,extreme,ego_test_volleyball_001_volleyball_extreme_cam02_cam09_b00301,egohumans,existing_paper_result,Human3R,,streaming,001_volleyball
1.3678796687946544,0.04952344575002681,0.1125,0.10227272727272728,120.7148143371296,75.91478152161214,0.14802631578947367,1124.742590587142,554.547744355091,small,ego_test_volleyball_001_volleyball_small_cam11_cam12_b00301,egohumans,existing_paper_result,Human3R,,streaming,001_volleyball
5.541140522907216,1.2487388735606133,0.235,0.17496635262449528,196.29684597701984,142.70891053091884,0.27405247813411077,950.9752129788496,405.00147513445575,extreme,ego_test_volleyball_002_volleyball_extreme_cam09_cam02_b00301,egohumans,existing_paper_result,Human3R,,streaming,002_volleyball
2.8694433188434347,0.11009534564503053,0.275,0.2812903225806452,103.46090274172151,67.76315378580526,0.29333333333333333,554.8156795583202,263.7416867489555,medium,ego_test_volleyball_002_volleyball_medium_cam06_cam12_b00301,egohumans,existing_paper_result,Human3R,,streaming,002_volleyball
1.240658028012129,0.05602572932743329,0.4305555555555556,0.4821150855365474,96.8066921396557,65.34454266476185,0.5477031802120141,738.5652496355555,383.8383193355489,small,ego_test_volleyball_002_volleyball_small_cam11_cam12_b00301,egohumans,existing_paper_result,Human3R,,streaming,002_volleyball
8.286261489098193,3.7122050500543162,0.0875,0.06231454005934718,168.60997675336662,126.10375259855718,0.12773722627737227,1018.8069085639694,685.8659305470106,extreme,ego_test_volleyball_004_volleyball_extreme_cam02_cam09_b00301,egohumans,existing_paper_result,Human3R,,streaming,004_volleyball
2.6932432669921753,0.15339934405807168,0.2175,0.1742857142857143,139.39151853014297,100.79001921016584,0.29,1241.8847675633729,580.1674477645004,medium,ego_test_volleyball_004_volleyball_medium_cam12_cam06_b00301,egohumans,existing_paper_result,Human3R,,streaming,004_volleyball
1.1716338432371665,0.08432042559956156,0.2875,0.3262411347517731,86.3971841295016,65.87729718096733,0.3770491803278688,541.9859413517572,204.92837477469376,small,ego_test_volleyball_004_volleyball_small_cam11_cam12_b00301,egohumans,existing_paper_result,Human3R,,streaming,004_volleyball
1.8257362953905079,0.005906784669839068,0.35,0.3411458333333333,128.7614879507564,65.95324037374954,0.3804347826086957,535.4704202585372,256.55276747433885,large,ego_test_badminton_001_badminton_large_cam11_cam15_b00301,egohumans,existing_paper_result,Shot3R,,streaming,001_badminton
1.8296997155082773,0.008347847986592823,0.275,0.2813299232736573,86.05117981835238,52.155976820150094,0.2879581151832461,732.3562156612683,523.6051092569488,medium,ego_test_badminton_001_badminton_medium_cam02_cam15_b00301,egohumans,existing_paper_result,Shot3R,,streaming,001_badminton
1.4731004976223334,0.011911524999848601,0.385,0.32891832229580575,80.50925712674233,45.55495800458166,0.30434782608695654,593.7962772202711,361.4164044203664,small,ego_test_badminton_001_badminton_small_cam06_cam02_b00301,egohumans,existing_paper_result,Shot3R,,streaming,001_badminton
3.620373055397558,0.01394007682394244,0.1825,0.22439024390243903,136.2873523540264,65.5744574162144,0.3395348837209302,601.6787954761049,216.19585619430353,extreme,ego_test_badminton_005_badminton_extreme_cam13_cam01_b00326,egohumans,existing_paper_result,Shot3R,,streaming,005_badminton
1.485587888340152,0.007646428068707383,0.3575,0.3830409356725146,83.70067098389775,39.914286145567274,0.5035211267605634,600.8518121616036,254.22032664376945,large,ego_test_badminton_005_badminton_large_cam11_cam15_b00326,egohumans,existing_paper_result,Shot3R,,streaming,005_badminton
1.8190764067840723,0.008257978571537346,0.27,0.23862238622386223,84.25186396808584,48.9637804152863,0.26150121065375304,1299.1856296899298,295.20536102812497,medium,ego_test_badminton_005_badminton_medium_cam02_cam15_b00326,egohumans,existing_paper_result,Shot3R,,streaming,005_badminton
1.6508704331785582,0.01066864662989988,0.37,0.3162684869169511,86.70234906135298,56.1732851096359,0.3089770354906054,1384.8894871607238,762.9340413724382,small,ego_test_badminton_005_badminton_small_cam02_cam06_b00326,egohumans,existing_paper_result,Shot3R,,streaming,005_badminton
5.752556287304555,0.11762440164081955,0.6725,0.6854219948849105,84.03621787365128,65.41033792623844,0.7041884816753927,4192.81838547296,668.4144338354854,extreme,ego_test_basketball_001_basketball_extreme_cam05_cam04_b00301,egohumans,existing_paper_result,Shot3R,,streaming,001_basketball
3.6964222743739445,0.06480025077209946,0.8575,0.5433962264150943,86.93471528455525,61.817116450964726,0.8683544303797468,4445.567915013742,758.9496375787634,large,ego_test_basketball_001_basketball_large_cam05_cam01_b00301,egohumans,existing_paper_result,Shot3R,,streaming,001_basketball
1.7464334224700917,0.07836445861442787,0.93,0.7400768245838668,95.88339668967674,65.4521466148569,0.9763779527559056,1652.0728905051756,556.3530949896406,medium,ego_test_basketball_001_basketball_medium_cam01_cam03_b00301,egohumans,existing_paper_result,Shot3R,,streaming,001_basketball
0.27790796321696637,0.055313531556547675,0.795,0.6344827586206897,97.00826913707142,64.29188136781296,0.9784615384615385,1669.1160985644049,365.6772102890635,small,ego_test_basketball_001_basketball_small_cam06_cam03_b00301,egohumans,existing_paper_result,Shot3R,,streaming,001_basketball
7.125425140232705,0.16290506170117167,0.225,0.24355300859598855,148.17423165925288,86.33332955190409,0.30201342281879195,658.83737232641,387.2044022842588,extreme,ego_test_basketball_002_basketball_extreme_cam04_cam05_b00301,egohumans,existing_paper_result,Shot3R,,streaming,002_basketball
4.857183122123038,0.08043472516277729,0.46,0.49927849927849927,103.01877856461711,73.16818224286843,0.6279863481228669,570.0488420131691,297.6020182180206,large,ego_test_basketball_002_basketball_large_cam01_cam05_b00301,egohumans,existing_paper_result,Shot3R,,streaming,002_basketball
0.29075071401917224,0.07547288795786351,0.7275,0.7184713375796178,94.90072245159207,72.25537173173491,0.7558441558441559,868.9773394557984,402.2964797847362,medium,ego_test_basketball_002_basketball_medium_cam03_cam01_b00301,egohumans,existing_paper_result,Shot3R,,streaming,002_basketball
0.1290829938666348,0.07062256842946858,0.5475,0.6151560178306092,118.42625932910653,95.59261582146355,0.8021978021978022,1121.8259551666943,444.0609319204795,small,ego_test_basketball_002_basketball_small_cam06_cam03_b00301,egohumans,existing_paper_result,Shot3R,,streaming,002_basketball
2.187972484533649,0.09584144296820668,0.195,0.2146341463414634,151.48759973322962,113.49963682937098,0.3627906976744186,1248.0640728392111,703.2958685502523,medium,ego_test_basketball_003_basketball_medium_cam03_cam01_b00286,egohumans,existing_paper_result,Shot3R,,streaming,003_basketball
0.3650625596320496,0.07360523822109064,0.15,0.1761467889908257,129.01810205025083,100.56110288142932,0.41379310344827586,758.989244991846,354.36960875209286,small,ego_test_basketball_003_basketball_small_cam03_cam06_b00286,egohumans,existing_paper_result,Shot3R,,streaming,003_basketball
2.2003856093438627,0.07906412543711477,0.53,0.5130890052356021,123.02288322039955,67.29380148984525,0.5824175824175825,859.4819773853409,249.0007592080875,extreme,ego_test_fencing_001_fencing_extreme_cam10_cam07_b00301,egohumans,existing_paper_result,Shot3R,,streaming,001_fencing
0.6885151698216262,0.015470199294858713,0.45,0.47285464098073554,107.75418414393789,55.825249642102165,0.4981549815498155,278.54527673710123,155.42034810316858,large,ego_test_fencing_001_fencing_large_cam14_cam03_b00301,egohumans,existing_paper_result,Shot3R,,streaming,001_fencing
0.12177774560459767,0.025119219142213812,0.6090225563909775,0.6276150627615062,102.93803491106488,56.46221299404692,0.7641509433962265,483.7742703406071,214.61916247638206,medium,ego_test_fencing_001_fencing_medium_cam13_cam10_b00301,egohumans,existing_paper_result,Shot3R,,streaming,001_fencing
0.242572523598446,0.03459717800329569,0.975,0.49884526558891457,200.56870728705172,118.14415308737576,0.8369098712446352,1039.116254901291,396.01763496915976,small,ego_test_fencing_001_fencing_small_cam15_cam04_b00301,egohumans,existing_paper_result,Shot3R,,streaming,001_fencing
1.5915054598325153,0.0107669901778686,0.396,0.3967935871743487,101.00302309248613,56.171739660834234,0.39759036144578314,797.5151819892197,160.36632891767556,extreme,ego_test_fencing_002_fencing_extreme_cam10_cam07_b00301,egohumans,existing_paper_result,Shot3R,,streaming,002_fencing
0.7500215298593004,0.01872894670538397,0.9591836734693877,0.9791666666666666,105.17450229203705,60.80884586126485,1.0,554.2505793489948,231.1709391608072,large,ego_test_fencing_002_fencing_large_cam11_cam12_b00301,egohumans,existing_paper_result,Shot3R,,streaming,002_fencing
0.7377582027230004,0.015263861920953596,0.44666666666666666,0.4364820846905538,104.51803132459344,62.25908584897305,0.4267515923566879,806.8049646416569,459.8810266754529,medium,ego_test_fencing_002_fencing_medium_cam01_cam08_b00301,egohumans,existing_paper_result,Shot3R,,streaming,002_fencing
0.23479807959517732,0.012789393731625449,0.6533333333333333,0.671280276816609,110.77158206641484,67.64446221565758,0.7050359712230215,445.72893714950254,209.38595337844941,small,ego_test_fencing_002_fencing_small_cam03_cam13_b00301,egohumans,existing_paper_result,Shot3R,,streaming,002_fencing
0.07615109088446649,0.029494987368258518,0.288,0.26181818181818184,101.13926848837303,51.00225425194805,0.24,2109.394353219131,366.5401140976101,extreme,ego_test_fencing_003_fencing_extreme_cam10_cam07_b00301,egohumans,existing_paper_result,Shot3R,,streaming,003_fencing
0.688227206075405,0.018687770301891567,1.0,0.963855421686747,96.9035115863845,51.217992711961,0.9302325581395349,331.0393094392293,213.58774178355418,large,ego_test_fencing_003_fencing_large_cam11_cam12_b00301,egohumans,existing_paper_result,Shot3R,,streaming,003_fencing
0.07462284785171011,0.015908543505934437,0.5,0.34615384615384615,147.15151402446932,88.08698936560504,0.46296296296296297,804.5689296160338,428.24499370009596,medium,ego_test_fencing_003_fencing_medium_cam08_cam01_b00301,egohumans,existing_paper_result,Shot3R,,streaming,003_fencing
0.21067309532258455,0.00805476474907034,0.69,0.671280276816609,130.32034511304082,67.5788182581987,0.7446043165467626,514.2483251236002,254.91634255244108,small,ego_test_fencing_003_fencing_small_cam13_cam03_b00301,egohumans,existing_paper_result,Shot3R,,streaming,003_fencing
0.10909004986799412,0.006626577734770818,0.87,0.93048128342246,119.37617282718293,71.98389242085466,1.0,288.44191418822305,219.18680853281938,extreme,ego_test_legoassemble_002_legoassemble_extreme_cam04_cam03_b00226,egohumans,existing_paper_result,Shot3R,,streaming,002_legoassemble
0.050041097171654524,0.014421604404115855,0.78,0.8539325842696629,137.8071492243683,93.60483664164406,1.0,328.32292271331403,192.24818399922012,large,ego_test_legoassemble_002_legoassemble_large_cam01_cam05_b00226,egohumans,existing_paper_result,Shot3R,,streaming,002_legoassemble
0.040818897781172356,0.007649375631008615,0.9166666666666666,0.9565217391304348,120.41193670593282,81.69263173646408,1.0,238.68661062511646,149.27425282044788,medium,ego_test_legoassemble_002_legoassemble_medium_cam07_cam05_b00226,egohumans,existing_paper_result,Shot3R,,streaming,002_legoassemble
0.02311201956546218,0.009746075044404855,0.9966666666666667,0.998330550918197,122.72578475184554,83.51561136332855,1.0,254.59470408444514,163.00575544896134,small,ego_test_legoassemble_002_legoassemble_small_cam03_cam05_b00226,egohumans,existing_paper_result,Shot3R,,streaming,002_legoassemble
0.06830152726770782,0.01048273418548448,0.9066666666666666,0.951048951048951,105.3498568285917,60.93631724121668,1.0,336.9851629879754,182.10607037477598,extreme,ego_test_legoassemble_003_legoassemble_extreme_cam03_cam04_b00301,egohumans,existing_paper_result,Shot3R,,streaming,003_legoassemble
0.30633597375316685,0.012634876699243387,0.8833333333333333,0.6761061946902654,122.95892770080113,61.51660630638429,1.0,570.9414766180378,310.4410522454013,large,ego_test_legoassemble_003_legoassemble_large_cam05_cam01_b00301,egohumans,existing_paper_result,Shot3R,,streaming,003_legoassemble
0.01688065115539054,0.0065684757759592325,0.9633333333333334,0.8488964346349746,108.08336752056974,60.005824254715954,1.0,281.3574866823136,161.79592978627215,medium,ego_test_legoassemble_003_legoassemble_medium_cam05_cam07_b00301,egohumans,existing_paper_result,Shot3R,,streaming,003_legoassemble
0.26456407707597146,0.017887743948135824,0.9533333333333334,0.6712095400340715,108.55269924541197,61.81990135653762,0.9965156794425087,546.9581771006501,309.69819863919497,small,ego_test_legoassemble_003_legoassemble_small_cam05_cam03_b00301,egohumans,existing_paper_result,Shot3R,,streaming,003_legoassemble
0.047313412798166955,0.009149991516808264,1.0,1.0,99.58180696654368,66.06360975819457,1.0,287.5418842799817,192.10244504275374,extreme,ego_test_legoassemble_004_legoassemble_extreme_cam03_cam04_b00301,egohumans,existing_paper_result,Shot3R,,streaming,004_legoassemble
0.11570147333878726,0.0044129960809561304,0.852112676056338,0.9201520912547528,119.30813271553633,64.87636292738217,1.0,215.14208601676197,157.27325563056613,large,ego_test_legoassemble_004_legoassemble_large_cam05_cam01_b00301,egohumans,existing_paper_result,Shot3R,,streaming,004_legoassemble
0.023679184075285763,0.007706792242327843,0.8733333333333333,0.9323843416370107,120.6620534962945,71.073797170487,1.0,329.3787152132629,222.01296688948136,medium,ego_test_legoassemble_004_legoassemble_medium_cam07_cam05_b00301,egohumans,existing_paper_result,Shot3R,,streaming,004_legoassemble
0.012975413906962652,0.008888799112530252,1.0,1.0,109.43101118122065,66.12350264088937,1.0,207.0631522480638,162.1385302134842,small,ego_test_legoassemble_004_legoassemble_small_cam03_cam05_b00301,egohumans,existing_paper_result,Shot3R,,streaming,004_legoassemble
0.7827274427231663,0.030453812439442104,0.8783068783068783,0.9116022099447514,100.7144460481762,61.217231342863165,0.9595375722543352,1371.6997063445444,371.3381848502073,extreme,ego_test_tagging_002_tagging_extreme_cam06_cam05_b00111,egohumans,existing_paper_result,Shot3R,,streaming,002_tagging
0.6052647307488388,0.02433981561785743,0.7909604519774012,0.7602523659305994,105.45064790760094,58.16030086833285,1.0,631.8607271470788,286.10197831461636,large,ego_test_tagging_002_tagging_large_cam07_cam08_b00111,egohumans,existing_paper_result,Shot3R,,streaming,002_tagging
1.4929372582835214,0.03300706881642161,0.915,0.9530026109660574,102.30263806062835,58.82413124532482,1.0,702.9917977190596,355.59365001528016,medium,ego_test_tagging_002_tagging_medium_cam02_cam04_b00111,egohumans,existing_paper_result,Shot3R,,streaming,002_tagging
0.5630825460673247,0.05029327638262295,0.8618925831202046,0.8946648426812586,110.58958490000434,62.83191408223083,0.9911764705882353,572.4633834016911,368.4920815294855,small,ego_test_tagging_002_tagging_small_cam02_cam06_b00111,egohumans,existing_paper_result,Shot3R,,streaming,002_tagging
0.587048415354563,0.028237630077222728,0.925,0.9454545454545454,131.55777759568528,75.64468392176865,1.0,727.7546934974725,435.3737021562818,extreme,ego_test_tagging_003_tagging_extreme_cam05_cam06_b00156,egohumans,existing_paper_result,Shot3R,,streaming,003_tagging
1.2676537693897973,0.06054366734218268,0.8097686375321337,0.6326241134751773,122.28370487813487,74.30945219598597,0.9968354430379747,644.3036741798154,394.4413896056845,large,ego_test_tagging_003_tagging_large_cam07_cam08_b00156,egohumans,existing_paper_result,Shot3R,,streaming,003_tagging
0.3638251739216118,0.040375058382015654,0.85,0.8306451612903226,121.8448475292208,76.63559477892771,0.9883720930232558,1593.3343557486767,325.19984181031856,medium,ego_test_tagging_003_tagging_medium_cam04_cam02_b00156,egohumans,existing_paper_result,Shot3R,,streaming,003_tagging
0.40345360538554753,0.04381711259945454,0.8575,0.8624833110814419,123.38797143833959,74.81028483266522,0.9828080229226361,1387.831731093344,282.8245778691446,small,ego_test_tagging_003_tagging_small_cam06_cam02_b00156,egohumans,existing_paper_result,Shot3R,,streaming,003_tagging
0.6119439333198915,0.023295575750719836,0.9697802197802198,0.9818688981868898,94.76466805633751,55.00773438799452,1.0,694.8719153407211,260.7314851225523,extreme,ego_test_tagging_005_tagging_extreme_cam05_cam06_b00221,egohumans,existing_paper_result,Shot3R,,streaming,005_tagging
0.67462922549608,0.011988087459954921,0.5157068062827225,0.4833110814419226,100.37438546531766,52.50775754016677,0.5367847411444142,971.1758258953101,410.73861625679655,large,ego_test_tagging_005_tagging_large_cam07_cam08_b00221,egohumans,existing_paper_result,Shot3R,,streaming,005_tagging
0.27884158377339596,0.05122490474117245,0.8737373737373737,0.7946308724832215,92.38806411919478,56.719496532534734,0.9914040114613181,1349.754025575963,340.4913497459525,medium,ego_test_tagging_005_tagging_medium_cam02_cam04_b00221,egohumans,existing_paper_result,Shot3R,,streaming,005_tagging
0.36644054328064257,0.04667291137074658,0.9368131868131868,0.9673758865248226,86.95435884956065,54.96782593356048,1.0,1321.3781178933848,286.4446439023644,small,ego_test_tagging_005_tagging_small_cam02_cam06_b00221,egohumans,existing_paper_result,Shot3R,,streaming,005_tagging
0.21423597018432713,0.03795591657094408,0.935933147632312,0.8701472556894244,94.6560277220013,59.380036705322674,0.865979381443299,491.7215586205549,389.9787696282715,extreme,ego_test_tagging_006_tagging_extreme_cam05_cam06_b00186,egohumans,existing_paper_result,Shot3R,,streaming,006_tagging
2.396271947586315,0.18111079434762709,0.94,0.5673352435530086,98.59440620643713,53.973936773225375,0.9454022988505747,1549.9829366706379,462.95424368189026,large,ego_test_tagging_006_tagging_large_cam08_cam07_b00186,egohumans,existing_paper_result,Shot3R,,streaming,006_tagging
0.26623017732500953,0.029385071641488448,0.543010752688172,0.4766355140186916,107.78900181622122,61.872807413292826,0.7481481481481481,750.9396163870094,347.0095773928104,medium,ego_test_tagging_006_tagging_medium_cam02_cam04_b00186,egohumans,existing_paper_result,Shot3R,,streaming,006_tagging
0.5038705227959777,0.05777807639591271,0.7688022284122563,0.6550724637681159,105.96364607648006,63.76285325004086,0.8338368580060423,1136.2990528382368,470.38299878599855,small,ego_test_tagging_006_tagging_small_cam02_cam06_b00186,egohumans,existing_paper_result,Shot3R,,streaming,006_tagging
1.1374984964773167,0.05307824727304714,0.7289972899728997,0.5482388973966309,105.0670207038563,63.33987259036641,0.9471830985915493,1347.4760195165322,478.2235037897643,extreme,ego_test_tagging_007_tagging_extreme_cam06_cam05_b00359,egohumans,existing_paper_result,Shot3R,,streaming,007_tagging
0.08490219313964609,0.07352325711433615,0.6987577639751553,0.7692307692307693,103.1293922949363,66.40800784813099,0.9493670886075949,767.4245139596692,340.0866958970654,large,ego_test_tagging_007_tagging_large_cam08_cam07_b00359,egohumans,existing_paper_result,Shot3R,,streaming,007_tagging
0.5026973368948524,0.03685649531215671,0.8481012658227848,0.5863013698630137,112.963328325498,66.11221434944501,1.0,558.3911594809381,290.4148120100645,small,ego_test_tagging_007_tagging_small_cam02_cam06_b00359,egohumans,existing_paper_result,Shot3R,,streaming,007_tagging
0.412102707978655,0.03718744597033219,0.9533333333333334,0.858877086494689,83.66529802389496,53.551353228612584,0.7966573816155988,599.1689580566303,277.3876533494398,extreme,ego_test_tagging_009_tagging_extreme_cam06_cam05_b00286,egohumans,existing_paper_result,Shot3R,,streaming,009_tagging
0.03458095295705205,0.03051019977284395,0.9766666666666667,0.45865834633385333,94.31626725441534,53.702024637238736,0.8592375366568915,2304.0624919320326,743.4520748059969,large,ego_test_tagging_009_tagging_large_cam07_cam08_b00286,egohumans,existing_paper_result,Shot3R,,streaming,009_tagging
0.37445964321899267,0.02895719589713946,0.9233333333333333,0.8466257668711656,82.04757354737728,54.98200320564769,0.7869318181818182,724.8949721460135,200.94765549353167,medium,ego_test_tagging_009_tagging_medium_cam04_cam02_b00286,egohumans,existing_paper_result,Shot3R,,streaming,009_tagging
0.510811284455587,0.0395720743643753,0.9333333333333333,0.8480243161094225,79.38966054704615,53.90709162185609,0.7821229050279329,463.4266355988055,168.2545077687934,small,ego_test_tagging_009_tagging_small_cam06_cam02_b00286,egohumans,existing_paper_result,Shot3R,,streaming,009_tagging
0.5901116999660622,0.0399393749071005,0.9733333333333334,0.8431952662721893,105.57754153118056,63.67440610526709,0.776595744680851,573.1499408832094,256.46230875548275,extreme,ego_test_tagging_010_tagging_extreme_cam06_cam05_b00211,egohumans,existing_paper_result,Shot3R,,streaming,010_tagging
0.6172837640222073,0.017657914097672287,0.8479087452471483,0.7237762237762237,112.07406494491435,63.868713765134814,0.7216828478964401,1176.485411331334,383.28106749867015,large,ego_test_tagging_010_tagging_large_cam07_cam08_b00211,egohumans,existing_paper_result,Shot3R,,streaming,010_tagging
0.36674262321907697,0.02600168703636049,0.8566666666666667,0.7030497592295345,108.43226208670735,63.96496628819448,0.7956656346749226,613.9858898276194,431.0904200820172,medium,ego_test_tagging_010_tagging_medium_cam02_cam04_b00211,egohumans,existing_paper_result,Shot3R,,streaming,010_tagging
0.6025621671938446,0.027712337231111776,0.9366666666666666,0.7088989441930619,109.74938649426527,63.2612716615871,0.7741046831955923,612.2372700498228,399.14298892862826,small,ego_test_tagging_010_tagging_small_cam02_cam06_b00211,egohumans,existing_paper_result,Shot3R,,streaming,010_tagging
3.097733774440991,0.015697657644615635,0.3067484662576687,0.2932551319648094,85.44240498978328,63.402608030900765,0.2808988764044944,482.9284024015094,170.61300643969284,extreme,ego_test_tennis_004_tennis_extreme_cam15_cam05_b00601,egohumans,existing_paper_result,Shot3R,,streaming,004_tennis
2.6782661876358844,0.010900731846665727,0.225,0.25936599423631124,69.26736950352654,59.46909330041506,0.30612244897959184,1206.612535185754,307.29657006615366,large,ego_test_tennis_004_tennis_large_cam01_cam07_b00601,egohumans,existing_paper_result,Shot3R,,streaming,004_tennis
4.195636647192925,0.015334488925885298,0.5,0.49382716049382713,77.10872940019722,57.12812626385994,0.4878048780487805,759.2526447945331,252.3288081944843,medium,ego_test_tennis_004_tennis_medium_cam02_cam15_b00601,egohumans,existing_paper_result,Shot3R,,streaming,004_tennis
2.341146217950126,0.014259720190928957,0.25,0.26455026455026454,71.1408029798443,57.76328729311916,0.2808988764044944,905.4807648053194,318.6229587102227,large,ego_test_tennis_005_tennis_large_cam01_cam07_b00601,egohumans,existing_paper_result,Shot3R,,streaming,005_tennis
4.714378227174203,0.026351946451886515,0.42,0.41379310344827586,69.58170816252701,59.1299334572097,0.4077669902912621,419.38348080281696,131.089564803992,medium,ego_test_tennis_005_tennis_medium_cam02_cam15_b00601,egohumans,existing_paper_result,Shot3R,,streaming,005_tennis
0.6071908755995783,0.024496135079049436,0.42,0.4097560975609756,80.2361416049559,56.41369220896367,0.4,678.6020146142644,657.7836677700601,small,ego_test_tennis_005_tennis_small_cam10_cam09_b00601,egohumans,existing_paper_result,Shot3R,,streaming,005_tennis
3.982629266474727,0.036280910749181335,0.245,0.28160919540229884,73.24459216476544,60.851858111805115,0.3310810810810811,357.08287710313886,154.55479286696928,extreme,ego_test_tennis_006_tennis_extreme_cam15_cam05_b00651,egohumans,existing_paper_result,Shot3R,,streaming,006_tennis
2.8519453341507557,0.009502939863495336,0.25,0.2849002849002849,70.03914137768595,59.43836638108175,0.33112582781456956,224.71396512830455,164.83112672455317,large,ego_test_tennis_006_tennis_large_cam01_cam07_b00651,egohumans,existing_paper_result,Shot3R,,streaming,006_tennis
0.7137123471599632,0.01674158365850187,0.495,0.5089974293059126,91.55578868137762,70.17450331521646,0.5238095238095238,1734.0662896680233,383.86085767007467,small,ego_test_tennis_007_tennis_small_cam09_cam10_b00776,egohumans,existing_paper_result,Shot3R,,streaming,007_tennis
2.903533784988986,0.01087440577804396,0.25,0.2557544757033248,71.84826054134716,56.826805412013265,0.2617801047120419,675.7278484538488,220.04160414865981,large,ego_test_tennis_008_tennis_large_cam01_cam07_b00601,egohumans,existing_paper_result,Shot3R,,streaming,008_tennis
3.015564739817407,0.015755552477248694,0.245,0.24257425742574257,85.85480862459858,49.518526553978,0.24019607843137256,543.2303209777506,172.84675837979603,medium,ego_test_tennis_008_tennis_medium_cam11_cam07_b00601,egohumans,existing_paper_result,Shot3R,,streaming,008_tennis
3.2162957988680487,0.0744554091634322,0.21212121212121213,0.1926605504587156,118.69224154651106,89.45645440532306,0.17647058823529413,522.19055274496,260.54135317789525,extreme,ego_test_tennis_009_tennis_extreme_cam05_cam15_b00601,egohumans,existing_paper_result,Shot3R,,streaming,009_tennis
2.7181952498646096,0.01932421672294588,0.17435897435897435,0.18230563002680966,162.56249076525214,110.36292733116038,0.19101123595505617,986.6144437139172,424.5348724182036,large,ego_test_tennis_009_tennis_large_cam01_cam07_b00601,egohumans,existing_paper_result,Shot3R,,streaming,009_tennis
0.9059245540663771,0.01990683019049285,0.5333333333333333,0.5024154589371981,79.12563972230296,58.38259784483729,0.4748858447488584,737.8295566323341,295.1814505647477,small,ego_test_tennis_009_tennis_small_cam09_cam10_b00601,egohumans,existing_paper_result,Shot3R,,streaming,009_tennis
4.75001846406012,0.011665017041629012,0.21,0.15681233933161953,189.62083608524853,120.65805151642992,0.2222222222222222,405.24616861664714,342.2943502914653,extreme,ego_test_volleyball_001_volleyball_extreme_cam02_cam09_b00301,egohumans,existing_paper_result,Shot3R,,streaming,001_volleyball
1.3086034163819904,0.0077911953930347895,0.0625,0.045454545454545456,126.23978780659917,78.02111917545311,0.08223684210526316,1019.0871705928787,513.8239673813605,small,ego_test_volleyball_001_volleyball_small_cam11_cam12_b00301,egohumans,existing_paper_result,Shot3R,,streaming,001_volleyball
5.801994833448834,0.016805966003874104,0.2075,0.15881561238223418,220.21235557903498,158.27779224691955,0.24198250728862974,952.7403582781569,370.08905871139154,extreme,ego_test_volleyball_002_volleyball_extreme_cam09_cam02_b00301,egohumans,existing_paper_result,Shot3R,,streaming,002_volleyball
2.5893626050583083,0.008645846415796146,0.2975,0.30451612903225805,102.9842471083389,67.09841734642589,0.31733333333333336,545.4258773437253,295.60718209239326,medium,ego_test_volleyball_002_volleyball_medium_cam06_cam12_b00301,egohumans,existing_paper_result,Shot3R,,streaming,002_volleyball
1.690955647460561,0.023309769777011248,0.28055555555555556,0.3110419906687403,83.50679221207696,58.55972615714384,0.3568904593639576,1031.6039490935416,397.3840569075249,small,ego_test_volleyball_002_volleyball_small_cam11_cam12_b00301,egohumans,existing_paper_result,Shot3R,,streaming,002_volleyball
5.404872514141387,0.012847700542004842,0.0525,0.03857566765578635,197.52798198307175,146.8721749632497,0.07664233576642336,834.3914138817936,540.3665607815202,extreme,ego_test_volleyball_004_volleyball_extreme_cam02_cam09_b00301,egohumans,existing_paper_result,Shot3R,,streaming,004_volleyball
2.0754534139575904,0.003993305244608402,0.175,0.19142857142857142,139.17723620418488,92.97019647730397,0.23333333333333334,877.6467758997866,544.234094109501,medium,ego_test_volleyball_004_volleyball_medium_cam12_cam06_b00301,egohumans,existing_paper_result,Shot3R,,streaming,004_volleyball
1.0840736253851977,0.007586635677620869,0.3075,0.34893617021276596,87.5303662906307,65.82505140231302,0.40327868852459015,631.1476445597096,273.629311142388,small,ego_test_volleyball_004_volleyball_small_cam11_cam12_b00301,egohumans,existing_paper_result,Shot3R,,streaming,004_volleyball
6.592954681048302,2.71799991845092,0.065,0.05450733752620545,200.84862137227452,107.17737261187091,0.04693140794223827,,,large,ego_test_badminton_001_badminton_large_cam11_cam15_b00301,egohumans,success,OnlineHMR,,semi_online_tracking_global_camera,001_badminton
4.135852005594122,3.64435508071881,0.065,0.039907904834996163,200.84857197676845,107.17736128904492,0.028792912513842746,,,medium,ego_test_badminton_001_badminton_medium_cam02_cam15_b00301,egohumans,success,OnlineHMR,,semi_online_tracking_global_camera,001_badminton
0.9306558424080659,0.31242860326396604,0.0,0.0,,,0.0,,,small,ego_test_badminton_001_badminton_small_cam06_cam02_b00301,egohumans,success,OnlineHMR,,semi_online_tracking_global_camera,001_badminton
8.289473103605527,1.341177459939492,0.1175,0.03994845360824742,301.5825068693472,109.73472955761932,0.04079861111111111,,,extreme,ego_test_badminton_005_badminton_extreme_cam13_cam01_b00326,egohumans,success,OnlineHMR,,semi_online_tracking_global_camera,005_badminton
6.527610595547179,1.275028363709832,0.0,0.0,,,0.0,,,large,ego_test_badminton_005_badminton_large_cam11_cam15_b00326,egohumans,success,OnlineHMR,,semi_online_tracking_global_camera,005_badminton
4.107279929981452,1.1280997711825607,0.01,0.002976190476190476,214.2472167446547,97.73221276688908,0.00423728813559322,394.1136098402558,284.1354299877591,medium,ego_test_badminton_005_badminton_medium_cam02_cam15_b00326,egohumans,success,OnlineHMR,,semi_online_tracking_global_camera,005_badminton
0.31682703779547305,0.3193637013141654,0.01,0.002127659574468085,214.2472167446547,97.73221276688908,0.002702702702702703,394.1136098402558,284.1354299877591,small,ego_test_badminton_005_badminton_small_cam02_cam06_b00326,egohumans,success,OnlineHMR,,semi_online_tracking_global_camera,005_badminton
9.137737324208446,8.15384197299294,0.0925,0.06303030303030303,221.63027524153506,164.11384465462643,0.08705882352941176,1364.6658912151615,379.8008896057899,extreme,ego_test_basketball_001_basketball_extreme_cam05_cam04_b00301,egohumans,success,OnlineHMR,,semi_online_tracking_global_camera,001_basketball
,,0.0,0.0,,,0.0,,,large,ego_test_basketball_001_basketball_large_cam05_cam01_b00301,egohumans,success,OnlineHMR,,semi_online_tracking_global_camera,001_basketball
5.988851216958974,5.682541210137729,0.0575,0.05562273276904474,78.549299896563,39.19501005697718,0.053864168618266976,,,medium,ego_test_basketball_001_basketball_medium_cam01_cam03_b00301,egohumans,success,OnlineHMR,,semi_online_tracking_global_camera,001_basketball
3.5242202134829923,3.2524283563945846,0.1125,0.10411622276029056,72.44116277210145,47.79545274065224,0.1056338028169014,2162.265013114666,852.5938362784125,small,ego_test_basketball_001_basketball_small_cam06_cam03_b00301,egohumans,success,OnlineHMR,,semi_online_tracking_global_camera,001_basketball
9.128130825169613,7.182270408151073,0.0,0.0,,,0.0,,,extreme,ego_test_basketball_002_basketball_extreme_cam04_cam05_b00301,egohumans,success,OnlineHMR,,semi_online_tracking_global_camera,002_basketball
7.878181938979115,4.195715471360852,0.08,0.04962779156327544,233.80731235231926,132.6756979134339,0.07881773399014778,484.62101943626965,268.3768921388523,large,ego_test_basketball_002_basketball_large_cam01_cam05_b00301,egohumans,success,OnlineHMR,,semi_online_tracking_global_camera,002_basketball
5.965369172011253,1.9922869534405019,0.0025,0.002257336343115124,288.3677945023706,141.77614169212086,0.00205761316872428,,,medium,ego_test_basketball_002_basketball_medium_cam03_cam01_b00301,egohumans,success,OnlineHMR,,semi_online_tracking_global_camera,002_basketball
3.514670403572497,2.322283826973546,0.0825,0.05527638190954774,247.24648954017167,131.45269449781742,0.08333333333333333,1248.9078239981927,748.1630620851015,small,ego_test_basketball_002_basketball_small_cam06_cam03_b00301,egohumans,success,OnlineHMR,,semi_online_tracking_global_camera,002_basketball
5.980838954353885,4.3956231024149846,0.0,0.0,,,0.0,,,medium,ego_test_basketball_003_basketball_medium_cam03_cam01_b00286,egohumans,success,OnlineHMR,,semi_online_tracking_global_camera,003_basketball
3.5162837183657336,2.587866069461602,0.0,0.0,,,0.0,,,small,ego_test_basketball_003_basketball_small_cam03_cam06_b00286,egohumans,success,OnlineHMR,,semi_online_tracking_global_camera,003_basketball
3.4769181661712865,2.9306304379918275,0.13666666666666666,0.13036565977742448,138.01215435484244,55.103515716897775,0.12462006079027356,,,extreme,ego_test_fencing_001_fencing_extreme_cam10_cam07_b00301,egohumans,success,OnlineHMR,,semi_online_tracking_global_camera,001_fencing
2.9293187634859406,1.693906348035626,0.30666666666666664,0.14180206794682423,154.13141876359757,64.1580149868422,0.2440318302387268,,,large,ego_test_fencing_001_fencing_large_cam14_cam03_b00301,egohumans,success,OnlineHMR,,semi_online_tracking_global_camera,001_fencing
2.095670741975095,1.0566388613393105,0.39473684210526316,0.25925925925925924,233.25784700617174,83.13103810019707,0.4772727272727273,1379.4981305669774,398.9383727685293,medium,ego_test_fencing_001_fencing_medium_cam13_cam10_b00301,egohumans,success,OnlineHMR,,semi_online_tracking_global_camera,001_fencing
0.1181900853056301,0.08332414162237989,0.01,0.006191950464396285,389.17872139535564,93.99611804435004,0.004484304932735426,95.2630790149041,95.2630790149041,small,ego_test_fencing_001_fencing_small_cam15_cam04_b00301,egohumans,success,OnlineHMR,,semi_online_tracking_global_camera,001_fencing
3.4644919844677133,2.527047947298844,0.216,0.1890909090909091,133.9701420234751,60.07811958432333,0.18,3603.062891484294,191.12886937275294,extreme,ego_test_fencing_002_fencing_extreme_cam10_cam07_b00301,egohumans,success,OnlineHMR,,semi_online_tracking_global_camera,002_fencing
3.029400036814026,1.6219554853438252,0.12244897959183673,0.09843400447427293,156.630511247763,75.89638393334748,0.09561752988047809,352.5242272292306,170.60439177424828,large,ego_test_fencing_002_fencing_large_cam11_cam12_b00301,egohumans,success,OnlineHMR,,semi_online_tracking_global_camera,002_fencing
3.222253777942159,1.8134002390591006,0.27,0.12334801762114538,130.25530299898784,87.18959648994775,0.2125984251968504,1718.8291098182362,225.64141977547726,medium,ego_test_fencing_002_fencing_medium_cam01_cam08_b00301,egohumans,success,OnlineHMR,,semi_online_tracking_global_camera,002_fencing
0.0959016988955582,0.08362643036013738,0.17,0.09973753280839895,204.77630452987918,59.53859755950319,0.11038961038961038,,,small,ego_test_fencing_002_fencing_small_cam03_cam13_b00301,egohumans,success,OnlineHMR,,semi_online_tracking_global_camera,002_fencing
3.4782930565451817,3.227644465409934,0.164,0.14113597246127366,89.7654697278286,48.15814840549179,0.12386706948640483,,,extreme,ego_test_fencing_003_fencing_extreme_cam10_cam07_b00301,egohumans,success,OnlineHMR,,semi_online_tracking_global_camera,003_fencing
3.0175408270360515,1.9589815724002841,0.36,0.2023529411764706,302.16899134990393,90.4093038796357,0.32,,,large,ego_test_fencing_003_fencing_large_cam11_cam12_b00301,egohumans,success,OnlineHMR,,semi_online_tracking_global_camera,003_fencing
3.172645864681763,1.4150119114549093,0.16666666666666666,0.13864306784660768,120.52174556038622,65.11332581705273,0.13227513227513227,,,medium,ego_test_fencing_003_fencing_medium_cam08_cam01_b00301,egohumans,success,OnlineHMR,,semi_online_tracking_global_camera,003_fencing
0.1393686990141347,0.08197334997885389,0.006666666666666667,0.0068143100511073255,316.65186442564266,146.69357015483752,0.006968641114982578,147.69097363612974,147.69097363612974,small,ego_test_fencing_003_fencing_small_cam13_cam03_b00301,egohumans,success,OnlineHMR,,semi_online_tracking_global_camera,003_fencing
2.6413778815224034,2.039937087334898,0.81,0.6125827814569537,133.22841591521697,65.73795556222336,0.7993421052631579,1088.1601012286424,422.64670751809103,extreme,ego_test_legoassemble_002_legoassemble_extreme_cam04_cam03_b00226,egohumans,success,OnlineHMR,,semi_online_tracking_global_camera,002_legoassemble
2.2208947805667765,0.8555869689992189,0.8266666666666667,0.5433186490455213,184.97392568994422,114.14585215860977,0.6509186351706037,1105.3509467005995,408.2768933147025,large,ego_test_legoassemble_002_legoassemble_large_cam01_cam05_b00226,egohumans,success,OnlineHMR,,semi_online_tracking_global_camera,002_legoassemble
0.5353388475886756,0.2362235937196749,0.7066666666666667,0.5079872204472844,222.37246227883912,110.91896471912034,0.6503067484662577,1257.1637326366904,371.10647043266846,medium,ego_test_legoassemble_002_legoassemble_medium_cam07_cam05_b00226,egohumans,success,OnlineHMR,,semi_online_tracking_global_camera,002_legoassemble
1.0100716570173691,0.5854472964043969,0.5466666666666666,0.5482233502538071,125.11528463854958,63.94698641111326,0.563573883161512,996.9836848498618,306.0697255554054,small,ego_test_legoassemble_002_legoassemble_small_cam03_cam05_b00226,egohumans,success,OnlineHMR,,semi_online_tracking_global_camera,002_legoassemble
2.631654539855057,1.8069625676007812,0.8633333333333333,0.3157894736842105,169.71133172093903,81.33232733823759,0.5630434782608695,1419.2904445091915,409.93270441631404,extreme,ego_test_legoassemble_003_legoassemble_extreme_cam03_cam04_b00301,egohumans,success,OnlineHMR,,semi_online_tracking_global_camera,003_legoassemble
2.2274110655805757,1.0590399519027542,0.83,0.5762195121951219,160.6700721525599,69.72550249410398,0.699438202247191,1523.5551054907255,382.55731556877384,large,ego_test_legoassemble_003_legoassemble_large_cam05_cam01_b00301,egohumans,success,OnlineHMR,,semi_online_tracking_global_camera,003_legoassemble
2.0991503009548103,0.9990696246031356,0.7266666666666667,0.4681528662420382,189.19843526702573,93.58494039684533,0.6646341463414634,926.312704640604,370.1185813839293,medium,ego_test_legoassemble_003_legoassemble_medium_cam05_cam07_b00301,egohumans,success,OnlineHMR,,semi_online_tracking_global_camera,003_legoassemble
1.0114150727506235,0.4904817554225531,0.7133333333333334,0.5882352941176471,113.91034349423624,59.154269337359615,0.6184971098265896,758.2106519169114,352.49338755045056,small,ego_test_legoassemble_003_legoassemble_small_cam05_cam03_b00301,egohumans,success,OnlineHMR,,semi_online_tracking_global_camera,003_legoassemble
2.62627171475231,1.0199318604688932,0.6,0.4134453781512605,106.70156841788416,58.80738567657974,0.6101694915254238,1038.8254664295703,435.19816664108737,extreme,ego_test_legoassemble_004_legoassemble_extreme_cam03_cam04_b00301,egohumans,success,OnlineHMR,,semi_online_tracking_global_camera,004_legoassemble
2.236211525052507,1.228445814262412,0.6514084507042254,0.385502471169687,169.94028038097667,74.41314577964577,0.5727554179566563,1042.215797032458,375.9633115258316,large,ego_test_legoassemble_004_legoassemble_large_cam05_cam01_b00301,egohumans,success,OnlineHMR,,semi_online_tracking_global_camera,004_legoassemble
0.22321271524490968,0.22472631612916097,0.66,0.4364207221350079,140.7388219373761,80.00962528532256,0.5875370919881305,866.0982483345504,475.5855455655661,medium,ego_test_legoassemble_004_legoassemble_medium_cam07_cam05_b00301,egohumans,success,OnlineHMR,,semi_online_tracking_global_camera,004_legoassemble
1.0195602725927233,0.4028733347741569,0.6433333333333333,0.6507666098807495,110.32408196124271,59.2899448003957,0.6724738675958188,571.5339557464767,381.36907774260385,small,ego_test_legoassemble_004_legoassemble_small_cam03_cam05_b00301,egohumans,success,OnlineHMR,,semi_online_tracking_global_camera,004_legoassemble
1.6685387461206647,0.43492464806192355,0.2222222222222222,0.20533333333333334,157.91545769435697,51.76182487615307,0.22580645161290322,807.9062100943573,214.6442967553953,extreme,ego_test_tagging_002_tagging_extreme_cam06_cam05_b00111,egohumans,success,OnlineHMR,,semi_online_tracking_global_camera,002_tagging
2.6567737973949597,1.7254870542601666,0.2570621468926554,0.18092909535452323,190.91362079666413,98.36724725990928,0.1961206896551724,677.1145274891614,363.5272582516195,large,ego_test_tagging_002_tagging_large_cam07_cam08_b00111,egohumans,success,OnlineHMR,,semi_online_tracking_global_camera,002_tagging
1.6763052143724853,0.33957294270933397,0.3025,0.19728729963008632,200.07285678709422,81.65364474912275,0.2944038929440389,1350.6192420910163,422.6920600972305,medium,ego_test_tagging_002_tagging_medium_cam02_cam04_b00111,egohumans,success,OnlineHMR,,semi_online_tracking_global_camera,002_tagging
2.1133343614789597,1.9693237321575987,0.4219948849104859,0.21608040201005024,203.7456201716611,82.79491208485798,0.4074074074074074,1027.3928910466484,483.35354864339035,small,ego_test_tagging_002_tagging_small_cam02_cam06_b00111,egohumans,success,OnlineHMR,,semi_online_tracking_global_camera,002_tagging
4.214899643844216,3.7927830355906385,0.1875,0.09002433090024331,260.47004339778863,128.6430574881769,0.17772511848341233,1477.495551752593,520.3884026133165,extreme,ego_test_tagging_003_tagging_extreme_cam05_cam06_b00156,egohumans,success,OnlineHMR,,semi_online_tracking_global_camera,003_tagging
2.337108312861841,0.42738797353061286,0.2390745501285347,0.17890520694259013,201.85699023947757,110.61242340690058,0.25833333333333336,1519.7147174091197,434.66726201685645,large,ego_test_tagging_003_tagging_large_cam07_cam08_b00156,egohumans,success,OnlineHMR,,semi_online_tracking_global_camera,003_tagging
3.1670135197341476,3.005449524344861,0.225,0.19128329297820823,136.12836190712687,65.06666365949994,0.2112676056338028,1702.3477377902816,621.8865335815191,medium,ego_test_tagging_003_tagging_medium_cam04_cam02_b00156,egohumans,success,OnlineHMR,,semi_online_tracking_global_camera,003_tagging
2.0868299670321004,0.9607240974617868,0.3425,0.20738974970202623,211.33005025436933,92.41398646237478,0.3120728929384966,2186.3873862502064,487.46279964450343,small,ego_test_tagging_003_tagging_small_cam06_cam02_b00156,egohumans,success,OnlineHMR,,semi_online_tracking_global_camera,003_tagging
,,0.0,0.0,,,0.0,,,extreme,ego_test_tagging_005_tagging_extreme_cam05_cam06_b00221,egohumans,failed,OnlineHMR,,semi_online_tracking_global_camera,005_tagging
0.49447595777807657,0.48583510846105077,0.1256544502617801,0.10228802153432032,180.74681625374205,84.69669831593562,0.1329639889196676,1866.4247803863534,502.1975595135814,large,ego_test_tagging_005_tagging_large_cam07_cam08_b00221,egohumans,success,OnlineHMR,,semi_online_tracking_global_camera,005_tagging
3.1708824433530607,2.8676473267131257,0.32575757575757575,0.17434620174346202,179.10176687636687,86.92451935138817,0.31695331695331697,4872.146809075634,681.9881994075319,medium,ego_test_tagging_005_tagging_medium_cam02_cam04_b00221,egohumans,success,OnlineHMR,,semi_online_tracking_global_camera,005_tagging
2.122879555045841,1.9217442007147958,0.2554945054945055,0.12376237623762376,212.61992342631711,101.1131885968012,0.20945945945945946,2337.0224727414297,639.5605601763027,small,ego_test_tagging_005_tagging_small_cam02_cam06_b00221,egohumans,success,OnlineHMR,,semi_online_tracking_global_camera,005_tagging
2.0626184082530674,0.4371409501519563,0.08635097493036212,0.08310991957104558,210.96500849366092,115.99687176811561,0.08010335917312661,,,extreme,ego_test_tagging_006_tagging_extreme_cam05_cam06_b00186,egohumans,success,OnlineHMR,,semi_online_tracking_global_camera,006_tagging
2.6973348413909846,1.7985366659785784,0.3057142857142857,0.29781021897810217,117.33032682631269,39.60106739872546,0.3194029850746269,1448.5446301358963,413.32603941333355,large,ego_test_tagging_006_tagging_large_cam08_cam07_b00186,egohumans,success,OnlineHMR,,semi_online_tracking_global_camera,006_tagging
1.1509957994595656,0.383168099080602,0.28225806451612906,0.2734584450402145,96.66120109770887,48.679980062212564,0.2807486631016043,1581.150472370221,227.06259961658515,medium,ego_test_tagging_006_tagging_medium_cam02_cam04_b00186,egohumans,success,OnlineHMR,,semi_online_tracking_global_camera,006_tagging
2.094059031726306,1.5162310701442145,0.22841225626740946,0.21727019498607242,139.4337866284754,69.832079860492,0.22841225626740946,1206.5933103234051,231.20118593404868,small,ego_test_tagging_006_tagging_small_cam02_cam06_b00186,egohumans,success,OnlineHMR,,semi_online_tracking_global_camera,006_tagging
1.1843484688484922,0.44418513682227656,0.34959349593495936,0.18953323903818953,186.0847428325193,93.31762730552813,0.3816568047337278,2836.2800911594745,662.2517441459441,extreme,ego_test_tagging_007_tagging_extreme_cam06_cam05_b00359,egohumans,success,OnlineHMR,,semi_online_tracking_global_camera,007_tagging
,,0.0,0.0,,,0.0,,,large,ego_test_tagging_007_tagging_large_cam08_cam07_b00359,egohumans,failed,OnlineHMR,,semi_online_tracking_global_camera,007_tagging
2.1103654811689956,1.790350753410251,0.3037974683544304,0.24435590969455512,123.4332475324533,64.59635368407083,0.33519553072625696,912.6211106511358,837.2399013597962,small,ego_test_tagging_007_tagging_small_cam02_cam06_b00359,egohumans,success,OnlineHMR,,semi_online_tracking_global_camera,007_tagging
1.1724532204718405,0.4422627990160908,0.21333333333333335,0.15303430079155672,146.79486348657758,66.9635424877647,0.13973799126637554,644.4901799055682,204.42929091446834,extreme,ego_test_tagging_009_tagging_extreme_cam06_cam05_b00286,egohumans,success,OnlineHMR,,semi_online_tracking_global_camera,009_tagging
0.36196739540473954,0.2916768372495998,0.27666666666666667,0.24960998439937598,111.34881138059254,52.2666280167032,0.2434017595307918,397.57602567693147,177.66395653795024,large,ego_test_tagging_009_tagging_large_cam07_cam08_b00286,egohumans,success,OnlineHMR,,semi_online_tracking_global_camera,009_tagging
3.1413632188313607,1.8534883059774632,0.22666666666666666,0.11487481590574374,235.72718018814055,76.51209401876805,0.17941952506596306,2584.855826706372,462.0912932667019,medium,ego_test_tagging_009_tagging_medium_cam04_cam02_b00286,egohumans,success,OnlineHMR,,semi_online_tracking_global_camera,009_tagging
2.1028608877594315,1.2564414099885883,0.41333333333333333,0.20871862615587847,215.9416653106722,70.85517402373357,0.2713347921225383,1367.9692068964325,448.52020384360003,small,ego_test_tagging_009_tagging_small_cam06_cam02_b00286,egohumans,success,OnlineHMR,,semi_online_tracking_global_camera,009_tagging
4.150296863655641,1.9243719516525228,0.2866666666666667,0.19374068554396423,140.0994687711086,72.4453838961099,0.23180592991913745,1514.9321667871843,448.23533642752955,extreme,ego_test_tagging_010_tagging_extreme_cam06_cam05_b00211,egohumans,success,OnlineHMR,,semi_online_tracking_global_camera,010_tagging
1.5441473532449521,1.401440093460323,0.39923954372623577,0.13744740532959326,217.2918143707099,109.5688216086381,0.23333333333333334,1848.434261400759,617.2295525252925,large,ego_test_tagging_010_tagging_large_cam07_cam08_b00211,egohumans,success,OnlineHMR,,semi_online_tracking_global_camera,010_tagging
1.7058395962413846,0.5680032731426261,0.44666666666666666,0.16883116883116883,177.81634919373892,92.1376679728284,0.2851063829787234,,,medium,ego_test_tagging_010_tagging_medium_cam02_cam04_b00211,egohumans,success,OnlineHMR,,semi_online_tracking_global_camera,010_tagging
2.093697135614771,1.2167921012515126,0.34,0.17339312406576982,215.81026459041178,108.78204875469032,0.2764227642276423,,,small,ego_test_tagging_010_tagging_small_cam02_cam06_b00211,egohumans,success,OnlineHMR,,semi_online_tracking_global_camera,010_tagging
10.796300708106774,4.163684706867684,0.0,0.0,,,0.0,,,extreme,ego_test_tennis_004_tennis_extreme_cam15_cam05_b00601,egohumans,success,OnlineHMR,,semi_online_tracking_global_camera,004_tennis
9.198561133502293,4.100635398497936,0.0,0.0,,,0.0,,,large,ego_test_tennis_004_tennis_large_cam01_cam07_b00601,egohumans,success,OnlineHMR,,semi_online_tracking_global_camera,004_tennis
11.577773434441754,9.014849298061877,0.0,0.0,,,0.0,,,medium,ego_test_tennis_004_tennis_medium_cam02_cam15_b00601,egohumans,success,OnlineHMR,,semi_online_tracking_global_camera,004_tennis
9.222456518072212,5.638682730547068,0.0,0.0,,,0.0,,,large,ego_test_tennis_005_tennis_large_cam01_cam07_b00601,egohumans,success,OnlineHMR,,semi_online_tracking_global_camera,005_tennis
11.564755452155241,4.01620651935897,0.0,0.0,,,0.0,,,medium,ego_test_tennis_005_tennis_medium_cam02_cam15_b00601,egohumans,success,OnlineHMR,,semi_online_tracking_global_camera,005_tennis
2.331913959419779,2.2298953132940467,0.0,0.0,,,0.0,,,small,ego_test_tennis_005_tennis_small_cam10_cam09_b00601,egohumans,success,OnlineHMR,,semi_online_tracking_global_camera,005_tennis
10.827484363585608,9.590335999905237,0.0,0.0,,,0.0,,,extreme,ego_test_tennis_006_tennis_extreme_cam15_cam05_b00651,egohumans,success,OnlineHMR,,semi_online_tracking_global_camera,006_tennis
9.221383147647927,6.497257566418738,0.0,0.0,,,0.0,,,large,ego_test_tennis_006_tennis_large_cam01_cam07_b00651,egohumans,success,OnlineHMR,,semi_online_tracking_global_camera,006_tennis
2.3268505292128583,1.927823059991517,0.0,0.0,,,0.0,,,small,ego_test_tennis_007_tennis_small_cam09_cam10_b00776,egohumans,success,OnlineHMR,,semi_online_tracking_global_camera,007_tennis
9.217213810631678,6.54567303251104,0.0,0.0,,,0.0,,,large,ego_test_tennis_008_tennis_large_cam01_cam07_b00601,egohumans,success,OnlineHMR,,semi_online_tracking_global_camera,008_tennis
7.137500183545349,6.550112662284414,0.0,0.0,,,0.0,,,medium,ego_test_tennis_008_tennis_medium_cam11_cam07_b00601,egohumans,success,OnlineHMR,,semi_online_tracking_global_camera,008_tennis
10.81612059884116,7.157508284584843,0.0,0.0,,,0.0,,,extreme,ego_test_tennis_009_tennis_extreme_cam05_cam15_b00601,egohumans,success,OnlineHMR,,semi_online_tracking_global_camera,009_tennis
9.225705876902662,8.131710976851073,0.0,0.0,,,0.0,,,large,ego_test_tennis_009_tennis_large_cam01_cam07_b00601,egohumans,success,OnlineHMR,,semi_online_tracking_global_camera,009_tennis
2.323872751478879,1.652226056101672,0.0,0.0,,,0.0,,,small,ego_test_tennis_009_tennis_small_cam09_cam10_b00601,egohumans,success,OnlineHMR,,semi_online_tracking_global_camera,009_tennis
9.480559189267476,3.735142895469327,0.005,0.0032626427406199023,306.64835522489784,231.52624551763117,0.002421307506053269,233.58990088984893,233.58990088984893,extreme,ego_test_volleyball_001_volleyball_extreme_cam02_cam09_b00301,egohumans,success,OnlineHMR,,semi_online_tracking_global_camera,001_volleyball
0.5936844203350138,0.23775414133266196,0.025,0.0075507314771118455,176.65422023521594,128.9012777348146,0.005817335660267597,1337.4126157210483,268.27010374917126,small,ego_test_volleyball_001_volleyball_small_cam11_cam12_b00301,egohumans,success,OnlineHMR,,semi_online_tracking_global_camera,001_volleyball
9.484792058098396,8.19085915093135,0.0,0.0,,,0.0,,,extreme,ego_test_volleyball_002_volleyball_extreme_cam09_cam02_b00301,egohumans,success,OnlineHMR,,semi_online_tracking_global_camera,002_volleyball
1.5727471638688686,0.48502639948830256,0.0,0.0,,,0.0,,,medium,ego_test_volleyball_002_volleyball_medium_cam06_cam12_b00301,egohumans,success,OnlineHMR,,semi_online_tracking_global_camera,002_volleyball
0.5292963319997918,0.24833335424905667,0.06388888888888888,0.025,91.82901447852205,73.35445802525652,0.017424242424242425,503.10132710012573,520.6372867056994,small,ego_test_volleyball_002_volleyball_small_cam11_cam12_b00301,egohumans,success,OnlineHMR,,semi_online_tracking_global_camera,002_volleyball
9.48009433293444,5.555592936062578,0.0425,0.018794048551292093,235.73793829008014,154.05166131275843,0.019384264538198404,1402.8010082704811,413.89720217934916,extreme,ego_test_volleyball_004_volleyball_extreme_cam02_cam09_b00301,egohumans,success,OnlineHMR,,semi_online_tracking_global_camera,004_volleyball
1.0934797591207344,0.5192056527711818,0.1625,0.044,315.0537838022679,179.08326993490698,0.05909090909090909,,,medium,ego_test_volleyball_004_volleyball_medium_cam12_cam06_b00301,egohumans,success,OnlineHMR,,semi_online_tracking_global_camera,004_volleyball
1.0424163829573159,0.2398849391582156,0.0275,0.014802631578947368,173.48234012635334,137.86245218466058,0.013480392156862746,,,small,ego_test_volleyball_004_volleyball_small_cam11_cam12_b00301,egohumans,success,OnlineHMR,,semi_online_tracking_global_camera,004_volleyball
