case_id,cluster,angle_stratum,internal_method,internal_method_key,metric,online,internal,internal_advantage
aist__gBR_sBM_cAll_d06_mBR2_ch01__mc150-3,aist__gBR_sBM_cAll_d06_mBR2_ch01__mc150-3,,Human3R,m0_strict_human3r,PA-MPJPE_mm,56.87367300102929,54.26603579756848,2.6076372034608113
aist__gBR_sBM_cAll_d06_mBR2_ch01__mc150-3,aist__gBR_sBM_cAll_d06_mBR2_ch01__mc150-3,,Human3R,m0_strict_human3r,Anchor-MPJPE_mm,724.7693364237697,1817.374380855352,-1092.6050444315824
aist__gBR_sBM_cAll_d06_mBR2_ch01__mc150-3,aist__gBR_sBM_cAll_d06_mBR2_ch01__mc150-3,,Human3R,m0_strict_human3r,Anchor-root_mm,672.3615472326201,1777.1550208275285,-1104.7934735949084
aist__gBR_sBM_cAll_d06_mBR2_ch01__mc150-3,aist__gBR_sBM_cAll_d06_mBR2_ch01__mc150-3,,Human3R,m0_strict_human3r,Orientation_deg,54.359003283342275,36.67192609910359,17.68707718423869
aist__gBR_sBM_cAll_d06_mBR2_ch01__mc150-3,aist__gBR_sBM_cAll_d06_mBR2_ch01__mc150-3,,Human3R,m0_strict_human3r,Seam-root_mm,223.63225719153758,1585.6929793558993,-1362.0607221643618
aist__gBR_sBM_cAll_d06_mBR2_ch01__mc150-3,aist__gBR_sBM_cAll_d06_mBR2_ch01__mc150-3,,Human3R,m0_strict_human3r,Seam-orientation_deg,57.79306959322514,93.07818229331244,-35.285112700087296
aist__gBR_sBM_cAll_d06_mBR2_ch01__mc150-3,aist__gBR_sBM_cAll_d06_mBR2_ch01__mc150-3,,Human3R,m0_strict_human3r,Camera-rotation_deg,72.4674885779081,48.282314494093164,24.185174083814935
aist__gBR_sBM_cAll_d06_mBR2_ch01__mc150-3,aist__gBR_sBM_cAll_d06_mBR2_ch01__mc150-3,,Human3R,m0_strict_human3r,Camera-translation_m,5.292484253735902,5.07378545033688,0.2186988033990218
aist__gBR_sBM_cAll_d06_mBR2_ch01__mc150-3,aist__gBR_sBM_cAll_d06_mBR2_ch01__mc150-3,,Human3R,m0_strict_human3r,Boundary-camera-rotation_deg,112.75745401915562,94.09487970646948,18.662574312686132
aist__gBR_sBM_cAll_d06_mBR2_ch01__mc150-3,aist__gBR_sBM_cAll_d06_mBR2_ch01__mc150-3,,Human3R,m0_strict_human3r,Boundary-camera-translation_m,7.792120304798,7.755069938001235,0.03705036679676521
aist__gBR_sBM_cAll_d06_mBR2_ch01__mc150-3,aist__gBR_sBM_cAll_d06_mBR2_ch01__mc150-3,,Human3R,m0_strict_human3r,Coverage,0.98,1.0,0.020000000000000018
aist__gBR_sBM_cAll_d06_mBR2_ch01__mc150-3,aist__gBR_sBM_cAll_d06_mBR2_ch01__mc150-3,,BRIDGE3R,m15_bridge3r_fixed_v19,PA-MPJPE_mm,56.87367300102929,54.12707064756302,2.7466023534662654
aist__gBR_sBM_cAll_d06_mBR2_ch01__mc150-3,aist__gBR_sBM_cAll_d06_mBR2_ch01__mc150-3,,BRIDGE3R,m15_bridge3r_fixed_v19,Anchor-MPJPE_mm,724.7693364237697,1165.7007030263585,-440.9313666025888
aist__gBR_sBM_cAll_d06_mBR2_ch01__mc150-3,aist__gBR_sBM_cAll_d06_mBR2_ch01__mc150-3,,BRIDGE3R,m15_bridge3r_fixed_v19,Anchor-root_mm,672.3615472326201,1126.8827043395574,-454.5211571069374
aist__gBR_sBM_cAll_d06_mBR2_ch01__mc150-3,aist__gBR_sBM_cAll_d06_mBR2_ch01__mc150-3,,BRIDGE3R,m15_bridge3r_fixed_v19,Orientation_deg,54.359003283342275,44.01780541552808,10.341197867814195
aist__gBR_sBM_cAll_d06_mBR2_ch01__mc150-3,aist__gBR_sBM_cAll_d06_mBR2_ch01__mc150-3,,BRIDGE3R,m15_bridge3r_fixed_v19,Seam-root_mm,223.63225719153758,1175.46320325692,-951.8309460653825
aist__gBR_sBM_cAll_d06_mBR2_ch01__mc150-3,aist__gBR_sBM_cAll_d06_mBR2_ch01__mc150-3,,BRIDGE3R,m15_bridge3r_fixed_v19,Seam-orientation_deg,57.79306959322514,106.7877615074414,-48.99469191421626
aist__gBR_sBM_cAll_d06_mBR2_ch01__mc150-3,aist__gBR_sBM_cAll_d06_mBR2_ch01__mc150-3,,BRIDGE3R,m15_bridge3r_fixed_v19,Camera-rotation_deg,72.4674885779081,63.01715820748414,9.450330370423963
aist__gBR_sBM_cAll_d06_mBR2_ch01__mc150-3,aist__gBR_sBM_cAll_d06_mBR2_ch01__mc150-3,,BRIDGE3R,m15_bridge3r_fixed_v19,Camera-translation_m,5.292484253735902,4.513766930796157,0.7787173229397446
aist__gBR_sBM_cAll_d06_mBR2_ch01__mc150-3,aist__gBR_sBM_cAll_d06_mBR2_ch01__mc150-3,,BRIDGE3R,m15_bridge3r_fixed_v19,Boundary-camera-rotation_deg,112.75745401915562,108.07324799087105,4.684206028284564
aist__gBR_sBM_cAll_d06_mBR2_ch01__mc150-3,aist__gBR_sBM_cAll_d06_mBR2_ch01__mc150-3,,BRIDGE3R,m15_bridge3r_fixed_v19,Boundary-camera-translation_m,7.792120304798,7.586288238170091,0.20583206662790854
aist__gBR_sBM_cAll_d06_mBR2_ch01__mc150-3,aist__gBR_sBM_cAll_d06_mBR2_ch01__mc150-3,,BRIDGE3R,m15_bridge3r_fixed_v19,Coverage,0.98,1.0,0.020000000000000018
aist__gBR_sBM_cAll_d06_mBR2_ch02__mc150-3,aist__gBR_sBM_cAll_d06_mBR2_ch02__mc150-3,,Human3R,m0_strict_human3r,PA-MPJPE_mm,55.05286914699077,52.840827653999625,2.2120414929911476
aist__gBR_sBM_cAll_d06_mBR2_ch02__mc150-3,aist__gBR_sBM_cAll_d06_mBR2_ch02__mc150-3,,Human3R,m0_strict_human3r,Anchor-MPJPE_mm,515.5966046398399,834.8565550533127,-319.2599504134728
aist__gBR_sBM_cAll_d06_mBR2_ch02__mc150-3,aist__gBR_sBM_cAll_d06_mBR2_ch02__mc150-3,,Human3R,m0_strict_human3r,Anchor-root_mm,430.34199009295395,790.0936090375562,-359.7516189446023
aist__gBR_sBM_cAll_d06_mBR2_ch02__mc150-3,aist__gBR_sBM_cAll_d06_mBR2_ch02__mc150-3,,Human3R,m0_strict_human3r,Orientation_deg,108.1406088294985,64.97765640890526,43.16295242059324
aist__gBR_sBM_cAll_d06_mBR2_ch02__mc150-3,aist__gBR_sBM_cAll_d06_mBR2_ch02__mc150-3,,Human3R,m0_strict_human3r,Seam-root_mm,459.0408757292106,1088.9168885424886,-629.876012813278
aist__gBR_sBM_cAll_d06_mBR2_ch02__mc150-3,aist__gBR_sBM_cAll_d06_mBR2_ch02__mc150-3,,Human3R,m0_strict_human3r,Seam-orientation_deg,32.68509528515426,53.80495100158775,-21.11985571643349
aist__gBR_sBM_cAll_d06_mBR2_ch02__mc150-3,aist__gBR_sBM_cAll_d06_mBR2_ch02__mc150-3,,Human3R,m0_strict_human3r,Camera-rotation_deg,157.7284321378205,98.06845033785935,59.65998179996116
aist__gBR_sBM_cAll_d06_mBR2_ch02__mc150-3,aist__gBR_sBM_cAll_d06_mBR2_ch02__mc150-3,,Human3R,m0_strict_human3r,Camera-translation_m,10.443982040788057,7.355419619006849,3.0885624217812087
aist__gBR_sBM_cAll_d06_mBR2_ch02__mc150-3,aist__gBR_sBM_cAll_d06_mBR2_ch02__mc150-3,,Human3R,m0_strict_human3r,Boundary-camera-rotation_deg,89.79633415290711,50.542677803569326,39.25365634933778
aist__gBR_sBM_cAll_d06_mBR2_ch02__mc150-3,aist__gBR_sBM_cAll_d06_mBR2_ch02__mc150-3,,Human3R,m0_strict_human3r,Boundary-camera-translation_m,6.2051318449691895,4.394388632955409,1.8107432120137803
aist__gBR_sBM_cAll_d06_mBR2_ch02__mc150-3,aist__gBR_sBM_cAll_d06_mBR2_ch02__mc150-3,,Human3R,m0_strict_human3r,Coverage,0.9933333333333333,1.0,0.00666666666666671
aist__gBR_sBM_cAll_d06_mBR2_ch02__mc150-3,aist__gBR_sBM_cAll_d06_mBR2_ch02__mc150-3,,BRIDGE3R,m15_bridge3r_fixed_v19,PA-MPJPE_mm,55.05286914699077,52.59230270732398,2.460566439666792
aist__gBR_sBM_cAll_d06_mBR2_ch02__mc150-3,aist__gBR_sBM_cAll_d06_mBR2_ch02__mc150-3,,BRIDGE3R,m15_bridge3r_fixed_v19,Anchor-MPJPE_mm,515.5966046398399,513.441600113603,2.155004526236894
aist__gBR_sBM_cAll_d06_mBR2_ch02__mc150-3,aist__gBR_sBM_cAll_d06_mBR2_ch02__mc150-3,,BRIDGE3R,m15_bridge3r_fixed_v19,Anchor-root_mm,430.34199009295395,450.20788616776554,-19.865896074811587
aist__gBR_sBM_cAll_d06_mBR2_ch02__mc150-3,aist__gBR_sBM_cAll_d06_mBR2_ch02__mc150-3,,BRIDGE3R,m15_bridge3r_fixed_v19,Orientation_deg,108.1406088294985,63.26449893711437,44.876109892384136
aist__gBR_sBM_cAll_d06_mBR2_ch02__mc150-3,aist__gBR_sBM_cAll_d06_mBR2_ch02__mc150-3,,BRIDGE3R,m15_bridge3r_fixed_v19,Seam-root_mm,459.0408757292106,466.3338673953067,-7.2929916660961
aist__gBR_sBM_cAll_d06_mBR2_ch02__mc150-3,aist__gBR_sBM_cAll_d06_mBR2_ch02__mc150-3,,BRIDGE3R,m15_bridge3r_fixed_v19,Seam-orientation_deg,32.68509528515426,54.18101113400468,-21.495915848850416
aist__gBR_sBM_cAll_d06_mBR2_ch02__mc150-3,aist__gBR_sBM_cAll_d06_mBR2_ch02__mc150-3,,BRIDGE3R,m15_bridge3r_fixed_v19,Camera-rotation_deg,157.7284321378205,95.7053151998227,62.0231169379978
aist__gBR_sBM_cAll_d06_mBR2_ch02__mc150-3,aist__gBR_sBM_cAll_d06_mBR2_ch02__mc150-3,,BRIDGE3R,m15_bridge3r_fixed_v19,Camera-translation_m,10.443982040788057,7.005353656860599,3.4386283839274583
aist__gBR_sBM_cAll_d06_mBR2_ch02__mc150-3,aist__gBR_sBM_cAll_d06_mBR2_ch02__mc150-3,,BRIDGE3R,m15_bridge3r_fixed_v19,Boundary-camera-rotation_deg,89.79633415290711,50.65533291499668,39.14100123791043
aist__gBR_sBM_cAll_d06_mBR2_ch02__mc150-3,aist__gBR_sBM_cAll_d06_mBR2_ch02__mc150-3,,BRIDGE3R,m15_bridge3r_fixed_v19,Boundary-camera-translation_m,6.2051318449691895,4.15190974662254,2.05322209834665
aist__gBR_sBM_cAll_d06_mBR2_ch02__mc150-3,aist__gBR_sBM_cAll_d06_mBR2_ch02__mc150-3,,BRIDGE3R,m15_bridge3r_fixed_v19,Coverage,0.9933333333333333,1.0,0.00666666666666671
aist__gBR_sBM_cAll_d06_mBR3_ch01__mc150-3,aist__gBR_sBM_cAll_d06_mBR3_ch01__mc150-3,,Human3R,m0_strict_human3r,PA-MPJPE_mm,58.114364016366835,59.73885353486298,-1.6244895184961479
aist__gBR_sBM_cAll_d06_mBR3_ch01__mc150-3,aist__gBR_sBM_cAll_d06_mBR3_ch01__mc150-3,,Human3R,m0_strict_human3r,Anchor-MPJPE_mm,805.9974123395947,343.21057392863617,462.7868384109585
aist__gBR_sBM_cAll_d06_mBR3_ch01__mc150-3,aist__gBR_sBM_cAll_d06_mBR3_ch01__mc150-3,,Human3R,m0_strict_human3r,Anchor-root_mm,794.1888213727561,292.7101189633832,501.47870240937294
aist__gBR_sBM_cAll_d06_mBR3_ch01__mc150-3,aist__gBR_sBM_cAll_d06_mBR3_ch01__mc150-3,,Human3R,m0_strict_human3r,Orientation_deg,56.11904405603232,57.05512889749207,-0.9360848414597456
aist__gBR_sBM_cAll_d06_mBR3_ch01__mc150-3,aist__gBR_sBM_cAll_d06_mBR3_ch01__mc150-3,,Human3R,m0_strict_human3r,Seam-root_mm,353.83182989405833,104.76172911726422,249.0701007767941
aist__gBR_sBM_cAll_d06_mBR3_ch01__mc150-3,aist__gBR_sBM_cAll_d06_mBR3_ch01__mc150-3,,Human3R,m0_strict_human3r,Seam-orientation_deg,27.201867246111004,47.69588885454637,-20.494021608435364
aist__gBR_sBM_cAll_d06_mBR3_ch01__mc150-3,aist__gBR_sBM_cAll_d06_mBR3_ch01__mc150-3,,Human3R,m0_strict_human3r,Camera-rotation_deg,86.36715574174754,85.86501024517013,0.5021454965774126
aist__gBR_sBM_cAll_d06_mBR3_ch01__mc150-3,aist__gBR_sBM_cAll_d06_mBR3_ch01__mc150-3,,Human3R,m0_strict_human3r,Camera-translation_m,5.884942616942675,6.494527723531936,-0.609585106589261
aist__gBR_sBM_cAll_d06_mBR3_ch01__mc150-3,aist__gBR_sBM_cAll_d06_mBR3_ch01__mc150-3,,Human3R,m0_strict_human3r,Boundary-camera-rotation_deg,62.58188715504119,45.38431360864998,17.197573546391205
aist__gBR_sBM_cAll_d06_mBR3_ch01__mc150-3,aist__gBR_sBM_cAll_d06_mBR3_ch01__mc150-3,,Human3R,m0_strict_human3r,Boundary-camera-translation_m,4.950652621821019,3.690028899129438,1.2606237226915815
aist__gBR_sBM_cAll_d06_mBR3_ch01__mc150-3,aist__gBR_sBM_cAll_d06_mBR3_ch01__mc150-3,,Human3R,m0_strict_human3r,Coverage,0.9933333333333333,1.0,0.00666666666666671
aist__gBR_sBM_cAll_d06_mBR3_ch01__mc150-3,aist__gBR_sBM_cAll_d06_mBR3_ch01__mc150-3,,BRIDGE3R,m15_bridge3r_fixed_v19,PA-MPJPE_mm,58.114364016366835,59.62849156702502,-1.5141275506581877
aist__gBR_sBM_cAll_d06_mBR3_ch01__mc150-3,aist__gBR_sBM_cAll_d06_mBR3_ch01__mc150-3,,BRIDGE3R,m15_bridge3r_fixed_v19,Anchor-MPJPE_mm,805.9974123395947,349.9440938921161,456.0533184474786
aist__gBR_sBM_cAll_d06_mBR3_ch01__mc150-3,aist__gBR_sBM_cAll_d06_mBR3_ch01__mc150-3,,BRIDGE3R,m15_bridge3r_fixed_v19,Anchor-root_mm,794.1888213727561,295.76125687921314,498.427564493543
aist__gBR_sBM_cAll_d06_mBR3_ch01__mc150-3,aist__gBR_sBM_cAll_d06_mBR3_ch01__mc150-3,,BRIDGE3R,m15_bridge3r_fixed_v19,Orientation_deg,56.11904405603232,54.87537462454755,1.2436694314847756
aist__gBR_sBM_cAll_d06_mBR3_ch01__mc150-3,aist__gBR_sBM_cAll_d06_mBR3_ch01__mc150-3,,BRIDGE3R,m15_bridge3r_fixed_v19,Seam-root_mm,353.83182989405833,312.17960667997767,41.652223214080664
aist__gBR_sBM_cAll_d06_mBR3_ch01__mc150-3,aist__gBR_sBM_cAll_d06_mBR3_ch01__mc150-3,,BRIDGE3R,m15_bridge3r_fixed_v19,Seam-orientation_deg,27.201867246111004,47.42490128740716,-20.223034041296156
aist__gBR_sBM_cAll_d06_mBR3_ch01__mc150-3,aist__gBR_sBM_cAll_d06_mBR3_ch01__mc150-3,,BRIDGE3R,m15_bridge3r_fixed_v19,Camera-rotation_deg,86.36715574174754,83.05429137998486,3.312864361762678
aist__gBR_sBM_cAll_d06_mBR3_ch01__mc150-3,aist__gBR_sBM_cAll_d06_mBR3_ch01__mc150-3,,BRIDGE3R,m15_bridge3r_fixed_v19,Camera-translation_m,5.884942616942675,6.158200200506961,-0.27325758356428587
aist__gBR_sBM_cAll_d06_mBR3_ch01__mc150-3,aist__gBR_sBM_cAll_d06_mBR3_ch01__mc150-3,,BRIDGE3R,m15_bridge3r_fixed_v19,Boundary-camera-rotation_deg,62.58188715504119,44.759254085450124,17.822633069591063
aist__gBR_sBM_cAll_d06_mBR3_ch01__mc150-3,aist__gBR_sBM_cAll_d06_mBR3_ch01__mc150-3,,BRIDGE3R,m15_bridge3r_fixed_v19,Boundary-camera-translation_m,4.950652621821019,3.3921320370473476,1.5585205847736718
aist__gBR_sBM_cAll_d06_mBR3_ch01__mc150-3,aist__gBR_sBM_cAll_d06_mBR3_ch01__mc150-3,,BRIDGE3R,m15_bridge3r_fixed_v19,Coverage,0.9933333333333333,1.0,0.00666666666666671
aist__gBR_sBM_cAll_d06_mBR3_ch02__mc150-3,aist__gBR_sBM_cAll_d06_mBR3_ch02__mc150-3,,Human3R,m0_strict_human3r,PA-MPJPE_mm,50.56834793203404,49.646004787220086,0.9223431448139507
aist__gBR_sBM_cAll_d06_mBR3_ch02__mc150-3,aist__gBR_sBM_cAll_d06_mBR3_ch02__mc150-3,,Human3R,m0_strict_human3r,Anchor-MPJPE_mm,1415.6588379655987,292.47745978469356,1123.181378180905
aist__gBR_sBM_cAll_d06_mBR3_ch02__mc150-3,aist__gBR_sBM_cAll_d06_mBR3_ch02__mc150-3,,Human3R,m0_strict_human3r,Anchor-root_mm,1388.885913583053,248.43982498045463,1140.4460886025984
aist__gBR_sBM_cAll_d06_mBR3_ch02__mc150-3,aist__gBR_sBM_cAll_d06_mBR3_ch02__mc150-3,,Human3R,m0_strict_human3r,Orientation_deg,54.69388686861054,38.24720409898307,16.446682769627472
aist__gBR_sBM_cAll_d06_mBR3_ch02__mc150-3,aist__gBR_sBM_cAll_d06_mBR3_ch02__mc150-3,,Human3R,m0_strict_human3r,Seam-root_mm,329.5449008302143,1310.2257504158852,-980.6808495856708
aist__gBR_sBM_cAll_d06_mBR3_ch02__mc150-3,aist__gBR_sBM_cAll_d06_mBR3_ch02__mc150-3,,Human3R,m0_strict_human3r,Seam-orientation_deg,44.97103473664225,48.078858262556,-3.1078235259137443
aist__gBR_sBM_cAll_d06_mBR3_ch02__mc150-3,aist__gBR_sBM_cAll_d06_mBR3_ch02__mc150-3,,Human3R,m0_strict_human3r,Camera-rotation_deg,72.64189277235101,48.96130937669788,23.68058339565313
aist__gBR_sBM_cAll_d06_mBR3_ch02__mc150-3,aist__gBR_sBM_cAll_d06_mBR3_ch02__mc150-3,,Human3R,m0_strict_human3r,Camera-translation_m,6.0573861831875115,4.044727962828344,2.0126582203591674
aist__gBR_sBM_cAll_d06_mBR3_ch02__mc150-3,aist__gBR_sBM_cAll_d06_mBR3_ch02__mc150-3,,Human3R,m0_strict_human3r,Boundary-camera-rotation_deg,85.18046261550954,47.97490374277284,37.2055588727367
aist__gBR_sBM_cAll_d06_mBR3_ch02__mc150-3,aist__gBR_sBM_cAll_d06_mBR3_ch02__mc150-3,,Human3R,m0_strict_human3r,Boundary-camera-translation_m,6.05257486689003,4.824595279072715,1.2279795878173152
aist__gBR_sBM_cAll_d06_mBR3_ch02__mc150-3,aist__gBR_sBM_cAll_d06_mBR3_ch02__mc150-3,,Human3R,m0_strict_human3r,Coverage,0.98,1.0,0.020000000000000018
aist__gBR_sBM_cAll_d06_mBR3_ch02__mc150-3,aist__gBR_sBM_cAll_d06_mBR3_ch02__mc150-3,,BRIDGE3R,m15_bridge3r_fixed_v19,PA-MPJPE_mm,50.56834793203404,49.43128750969792,1.1370604223361198
aist__gBR_sBM_cAll_d06_mBR3_ch02__mc150-3,aist__gBR_sBM_cAll_d06_mBR3_ch02__mc150-3,,BRIDGE3R,m15_bridge3r_fixed_v19,Anchor-MPJPE_mm,1415.6588379655987,681.5653082171613,734.0935297484374
aist__gBR_sBM_cAll_d06_mBR3_ch02__mc150-3,aist__gBR_sBM_cAll_d06_mBR3_ch02__mc150-3,,BRIDGE3R,m15_bridge3r_fixed_v19,Anchor-root_mm,1388.885913583053,647.9730280909217,740.9128854921313
aist__gBR_sBM_cAll_d06_mBR3_ch02__mc150-3,aist__gBR_sBM_cAll_d06_mBR3_ch02__mc150-3,,BRIDGE3R,m15_bridge3r_fixed_v19,Orientation_deg,54.69388686861054,37.570248684889556,17.123638183720985
aist__gBR_sBM_cAll_d06_mBR3_ch02__mc150-3,aist__gBR_sBM_cAll_d06_mBR3_ch02__mc150-3,,BRIDGE3R,m15_bridge3r_fixed_v19,Seam-root_mm,329.5449008302143,600.8380942088279,-271.2931933786136
aist__gBR_sBM_cAll_d06_mBR3_ch02__mc150-3,aist__gBR_sBM_cAll_d06_mBR3_ch02__mc150-3,,BRIDGE3R,m15_bridge3r_fixed_v19,Seam-orientation_deg,44.97103473664225,50.28063528993528,-5.309600553293031
aist__gBR_sBM_cAll_d06_mBR3_ch02__mc150-3,aist__gBR_sBM_cAll_d06_mBR3_ch02__mc150-3,,BRIDGE3R,m15_bridge3r_fixed_v19,Camera-rotation_deg,72.64189277235101,49.16530218846748,23.476590583883535
aist__gBR_sBM_cAll_d06_mBR3_ch02__mc150-3,aist__gBR_sBM_cAll_d06_mBR3_ch02__mc150-3,,BRIDGE3R,m15_bridge3r_fixed_v19,Camera-translation_m,6.0573861831875115,3.905058861713948,2.1523273214735634
aist__gBR_sBM_cAll_d06_mBR3_ch02__mc150-3,aist__gBR_sBM_cAll_d06_mBR3_ch02__mc150-3,,BRIDGE3R,m15_bridge3r_fixed_v19,Boundary-camera-rotation_deg,85.18046261550954,49.98065302231781,35.19980959319173
aist__gBR_sBM_cAll_d06_mBR3_ch02__mc150-3,aist__gBR_sBM_cAll_d06_mBR3_ch02__mc150-3,,BRIDGE3R,m15_bridge3r_fixed_v19,Boundary-camera-translation_m,6.05257486689003,4.3295203537363145,1.7230545131537154
aist__gBR_sBM_cAll_d06_mBR3_ch02__mc150-3,aist__gBR_sBM_cAll_d06_mBR3_ch02__mc150-3,,BRIDGE3R,m15_bridge3r_fixed_v19,Coverage,0.98,1.0,0.020000000000000018
aist__gBR_sBM_cAll_d06_mBR4_ch01__mc150-3,aist__gBR_sBM_cAll_d06_mBR4_ch01__mc150-3,,Human3R,m0_strict_human3r,PA-MPJPE_mm,63.5623783936806,62.99934707622015,0.5630313174604566
aist__gBR_sBM_cAll_d06_mBR4_ch01__mc150-3,aist__gBR_sBM_cAll_d06_mBR4_ch01__mc150-3,,Human3R,m0_strict_human3r,Anchor-MPJPE_mm,792.5063695887404,388.95061991027643,403.555749678464
aist__gBR_sBM_cAll_d06_mBR4_ch01__mc150-3,aist__gBR_sBM_cAll_d06_mBR4_ch01__mc150-3,,Human3R,m0_strict_human3r,Anchor-root_mm,708.4042778561848,313.10541621546747,395.2988616407173
aist__gBR_sBM_cAll_d06_mBR4_ch01__mc150-3,aist__gBR_sBM_cAll_d06_mBR4_ch01__mc150-3,,Human3R,m0_strict_human3r,Orientation_deg,41.224435995714664,36.77995198310389,4.444484012610772
aist__gBR_sBM_cAll_d06_mBR4_ch01__mc150-3,aist__gBR_sBM_cAll_d06_mBR4_ch01__mc150-3,,Human3R,m0_strict_human3r,Seam-root_mm,300.4463881544393,262.7178311838068,37.728556970632496
aist__gBR_sBM_cAll_d06_mBR4_ch01__mc150-3,aist__gBR_sBM_cAll_d06_mBR4_ch01__mc150-3,,Human3R,m0_strict_human3r,Seam-orientation_deg,56.90931534675191,82.97668349363147,-26.06736814687956
aist__gBR_sBM_cAll_d06_mBR4_ch01__mc150-3,aist__gBR_sBM_cAll_d06_mBR4_ch01__mc150-3,,Human3R,m0_strict_human3r,Camera-rotation_deg,53.65015334943263,46.245403954417206,7.404749395015422
aist__gBR_sBM_cAll_d06_mBR4_ch01__mc150-3,aist__gBR_sBM_cAll_d06_mBR4_ch01__mc150-3,,Human3R,m0_strict_human3r,Camera-translation_m,5.160619102158637,3.575497346247052,1.5851217559115849
aist__gBR_sBM_cAll_d06_mBR4_ch01__mc150-3,aist__gBR_sBM_cAll_d06_mBR4_ch01__mc150-3,,Human3R,m0_strict_human3r,Boundary-camera-rotation_deg,112.59899435585612,91.04888858632756,21.550105769528557
aist__gBR_sBM_cAll_d06_mBR4_ch01__mc150-3,aist__gBR_sBM_cAll_d06_mBR4_ch01__mc150-3,,Human3R,m0_strict_human3r,Boundary-camera-translation_m,7.8572641349921195,6.557336419000007,1.299927715992112
aist__gBR_sBM_cAll_d06_mBR4_ch01__mc150-3,aist__gBR_sBM_cAll_d06_mBR4_ch01__mc150-3,,Human3R,m0_strict_human3r,Coverage,0.98,1.0,0.020000000000000018
aist__gBR_sBM_cAll_d06_mBR4_ch01__mc150-3,aist__gBR_sBM_cAll_d06_mBR4_ch01__mc150-3,,BRIDGE3R,m15_bridge3r_fixed_v19,PA-MPJPE_mm,63.5623783936806,62.93523525803081,0.6271431356497956
aist__gBR_sBM_cAll_d06_mBR4_ch01__mc150-3,aist__gBR_sBM_cAll_d06_mBR4_ch01__mc150-3,,BRIDGE3R,m15_bridge3r_fixed_v19,Anchor-MPJPE_mm,792.5063695887404,381.3605867151499,411.1457828735905
aist__gBR_sBM_cAll_d06_mBR4_ch01__mc150-3,aist__gBR_sBM_cAll_d06_mBR4_ch01__mc150-3,,BRIDGE3R,m15_bridge3r_fixed_v19,Anchor-root_mm,708.4042778561848,324.33536678950935,384.0689110666754
aist__gBR_sBM_cAll_d06_mBR4_ch01__mc150-3,aist__gBR_sBM_cAll_d06_mBR4_ch01__mc150-3,,BRIDGE3R,m15_bridge3r_fixed_v19,Orientation_deg,41.224435995714664,30.586839565639554,10.63759643007511
aist__gBR_sBM_cAll_d06_mBR4_ch01__mc150-3,aist__gBR_sBM_cAll_d06_mBR4_ch01__mc150-3,,BRIDGE3R,m15_bridge3r_fixed_v19,Seam-root_mm,300.4463881544393,758.1371197953627,-457.69073164092333
aist__gBR_sBM_cAll_d06_mBR4_ch01__mc150-3,aist__gBR_sBM_cAll_d06_mBR4_ch01__mc150-3,,BRIDGE3R,m15_bridge3r_fixed_v19,Seam-orientation_deg,56.90931534675191,63.260191109970705,-6.350875763218795
aist__gBR_sBM_cAll_d06_mBR4_ch01__mc150-3,aist__gBR_sBM_cAll_d06_mBR4_ch01__mc150-3,,BRIDGE3R,m15_bridge3r_fixed_v19,Camera-rotation_deg,53.65015334943263,36.78495886016475,16.86519448926788
aist__gBR_sBM_cAll_d06_mBR4_ch01__mc150-3,aist__gBR_sBM_cAll_d06_mBR4_ch01__mc150-3,,BRIDGE3R,m15_bridge3r_fixed_v19,Camera-translation_m,5.160619102158637,2.9290455104717483,2.2315735916868884
aist__gBR_sBM_cAll_d06_mBR4_ch01__mc150-3,aist__gBR_sBM_cAll_d06_mBR4_ch01__mc150-3,,BRIDGE3R,m15_bridge3r_fixed_v19,Boundary-camera-rotation_deg,112.59899435585612,70.28738183117997,42.31161252467615
aist__gBR_sBM_cAll_d06_mBR4_ch01__mc150-3,aist__gBR_sBM_cAll_d06_mBR4_ch01__mc150-3,,BRIDGE3R,m15_bridge3r_fixed_v19,Boundary-camera-translation_m,7.8572641349921195,5.3056886630940605,2.551575471898059
aist__gBR_sBM_cAll_d06_mBR4_ch01__mc150-3,aist__gBR_sBM_cAll_d06_mBR4_ch01__mc150-3,,BRIDGE3R,m15_bridge3r_fixed_v19,Coverage,0.98,1.0,0.020000000000000018
aist__gBR_sBM_cAll_d06_mBR4_ch02__mc150-3,aist__gBR_sBM_cAll_d06_mBR4_ch02__mc150-3,,Human3R,m0_strict_human3r,PA-MPJPE_mm,57.93612518435262,56.906191743957876,1.0299334403947427
aist__gBR_sBM_cAll_d06_mBR4_ch02__mc150-3,aist__gBR_sBM_cAll_d06_mBR4_ch02__mc150-3,,Human3R,m0_strict_human3r,Anchor-MPJPE_mm,461.09713781004496,1127.7659773128603,-666.6688395028153
aist__gBR_sBM_cAll_d06_mBR4_ch02__mc150-3,aist__gBR_sBM_cAll_d06_mBR4_ch02__mc150-3,,Human3R,m0_strict_human3r,Anchor-root_mm,294.6621762227578,1056.2095649500209,-761.5473887272631
aist__gBR_sBM_cAll_d06_mBR4_ch02__mc150-3,aist__gBR_sBM_cAll_d06_mBR4_ch02__mc150-3,,Human3R,m0_strict_human3r,Orientation_deg,111.29410679010992,66.08122850903119,45.21287828107873
aist__gBR_sBM_cAll_d06_mBR4_ch02__mc150-3,aist__gBR_sBM_cAll_d06_mBR4_ch02__mc150-3,,Human3R,m0_strict_human3r,Seam-root_mm,433.85280320041124,1138.7123269300937,-704.8595237296825
aist__gBR_sBM_cAll_d06_mBR4_ch02__mc150-3,aist__gBR_sBM_cAll_d06_mBR4_ch02__mc150-3,,Human3R,m0_strict_human3r,Seam-orientation_deg,59.35431957928638,50.56754608728645,8.78677349199993
aist__gBR_sBM_cAll_d06_mBR4_ch02__mc150-3,aist__gBR_sBM_cAll_d06_mBR4_ch02__mc150-3,,Human3R,m0_strict_human3r,Camera-rotation_deg,157.73107526436567,88.69475370158594,69.03632156277973
aist__gBR_sBM_cAll_d06_mBR4_ch02__mc150-3,aist__gBR_sBM_cAll_d06_mBR4_ch02__mc150-3,,Human3R,m0_strict_human3r,Camera-translation_m,9.804498037845665,6.643874314191874,3.1606237236537913
aist__gBR_sBM_cAll_d06_mBR4_ch02__mc150-3,aist__gBR_sBM_cAll_d06_mBR4_ch02__mc150-3,,Human3R,m0_strict_human3r,Boundary-camera-rotation_deg,89.79146998365157,51.56393065965005,38.22753932400152
aist__gBR_sBM_cAll_d06_mBR4_ch02__mc150-3,aist__gBR_sBM_cAll_d06_mBR4_ch02__mc150-3,,Human3R,m0_strict_human3r,Boundary-camera-translation_m,6.190718106487132,4.552670289285112,1.63804781720202
aist__gBR_sBM_cAll_d06_mBR4_ch02__mc150-3,aist__gBR_sBM_cAll_d06_mBR4_ch02__mc150-3,,Human3R,m0_strict_human3r,Coverage,0.98,0.9933333333333333,0.013333333333333308
aist__gBR_sBM_cAll_d06_mBR4_ch02__mc150-3,aist__gBR_sBM_cAll_d06_mBR4_ch02__mc150-3,,BRIDGE3R,m15_bridge3r_fixed_v19,PA-MPJPE_mm,57.93612518435262,56.796754405091534,1.1393707792610854
aist__gBR_sBM_cAll_d06_mBR4_ch02__mc150-3,aist__gBR_sBM_cAll_d06_mBR4_ch02__mc150-3,,BRIDGE3R,m15_bridge3r_fixed_v19,Anchor-MPJPE_mm,461.09713781004496,1076.8714051864624,-615.7742673764175
aist__gBR_sBM_cAll_d06_mBR4_ch02__mc150-3,aist__gBR_sBM_cAll_d06_mBR4_ch02__mc150-3,,BRIDGE3R,m15_bridge3r_fixed_v19,Anchor-root_mm,294.6621762227578,1002.1591607259771,-707.4969845032193
aist__gBR_sBM_cAll_d06_mBR4_ch02__mc150-3,aist__gBR_sBM_cAll_d06_mBR4_ch02__mc150-3,,BRIDGE3R,m15_bridge3r_fixed_v19,Orientation_deg,111.29410679010992,65.31201516635717,45.98209162375275
aist__gBR_sBM_cAll_d06_mBR4_ch02__mc150-3,aist__gBR_sBM_cAll_d06_mBR4_ch02__mc150-3,,BRIDGE3R,m15_bridge3r_fixed_v19,Seam-root_mm,433.85280320041124,919.7725632269127,-485.9197600265014
aist__gBR_sBM_cAll_d06_mBR4_ch02__mc150-3,aist__gBR_sBM_cAll_d06_mBR4_ch02__mc150-3,,BRIDGE3R,m15_bridge3r_fixed_v19,Seam-orientation_deg,59.35431957928638,47.20432766883086,12.149991910455526
aist__gBR_sBM_cAll_d06_mBR4_ch02__mc150-3,aist__gBR_sBM_cAll_d06_mBR4_ch02__mc150-3,,BRIDGE3R,m15_bridge3r_fixed_v19,Camera-rotation_deg,157.73107526436567,87.85656144933232,69.87451381503335
aist__gBR_sBM_cAll_d06_mBR4_ch02__mc150-3,aist__gBR_sBM_cAll_d06_mBR4_ch02__mc150-3,,BRIDGE3R,m15_bridge3r_fixed_v19,Camera-translation_m,9.804498037845665,6.754683706368925,3.04981433147674
aist__gBR_sBM_cAll_d06_mBR4_ch02__mc150-3,aist__gBR_sBM_cAll_d06_mBR4_ch02__mc150-3,,BRIDGE3R,m15_bridge3r_fixed_v19,Boundary-camera-rotation_deg,89.79146998365157,52.473891156269204,37.31757882738236
aist__gBR_sBM_cAll_d06_mBR4_ch02__mc150-3,aist__gBR_sBM_cAll_d06_mBR4_ch02__mc150-3,,BRIDGE3R,m15_bridge3r_fixed_v19,Boundary-camera-translation_m,6.190718106487132,3.9348643100252936,2.255853796461839
aist__gBR_sBM_cAll_d06_mBR4_ch02__mc150-3,aist__gBR_sBM_cAll_d06_mBR4_ch02__mc150-3,,BRIDGE3R,m15_bridge3r_fixed_v19,Coverage,0.98,0.9933333333333333,0.013333333333333308
aist__gBR_sBM_cAll_d06_mBR5_ch01__mc150-3,aist__gBR_sBM_cAll_d06_mBR5_ch01__mc150-3,,Human3R,m0_strict_human3r,PA-MPJPE_mm,60.5027351870945,65.33294790506113,-4.830212717966631
aist__gBR_sBM_cAll_d06_mBR5_ch01__mc150-3,aist__gBR_sBM_cAll_d06_mBR5_ch01__mc150-3,,Human3R,m0_strict_human3r,Anchor-MPJPE_mm,527.631259857906,1387.8342562228895,-860.2029963649835
aist__gBR_sBM_cAll_d06_mBR5_ch01__mc150-3,aist__gBR_sBM_cAll_d06_mBR5_ch01__mc150-3,,Human3R,m0_strict_human3r,Anchor-root_mm,424.55610022242934,1316.7001889590147,-892.1440887365853
aist__gBR_sBM_cAll_d06_mBR5_ch01__mc150-3,aist__gBR_sBM_cAll_d06_mBR5_ch01__mc150-3,,Human3R,m0_strict_human3r,Orientation_deg,106.72146373687735,64.52965237291681,42.19181136396054
aist__gBR_sBM_cAll_d06_mBR5_ch01__mc150-3,aist__gBR_sBM_cAll_d06_mBR5_ch01__mc150-3,,Human3R,m0_strict_human3r,Seam-root_mm,380.28162815440544,961.6912354334621,-581.4096072790567
aist__gBR_sBM_cAll_d06_mBR5_ch01__mc150-3,aist__gBR_sBM_cAll_d06_mBR5_ch01__mc150-3,,Human3R,m0_strict_human3r,Seam-orientation_deg,42.80159117051972,49.70722949915462,-6.9056383286349
aist__gBR_sBM_cAll_d06_mBR5_ch01__mc150-3,aist__gBR_sBM_cAll_d06_mBR5_ch01__mc150-3,,Human3R,m0_strict_human3r,Camera-rotation_deg,157.73066387366814,90.88841931976181,66.84224455390633
aist__gBR_sBM_cAll_d06_mBR5_ch01__mc150-3,aist__gBR_sBM_cAll_d06_mBR5_ch01__mc150-3,,Human3R,m0_strict_human3r,Camera-translation_m,9.787953352359388,6.859958406817594,2.927994945541794
aist__gBR_sBM_cAll_d06_mBR5_ch01__mc150-3,aist__gBR_sBM_cAll_d06_mBR5_ch01__mc150-3,,Human3R,m0_strict_human3r,Boundary-camera-rotation_deg,89.79178811482771,50.66222353628325,39.12956457854446
aist__gBR_sBM_cAll_d06_mBR5_ch01__mc150-3,aist__gBR_sBM_cAll_d06_mBR5_ch01__mc150-3,,Human3R,m0_strict_human3r,Boundary-camera-translation_m,6.187408189491396,4.2191835081232,1.9682246813681967
aist__gBR_sBM_cAll_d06_mBR5_ch01__mc150-3,aist__gBR_sBM_cAll_d06_mBR5_ch01__mc150-3,,Human3R,m0_strict_human3r,Coverage,0.98,1.0,0.020000000000000018
aist__gBR_sBM_cAll_d06_mBR5_ch01__mc150-3,aist__gBR_sBM_cAll_d06_mBR5_ch01__mc150-3,,BRIDGE3R,m15_bridge3r_fixed_v19,PA-MPJPE_mm,60.5027351870945,65.04850291222077,-4.545767725126268
aist__gBR_sBM_cAll_d06_mBR5_ch01__mc150-3,aist__gBR_sBM_cAll_d06_mBR5_ch01__mc150-3,,BRIDGE3R,m15_bridge3r_fixed_v19,Anchor-MPJPE_mm,527.631259857906,1023.6281125543462,-495.9968526964402
aist__gBR_sBM_cAll_d06_mBR5_ch01__mc150-3,aist__gBR_sBM_cAll_d06_mBR5_ch01__mc150-3,,BRIDGE3R,m15_bridge3r_fixed_v19,Anchor-root_mm,424.55610022242934,946.4856624193094,-521.92956219688
aist__gBR_sBM_cAll_d06_mBR5_ch01__mc150-3,aist__gBR_sBM_cAll_d06_mBR5_ch01__mc150-3,,BRIDGE3R,m15_bridge3r_fixed_v19,Orientation_deg,106.72146373687735,63.50389167349809,43.217572063379265
aist__gBR_sBM_cAll_d06_mBR5_ch01__mc150-3,aist__gBR_sBM_cAll_d06_mBR5_ch01__mc150-3,,BRIDGE3R,m15_bridge3r_fixed_v19,Seam-root_mm,380.28162815440544,903.9081643095371,-523.6265361551317
aist__gBR_sBM_cAll_d06_mBR5_ch01__mc150-3,aist__gBR_sBM_cAll_d06_mBR5_ch01__mc150-3,,BRIDGE3R,m15_bridge3r_fixed_v19,Seam-orientation_deg,42.80159117051972,44.82570334713722,-2.0241121766175
aist__gBR_sBM_cAll_d06_mBR5_ch01__mc150-3,aist__gBR_sBM_cAll_d06_mBR5_ch01__mc150-3,,BRIDGE3R,m15_bridge3r_fixed_v19,Camera-rotation_deg,157.73066387366814,89.4252903914542,68.30537348221394
aist__gBR_sBM_cAll_d06_mBR5_ch01__mc150-3,aist__gBR_sBM_cAll_d06_mBR5_ch01__mc150-3,,BRIDGE3R,m15_bridge3r_fixed_v19,Camera-translation_m,9.787953352359388,6.757869081686697,3.030084270672691
aist__gBR_sBM_cAll_d06_mBR5_ch01__mc150-3,aist__gBR_sBM_cAll_d06_mBR5_ch01__mc150-3,,BRIDGE3R,m15_bridge3r_fixed_v19,Boundary-camera-rotation_deg,89.79178811482771,49.5180698372898,40.27371827753791
aist__gBR_sBM_cAll_d06_mBR5_ch01__mc150-3,aist__gBR_sBM_cAll_d06_mBR5_ch01__mc150-3,,BRIDGE3R,m15_bridge3r_fixed_v19,Boundary-camera-translation_m,6.187408189491396,3.80855042133705,2.3788577681543464
aist__gBR_sBM_cAll_d06_mBR5_ch01__mc150-3,aist__gBR_sBM_cAll_d06_mBR5_ch01__mc150-3,,BRIDGE3R,m15_bridge3r_fixed_v19,Coverage,0.98,1.0,0.020000000000000018
aist__gBR_sBM_cAll_d06_mBR5_ch02__mc150-3,aist__gBR_sBM_cAll_d06_mBR5_ch02__mc150-3,,Human3R,m0_strict_human3r,PA-MPJPE_mm,61.45058989230748,59.62677834097775,1.823811551329726
aist__gBR_sBM_cAll_d06_mBR5_ch02__mc150-3,aist__gBR_sBM_cAll_d06_mBR5_ch02__mc150-3,,Human3R,m0_strict_human3r,Anchor-MPJPE_mm,999.0841661760164,277.7447535534691,721.3394126225473
aist__gBR_sBM_cAll_d06_mBR5_ch02__mc150-3,aist__gBR_sBM_cAll_d06_mBR5_ch02__mc150-3,,Human3R,m0_strict_human3r,Anchor-root_mm,955.4191571200555,220.82605559410507,734.5931015259505
aist__gBR_sBM_cAll_d06_mBR5_ch02__mc150-3,aist__gBR_sBM_cAll_d06_mBR5_ch02__mc150-3,,Human3R,m0_strict_human3r,Orientation_deg,59.582908970460664,38.42249988199995,21.160409088460717
aist__gBR_sBM_cAll_d06_mBR5_ch02__mc150-3,aist__gBR_sBM_cAll_d06_mBR5_ch02__mc150-3,,Human3R,m0_strict_human3r,Seam-root_mm,473.83967257380857,1281.5422358594521,-807.7025632856436
aist__gBR_sBM_cAll_d06_mBR5_ch02__mc150-3,aist__gBR_sBM_cAll_d06_mBR5_ch02__mc150-3,,Human3R,m0_strict_human3r,Seam-orientation_deg,47.44814993411461,76.92249922342147,-29.474349289306858
aist__gBR_sBM_cAll_d06_mBR5_ch02__mc150-3,aist__gBR_sBM_cAll_d06_mBR5_ch02__mc150-3,,Human3R,m0_strict_human3r,Camera-rotation_deg,71.84994216014219,50.490273476945895,21.359668683196297
aist__gBR_sBM_cAll_d06_mBR5_ch02__mc150-3,aist__gBR_sBM_cAll_d06_mBR5_ch02__mc150-3,,Human3R,m0_strict_human3r,Camera-translation_m,5.68940479229763,3.5034022104902074,2.1860025818074225
aist__gBR_sBM_cAll_d06_mBR5_ch02__mc150-3,aist__gBR_sBM_cAll_d06_mBR5_ch02__mc150-3,,Human3R,m0_strict_human3r,Boundary-camera-rotation_deg,112.75628059350394,93.44142283146846,19.314857762035487
aist__gBR_sBM_cAll_d06_mBR5_ch02__mc150-3,aist__gBR_sBM_cAll_d06_mBR5_ch02__mc150-3,,Human3R,m0_strict_human3r,Boundary-camera-translation_m,7.805197100651923,7.6076807091466,0.19751639150532263
aist__gBR_sBM_cAll_d06_mBR5_ch02__mc150-3,aist__gBR_sBM_cAll_d06_mBR5_ch02__mc150-3,,Human3R,m0_strict_human3r,Coverage,0.98,1.0,0.020000000000000018
aist__gBR_sBM_cAll_d06_mBR5_ch02__mc150-3,aist__gBR_sBM_cAll_d06_mBR5_ch02__mc150-3,,BRIDGE3R,m15_bridge3r_fixed_v19,PA-MPJPE_mm,61.45058989230748,59.54041759929596,1.9101722930115201
aist__gBR_sBM_cAll_d06_mBR5_ch02__mc150-3,aist__gBR_sBM_cAll_d06_mBR5_ch02__mc150-3,,BRIDGE3R,m15_bridge3r_fixed_v19,Anchor-MPJPE_mm,999.0841661760164,854.4973831967671,144.58678297924928
aist__gBR_sBM_cAll_d06_mBR5_ch02__mc150-3,aist__gBR_sBM_cAll_d06_mBR5_ch02__mc150-3,,BRIDGE3R,m15_bridge3r_fixed_v19,Anchor-root_mm,955.4191571200555,819.5631095076786,135.85604761237687
aist__gBR_sBM_cAll_d06_mBR5_ch02__mc150-3,aist__gBR_sBM_cAll_d06_mBR5_ch02__mc150-3,,BRIDGE3R,m15_bridge3r_fixed_v19,Orientation_deg,59.582908970460664,51.74187647015937,7.841032500301296
aist__gBR_sBM_cAll_d06_mBR5_ch02__mc150-3,aist__gBR_sBM_cAll_d06_mBR5_ch02__mc150-3,,BRIDGE3R,m15_bridge3r_fixed_v19,Seam-root_mm,473.83967257380857,1002.2539158267688,-528.4142432529602
aist__gBR_sBM_cAll_d06_mBR5_ch02__mc150-3,aist__gBR_sBM_cAll_d06_mBR5_ch02__mc150-3,,BRIDGE3R,m15_bridge3r_fixed_v19,Seam-orientation_deg,47.44814993411461,104.27316642104527,-56.825016486930664
aist__gBR_sBM_cAll_d06_mBR5_ch02__mc150-3,aist__gBR_sBM_cAll_d06_mBR5_ch02__mc150-3,,BRIDGE3R,m15_bridge3r_fixed_v19,Camera-rotation_deg,71.84994216014219,76.71234514203488,-4.862402981892686
aist__gBR_sBM_cAll_d06_mBR5_ch02__mc150-3,aist__gBR_sBM_cAll_d06_mBR5_ch02__mc150-3,,BRIDGE3R,m15_bridge3r_fixed_v19,Camera-translation_m,5.68940479229763,5.8465589045532935,-0.15715411225566367
aist__gBR_sBM_cAll_d06_mBR5_ch02__mc150-3,aist__gBR_sBM_cAll_d06_mBR5_ch02__mc150-3,,BRIDGE3R,m15_bridge3r_fixed_v19,Boundary-camera-rotation_deg,112.75628059350394,120.7045394614411,-7.948258867937156
aist__gBR_sBM_cAll_d06_mBR5_ch02__mc150-3,aist__gBR_sBM_cAll_d06_mBR5_ch02__mc150-3,,BRIDGE3R,m15_bridge3r_fixed_v19,Boundary-camera-translation_m,7.805197100651923,8.401518726873425,-0.5963216262215019
aist__gBR_sBM_cAll_d06_mBR5_ch02__mc150-3,aist__gBR_sBM_cAll_d06_mBR5_ch02__mc150-3,,BRIDGE3R,m15_bridge3r_fixed_v19,Coverage,0.98,1.0,0.020000000000000018
aist__gHO_sBM_cAll_d21_mHO3_ch01__mc150-3,aist__gHO_sBM_cAll_d21_mHO3_ch01__mc150-3,,Human3R,m0_strict_human3r,PA-MPJPE_mm,53.061013338830044,53.058291312991834,0.0027220258382101292
aist__gHO_sBM_cAll_d21_mHO3_ch01__mc150-3,aist__gHO_sBM_cAll_d21_mHO3_ch01__mc150-3,,Human3R,m0_strict_human3r,Anchor-MPJPE_mm,1575.3737888994337,466.29209201794623,1109.0816968814875
aist__gHO_sBM_cAll_d21_mHO3_ch01__mc150-3,aist__gHO_sBM_cAll_d21_mHO3_ch01__mc150-3,,Human3R,m0_strict_human3r,Anchor-root_mm,1560.4224890980684,458.18146696662694,1102.2410221314415
aist__gHO_sBM_cAll_d21_mHO3_ch01__mc150-3,aist__gHO_sBM_cAll_d21_mHO3_ch01__mc150-3,,Human3R,m0_strict_human3r,Orientation_deg,14.731186466127387,22.804221246910643,-8.073034780783257
aist__gHO_sBM_cAll_d21_mHO3_ch01__mc150-3,aist__gHO_sBM_cAll_d21_mHO3_ch01__mc150-3,,Human3R,m0_strict_human3r,Seam-root_mm,556.4219709397192,544.9048293547719,11.517141584947353
aist__gHO_sBM_cAll_d21_mHO3_ch01__mc150-3,aist__gHO_sBM_cAll_d21_mHO3_ch01__mc150-3,,Human3R,m0_strict_human3r,Seam-orientation_deg,43.37030561307329,4.097411114788245,39.27289449828505
aist__gHO_sBM_cAll_d21_mHO3_ch01__mc150-3,aist__gHO_sBM_cAll_d21_mHO3_ch01__mc150-3,,Human3R,m0_strict_human3r,Camera-rotation_deg,13.279967047120879,28.199139187557094,-14.919172140436215
aist__gHO_sBM_cAll_d21_mHO3_ch01__mc150-3,aist__gHO_sBM_cAll_d21_mHO3_ch01__mc150-3,,Human3R,m0_strict_human3r,Camera-translation_m,2.7735864374342243,2.348721918831203,0.4248645186030213
aist__gHO_sBM_cAll_d21_mHO3_ch01__mc150-3,aist__gHO_sBM_cAll_d21_mHO3_ch01__mc150-3,,Human3R,m0_strict_human3r,Boundary-camera-rotation_deg,103.62748244660673,6.971987238596904,96.65549520800982
aist__gHO_sBM_cAll_d21_mHO3_ch01__mc150-3,aist__gHO_sBM_cAll_d21_mHO3_ch01__mc150-3,,Human3R,m0_strict_human3r,Boundary-camera-translation_m,7.578454658928795,0.6379078237524374,6.940546835176358
aist__gHO_sBM_cAll_d21_mHO3_ch01__mc150-3,aist__gHO_sBM_cAll_d21_mHO3_ch01__mc150-3,,Human3R,m0_strict_human3r,Coverage,0.9933333333333333,1.0,0.00666666666666671
aist__gHO_sBM_cAll_d21_mHO3_ch01__mc150-3,aist__gHO_sBM_cAll_d21_mHO3_ch01__mc150-3,,BRIDGE3R,m15_bridge3r_fixed_v19,PA-MPJPE_mm,53.061013338830044,52.4171975711996,0.6438157676304428
aist__gHO_sBM_cAll_d21_mHO3_ch01__mc150-3,aist__gHO_sBM_cAll_d21_mHO3_ch01__mc150-3,,BRIDGE3R,m15_bridge3r_fixed_v19,Anchor-MPJPE_mm,1575.3737888994337,408.72450658560695,1166.649282313827
aist__gHO_sBM_cAll_d21_mHO3_ch01__mc150-3,aist__gHO_sBM_cAll_d21_mHO3_ch01__mc150-3,,BRIDGE3R,m15_bridge3r_fixed_v19,Anchor-root_mm,1560.4224890980684,397.7052133181003,1162.717275779968
aist__gHO_sBM_cAll_d21_mHO3_ch01__mc150-3,aist__gHO_sBM_cAll_d21_mHO3_ch01__mc150-3,,BRIDGE3R,m15_bridge3r_fixed_v19,Orientation_deg,14.731186466127387,7.967857930340428,6.763328535786958
aist__gHO_sBM_cAll_d21_mHO3_ch01__mc150-3,aist__gHO_sBM_cAll_d21_mHO3_ch01__mc150-3,,BRIDGE3R,m15_bridge3r_fixed_v19,Seam-root_mm,556.4219709397192,623.562540871666,-67.14056993194674
aist__gHO_sBM_cAll_d21_mHO3_ch01__mc150-3,aist__gHO_sBM_cAll_d21_mHO3_ch01__mc150-3,,BRIDGE3R,m15_bridge3r_fixed_v19,Seam-orientation_deg,43.37030561307329,7.301601774104018,36.06870383896927
aist__gHO_sBM_cAll_d21_mHO3_ch01__mc150-3,aist__gHO_sBM_cAll_d21_mHO3_ch01__mc150-3,,BRIDGE3R,m15_bridge3r_fixed_v19,Camera-rotation_deg,13.279967047120879,5.695630472420075,7.584336574700804
aist__gHO_sBM_cAll_d21_mHO3_ch01__mc150-3,aist__gHO_sBM_cAll_d21_mHO3_ch01__mc150-3,,BRIDGE3R,m15_bridge3r_fixed_v19,Camera-translation_m,2.7735864374342243,0.7099514079446556,2.0636350294895687
aist__gHO_sBM_cAll_d21_mHO3_ch01__mc150-3,aist__gHO_sBM_cAll_d21_mHO3_ch01__mc150-3,,BRIDGE3R,m15_bridge3r_fixed_v19,Boundary-camera-rotation_deg,103.62748244660673,4.578725937909201,99.04875650869754
aist__gHO_sBM_cAll_d21_mHO3_ch01__mc150-3,aist__gHO_sBM_cAll_d21_mHO3_ch01__mc150-3,,BRIDGE3R,m15_bridge3r_fixed_v19,Boundary-camera-translation_m,7.578454658928795,0.7002010515586102,6.878253607370184
aist__gHO_sBM_cAll_d21_mHO3_ch01__mc150-3,aist__gHO_sBM_cAll_d21_mHO3_ch01__mc150-3,,BRIDGE3R,m15_bridge3r_fixed_v19,Coverage,0.9933333333333333,1.0,0.00666666666666671
aist__gHO_sBM_cAll_d21_mHO3_ch02__mc150-3,aist__gHO_sBM_cAll_d21_mHO3_ch02__mc150-3,,Human3R,m0_strict_human3r,PA-MPJPE_mm,48.48263914353162,47.275565839916574,1.2070733036150472
aist__gHO_sBM_cAll_d21_mHO3_ch02__mc150-3,aist__gHO_sBM_cAll_d21_mHO3_ch02__mc150-3,,Human3R,m0_strict_human3r,Anchor-MPJPE_mm,1616.5989208638837,463.6152784364116,1152.9836424274722
aist__gHO_sBM_cAll_d21_mHO3_ch02__mc150-3,aist__gHO_sBM_cAll_d21_mHO3_ch02__mc150-3,,Human3R,m0_strict_human3r,Anchor-root_mm,1616.9656948506283,428.9044189807876,1188.0612758698408
aist__gHO_sBM_cAll_d21_mHO3_ch02__mc150-3,aist__gHO_sBM_cAll_d21_mHO3_ch02__mc150-3,,Human3R,m0_strict_human3r,Orientation_deg,33.1490587243946,35.15330646193883,-2.004247737544233
aist__gHO_sBM_cAll_d21_mHO3_ch02__mc150-3,aist__gHO_sBM_cAll_d21_mHO3_ch02__mc150-3,,Human3R,m0_strict_human3r,Seam-root_mm,439.0807401406214,432.6145678176638,6.466172322957618
aist__gHO_sBM_cAll_d21_mHO3_ch02__mc150-3,aist__gHO_sBM_cAll_d21_mHO3_ch02__mc150-3,,Human3R,m0_strict_human3r,Seam-orientation_deg,20.50512467217508,40.82627224655784,-20.321147574382763
aist__gHO_sBM_cAll_d21_mHO3_ch02__mc150-3,aist__gHO_sBM_cAll_d21_mHO3_ch02__mc150-3,,Human3R,m0_strict_human3r,Camera-rotation_deg,47.505524310584114,50.36662635618896,-2.861102045604845
aist__gHO_sBM_cAll_d21_mHO3_ch02__mc150-3,aist__gHO_sBM_cAll_d21_mHO3_ch02__mc150-3,,Human3R,m0_strict_human3r,Camera-translation_m,3.6733366496278475,4.120901206971874,-0.4475645573440268
aist__gHO_sBM_cAll_d21_mHO3_ch02__mc150-3,aist__gHO_sBM_cAll_d21_mHO3_ch02__mc150-3,,Human3R,m0_strict_human3r,Boundary-camera-rotation_deg,62.657845723859424,45.84000159501914,16.817844128840285
aist__gHO_sBM_cAll_d21_mHO3_ch02__mc150-3,aist__gHO_sBM_cAll_d21_mHO3_ch02__mc150-3,,Human3R,m0_strict_human3r,Boundary-camera-translation_m,5.160296336949761,4.099367300040178,1.0609290369095836
aist__gHO_sBM_cAll_d21_mHO3_ch02__mc150-3,aist__gHO_sBM_cAll_d21_mHO3_ch02__mc150-3,,Human3R,m0_strict_human3r,Coverage,0.98,1.0,0.020000000000000018
aist__gHO_sBM_cAll_d21_mHO3_ch02__mc150-3,aist__gHO_sBM_cAll_d21_mHO3_ch02__mc150-3,,BRIDGE3R,m15_bridge3r_fixed_v19,PA-MPJPE_mm,48.48263914353162,46.672255871856095,1.8103832716755264
aist__gHO_sBM_cAll_d21_mHO3_ch02__mc150-3,aist__gHO_sBM_cAll_d21_mHO3_ch02__mc150-3,,BRIDGE3R,m15_bridge3r_fixed_v19,Anchor-MPJPE_mm,1616.5989208638837,798.7674130475336,817.83150781635
aist__gHO_sBM_cAll_d21_mHO3_ch02__mc150-3,aist__gHO_sBM_cAll_d21_mHO3_ch02__mc150-3,,BRIDGE3R,m15_bridge3r_fixed_v19,Anchor-root_mm,1616.9656948506283,796.3341545187122,820.6315403319161
aist__gHO_sBM_cAll_d21_mHO3_ch02__mc150-3,aist__gHO_sBM_cAll_d21_mHO3_ch02__mc150-3,,BRIDGE3R,m15_bridge3r_fixed_v19,Orientation_deg,33.1490587243946,54.7704539699437,-21.621395245549103
aist__gHO_sBM_cAll_d21_mHO3_ch02__mc150-3,aist__gHO_sBM_cAll_d21_mHO3_ch02__mc150-3,,BRIDGE3R,m15_bridge3r_fixed_v19,Seam-root_mm,439.0807401406214,985.7999883936304,-546.719248253009
aist__gHO_sBM_cAll_d21_mHO3_ch02__mc150-3,aist__gHO_sBM_cAll_d21_mHO3_ch02__mc150-3,,BRIDGE3R,m15_bridge3r_fixed_v19,Seam-orientation_deg,20.50512467217508,80.42450953057548,-59.9193848584004
aist__gHO_sBM_cAll_d21_mHO3_ch02__mc150-3,aist__gHO_sBM_cAll_d21_mHO3_ch02__mc150-3,,BRIDGE3R,m15_bridge3r_fixed_v19,Camera-rotation_deg,47.505524310584114,81.64406142613996,-34.13853711555584
aist__gHO_sBM_cAll_d21_mHO3_ch02__mc150-3,aist__gHO_sBM_cAll_d21_mHO3_ch02__mc150-3,,BRIDGE3R,m15_bridge3r_fixed_v19,Camera-translation_m,3.6733366496278475,4.798459579939334,-1.1251229303114867
aist__gHO_sBM_cAll_d21_mHO3_ch02__mc150-3,aist__gHO_sBM_cAll_d21_mHO3_ch02__mc150-3,,BRIDGE3R,m15_bridge3r_fixed_v19,Boundary-camera-rotation_deg,62.657845723859424,85.98550038063348,-23.327654656774058
aist__gHO_sBM_cAll_d21_mHO3_ch02__mc150-3,aist__gHO_sBM_cAll_d21_mHO3_ch02__mc150-3,,BRIDGE3R,m15_bridge3r_fixed_v19,Boundary-camera-translation_m,5.160296336949761,5.1498556675098595,0.01044066943990174
aist__gHO_sBM_cAll_d21_mHO3_ch02__mc150-3,aist__gHO_sBM_cAll_d21_mHO3_ch02__mc150-3,,BRIDGE3R,m15_bridge3r_fixed_v19,Coverage,0.98,1.0,0.020000000000000018
aist__gHO_sBM_cAll_d21_mHO4_ch01__mc150-3,aist__gHO_sBM_cAll_d21_mHO4_ch01__mc150-3,,Human3R,m0_strict_human3r,PA-MPJPE_mm,53.06107814927375,50.99485689779218,2.066221251481565
aist__gHO_sBM_cAll_d21_mHO4_ch01__mc150-3,aist__gHO_sBM_cAll_d21_mHO4_ch01__mc150-3,,Human3R,m0_strict_human3r,Anchor-MPJPE_mm,530.2293861803594,429.47270475630233,100.75668142405704
aist__gHO_sBM_cAll_d21_mHO4_ch01__mc150-3,aist__gHO_sBM_cAll_d21_mHO4_ch01__mc150-3,,Human3R,m0_strict_human3r,Anchor-root_mm,483.0860188331223,405.15795177792944,77.92806705519286
aist__gHO_sBM_cAll_d21_mHO4_ch01__mc150-3,aist__gHO_sBM_cAll_d21_mHO4_ch01__mc150-3,,Human3R,m0_strict_human3r,Orientation_deg,50.07593228714796,35.45688680620179,14.61904548094617
aist__gHO_sBM_cAll_d21_mHO4_ch01__mc150-3,aist__gHO_sBM_cAll_d21_mHO4_ch01__mc150-3,,Human3R,m0_strict_human3r,Seam-root_mm,126.06263793217538,521.7886022878465,-395.7259643556711
aist__gHO_sBM_cAll_d21_mHO4_ch01__mc150-3,aist__gHO_sBM_cAll_d21_mHO4_ch01__mc150-3,,Human3R,m0_strict_human3r,Seam-orientation_deg,42.01469134854118,99.20185916950877,-57.18716782096759
aist__gHO_sBM_cAll_d21_mHO4_ch01__mc150-3,aist__gHO_sBM_cAll_d21_mHO4_ch01__mc150-3,,Human3R,m0_strict_human3r,Camera-rotation_deg,70.249632646787,46.82851542562684,23.421117221160166
aist__gHO_sBM_cAll_d21_mHO4_ch01__mc150-3,aist__gHO_sBM_cAll_d21_mHO4_ch01__mc150-3,,Human3R,m0_strict_human3r,Camera-translation_m,5.342447756258475,4.108252849383593,1.2341949068748823
aist__gHO_sBM_cAll_d21_mHO4_ch01__mc150-3,aist__gHO_sBM_cAll_d21_mHO4_ch01__mc150-3,,Human3R,m0_strict_human3r,Boundary-camera-rotation_deg,112.29463539778659,90.16382762935896,22.13080776842763
aist__gHO_sBM_cAll_d21_mHO4_ch01__mc150-3,aist__gHO_sBM_cAll_d21_mHO4_ch01__mc150-3,,Human3R,m0_strict_human3r,Boundary-camera-translation_m,7.989723628777913,7.446567637230761,0.5431559915471516
aist__gHO_sBM_cAll_d21_mHO4_ch01__mc150-3,aist__gHO_sBM_cAll_d21_mHO4_ch01__mc150-3,,Human3R,m0_strict_human3r,Coverage,0.98,1.0,0.020000000000000018
aist__gHO_sBM_cAll_d21_mHO4_ch01__mc150-3,aist__gHO_sBM_cAll_d21_mHO4_ch01__mc150-3,,BRIDGE3R,m15_bridge3r_fixed_v19,PA-MPJPE_mm,53.06107814927375,50.25172127022504,2.809356879048707
aist__gHO_sBM_cAll_d21_mHO4_ch01__mc150-3,aist__gHO_sBM_cAll_d21_mHO4_ch01__mc150-3,,BRIDGE3R,m15_bridge3r_fixed_v19,Anchor-MPJPE_mm,530.2293861803594,561.8820836580068,-31.652697477647393
aist__gHO_sBM_cAll_d21_mHO4_ch01__mc150-3,aist__gHO_sBM_cAll_d21_mHO4_ch01__mc150-3,,BRIDGE3R,m15_bridge3r_fixed_v19,Anchor-root_mm,483.0860188331223,523.1988543236363,-40.11283549051399
aist__gHO_sBM_cAll_d21_mHO4_ch01__mc150-3,aist__gHO_sBM_cAll_d21_mHO4_ch01__mc150-3,,BRIDGE3R,m15_bridge3r_fixed_v19,Orientation_deg,50.07593228714796,53.29389855587371,-3.2179662687257533
aist__gHO_sBM_cAll_d21_mHO4_ch01__mc150-3,aist__gHO_sBM_cAll_d21_mHO4_ch01__mc150-3,,BRIDGE3R,m15_bridge3r_fixed_v19,Seam-root_mm,126.06263793217538,889.0920288235654,-763.0293908913901
aist__gHO_sBM_cAll_d21_mHO4_ch01__mc150-3,aist__gHO_sBM_cAll_d21_mHO4_ch01__mc150-3,,BRIDGE3R,m15_bridge3r_fixed_v19,Seam-orientation_deg,42.01469134854118,132.00745318366188,-89.9927618351207
aist__gHO_sBM_cAll_d21_mHO4_ch01__mc150-3,aist__gHO_sBM_cAll_d21_mHO4_ch01__mc150-3,,BRIDGE3R,m15_bridge3r_fixed_v19,Camera-rotation_deg,70.249632646787,76.7195132941701,-6.469880647383093
aist__gHO_sBM_cAll_d21_mHO4_ch01__mc150-3,aist__gHO_sBM_cAll_d21_mHO4_ch01__mc150-3,,BRIDGE3R,m15_bridge3r_fixed_v19,Camera-translation_m,5.342447756258475,5.479959400449956,-0.13751164419148054
aist__gHO_sBM_cAll_d21_mHO4_ch01__mc150-3,aist__gHO_sBM_cAll_d21_mHO4_ch01__mc150-3,,BRIDGE3R,m15_bridge3r_fixed_v19,Boundary-camera-rotation_deg,112.29463539778659,123.46354566789486,-11.16891027010827
aist__gHO_sBM_cAll_d21_mHO4_ch01__mc150-3,aist__gHO_sBM_cAll_d21_mHO4_ch01__mc150-3,,BRIDGE3R,m15_bridge3r_fixed_v19,Boundary-camera-translation_m,7.989723628777913,8.696919272848547,-0.7071956440706337
aist__gHO_sBM_cAll_d21_mHO4_ch01__mc150-3,aist__gHO_sBM_cAll_d21_mHO4_ch01__mc150-3,,BRIDGE3R,m15_bridge3r_fixed_v19,Coverage,0.98,1.0,0.020000000000000018
aist__gHO_sBM_cAll_d21_mHO4_ch02__mc150-3,aist__gHO_sBM_cAll_d21_mHO4_ch02__mc150-3,,Human3R,m0_strict_human3r,PA-MPJPE_mm,50.815347642873775,47.40479407781125,3.4105535650625214
aist__gHO_sBM_cAll_d21_mHO4_ch02__mc150-3,aist__gHO_sBM_cAll_d21_mHO4_ch02__mc150-3,,Human3R,m0_strict_human3r,Anchor-MPJPE_mm,450.8218582331633,667.1708923399747,-216.34903410681136
aist__gHO_sBM_cAll_d21_mHO4_ch02__mc150-3,aist__gHO_sBM_cAll_d21_mHO4_ch02__mc150-3,,Human3R,m0_strict_human3r,Anchor-root_mm,401.97484715612745,658.6827616570375,-256.7079145009101
aist__gHO_sBM_cAll_d21_mHO4_ch02__mc150-3,aist__gHO_sBM_cAll_d21_mHO4_ch02__mc150-3,,Human3R,m0_strict_human3r,Orientation_deg,77.11063234436945,62.81953467988629,14.29109766448316
aist__gHO_sBM_cAll_d21_mHO4_ch02__mc150-3,aist__gHO_sBM_cAll_d21_mHO4_ch02__mc150-3,,Human3R,m0_strict_human3r,Seam-root_mm,345.14596136504645,1185.5400013633964,-840.39403999835
aist__gHO_sBM_cAll_d21_mHO4_ch02__mc150-3,aist__gHO_sBM_cAll_d21_mHO4_ch02__mc150-3,,Human3R,m0_strict_human3r,Seam-orientation_deg,32.74634224210152,51.08032454545702,-18.333982303355498
aist__gHO_sBM_cAll_d21_mHO4_ch02__mc150-3,aist__gHO_sBM_cAll_d21_mHO4_ch02__mc150-3,,Human3R,m0_strict_human3r,Camera-rotation_deg,112.32103918972716,87.82367310001803,24.497366089709132
aist__gHO_sBM_cAll_d21_mHO4_ch02__mc150-3,aist__gHO_sBM_cAll_d21_mHO4_ch02__mc150-3,,Human3R,m0_strict_human3r,Camera-translation_m,8.18773401672025,7.5354145629163725,0.6523194538038783
aist__gHO_sBM_cAll_d21_mHO4_ch02__mc150-3,aist__gHO_sBM_cAll_d21_mHO4_ch02__mc150-3,,Human3R,m0_strict_human3r,Boundary-camera-rotation_deg,90.14064007450922,51.54353264736942,38.597107427139804
aist__gHO_sBM_cAll_d21_mHO4_ch02__mc150-3,aist__gHO_sBM_cAll_d21_mHO4_ch02__mc150-3,,Human3R,m0_strict_human3r,Boundary-camera-translation_m,6.325031319810788,4.962037533248732,1.3629937865620558
aist__gHO_sBM_cAll_d21_mHO4_ch02__mc150-3,aist__gHO_sBM_cAll_d21_mHO4_ch02__mc150-3,,Human3R,m0_strict_human3r,Coverage,0.98,1.0,0.020000000000000018
aist__gHO_sBM_cAll_d21_mHO4_ch02__mc150-3,aist__gHO_sBM_cAll_d21_mHO4_ch02__mc150-3,,BRIDGE3R,m15_bridge3r_fixed_v19,PA-MPJPE_mm,50.815347642873775,46.69320808983813,4.122139553035645
aist__gHO_sBM_cAll_d21_mHO4_ch02__mc150-3,aist__gHO_sBM_cAll_d21_mHO4_ch02__mc150-3,,BRIDGE3R,m15_bridge3r_fixed_v19,Anchor-MPJPE_mm,450.8218582331633,636.3923817500264,-185.5705235168631
aist__gHO_sBM_cAll_d21_mHO4_ch02__mc150-3,aist__gHO_sBM_cAll_d21_mHO4_ch02__mc150-3,,BRIDGE3R,m15_bridge3r_fixed_v19,Anchor-root_mm,401.97484715612745,607.2527402469149,-205.27789309078742
aist__gHO_sBM_cAll_d21_mHO4_ch02__mc150-3,aist__gHO_sBM_cAll_d21_mHO4_ch02__mc150-3,,BRIDGE3R,m15_bridge3r_fixed_v19,Orientation_deg,77.11063234436945,46.784843625349296,30.325788719020153
aist__gHO_sBM_cAll_d21_mHO4_ch02__mc150-3,aist__gHO_sBM_cAll_d21_mHO4_ch02__mc150-3,,BRIDGE3R,m15_bridge3r_fixed_v19,Seam-root_mm,345.14596136504645,795.2900632472777,-450.1441018822312
aist__gHO_sBM_cAll_d21_mHO4_ch02__mc150-3,aist__gHO_sBM_cAll_d21_mHO4_ch02__mc150-3,,BRIDGE3R,m15_bridge3r_fixed_v19,Seam-orientation_deg,32.74634224210152,59.356523647131965,-26.610181405030445
aist__gHO_sBM_cAll_d21_mHO4_ch02__mc150-3,aist__gHO_sBM_cAll_d21_mHO4_ch02__mc150-3,,BRIDGE3R,m15_bridge3r_fixed_v19,Camera-rotation_deg,112.32103918972716,64.925481027478,47.39555816224916
aist__gHO_sBM_cAll_d21_mHO4_ch02__mc150-3,aist__gHO_sBM_cAll_d21_mHO4_ch02__mc150-3,,BRIDGE3R,m15_bridge3r_fixed_v19,Camera-translation_m,8.18773401672025,6.7603273891544475,1.4274066275658033
aist__gHO_sBM_cAll_d21_mHO4_ch02__mc150-3,aist__gHO_sBM_cAll_d21_mHO4_ch02__mc150-3,,BRIDGE3R,m15_bridge3r_fixed_v19,Boundary-camera-rotation_deg,90.14064007450922,65.0704535336749,25.070186540834328
aist__gHO_sBM_cAll_d21_mHO4_ch02__mc150-3,aist__gHO_sBM_cAll_d21_mHO4_ch02__mc150-3,,BRIDGE3R,m15_bridge3r_fixed_v19,Boundary-camera-translation_m,6.325031319810788,6.212083505541866,0.11294781426892175
aist__gHO_sBM_cAll_d21_mHO4_ch02__mc150-3,aist__gHO_sBM_cAll_d21_mHO4_ch02__mc150-3,,BRIDGE3R,m15_bridge3r_fixed_v19,Coverage,0.98,1.0,0.020000000000000018
aist__gHO_sBM_cAll_d21_mHO5_ch01__mc150-3,aist__gHO_sBM_cAll_d21_mHO5_ch01__mc150-3,,Human3R,m0_strict_human3r,PA-MPJPE_mm,57.235701334158676,57.16008911056997,0.07561222358870623
aist__gHO_sBM_cAll_d21_mHO5_ch01__mc150-3,aist__gHO_sBM_cAll_d21_mHO5_ch01__mc150-3,,Human3R,m0_strict_human3r,Anchor-MPJPE_mm,533.0870767258976,447.4812797169632,85.60579700893447
aist__gHO_sBM_cAll_d21_mHO5_ch01__mc150-3,aist__gHO_sBM_cAll_d21_mHO5_ch01__mc150-3,,Human3R,m0_strict_human3r,Anchor-root_mm,497.38128150290606,453.0910959916008,44.29018551130525
aist__gHO_sBM_cAll_d21_mHO5_ch01__mc150-3,aist__gHO_sBM_cAll_d21_mHO5_ch01__mc150-3,,Human3R,m0_strict_human3r,Orientation_deg,76.94679188372616,37.655746393188714,39.29104549053745
aist__gHO_sBM_cAll_d21_mHO5_ch01__mc150-3,aist__gHO_sBM_cAll_d21_mHO5_ch01__mc150-3,,Human3R,m0_strict_human3r,Seam-root_mm,558.7993577572958,907.9029374992242,-349.10357974192846
aist__gHO_sBM_cAll_d21_mHO5_ch01__mc150-3,aist__gHO_sBM_cAll_d21_mHO5_ch01__mc150-3,,Human3R,m0_strict_human3r,Seam-orientation_deg,24.947861994453746,87.79991654482097,-62.85205455036723
aist__gHO_sBM_cAll_d21_mHO5_ch01__mc150-3,aist__gHO_sBM_cAll_d21_mHO5_ch01__mc150-3,,Human3R,m0_strict_human3r,Camera-rotation_deg,112.54534050913603,52.70482399221667,59.84051651691936
aist__gHO_sBM_cAll_d21_mHO5_ch01__mc150-3,aist__gHO_sBM_cAll_d21_mHO5_ch01__mc150-3,,Human3R,m0_strict_human3r,Camera-translation_m,8.665887750256298,5.287012088375694,3.3788756618806035
aist__gHO_sBM_cAll_d21_mHO5_ch01__mc150-3,aist__gHO_sBM_cAll_d21_mHO5_ch01__mc150-3,,Human3R,m0_strict_human3r,Boundary-camera-rotation_deg,90.13939138643227,81.29975977288422,8.83963161354805
aist__gHO_sBM_cAll_d21_mHO5_ch01__mc150-3,aist__gHO_sBM_cAll_d21_mHO5_ch01__mc150-3,,Human3R,m0_strict_human3r,Boundary-camera-translation_m,6.303960683110519,6.441867541839608,-0.1379068587290888
aist__gHO_sBM_cAll_d21_mHO5_ch01__mc150-3,aist__gHO_sBM_cAll_d21_mHO5_ch01__mc150-3,,Human3R,m0_strict_human3r,Coverage,0.96,1.0,0.040000000000000036
aist__gHO_sBM_cAll_d21_mHO5_ch01__mc150-3,aist__gHO_sBM_cAll_d21_mHO5_ch01__mc150-3,,BRIDGE3R,m15_bridge3r_fixed_v19,PA-MPJPE_mm,57.235701334158676,56.38770120198082,0.8480001321778587
aist__gHO_sBM_cAll_d21_mHO5_ch01__mc150-3,aist__gHO_sBM_cAll_d21_mHO5_ch01__mc150-3,,BRIDGE3R,m15_bridge3r_fixed_v19,Anchor-MPJPE_mm,533.0870767258976,731.920867942963,-198.83379121706537
aist__gHO_sBM_cAll_d21_mHO5_ch01__mc150-3,aist__gHO_sBM_cAll_d21_mHO5_ch01__mc150-3,,BRIDGE3R,m15_bridge3r_fixed_v19,Anchor-root_mm,497.38128150290606,720.2852230946279,-222.90394159172183
aist__gHO_sBM_cAll_d21_mHO5_ch01__mc150-3,aist__gHO_sBM_cAll_d21_mHO5_ch01__mc150-3,,BRIDGE3R,m15_bridge3r_fixed_v19,Orientation_deg,76.94679188372616,40.30737617296735,36.63941571075881
aist__gHO_sBM_cAll_d21_mHO5_ch01__mc150-3,aist__gHO_sBM_cAll_d21_mHO5_ch01__mc150-3,,BRIDGE3R,m15_bridge3r_fixed_v19,Seam-root_mm,558.7993577572958,829.4046440018503,-270.6052862445546
aist__gHO_sBM_cAll_d21_mHO5_ch01__mc150-3,aist__gHO_sBM_cAll_d21_mHO5_ch01__mc150-3,,BRIDGE3R,m15_bridge3r_fixed_v19,Seam-orientation_deg,24.947861994453746,90.56098417549069,-65.61312218103694
aist__gHO_sBM_cAll_d21_mHO5_ch01__mc150-3,aist__gHO_sBM_cAll_d21_mHO5_ch01__mc150-3,,BRIDGE3R,m15_bridge3r_fixed_v19,Camera-rotation_deg,112.54534050913603,57.13878700530553,55.406553503830494
aist__gHO_sBM_cAll_d21_mHO5_ch01__mc150-3,aist__gHO_sBM_cAll_d21_mHO5_ch01__mc150-3,,BRIDGE3R,m15_bridge3r_fixed_v19,Camera-translation_m,8.665887750256298,6.18010248383965,2.4857852664166478
aist__gHO_sBM_cAll_d21_mHO5_ch01__mc150-3,aist__gHO_sBM_cAll_d21_mHO5_ch01__mc150-3,,BRIDGE3R,m15_bridge3r_fixed_v19,Boundary-camera-rotation_deg,90.13939138643227,84.35445194164839,5.784939444783873
aist__gHO_sBM_cAll_d21_mHO5_ch01__mc150-3,aist__gHO_sBM_cAll_d21_mHO5_ch01__mc150-3,,BRIDGE3R,m15_bridge3r_fixed_v19,Boundary-camera-translation_m,6.303960683110519,7.243980014788519,-0.9400193316780001
aist__gHO_sBM_cAll_d21_mHO5_ch01__mc150-3,aist__gHO_sBM_cAll_d21_mHO5_ch01__mc150-3,,BRIDGE3R,m15_bridge3r_fixed_v19,Coverage,0.96,1.0,0.040000000000000036
aist__gHO_sBM_cAll_d21_mHO5_ch02__mc150-3,aist__gHO_sBM_cAll_d21_mHO5_ch02__mc150-3,,Human3R,m0_strict_human3r,PA-MPJPE_mm,57.59742663612355,52.638970566588405,4.958456069535146
aist__gHO_sBM_cAll_d21_mHO5_ch02__mc150-3,aist__gHO_sBM_cAll_d21_mHO5_ch02__mc150-3,,Human3R,m0_strict_human3r,Anchor-MPJPE_mm,772.196077127349,531.7015320851337,240.49454504221524
aist__gHO_sBM_cAll_d21_mHO5_ch02__mc150-3,aist__gHO_sBM_cAll_d21_mHO5_ch02__mc150-3,,Human3R,m0_strict_human3r,Anchor-root_mm,760.423738260566,529.7210338445414,230.70270441602463
aist__gHO_sBM_cAll_d21_mHO5_ch02__mc150-3,aist__gHO_sBM_cAll_d21_mHO5_ch02__mc150-3,,Human3R,m0_strict_human3r,Orientation_deg,49.49282497603706,35.3837821501224,14.109042825914663
aist__gHO_sBM_cAll_d21_mHO5_ch02__mc150-3,aist__gHO_sBM_cAll_d21_mHO5_ch02__mc150-3,,Human3R,m0_strict_human3r,Seam-root_mm,505.17045279556515,759.3824352407563,-254.21198244519115
aist__gHO_sBM_cAll_d21_mHO5_ch02__mc150-3,aist__gHO_sBM_cAll_d21_mHO5_ch02__mc150-3,,Human3R,m0_strict_human3r,Seam-orientation_deg,39.979353263831634,89.78300304277289,-49.803649778941256
aist__gHO_sBM_cAll_d21_mHO5_ch02__mc150-3,aist__gHO_sBM_cAll_d21_mHO5_ch02__mc150-3,,Human3R,m0_strict_human3r,Camera-rotation_deg,71.04560836479165,48.47388540134739,22.57172296344426
aist__gHO_sBM_cAll_d21_mHO5_ch02__mc150-3,aist__gHO_sBM_cAll_d21_mHO5_ch02__mc150-3,,Human3R,m0_strict_human3r,Camera-translation_m,5.47452677721712,4.500903379771602,0.9736233974455182
aist__gHO_sBM_cAll_d21_mHO5_ch02__mc150-3,aist__gHO_sBM_cAll_d21_mHO5_ch02__mc150-3,,Human3R,m0_strict_human3r,Boundary-camera-rotation_deg,112.31318293739895,91.75483738331994,20.55834555407901
aist__gHO_sBM_cAll_d21_mHO5_ch02__mc150-3,aist__gHO_sBM_cAll_d21_mHO5_ch02__mc150-3,,Human3R,m0_strict_human3r,Boundary-camera-translation_m,8.018741719805039,7.653048746227807,0.3656929735772323
aist__gHO_sBM_cAll_d21_mHO5_ch02__mc150-3,aist__gHO_sBM_cAll_d21_mHO5_ch02__mc150-3,,Human3R,m0_strict_human3r,Coverage,0.96,1.0,0.040000000000000036
aist__gHO_sBM_cAll_d21_mHO5_ch02__mc150-3,aist__gHO_sBM_cAll_d21_mHO5_ch02__mc150-3,,BRIDGE3R,m15_bridge3r_fixed_v19,PA-MPJPE_mm,57.59742663612355,52.112251559270334,5.485175076853217
aist__gHO_sBM_cAll_d21_mHO5_ch02__mc150-3,aist__gHO_sBM_cAll_d21_mHO5_ch02__mc150-3,,BRIDGE3R,m15_bridge3r_fixed_v19,Anchor-MPJPE_mm,772.196077127349,557.0024801998704,215.19359692747855
aist__gHO_sBM_cAll_d21_mHO5_ch02__mc150-3,aist__gHO_sBM_cAll_d21_mHO5_ch02__mc150-3,,BRIDGE3R,m15_bridge3r_fixed_v19,Anchor-root_mm,760.423738260566,523.2444825420486,237.17925571851742
aist__gHO_sBM_cAll_d21_mHO5_ch02__mc150-3,aist__gHO_sBM_cAll_d21_mHO5_ch02__mc150-3,,BRIDGE3R,m15_bridge3r_fixed_v19,Orientation_deg,49.49282497603706,40.55874272094791,8.934082255089152
aist__gHO_sBM_cAll_d21_mHO5_ch02__mc150-3,aist__gHO_sBM_cAll_d21_mHO5_ch02__mc150-3,,BRIDGE3R,m15_bridge3r_fixed_v19,Seam-root_mm,505.17045279556515,907.8230935287274,-402.6526407331623
aist__gHO_sBM_cAll_d21_mHO5_ch02__mc150-3,aist__gHO_sBM_cAll_d21_mHO5_ch02__mc150-3,,BRIDGE3R,m15_bridge3r_fixed_v19,Seam-orientation_deg,39.979353263831634,101.82753559997658,-61.84818233614495
aist__gHO_sBM_cAll_d21_mHO5_ch02__mc150-3,aist__gHO_sBM_cAll_d21_mHO5_ch02__mc150-3,,BRIDGE3R,m15_bridge3r_fixed_v19,Camera-rotation_deg,71.04560836479165,60.05309751949608,10.99251084529557
aist__gHO_sBM_cAll_d21_mHO5_ch02__mc150-3,aist__gHO_sBM_cAll_d21_mHO5_ch02__mc150-3,,BRIDGE3R,m15_bridge3r_fixed_v19,Camera-translation_m,5.47452677721712,4.662834368169581,0.8116924090475388
aist__gHO_sBM_cAll_d21_mHO5_ch02__mc150-3,aist__gHO_sBM_cAll_d21_mHO5_ch02__mc150-3,,BRIDGE3R,m15_bridge3r_fixed_v19,Boundary-camera-rotation_deg,112.31318293739895,104.08180283663793,8.231380100761015
aist__gHO_sBM_cAll_d21_mHO5_ch02__mc150-3,aist__gHO_sBM_cAll_d21_mHO5_ch02__mc150-3,,BRIDGE3R,m15_bridge3r_fixed_v19,Boundary-camera-translation_m,8.018741719805039,8.3628329008882,-0.3440911810831615
aist__gHO_sBM_cAll_d21_mHO5_ch02__mc150-3,aist__gHO_sBM_cAll_d21_mHO5_ch02__mc150-3,,BRIDGE3R,m15_bridge3r_fixed_v19,Coverage,0.96,1.0,0.040000000000000036
aist__gHO_sBM_cAll_d21_mHO5_ch03__mc150-3,aist__gHO_sBM_cAll_d21_mHO5_ch03__mc150-3,,Human3R,m0_strict_human3r,PA-MPJPE_mm,65.18923598321695,63.62196344794924,1.5672725352677048
aist__gHO_sBM_cAll_d21_mHO5_ch03__mc150-3,aist__gHO_sBM_cAll_d21_mHO5_ch03__mc150-3,,Human3R,m0_strict_human3r,Anchor-MPJPE_mm,2689.088375957132,752.6017875838857,1936.4865883732464
aist__gHO_sBM_cAll_d21_mHO5_ch03__mc150-3,aist__gHO_sBM_cAll_d21_mHO5_ch03__mc150-3,,Human3R,m0_strict_human3r,Anchor-root_mm,2613.7001641029183,738.4861551380993,1875.214008964819
aist__gHO_sBM_cAll_d21_mHO5_ch03__mc150-3,aist__gHO_sBM_cAll_d21_mHO5_ch03__mc150-3,,Human3R,m0_strict_human3r,Orientation_deg,60.72908431412465,56.1914175644418,4.537666749682849
aist__gHO_sBM_cAll_d21_mHO5_ch03__mc150-3,aist__gHO_sBM_cAll_d21_mHO5_ch03__mc150-3,,Human3R,m0_strict_human3r,Seam-root_mm,292.9306671184007,156.69493576081496,136.23573135758576
aist__gHO_sBM_cAll_d21_mHO5_ch03__mc150-3,aist__gHO_sBM_cAll_d21_mHO5_ch03__mc150-3,,Human3R,m0_strict_human3r,Seam-orientation_deg,14.070180631744083,42.312144641436305,-28.24196400969222
aist__gHO_sBM_cAll_d21_mHO5_ch03__mc150-3,aist__gHO_sBM_cAll_d21_mHO5_ch03__mc150-3,,Human3R,m0_strict_human3r,Camera-rotation_deg,84.58963831607186,88.44827001086114,-3.858631694789281
aist__gHO_sBM_cAll_d21_mHO5_ch03__mc150-3,aist__gHO_sBM_cAll_d21_mHO5_ch03__mc150-3,,Human3R,m0_strict_human3r,Camera-translation_m,11.18884814303813,6.839754653464511,4.34909348957362
aist__gHO_sBM_cAll_d21_mHO5_ch03__mc150-3,aist__gHO_sBM_cAll_d21_mHO5_ch03__mc150-3,,Human3R,m0_strict_human3r,Boundary-camera-rotation_deg,63.081436036031505,45.9691001294246,17.1123359066069
aist__gHO_sBM_cAll_d21_mHO5_ch03__mc150-3,aist__gHO_sBM_cAll_d21_mHO5_ch03__mc150-3,,Human3R,m0_strict_human3r,Boundary-camera-translation_m,5.03653460069441,3.849335345012799,1.187199255681611
aist__gHO_sBM_cAll_d21_mHO5_ch03__mc150-3,aist__gHO_sBM_cAll_d21_mHO5_ch03__mc150-3,,Human3R,m0_strict_human3r,Coverage,0.98,1.0,0.020000000000000018
aist__gHO_sBM_cAll_d21_mHO5_ch03__mc150-3,aist__gHO_sBM_cAll_d21_mHO5_ch03__mc150-3,,BRIDGE3R,m15_bridge3r_fixed_v19,PA-MPJPE_mm,65.18923598321695,63.42430383577378,1.7649321474431687
aist__gHO_sBM_cAll_d21_mHO5_ch03__mc150-3,aist__gHO_sBM_cAll_d21_mHO5_ch03__mc150-3,,BRIDGE3R,m15_bridge3r_fixed_v19,Anchor-MPJPE_mm,2689.088375957132,705.6868230670684,1983.4015528900636
aist__gHO_sBM_cAll_d21_mHO5_ch03__mc150-3,aist__gHO_sBM_cAll_d21_mHO5_ch03__mc150-3,,BRIDGE3R,m15_bridge3r_fixed_v19,Anchor-root_mm,2613.7001641029183,659.9527757756302,1953.747388327288
aist__gHO_sBM_cAll_d21_mHO5_ch03__mc150-3,aist__gHO_sBM_cAll_d21_mHO5_ch03__mc150-3,,BRIDGE3R,m15_bridge3r_fixed_v19,Orientation_deg,60.72908431412465,38.00954184877822,22.71954246534643
aist__gHO_sBM_cAll_d21_mHO5_ch03__mc150-3,aist__gHO_sBM_cAll_d21_mHO5_ch03__mc150-3,,BRIDGE3R,m15_bridge3r_fixed_v19,Seam-root_mm,292.9306671184007,1065.4267125199055,-772.4960454015048
aist__gHO_sBM_cAll_d21_mHO5_ch03__mc150-3,aist__gHO_sBM_cAll_d21_mHO5_ch03__mc150-3,,BRIDGE3R,m15_bridge3r_fixed_v19,Seam-orientation_deg,14.070180631744083,45.07268738149715,-31.002506749753064
aist__gHO_sBM_cAll_d21_mHO5_ch03__mc150-3,aist__gHO_sBM_cAll_d21_mHO5_ch03__mc150-3,,BRIDGE3R,m15_bridge3r_fixed_v19,Camera-rotation_deg,84.58963831607186,41.78329074287797,42.80634757319388
aist__gHO_sBM_cAll_d21_mHO5_ch03__mc150-3,aist__gHO_sBM_cAll_d21_mHO5_ch03__mc150-3,,BRIDGE3R,m15_bridge3r_fixed_v19,Camera-translation_m,11.18884814303813,3.135378613908242,8.053469529129888
aist__gHO_sBM_cAll_d21_mHO5_ch03__mc150-3,aist__gHO_sBM_cAll_d21_mHO5_ch03__mc150-3,,BRIDGE3R,m15_bridge3r_fixed_v19,Boundary-camera-rotation_deg,63.081436036031505,41.34819401150393,21.733242024527577
aist__gHO_sBM_cAll_d21_mHO5_ch03__mc150-3,aist__gHO_sBM_cAll_d21_mHO5_ch03__mc150-3,,BRIDGE3R,m15_bridge3r_fixed_v19,Boundary-camera-translation_m,5.03653460069441,4.255577847952162,0.7809567527422479
aist__gHO_sBM_cAll_d21_mHO5_ch03__mc150-3,aist__gHO_sBM_cAll_d21_mHO5_ch03__mc150-3,,BRIDGE3R,m15_bridge3r_fixed_v19,Coverage,0.98,1.0,0.020000000000000018
aist__gHO_sBM_cAll_d21_mHO5_ch04__mc150-3,aist__gHO_sBM_cAll_d21_mHO5_ch04__mc150-3,,Human3R,m0_strict_human3r,PA-MPJPE_mm,60.12228248203518,57.48572177400279,2.636560708032391
aist__gHO_sBM_cAll_d21_mHO5_ch04__mc150-3,aist__gHO_sBM_cAll_d21_mHO5_ch04__mc150-3,,Human3R,m0_strict_human3r,Anchor-MPJPE_mm,793.7516854964109,349.41825833308354,444.33342716332737
aist__gHO_sBM_cAll_d21_mHO5_ch04__mc150-3,aist__gHO_sBM_cAll_d21_mHO5_ch04__mc150-3,,Human3R,m0_strict_human3r,Anchor-root_mm,738.5818449323409,292.53918053135294,446.042664400988
aist__gHO_sBM_cAll_d21_mHO5_ch04__mc150-3,aist__gHO_sBM_cAll_d21_mHO5_ch04__mc150-3,,Human3R,m0_strict_human3r,Orientation_deg,61.59244395304932,59.01954459543713,2.5728993576121866
aist__gHO_sBM_cAll_d21_mHO5_ch04__mc150-3,aist__gHO_sBM_cAll_d21_mHO5_ch04__mc150-3,,Human3R,m0_strict_human3r,Seam-root_mm,553.5243375855302,243.08452886520632,310.4398087203239
aist__gHO_sBM_cAll_d21_mHO5_ch04__mc150-3,aist__gHO_sBM_cAll_d21_mHO5_ch04__mc150-3,,Human3R,m0_strict_human3r,Seam-orientation_deg,27.514579166161912,45.754721838404706,-18.240142672242794
aist__gHO_sBM_cAll_d21_mHO5_ch04__mc150-3,aist__gHO_sBM_cAll_d21_mHO5_ch04__mc150-3,,Human3R,m0_strict_human3r,Camera-rotation_deg,84.64293017714927,87.13520092118841,-2.4922707440391463
aist__gHO_sBM_cAll_d21_mHO5_ch04__mc150-3,aist__gHO_sBM_cAll_d21_mHO5_ch04__mc150-3,,Human3R,m0_strict_human3r,Camera-translation_m,7.54475476284303,6.607274509291424,0.9374802535516062
aist__gHO_sBM_cAll_d21_mHO5_ch04__mc150-3,aist__gHO_sBM_cAll_d21_mHO5_ch04__mc150-3,,Human3R,m0_strict_human3r,Boundary-camera-rotation_deg,63.04925242984561,45.415624579262946,17.633627850582663
aist__gHO_sBM_cAll_d21_mHO5_ch04__mc150-3,aist__gHO_sBM_cAll_d21_mHO5_ch04__mc150-3,,Human3R,m0_strict_human3r,Boundary-camera-translation_m,5.071580438223401,3.897363784154277,1.1742166540691237
aist__gHO_sBM_cAll_d21_mHO5_ch04__mc150-3,aist__gHO_sBM_cAll_d21_mHO5_ch04__mc150-3,,Human3R,m0_strict_human3r,Coverage,0.98,1.0,0.020000000000000018
aist__gHO_sBM_cAll_d21_mHO5_ch04__mc150-3,aist__gHO_sBM_cAll_d21_mHO5_ch04__mc150-3,,BRIDGE3R,m15_bridge3r_fixed_v19,PA-MPJPE_mm,60.12228248203518,57.28155233335241,2.8407301486827734
aist__gHO_sBM_cAll_d21_mHO5_ch04__mc150-3,aist__gHO_sBM_cAll_d21_mHO5_ch04__mc150-3,,BRIDGE3R,m15_bridge3r_fixed_v19,Anchor-MPJPE_mm,793.7516854964109,735.972326025371,57.779359471039925
aist__gHO_sBM_cAll_d21_mHO5_ch04__mc150-3,aist__gHO_sBM_cAll_d21_mHO5_ch04__mc150-3,,BRIDGE3R,m15_bridge3r_fixed_v19,Anchor-root_mm,738.5818449323409,734.9962729913913,3.5855719409496487
aist__gHO_sBM_cAll_d21_mHO5_ch04__mc150-3,aist__gHO_sBM_cAll_d21_mHO5_ch04__mc150-3,,BRIDGE3R,m15_bridge3r_fixed_v19,Orientation_deg,61.59244395304932,31.19801389909131,30.394430053958008
aist__gHO_sBM_cAll_d21_mHO5_ch04__mc150-3,aist__gHO_sBM_cAll_d21_mHO5_ch04__mc150-3,,BRIDGE3R,m15_bridge3r_fixed_v19,Seam-root_mm,553.5243375855302,855.1214850781505,-301.59714749262025
aist__gHO_sBM_cAll_d21_mHO5_ch04__mc150-3,aist__gHO_sBM_cAll_d21_mHO5_ch04__mc150-3,,BRIDGE3R,m15_bridge3r_fixed_v19,Seam-orientation_deg,27.514579166161912,49.58175599037941,-22.0671768242175
aist__gHO_sBM_cAll_d21_mHO5_ch04__mc150-3,aist__gHO_sBM_cAll_d21_mHO5_ch04__mc150-3,,BRIDGE3R,m15_bridge3r_fixed_v19,Camera-rotation_deg,84.64293017714927,46.85769188433891,37.785238292810355
aist__gHO_sBM_cAll_d21_mHO5_ch04__mc150-3,aist__gHO_sBM_cAll_d21_mHO5_ch04__mc150-3,,BRIDGE3R,m15_bridge3r_fixed_v19,Camera-translation_m,7.54475476284303,3.3338069621323005,4.210947800710729
aist__gHO_sBM_cAll_d21_mHO5_ch04__mc150-3,aist__gHO_sBM_cAll_d21_mHO5_ch04__mc150-3,,BRIDGE3R,m15_bridge3r_fixed_v19,Boundary-camera-rotation_deg,63.04925242984561,49.73716940989306,13.312083019952546
aist__gHO_sBM_cAll_d21_mHO5_ch04__mc150-3,aist__gHO_sBM_cAll_d21_mHO5_ch04__mc150-3,,BRIDGE3R,m15_bridge3r_fixed_v19,Boundary-camera-translation_m,5.071580438223401,3.6441051327436185,1.4274753054797822
aist__gHO_sBM_cAll_d21_mHO5_ch04__mc150-3,aist__gHO_sBM_cAll_d21_mHO5_ch04__mc150-3,,BRIDGE3R,m15_bridge3r_fixed_v19,Coverage,0.98,1.0,0.020000000000000018
aist__gHO_sBM_cAll_d21_mHO5_ch05__mc150-3,aist__gHO_sBM_cAll_d21_mHO5_ch05__mc150-3,,Human3R,m0_strict_human3r,PA-MPJPE_mm,44.298607634475786,42.182754823402306,2.1158528110734807
aist__gHO_sBM_cAll_d21_mHO5_ch05__mc150-3,aist__gHO_sBM_cAll_d21_mHO5_ch05__mc150-3,,Human3R,m0_strict_human3r,Anchor-MPJPE_mm,653.820062150014,475.78582912423104,178.03423302578295
aist__gHO_sBM_cAll_d21_mHO5_ch05__mc150-3,aist__gHO_sBM_cAll_d21_mHO5_ch05__mc150-3,,Human3R,m0_strict_human3r,Anchor-root_mm,660.6083889076817,476.8891656704729,183.71922323720884
aist__gHO_sBM_cAll_d21_mHO5_ch05__mc150-3,aist__gHO_sBM_cAll_d21_mHO5_ch05__mc150-3,,Human3R,m0_strict_human3r,Orientation_deg,74.33510802083117,36.35880505437128,37.97630296645989
aist__gHO_sBM_cAll_d21_mHO5_ch05__mc150-3,aist__gHO_sBM_cAll_d21_mHO5_ch05__mc150-3,,Human3R,m0_strict_human3r,Seam-root_mm,668.5481031517327,976.7405006865592,-308.19239753482657
aist__gHO_sBM_cAll_d21_mHO5_ch05__mc150-3,aist__gHO_sBM_cAll_d21_mHO5_ch05__mc150-3,,Human3R,m0_strict_human3r,Seam-orientation_deg,20.310121075472765,65.28588228116311,-44.97576120569035
aist__gHO_sBM_cAll_d21_mHO5_ch05__mc150-3,aist__gHO_sBM_cAll_d21_mHO5_ch05__mc150-3,,Human3R,m0_strict_human3r,Camera-rotation_deg,112.37217478417757,51.11943136940644,61.25274341477113
aist__gHO_sBM_cAll_d21_mHO5_ch05__mc150-3,aist__gHO_sBM_cAll_d21_mHO5_ch05__mc150-3,,Human3R,m0_strict_human3r,Camera-translation_m,8.022865849856057,5.008468540750942,3.0143973091051146
aist__gHO_sBM_cAll_d21_mHO5_ch05__mc150-3,aist__gHO_sBM_cAll_d21_mHO5_ch05__mc150-3,,Human3R,m0_strict_human3r,Boundary-camera-rotation_deg,90.14380692857488,76.62559289434381,13.518214034231065
aist__gHO_sBM_cAll_d21_mHO5_ch05__mc150-3,aist__gHO_sBM_cAll_d21_mHO5_ch05__mc150-3,,Human3R,m0_strict_human3r,Boundary-camera-translation_m,6.324701518764986,6.11817112875408,0.20653039001090612
aist__gHO_sBM_cAll_d21_mHO5_ch05__mc150-3,aist__gHO_sBM_cAll_d21_mHO5_ch05__mc150-3,,Human3R,m0_strict_human3r,Coverage,0.9666666666666667,1.0,0.033333333333333326
aist__gHO_sBM_cAll_d21_mHO5_ch05__mc150-3,aist__gHO_sBM_cAll_d21_mHO5_ch05__mc150-3,,BRIDGE3R,m15_bridge3r_fixed_v19,PA-MPJPE_mm,44.298607634475786,41.69123919619526,2.607368438280524
aist__gHO_sBM_cAll_d21_mHO5_ch05__mc150-3,aist__gHO_sBM_cAll_d21_mHO5_ch05__mc150-3,,BRIDGE3R,m15_bridge3r_fixed_v19,Anchor-MPJPE_mm,653.820062150014,728.0086733042197,-74.18861115420566
aist__gHO_sBM_cAll_d21_mHO5_ch05__mc150-3,aist__gHO_sBM_cAll_d21_mHO5_ch05__mc150-3,,BRIDGE3R,m15_bridge3r_fixed_v19,Anchor-root_mm,660.6083889076817,717.2619104168479,-56.653521509166126
aist__gHO_sBM_cAll_d21_mHO5_ch05__mc150-3,aist__gHO_sBM_cAll_d21_mHO5_ch05__mc150-3,,BRIDGE3R,m15_bridge3r_fixed_v19,Orientation_deg,74.33510802083117,39.79261459212588,34.54249342870529
aist__gHO_sBM_cAll_d21_mHO5_ch05__mc150-3,aist__gHO_sBM_cAll_d21_mHO5_ch05__mc150-3,,BRIDGE3R,m15_bridge3r_fixed_v19,Seam-root_mm,668.5481031517327,594.8803548523997,73.66774829933297
aist__gHO_sBM_cAll_d21_mHO5_ch05__mc150-3,aist__gHO_sBM_cAll_d21_mHO5_ch05__mc150-3,,BRIDGE3R,m15_bridge3r_fixed_v19,Seam-orientation_deg,20.310121075472765,71.57135643454664,-51.26123535907388
aist__gHO_sBM_cAll_d21_mHO5_ch05__mc150-3,aist__gHO_sBM_cAll_d21_mHO5_ch05__mc150-3,,BRIDGE3R,m15_bridge3r_fixed_v19,Camera-rotation_deg,112.37217478417757,56.23793326274186,56.13424152143571
aist__gHO_sBM_cAll_d21_mHO5_ch05__mc150-3,aist__gHO_sBM_cAll_d21_mHO5_ch05__mc150-3,,BRIDGE3R,m15_bridge3r_fixed_v19,Camera-translation_m,8.022865849856057,5.895718099199196,2.127147750656861
aist__gHO_sBM_cAll_d21_mHO5_ch05__mc150-3,aist__gHO_sBM_cAll_d21_mHO5_ch05__mc150-3,,BRIDGE3R,m15_bridge3r_fixed_v19,Boundary-camera-rotation_deg,90.14380692857488,83.11990916855459,7.02389776002029
aist__gHO_sBM_cAll_d21_mHO5_ch05__mc150-3,aist__gHO_sBM_cAll_d21_mHO5_ch05__mc150-3,,BRIDGE3R,m15_bridge3r_fixed_v19,Boundary-camera-translation_m,6.324701518764986,7.21964117102624,-0.8949396522612538
aist__gHO_sBM_cAll_d21_mHO5_ch05__mc150-3,aist__gHO_sBM_cAll_d21_mHO5_ch05__mc150-3,,BRIDGE3R,m15_bridge3r_fixed_v19,Coverage,0.9666666666666667,1.0,0.033333333333333326
aist__gHO_sBM_cAll_d21_mHO5_ch06__mc150-3,aist__gHO_sBM_cAll_d21_mHO5_ch06__mc150-3,,Human3R,m0_strict_human3r,PA-MPJPE_mm,53.090660859302126,49.41584562338986,3.674815235912263
aist__gHO_sBM_cAll_d21_mHO5_ch06__mc150-3,aist__gHO_sBM_cAll_d21_mHO5_ch06__mc150-3,,Human3R,m0_strict_human3r,Anchor-MPJPE_mm,1235.862592414909,612.0400904293607,623.8225019855482
aist__gHO_sBM_cAll_d21_mHO5_ch06__mc150-3,aist__gHO_sBM_cAll_d21_mHO5_ch06__mc150-3,,Human3R,m0_strict_human3r,Anchor-root_mm,1223.259525538791,612.4384939943417,610.8210315444493
aist__gHO_sBM_cAll_d21_mHO5_ch06__mc150-3,aist__gHO_sBM_cAll_d21_mHO5_ch06__mc150-3,,Human3R,m0_strict_human3r,Orientation_deg,14.27231930681073,31.841204906196555,-17.568885599385826
aist__gHO_sBM_cAll_d21_mHO5_ch06__mc150-3,aist__gHO_sBM_cAll_d21_mHO5_ch06__mc150-3,,Human3R,m0_strict_human3r,Seam-root_mm,338.7906895825429,486.035118041757,-147.24442845921413
aist__gHO_sBM_cAll_d21_mHO5_ch06__mc150-3,aist__gHO_sBM_cAll_d21_mHO5_ch06__mc150-3,,Human3R,m0_strict_human3r,Seam-orientation_deg,21.44538147018241,35.881843132550046,-14.436461662367634
aist__gHO_sBM_cAll_d21_mHO5_ch06__mc150-3,aist__gHO_sBM_cAll_d21_mHO5_ch06__mc150-3,,Human3R,m0_strict_human3r,Camera-rotation_deg,11.9861814314741,45.893193199836695,-33.907011768362594
aist__gHO_sBM_cAll_d21_mHO5_ch06__mc150-3,aist__gHO_sBM_cAll_d21_mHO5_ch06__mc150-3,,Human3R,m0_strict_human3r,Camera-translation_m,2.6290167280141783,3.7365361392380554,-1.107519411223877
aist__gHO_sBM_cAll_d21_mHO5_ch06__mc150-3,aist__gHO_sBM_cAll_d21_mHO5_ch06__mc150-3,,Human3R,m0_strict_human3r,Boundary-camera-rotation_deg,62.74347299175878,46.13027263705645,16.61320035470233
aist__gHO_sBM_cAll_d21_mHO5_ch06__mc150-3,aist__gHO_sBM_cAll_d21_mHO5_ch06__mc150-3,,Human3R,m0_strict_human3r,Boundary-camera-translation_m,5.135991036410097,4.323704224679492,0.8122868117306048
aist__gHO_sBM_cAll_d21_mHO5_ch06__mc150-3,aist__gHO_sBM_cAll_d21_mHO5_ch06__mc150-3,,Human3R,m0_strict_human3r,Coverage,0.98,1.0,0.020000000000000018
aist__gHO_sBM_cAll_d21_mHO5_ch06__mc150-3,aist__gHO_sBM_cAll_d21_mHO5_ch06__mc150-3,,BRIDGE3R,m15_bridge3r_fixed_v19,PA-MPJPE_mm,53.090660859302126,48.597854485144126,4.492806374158
aist__gHO_sBM_cAll_d21_mHO5_ch06__mc150-3,aist__gHO_sBM_cAll_d21_mHO5_ch06__mc150-3,,BRIDGE3R,m15_bridge3r_fixed_v19,Anchor-MPJPE_mm,1235.862592414909,591.5838435609188,644.2787488539901
aist__gHO_sBM_cAll_d21_mHO5_ch06__mc150-3,aist__gHO_sBM_cAll_d21_mHO5_ch06__mc150-3,,BRIDGE3R,m15_bridge3r_fixed_v19,Anchor-root_mm,1223.259525538791,594.4541951828672,628.8053303559237
aist__gHO_sBM_cAll_d21_mHO5_ch06__mc150-3,aist__gHO_sBM_cAll_d21_mHO5_ch06__mc150-3,,BRIDGE3R,m15_bridge3r_fixed_v19,Orientation_deg,14.27231930681073,72.42218550237953,-58.149866195568805
aist__gHO_sBM_cAll_d21_mHO5_ch06__mc150-3,aist__gHO_sBM_cAll_d21_mHO5_ch06__mc150-3,,BRIDGE3R,m15_bridge3r_fixed_v19,Seam-root_mm,338.7906895825429,1014.4628627729846,-675.6721731904418
aist__gHO_sBM_cAll_d21_mHO5_ch06__mc150-3,aist__gHO_sBM_cAll_d21_mHO5_ch06__mc150-3,,BRIDGE3R,m15_bridge3r_fixed_v19,Seam-orientation_deg,21.44538147018241,107.78073256262971,-86.3353510924473
aist__gHO_sBM_cAll_d21_mHO5_ch06__mc150-3,aist__gHO_sBM_cAll_d21_mHO5_ch06__mc150-3,,BRIDGE3R,m15_bridge3r_fixed_v19,Camera-rotation_deg,11.9861814314741,107.79852415804078,-95.81234272656668
aist__gHO_sBM_cAll_d21_mHO5_ch06__mc150-3,aist__gHO_sBM_cAll_d21_mHO5_ch06__mc150-3,,BRIDGE3R,m15_bridge3r_fixed_v19,Camera-translation_m,2.6290167280141783,5.976299485042876,-3.347282757028698
aist__gHO_sBM_cAll_d21_mHO5_ch06__mc150-3,aist__gHO_sBM_cAll_d21_mHO5_ch06__mc150-3,,BRIDGE3R,m15_bridge3r_fixed_v19,Boundary-camera-rotation_deg,62.74347299175878,93.86500915338016,-31.12153616162138
aist__gHO_sBM_cAll_d21_mHO5_ch06__mc150-3,aist__gHO_sBM_cAll_d21_mHO5_ch06__mc150-3,,BRIDGE3R,m15_bridge3r_fixed_v19,Boundary-camera-translation_m,5.135991036410097,5.751353092475744,-0.6153620560656474
aist__gHO_sBM_cAll_d21_mHO5_ch06__mc150-3,aist__gHO_sBM_cAll_d21_mHO5_ch06__mc150-3,,BRIDGE3R,m15_bridge3r_fixed_v19,Coverage,0.98,1.0,0.020000000000000018
aist__gHO_sBM_cAll_d21_mHO5_ch10__mc150-3,aist__gHO_sBM_cAll_d21_mHO5_ch10__mc150-3,,Human3R,m0_strict_human3r,PA-MPJPE_mm,62.43666302882867,54.75927023813012,7.677392790698548
aist__gHO_sBM_cAll_d21_mHO5_ch10__mc150-3,aist__gHO_sBM_cAll_d21_mHO5_ch10__mc150-3,,Human3R,m0_strict_human3r,Anchor-MPJPE_mm,339.29870008899945,373.5181038986538,-34.21940380965435
aist__gHO_sBM_cAll_d21_mHO5_ch10__mc150-3,aist__gHO_sBM_cAll_d21_mHO5_ch10__mc150-3,,Human3R,m0_strict_human3r,Anchor-root_mm,245.25650512581294,148.47001423709762,96.78649088871532
aist__gHO_sBM_cAll_d21_mHO5_ch10__mc150-3,aist__gHO_sBM_cAll_d21_mHO5_ch10__mc150-3,,Human3R,m0_strict_human3r,Orientation_deg,80.47899114428625,49.71654094246454,30.762450201821714
aist__gHO_sBM_cAll_d21_mHO5_ch10__mc150-3,aist__gHO_sBM_cAll_d21_mHO5_ch10__mc150-3,,Human3R,m0_strict_human3r,Seam-root_mm,586.7341238096052,263.88051820455706,322.85360560504813
aist__gHO_sBM_cAll_d21_mHO5_ch10__mc150-3,aist__gHO_sBM_cAll_d21_mHO5_ch10__mc150-3,,Human3R,m0_strict_human3r,Seam-orientation_deg,31.448070225584352,90.91394633561535,-59.465876110031
aist__gHO_sBM_cAll_d21_mHO5_ch10__mc150-3,aist__gHO_sBM_cAll_d21_mHO5_ch10__mc150-3,,Human3R,m0_strict_human3r,Camera-rotation_deg,112.41121373355323,63.97766357849861,48.43355015505462
aist__gHO_sBM_cAll_d21_mHO5_ch10__mc150-3,aist__gHO_sBM_cAll_d21_mHO5_ch10__mc150-3,,Human3R,m0_strict_human3r,Camera-translation_m,7.828055820241645,5.7055997227015345,2.1224560975401108
aist__gHO_sBM_cAll_d21_mHO5_ch10__mc150-3,aist__gHO_sBM_cAll_d21_mHO5_ch10__mc150-3,,Human3R,m0_strict_human3r,Boundary-camera-rotation_deg,90.14205095506219,79.58808757586218,10.553963379200013
aist__gHO_sBM_cAll_d21_mHO5_ch10__mc150-3,aist__gHO_sBM_cAll_d21_mHO5_ch10__mc150-3,,Human3R,m0_strict_human3r,Boundary-camera-translation_m,6.31901037926365,6.274468423135512,0.04454195612813816
aist__gHO_sBM_cAll_d21_mHO5_ch10__mc150-3,aist__gHO_sBM_cAll_d21_mHO5_ch10__mc150-3,,Human3R,m0_strict_human3r,Coverage,0.98,1.0,0.020000000000000018
aist__gHO_sBM_cAll_d21_mHO5_ch10__mc150-3,aist__gHO_sBM_cAll_d21_mHO5_ch10__mc150-3,,BRIDGE3R,m15_bridge3r_fixed_v19,PA-MPJPE_mm,62.43666302882867,54.05875187936324,8.377911149465426
aist__gHO_sBM_cAll_d21_mHO5_ch10__mc150-3,aist__gHO_sBM_cAll_d21_mHO5_ch10__mc150-3,,BRIDGE3R,m15_bridge3r_fixed_v19,Anchor-MPJPE_mm,339.29870008899945,425.4311436752084,-86.13244358620892
aist__gHO_sBM_cAll_d21_mHO5_ch10__mc150-3,aist__gHO_sBM_cAll_d21_mHO5_ch10__mc150-3,,BRIDGE3R,m15_bridge3r_fixed_v19,Anchor-root_mm,245.25650512581294,239.10490702092687,6.151598104886062
aist__gHO_sBM_cAll_d21_mHO5_ch10__mc150-3,aist__gHO_sBM_cAll_d21_mHO5_ch10__mc150-3,,BRIDGE3R,m15_bridge3r_fixed_v19,Orientation_deg,80.47899114428625,48.53830969631531,31.940681447970945
aist__gHO_sBM_cAll_d21_mHO5_ch10__mc150-3,aist__gHO_sBM_cAll_d21_mHO5_ch10__mc150-3,,BRIDGE3R,m15_bridge3r_fixed_v19,Seam-root_mm,586.7341238096052,161.61689524091392,425.1172285686913
aist__gHO_sBM_cAll_d21_mHO5_ch10__mc150-3,aist__gHO_sBM_cAll_d21_mHO5_ch10__mc150-3,,BRIDGE3R,m15_bridge3r_fixed_v19,Seam-orientation_deg,31.448070225584352,82.43540132434431,-50.98733109875996
aist__gHO_sBM_cAll_d21_mHO5_ch10__mc150-3,aist__gHO_sBM_cAll_d21_mHO5_ch10__mc150-3,,BRIDGE3R,m15_bridge3r_fixed_v19,Camera-rotation_deg,112.41121373355323,62.531479642847195,49.87973409070603
aist__gHO_sBM_cAll_d21_mHO5_ch10__mc150-3,aist__gHO_sBM_cAll_d21_mHO5_ch10__mc150-3,,BRIDGE3R,m15_bridge3r_fixed_v19,Camera-translation_m,7.828055820241645,6.347390571473908,1.4806652487677372
aist__gHO_sBM_cAll_d21_mHO5_ch10__mc150-3,aist__gHO_sBM_cAll_d21_mHO5_ch10__mc150-3,,BRIDGE3R,m15_bridge3r_fixed_v19,Boundary-camera-rotation_deg,90.14205095506219,71.79590939381539,18.346141561246796
aist__gHO_sBM_cAll_d21_mHO5_ch10__mc150-3,aist__gHO_sBM_cAll_d21_mHO5_ch10__mc150-3,,BRIDGE3R,m15_bridge3r_fixed_v19,Boundary-camera-translation_m,6.31901037926365,6.5085818077303665,-0.18957142846671626
aist__gHO_sBM_cAll_d21_mHO5_ch10__mc150-3,aist__gHO_sBM_cAll_d21_mHO5_ch10__mc150-3,,BRIDGE3R,m15_bridge3r_fixed_v19,Coverage,0.98,1.0,0.020000000000000018
aist__gHO_sFM_cAll_d21_mHO5_ch20__mc150-3,aist__gHO_sFM_cAll_d21_mHO5_ch20__mc150-3,,Human3R,m0_strict_human3r,PA-MPJPE_mm,58.34293672681877,65.54528228316626,-7.202345556347488
aist__gHO_sFM_cAll_d21_mHO5_ch20__mc150-3,aist__gHO_sFM_cAll_d21_mHO5_ch20__mc150-3,,Human3R,m0_strict_human3r,Anchor-MPJPE_mm,1382.0330279579755,558.0469644571048,823.9860635008707
aist__gHO_sFM_cAll_d21_mHO5_ch20__mc150-3,aist__gHO_sFM_cAll_d21_mHO5_ch20__mc150-3,,Human3R,m0_strict_human3r,Anchor-root_mm,1364.3789605138654,517.7385764784835,846.6403840353819
aist__gHO_sFM_cAll_d21_mHO5_ch20__mc150-3,aist__gHO_sFM_cAll_d21_mHO5_ch20__mc150-3,,Human3R,m0_strict_human3r,Orientation_deg,53.166134227994505,28.287617733311315,24.87851649468319
aist__gHO_sFM_cAll_d21_mHO5_ch20__mc150-3,aist__gHO_sFM_cAll_d21_mHO5_ch20__mc150-3,,Human3R,m0_strict_human3r,Seam-root_mm,285.68291030385285,466.8503000462914,-181.16738974243856
aist__gHO_sFM_cAll_d21_mHO5_ch20__mc150-3,aist__gHO_sFM_cAll_d21_mHO5_ch20__mc150-3,,Human3R,m0_strict_human3r,Seam-orientation_deg,22.749267363089714,12.235472100405413,10.513795262684301
aist__gHO_sFM_cAll_d21_mHO5_ch20__mc150-3,aist__gHO_sFM_cAll_d21_mHO5_ch20__mc150-3,,Human3R,m0_strict_human3r,Camera-rotation_deg,75.0837424137069,9.507290925317076,65.57645148838982
aist__gHO_sFM_cAll_d21_mHO5_ch20__mc150-3,aist__gHO_sFM_cAll_d21_mHO5_ch20__mc150-3,,Human3R,m0_strict_human3r,Camera-translation_m,6.172897683638446,1.4327073089810438,4.740190374657402
aist__gHO_sFM_cAll_d21_mHO5_ch20__mc150-3,aist__gHO_sFM_cAll_d21_mHO5_ch20__mc150-3,,Human3R,m0_strict_human3r,Boundary-camera-rotation_deg,85.38458812179,14.522938547307135,70.86164957448287
aist__gHO_sFM_cAll_d21_mHO5_ch20__mc150-3,aist__gHO_sFM_cAll_d21_mHO5_ch20__mc150-3,,Human3R,m0_strict_human3r,Boundary-camera-translation_m,6.157107956211608,1.7739310721559445,4.383176884055663
aist__gHO_sFM_cAll_d21_mHO5_ch20__mc150-3,aist__gHO_sFM_cAll_d21_mHO5_ch20__mc150-3,,Human3R,m0_strict_human3r,Coverage,0.9666666666666667,1.0,0.033333333333333326
aist__gHO_sFM_cAll_d21_mHO5_ch20__mc150-3,aist__gHO_sFM_cAll_d21_mHO5_ch20__mc150-3,,BRIDGE3R,m15_bridge3r_fixed_v19,PA-MPJPE_mm,58.34293672681877,65.2917443475123,-6.948807620693536
aist__gHO_sFM_cAll_d21_mHO5_ch20__mc150-3,aist__gHO_sFM_cAll_d21_mHO5_ch20__mc150-3,,BRIDGE3R,m15_bridge3r_fixed_v19,Anchor-MPJPE_mm,1382.0330279579755,509.75130441993804,872.2817235380375
aist__gHO_sFM_cAll_d21_mHO5_ch20__mc150-3,aist__gHO_sFM_cAll_d21_mHO5_ch20__mc150-3,,BRIDGE3R,m15_bridge3r_fixed_v19,Anchor-root_mm,1364.3789605138654,459.28074340259326,905.0982171112721
aist__gHO_sFM_cAll_d21_mHO5_ch20__mc150-3,aist__gHO_sFM_cAll_d21_mHO5_ch20__mc150-3,,BRIDGE3R,m15_bridge3r_fixed_v19,Orientation_deg,53.166134227994505,25.78625500309669,27.379879224897813
aist__gHO_sFM_cAll_d21_mHO5_ch20__mc150-3,aist__gHO_sFM_cAll_d21_mHO5_ch20__mc150-3,,BRIDGE3R,m15_bridge3r_fixed_v19,Seam-root_mm,285.68291030385285,594.0554274841709,-308.372517180318
aist__gHO_sFM_cAll_d21_mHO5_ch20__mc150-3,aist__gHO_sFM_cAll_d21_mHO5_ch20__mc150-3,,BRIDGE3R,m15_bridge3r_fixed_v19,Seam-orientation_deg,22.749267363089714,14.207892033671435,8.54137532941828
aist__gHO_sFM_cAll_d21_mHO5_ch20__mc150-3,aist__gHO_sFM_cAll_d21_mHO5_ch20__mc150-3,,BRIDGE3R,m15_bridge3r_fixed_v19,Camera-rotation_deg,75.0837424137069,5.827123143835284,69.25661926987162
aist__gHO_sFM_cAll_d21_mHO5_ch20__mc150-3,aist__gHO_sFM_cAll_d21_mHO5_ch20__mc150-3,,BRIDGE3R,m15_bridge3r_fixed_v19,Camera-translation_m,6.172897683638446,1.1996420455652947,4.973255638073152
aist__gHO_sFM_cAll_d21_mHO5_ch20__mc150-3,aist__gHO_sFM_cAll_d21_mHO5_ch20__mc150-3,,BRIDGE3R,m15_bridge3r_fixed_v19,Boundary-camera-rotation_deg,85.38458812179,6.054664360427166,79.32992376136283
aist__gHO_sFM_cAll_d21_mHO5_ch20__mc150-3,aist__gHO_sFM_cAll_d21_mHO5_ch20__mc150-3,,BRIDGE3R,m15_bridge3r_fixed_v19,Boundary-camera-translation_m,6.157107956211608,1.8062765577346998,4.350831398476908
aist__gHO_sFM_cAll_d21_mHO5_ch20__mc150-3,aist__gHO_sFM_cAll_d21_mHO5_ch20__mc150-3,,BRIDGE3R,m15_bridge3r_fixed_v19,Coverage,0.9666666666666667,1.0,0.033333333333333326
aist__gJB_sBM_cAll_d09_mJB2_ch01__mc150-3,aist__gJB_sBM_cAll_d09_mJB2_ch01__mc150-3,,Human3R,m0_strict_human3r,PA-MPJPE_mm,51.73609310229579,53.75951533302063,-2.02342223072484
aist__gJB_sBM_cAll_d09_mJB2_ch01__mc150-3,aist__gJB_sBM_cAll_d09_mJB2_ch01__mc150-3,,Human3R,m0_strict_human3r,Anchor-MPJPE_mm,929.0341767563013,960.8805334227835,-31.846356666482166
aist__gJB_sBM_cAll_d09_mJB2_ch01__mc150-3,aist__gJB_sBM_cAll_d09_mJB2_ch01__mc150-3,,Human3R,m0_strict_human3r,Anchor-root_mm,883.645055878178,953.5776917217123,-69.93263584353429
aist__gJB_sBM_cAll_d09_mJB2_ch01__mc150-3,aist__gJB_sBM_cAll_d09_mJB2_ch01__mc150-3,,Human3R,m0_strict_human3r,Orientation_deg,70.00013515298575,43.95757835015412,26.042556802831626
aist__gJB_sBM_cAll_d09_mJB2_ch01__mc150-3,aist__gJB_sBM_cAll_d09_mJB2_ch01__mc150-3,,Human3R,m0_strict_human3r,Seam-root_mm,1064.916401472261,1258.334435608001,-193.41803413574007
aist__gJB_sBM_cAll_d09_mJB2_ch01__mc150-3,aist__gJB_sBM_cAll_d09_mJB2_ch01__mc150-3,,Human3R,m0_strict_human3r,Seam-orientation_deg,55.83911658200716,108.49682742148426,-52.6577108394771
aist__gJB_sBM_cAll_d09_mJB2_ch01__mc150-3,aist__gJB_sBM_cAll_d09_mJB2_ch01__mc150-3,,Human3R,m0_strict_human3r,Camera-rotation_deg,72.25319248290471,58.56516034850886,13.688032134395847
aist__gJB_sBM_cAll_d09_mJB2_ch01__mc150-3,aist__gJB_sBM_cAll_d09_mJB2_ch01__mc150-3,,Human3R,m0_strict_human3r,Camera-translation_m,5.257322541998082,5.387292806019154,-0.1299702640210718
aist__gJB_sBM_cAll_d09_mJB2_ch01__mc150-3,aist__gJB_sBM_cAll_d09_mJB2_ch01__mc150-3,,Human3R,m0_strict_human3r,Boundary-camera-rotation_deg,112.53454272422744,90.90963787928968,21.62490484493776
aist__gJB_sBM_cAll_d09_mJB2_ch01__mc150-3,aist__gJB_sBM_cAll_d09_mJB2_ch01__mc150-3,,Human3R,m0_strict_human3r,Boundary-camera-translation_m,7.766132516142321,7.304320920513585,0.46181159562873564
aist__gJB_sBM_cAll_d09_mJB2_ch01__mc150-3,aist__gJB_sBM_cAll_d09_mJB2_ch01__mc150-3,,Human3R,m0_strict_human3r,Coverage,0.9666666666666667,1.0,0.033333333333333326
aist__gJB_sBM_cAll_d09_mJB2_ch01__mc150-3,aist__gJB_sBM_cAll_d09_mJB2_ch01__mc150-3,,BRIDGE3R,m15_bridge3r_fixed_v19,PA-MPJPE_mm,51.73609310229579,53.75894435930551,-2.0228512570097195
aist__gJB_sBM_cAll_d09_mJB2_ch01__mc150-3,aist__gJB_sBM_cAll_d09_mJB2_ch01__mc150-3,,BRIDGE3R,m15_bridge3r_fixed_v19,Anchor-MPJPE_mm,929.0341767563013,1436.807599113877,-507.77342235757555
aist__gJB_sBM_cAll_d09_mJB2_ch01__mc150-3,aist__gJB_sBM_cAll_d09_mJB2_ch01__mc150-3,,BRIDGE3R,m15_bridge3r_fixed_v19,Anchor-root_mm,883.645055878178,1407.9655301149182,-524.3204742367402
aist__gJB_sBM_cAll_d09_mJB2_ch01__mc150-3,aist__gJB_sBM_cAll_d09_mJB2_ch01__mc150-3,,BRIDGE3R,m15_bridge3r_fixed_v19,Orientation_deg,70.00013515298575,77.63387514315905,-7.6337399901732965
aist__gJB_sBM_cAll_d09_mJB2_ch01__mc150-3,aist__gJB_sBM_cAll_d09_mJB2_ch01__mc150-3,,BRIDGE3R,m15_bridge3r_fixed_v19,Seam-root_mm,1064.916401472261,2229.278695767726,-1164.3622942954648
aist__gJB_sBM_cAll_d09_mJB2_ch01__mc150-3,aist__gJB_sBM_cAll_d09_mJB2_ch01__mc150-3,,BRIDGE3R,m15_bridge3r_fixed_v19,Seam-orientation_deg,55.83911658200716,72.95699484799286,-17.117878265985702
aist__gJB_sBM_cAll_d09_mJB2_ch01__mc150-3,aist__gJB_sBM_cAll_d09_mJB2_ch01__mc150-3,,BRIDGE3R,m15_bridge3r_fixed_v19,Camera-rotation_deg,72.25319248290471,108.91150905666933,-36.65831657376462
aist__gJB_sBM_cAll_d09_mJB2_ch01__mc150-3,aist__gJB_sBM_cAll_d09_mJB2_ch01__mc150-3,,BRIDGE3R,m15_bridge3r_fixed_v19,Camera-translation_m,5.257322541998082,7.323234393231147,-2.065911851233065
aist__gJB_sBM_cAll_d09_mJB2_ch01__mc150-3,aist__gJB_sBM_cAll_d09_mJB2_ch01__mc150-3,,BRIDGE3R,m15_bridge3r_fixed_v19,Boundary-camera-rotation_deg,112.53454272422744,57.16878674250097,55.365755981726466
aist__gJB_sBM_cAll_d09_mJB2_ch01__mc150-3,aist__gJB_sBM_cAll_d09_mJB2_ch01__mc150-3,,BRIDGE3R,m15_bridge3r_fixed_v19,Boundary-camera-translation_m,7.766132516142321,5.086693504497695,2.679439011644626
aist__gJB_sBM_cAll_d09_mJB2_ch01__mc150-3,aist__gJB_sBM_cAll_d09_mJB2_ch01__mc150-3,,BRIDGE3R,m15_bridge3r_fixed_v19,Coverage,0.9666666666666667,1.0,0.033333333333333326
aist__gJB_sBM_cAll_d09_mJB2_ch02__mc150-3,aist__gJB_sBM_cAll_d09_mJB2_ch02__mc150-3,,Human3R,m0_strict_human3r,PA-MPJPE_mm,64.04122252128998,73.67017478186024,-9.628952260570259
aist__gJB_sBM_cAll_d09_mJB2_ch02__mc150-3,aist__gJB_sBM_cAll_d09_mJB2_ch02__mc150-3,,Human3R,m0_strict_human3r,Anchor-MPJPE_mm,1322.4905284425004,523.5709639269614,798.9195645155389
aist__gJB_sBM_cAll_d09_mJB2_ch02__mc150-3,aist__gJB_sBM_cAll_d09_mJB2_ch02__mc150-3,,Human3R,m0_strict_human3r,Anchor-root_mm,1294.519095702571,484.70403352735605,809.8150621752148
aist__gJB_sBM_cAll_d09_mJB2_ch02__mc150-3,aist__gJB_sBM_cAll_d09_mJB2_ch02__mc150-3,,Human3R,m0_strict_human3r,Orientation_deg,56.38862528108619,45.330235288697104,11.058389992389088
aist__gJB_sBM_cAll_d09_mJB2_ch02__mc150-3,aist__gJB_sBM_cAll_d09_mJB2_ch02__mc150-3,,Human3R,m0_strict_human3r,Seam-root_mm,661.5221207358752,467.69258419329094,193.82953654258426
aist__gJB_sBM_cAll_d09_mJB2_ch02__mc150-3,aist__gJB_sBM_cAll_d09_mJB2_ch02__mc150-3,,Human3R,m0_strict_human3r,Seam-orientation_deg,72.49491221836942,97.61470531060698,-25.119793092237558
aist__gJB_sBM_cAll_d09_mJB2_ch02__mc150-3,aist__gJB_sBM_cAll_d09_mJB2_ch02__mc150-3,,Human3R,m0_strict_human3r,Camera-rotation_deg,70.3661056557688,62.125372885541644,8.240732770227162
aist__gJB_sBM_cAll_d09_mJB2_ch02__mc150-3,aist__gJB_sBM_cAll_d09_mJB2_ch02__mc150-3,,Human3R,m0_strict_human3r,Camera-translation_m,5.2462103140988265,5.208130097078837,0.038080217019989426
aist__gJB_sBM_cAll_d09_mJB2_ch02__mc150-3,aist__gJB_sBM_cAll_d09_mJB2_ch02__mc150-3,,Human3R,m0_strict_human3r,Boundary-camera-rotation_deg,112.53267917125896,88.22283439136045,24.309844779898512
aist__gJB_sBM_cAll_d09_mJB2_ch02__mc150-3,aist__gJB_sBM_cAll_d09_mJB2_ch02__mc150-3,,Human3R,m0_strict_human3r,Boundary-camera-translation_m,7.780498647911555,6.652094910889772,1.1284037370217836
aist__gJB_sBM_cAll_d09_mJB2_ch02__mc150-3,aist__gJB_sBM_cAll_d09_mJB2_ch02__mc150-3,,Human3R,m0_strict_human3r,Coverage,0.98,1.0,0.020000000000000018
aist__gJB_sBM_cAll_d09_mJB2_ch02__mc150-3,aist__gJB_sBM_cAll_d09_mJB2_ch02__mc150-3,,BRIDGE3R,m15_bridge3r_fixed_v19,PA-MPJPE_mm,64.04122252128998,73.26116275354308,-9.219940232253094
aist__gJB_sBM_cAll_d09_mJB2_ch02__mc150-3,aist__gJB_sBM_cAll_d09_mJB2_ch02__mc150-3,,BRIDGE3R,m15_bridge3r_fixed_v19,Anchor-MPJPE_mm,1322.4905284425004,1318.1190764695434,4.371451972956947
aist__gJB_sBM_cAll_d09_mJB2_ch02__mc150-3,aist__gJB_sBM_cAll_d09_mJB2_ch02__mc150-3,,BRIDGE3R,m15_bridge3r_fixed_v19,Anchor-root_mm,1294.519095702571,1283.2500392356135,11.269056466957409
aist__gJB_sBM_cAll_d09_mJB2_ch02__mc150-3,aist__gJB_sBM_cAll_d09_mJB2_ch02__mc150-3,,BRIDGE3R,m15_bridge3r_fixed_v19,Orientation_deg,56.38862528108619,59.13397776565772,-2.7453524845715265
aist__gJB_sBM_cAll_d09_mJB2_ch02__mc150-3,aist__gJB_sBM_cAll_d09_mJB2_ch02__mc150-3,,BRIDGE3R,m15_bridge3r_fixed_v19,Seam-root_mm,661.5221207358752,1044.120750008619,-382.5986292727439
aist__gJB_sBM_cAll_d09_mJB2_ch02__mc150-3,aist__gJB_sBM_cAll_d09_mJB2_ch02__mc150-3,,BRIDGE3R,m15_bridge3r_fixed_v19,Seam-orientation_deg,72.49491221836942,83.09404473237151,-10.599132514002093
aist__gJB_sBM_cAll_d09_mJB2_ch02__mc150-3,aist__gJB_sBM_cAll_d09_mJB2_ch02__mc150-3,,BRIDGE3R,m15_bridge3r_fixed_v19,Camera-rotation_deg,70.3661056557688,83.31674623804817,-12.950640582279362
aist__gJB_sBM_cAll_d09_mJB2_ch02__mc150-3,aist__gJB_sBM_cAll_d09_mJB2_ch02__mc150-3,,BRIDGE3R,m15_bridge3r_fixed_v19,Camera-translation_m,5.2462103140988265,5.998169152031212,-0.7519588379323858
aist__gJB_sBM_cAll_d09_mJB2_ch02__mc150-3,aist__gJB_sBM_cAll_d09_mJB2_ch02__mc150-3,,BRIDGE3R,m15_bridge3r_fixed_v19,Boundary-camera-rotation_deg,112.53267917125896,74.43146062886396,38.101218542395
aist__gJB_sBM_cAll_d09_mJB2_ch02__mc150-3,aist__gJB_sBM_cAll_d09_mJB2_ch02__mc150-3,,BRIDGE3R,m15_bridge3r_fixed_v19,Boundary-camera-translation_m,7.780498647911555,6.028095867948337,1.7524027799632185
aist__gJB_sBM_cAll_d09_mJB2_ch02__mc150-3,aist__gJB_sBM_cAll_d09_mJB2_ch02__mc150-3,,BRIDGE3R,m15_bridge3r_fixed_v19,Coverage,0.98,1.0,0.020000000000000018
aist__gJB_sBM_cAll_d09_mJB3_ch01__mc150-3,aist__gJB_sBM_cAll_d09_mJB3_ch01__mc150-3,,Human3R,m0_strict_human3r,PA-MPJPE_mm,53.47416985436086,60.24772973006312,-6.7735598757022615
aist__gJB_sBM_cAll_d09_mJB3_ch01__mc150-3,aist__gJB_sBM_cAll_d09_mJB3_ch01__mc150-3,,Human3R,m0_strict_human3r,Anchor-MPJPE_mm,1213.0248471491468,612.0360072546562,600.9888398944906
aist__gJB_sBM_cAll_d09_mJB3_ch01__mc150-3,aist__gJB_sBM_cAll_d09_mJB3_ch01__mc150-3,,Human3R,m0_strict_human3r,Anchor-root_mm,1182.4035233179059,594.8449291031214,587.5585942147844
aist__gJB_sBM_cAll_d09_mJB3_ch01__mc150-3,aist__gJB_sBM_cAll_d09_mJB3_ch01__mc150-3,,Human3R,m0_strict_human3r,Orientation_deg,50.760386969367204,27.718872290486384,23.04151467888082
aist__gJB_sBM_cAll_d09_mJB3_ch01__mc150-3,aist__gJB_sBM_cAll_d09_mJB3_ch01__mc150-3,,Human3R,m0_strict_human3r,Seam-root_mm,230.7121740524733,768.6740793073202,-537.9619052548469
aist__gJB_sBM_cAll_d09_mJB3_ch01__mc150-3,aist__gJB_sBM_cAll_d09_mJB3_ch01__mc150-3,,Human3R,m0_strict_human3r,Seam-orientation_deg,19.79344069261752,64.6552000041876,-44.86175931157008
aist__gJB_sBM_cAll_d09_mJB3_ch01__mc150-3,aist__gJB_sBM_cAll_d09_mJB3_ch01__mc150-3,,Human3R,m0_strict_human3r,Camera-rotation_deg,77.88471029907646,27.63695902264369,50.247751276432766
aist__gJB_sBM_cAll_d09_mJB3_ch01__mc150-3,aist__gJB_sBM_cAll_d09_mJB3_ch01__mc150-3,,Human3R,m0_strict_human3r,Camera-translation_m,6.015726672067891,1.743780419972827,4.271946252095064
aist__gJB_sBM_cAll_d09_mJB3_ch01__mc150-3,aist__gJB_sBM_cAll_d09_mJB3_ch01__mc150-3,,Human3R,m0_strict_human3r,Boundary-camera-rotation_deg,90.19285184871114,61.852610381469404,28.34024146724174
aist__gJB_sBM_cAll_d09_mJB3_ch01__mc150-3,aist__gJB_sBM_cAll_d09_mJB3_ch01__mc150-3,,Human3R,m0_strict_human3r,Boundary-camera-translation_m,6.336173938021419,4.927505378615187,1.408668559406232
aist__gJB_sBM_cAll_d09_mJB3_ch01__mc150-3,aist__gJB_sBM_cAll_d09_mJB3_ch01__mc150-3,,Human3R,m0_strict_human3r,Coverage,0.9666666666666667,1.0,0.033333333333333326
aist__gJB_sBM_cAll_d09_mJB3_ch01__mc150-3,aist__gJB_sBM_cAll_d09_mJB3_ch01__mc150-3,,BRIDGE3R,m15_bridge3r_fixed_v19,PA-MPJPE_mm,53.47416985436086,60.001756471769504,-6.5275866174086445
aist__gJB_sBM_cAll_d09_mJB3_ch01__mc150-3,aist__gJB_sBM_cAll_d09_mJB3_ch01__mc150-3,,BRIDGE3R,m15_bridge3r_fixed_v19,Anchor-MPJPE_mm,1213.0248471491468,1030.7506699205455,182.27417722860127
aist__gJB_sBM_cAll_d09_mJB3_ch01__mc150-3,aist__gJB_sBM_cAll_d09_mJB3_ch01__mc150-3,,BRIDGE3R,m15_bridge3r_fixed_v19,Anchor-root_mm,1182.4035233179059,1006.984478173176,175.41904514472992
aist__gJB_sBM_cAll_d09_mJB3_ch01__mc150-3,aist__gJB_sBM_cAll_d09_mJB3_ch01__mc150-3,,BRIDGE3R,m15_bridge3r_fixed_v19,Orientation_deg,50.760386969367204,45.561682254505754,5.198704714861449
aist__gJB_sBM_cAll_d09_mJB3_ch01__mc150-3,aist__gJB_sBM_cAll_d09_mJB3_ch01__mc150-3,,BRIDGE3R,m15_bridge3r_fixed_v19,Seam-root_mm,230.7121740524733,2286.7059161089405,-2055.9937420564675
aist__gJB_sBM_cAll_d09_mJB3_ch01__mc150-3,aist__gJB_sBM_cAll_d09_mJB3_ch01__mc150-3,,BRIDGE3R,m15_bridge3r_fixed_v19,Seam-orientation_deg,19.79344069261752,101.15115290359081,-81.35771221097329
aist__gJB_sBM_cAll_d09_mJB3_ch01__mc150-3,aist__gJB_sBM_cAll_d09_mJB3_ch01__mc150-3,,BRIDGE3R,m15_bridge3r_fixed_v19,Camera-rotation_deg,77.88471029907646,55.1657822651014,22.71892803397506
aist__gJB_sBM_cAll_d09_mJB3_ch01__mc150-3,aist__gJB_sBM_cAll_d09_mJB3_ch01__mc150-3,,BRIDGE3R,m15_bridge3r_fixed_v19,Camera-translation_m,6.015726672067891,3.725637726719591,2.2900889453483
aist__gJB_sBM_cAll_d09_mJB3_ch01__mc150-3,aist__gJB_sBM_cAll_d09_mJB3_ch01__mc150-3,,BRIDGE3R,m15_bridge3r_fixed_v19,Boundary-camera-rotation_deg,90.19285184871114,101.1747750897405,-10.981923241029364
aist__gJB_sBM_cAll_d09_mJB3_ch01__mc150-3,aist__gJB_sBM_cAll_d09_mJB3_ch01__mc150-3,,BRIDGE3R,m15_bridge3r_fixed_v19,Boundary-camera-translation_m,6.336173938021419,6.805835144787114,-0.46966120676569467
aist__gJB_sBM_cAll_d09_mJB3_ch01__mc150-3,aist__gJB_sBM_cAll_d09_mJB3_ch01__mc150-3,,BRIDGE3R,m15_bridge3r_fixed_v19,Coverage,0.9666666666666667,1.0,0.033333333333333326
aist__gJB_sBM_cAll_d09_mJB3_ch02__mc150-3,aist__gJB_sBM_cAll_d09_mJB3_ch02__mc150-3,,Human3R,m0_strict_human3r,PA-MPJPE_mm,66.50355806052427,72.72181947094896,-6.218261410424688
aist__gJB_sBM_cAll_d09_mJB3_ch02__mc150-3,aist__gJB_sBM_cAll_d09_mJB3_ch02__mc150-3,,Human3R,m0_strict_human3r,Anchor-MPJPE_mm,1966.0601948990643,788.8739525018271,1177.186242397237
aist__gJB_sBM_cAll_d09_mJB3_ch02__mc150-3,aist__gJB_sBM_cAll_d09_mJB3_ch02__mc150-3,,Human3R,m0_strict_human3r,Anchor-root_mm,1934.6621445107826,784.7910297422559,1149.8711147685267
aist__gJB_sBM_cAll_d09_mJB3_ch02__mc150-3,aist__gJB_sBM_cAll_d09_mJB3_ch02__mc150-3,,Human3R,m0_strict_human3r,Orientation_deg,65.12857029418058,39.46545332697601,25.663116967204566
aist__gJB_sBM_cAll_d09_mJB3_ch02__mc150-3,aist__gJB_sBM_cAll_d09_mJB3_ch02__mc150-3,,Human3R,m0_strict_human3r,Seam-root_mm,389.5159468458343,229.34895317948082,160.1669936663535
aist__gJB_sBM_cAll_d09_mJB3_ch02__mc150-3,aist__gJB_sBM_cAll_d09_mJB3_ch02__mc150-3,,Human3R,m0_strict_human3r,Seam-orientation_deg,15.416194627756777,34.6362537953311,-19.220059167574323
aist__gJB_sBM_cAll_d09_mJB3_ch02__mc150-3,aist__gJB_sBM_cAll_d09_mJB3_ch02__mc150-3,,Human3R,m0_strict_human3r,Camera-rotation_deg,75.4767896184794,49.25108067392871,26.22570894455069
aist__gJB_sBM_cAll_d09_mJB3_ch02__mc150-3,aist__gJB_sBM_cAll_d09_mJB3_ch02__mc150-3,,Human3R,m0_strict_human3r,Camera-translation_m,4.619222473925958,4.03227334890145,0.5869491250245078
aist__gJB_sBM_cAll_d09_mJB3_ch02__mc150-3,aist__gJB_sBM_cAll_d09_mJB3_ch02__mc150-3,,Human3R,m0_strict_human3r,Boundary-camera-rotation_deg,85.77003734432026,46.857893804754404,38.912143539565854
aist__gJB_sBM_cAll_d09_mJB3_ch02__mc150-3,aist__gJB_sBM_cAll_d09_mJB3_ch02__mc150-3,,Human3R,m0_strict_human3r,Boundary-camera-translation_m,5.961997919368245,4.033390226336016,1.9286076930322285
aist__gJB_sBM_cAll_d09_mJB3_ch02__mc150-3,aist__gJB_sBM_cAll_d09_mJB3_ch02__mc150-3,,Human3R,m0_strict_human3r,Coverage,0.9933333333333333,1.0,0.00666666666666671
aist__gJB_sBM_cAll_d09_mJB3_ch02__mc150-3,aist__gJB_sBM_cAll_d09_mJB3_ch02__mc150-3,,BRIDGE3R,m15_bridge3r_fixed_v19,PA-MPJPE_mm,66.50355806052427,72.3999477462878,-5.896389685763523
aist__gJB_sBM_cAll_d09_mJB3_ch02__mc150-3,aist__gJB_sBM_cAll_d09_mJB3_ch02__mc150-3,,BRIDGE3R,m15_bridge3r_fixed_v19,Anchor-MPJPE_mm,1966.0601948990643,879.6273684373531,1086.432826461711
aist__gJB_sBM_cAll_d09_mJB3_ch02__mc150-3,aist__gJB_sBM_cAll_d09_mJB3_ch02__mc150-3,,BRIDGE3R,m15_bridge3r_fixed_v19,Anchor-root_mm,1934.6621445107826,848.1609062835455,1086.501238227237
aist__gJB_sBM_cAll_d09_mJB3_ch02__mc150-3,aist__gJB_sBM_cAll_d09_mJB3_ch02__mc150-3,,BRIDGE3R,m15_bridge3r_fixed_v19,Orientation_deg,65.12857029418058,49.03011428431668,16.098456009863895
aist__gJB_sBM_cAll_d09_mJB3_ch02__mc150-3,aist__gJB_sBM_cAll_d09_mJB3_ch02__mc150-3,,BRIDGE3R,m15_bridge3r_fixed_v19,Seam-root_mm,389.5159468458343,1478.529405362599,-1089.0134585167646
aist__gJB_sBM_cAll_d09_mJB3_ch02__mc150-3,aist__gJB_sBM_cAll_d09_mJB3_ch02__mc150-3,,BRIDGE3R,m15_bridge3r_fixed_v19,Seam-orientation_deg,15.416194627756777,82.30489185470849,-66.8886972269517
aist__gJB_sBM_cAll_d09_mJB3_ch02__mc150-3,aist__gJB_sBM_cAll_d09_mJB3_ch02__mc150-3,,BRIDGE3R,m15_bridge3r_fixed_v19,Camera-rotation_deg,75.4767896184794,65.14733861056797,10.32945100791143
aist__gJB_sBM_cAll_d09_mJB3_ch02__mc150-3,aist__gJB_sBM_cAll_d09_mJB3_ch02__mc150-3,,BRIDGE3R,m15_bridge3r_fixed_v19,Camera-translation_m,4.619222473925958,3.1551000831884584,1.4641223907374994
aist__gJB_sBM_cAll_d09_mJB3_ch02__mc150-3,aist__gJB_sBM_cAll_d09_mJB3_ch02__mc150-3,,BRIDGE3R,m15_bridge3r_fixed_v19,Boundary-camera-rotation_deg,85.77003734432026,66.3121207532189,19.457916591101352
aist__gJB_sBM_cAll_d09_mJB3_ch02__mc150-3,aist__gJB_sBM_cAll_d09_mJB3_ch02__mc150-3,,BRIDGE3R,m15_bridge3r_fixed_v19,Boundary-camera-translation_m,5.961997919368245,3.575473299076534,2.386524620291711
aist__gJB_sBM_cAll_d09_mJB3_ch02__mc150-3,aist__gJB_sBM_cAll_d09_mJB3_ch02__mc150-3,,BRIDGE3R,m15_bridge3r_fixed_v19,Coverage,0.9933333333333333,1.0,0.00666666666666671
aist__gJB_sBM_cAll_d09_mJB4_ch01__mc150-3,aist__gJB_sBM_cAll_d09_mJB4_ch01__mc150-3,,Human3R,m0_strict_human3r,PA-MPJPE_mm,54.73395328159443,57.272251887254654,-2.5382986056602235
aist__gJB_sBM_cAll_d09_mJB4_ch01__mc150-3,aist__gJB_sBM_cAll_d09_mJB4_ch01__mc150-3,,Human3R,m0_strict_human3r,Anchor-MPJPE_mm,1278.5337900556779,515.9711872874934,762.5626027681844
aist__gJB_sBM_cAll_d09_mJB4_ch01__mc150-3,aist__gJB_sBM_cAll_d09_mJB4_ch01__mc150-3,,Human3R,m0_strict_human3r,Anchor-root_mm,1255.2130653955444,495.4941908055908,759.7188745899537
aist__gJB_sBM_cAll_d09_mJB4_ch01__mc150-3,aist__gJB_sBM_cAll_d09_mJB4_ch01__mc150-3,,Human3R,m0_strict_human3r,Orientation_deg,71.32157720876475,41.80303222589373,29.51854498287102
aist__gJB_sBM_cAll_d09_mJB4_ch01__mc150-3,aist__gJB_sBM_cAll_d09_mJB4_ch01__mc150-3,,Human3R,m0_strict_human3r,Seam-root_mm,,524.3385732674371,
aist__gJB_sBM_cAll_d09_mJB4_ch01__mc150-3,aist__gJB_sBM_cAll_d09_mJB4_ch01__mc150-3,,Human3R,m0_strict_human3r,Seam-orientation_deg,,72.93745645096178,
aist__gJB_sBM_cAll_d09_mJB4_ch01__mc150-3,aist__gJB_sBM_cAll_d09_mJB4_ch01__mc150-3,,Human3R,m0_strict_human3r,Camera-rotation_deg,72.74392991505306,62.727718445824394,10.016211469228665
aist__gJB_sBM_cAll_d09_mJB4_ch01__mc150-3,aist__gJB_sBM_cAll_d09_mJB4_ch01__mc150-3,,Human3R,m0_strict_human3r,Camera-translation_m,5.733694919486588,5.269430137210812,0.4642647822757757
aist__gJB_sBM_cAll_d09_mJB4_ch01__mc150-3,aist__gJB_sBM_cAll_d09_mJB4_ch01__mc150-3,,Human3R,m0_strict_human3r,Boundary-camera-rotation_deg,112.55705972596832,88.11838371972678,24.438676006241536
aist__gJB_sBM_cAll_d09_mJB4_ch01__mc150-3,aist__gJB_sBM_cAll_d09_mJB4_ch01__mc150-3,,Human3R,m0_strict_human3r,Boundary-camera-translation_m,7.830232547251574,6.798796271588954,1.03143627566262
aist__gJB_sBM_cAll_d09_mJB4_ch01__mc150-3,aist__gJB_sBM_cAll_d09_mJB4_ch01__mc150-3,,Human3R,m0_strict_human3r,Coverage,0.9533333333333334,1.0,0.046666666666666634
aist__gJB_sBM_cAll_d09_mJB4_ch01__mc150-3,aist__gJB_sBM_cAll_d09_mJB4_ch01__mc150-3,,BRIDGE3R,m15_bridge3r_fixed_v19,PA-MPJPE_mm,54.73395328159443,57.23454361358619,-2.5005903319917593
aist__gJB_sBM_cAll_d09_mJB4_ch01__mc150-3,aist__gJB_sBM_cAll_d09_mJB4_ch01__mc150-3,,BRIDGE3R,m15_bridge3r_fixed_v19,Anchor-MPJPE_mm,1278.5337900556779,927.0919420119619,351.44184804371594
aist__gJB_sBM_cAll_d09_mJB4_ch01__mc150-3,aist__gJB_sBM_cAll_d09_mJB4_ch01__mc150-3,,BRIDGE3R,m15_bridge3r_fixed_v19,Anchor-root_mm,1255.2130653955444,889.1346616901769,366.07840370536746
aist__gJB_sBM_cAll_d09_mJB4_ch01__mc150-3,aist__gJB_sBM_cAll_d09_mJB4_ch01__mc150-3,,BRIDGE3R,m15_bridge3r_fixed_v19,Orientation_deg,71.32157720876475,48.4264258351264,22.89515137363835
aist__gJB_sBM_cAll_d09_mJB4_ch01__mc150-3,aist__gJB_sBM_cAll_d09_mJB4_ch01__mc150-3,,BRIDGE3R,m15_bridge3r_fixed_v19,Seam-root_mm,,309.7201836065794,
aist__gJB_sBM_cAll_d09_mJB4_ch01__mc150-3,aist__gJB_sBM_cAll_d09_mJB4_ch01__mc150-3,,BRIDGE3R,m15_bridge3r_fixed_v19,Seam-orientation_deg,,73.2326940581292,
aist__gJB_sBM_cAll_d09_mJB4_ch01__mc150-3,aist__gJB_sBM_cAll_d09_mJB4_ch01__mc150-3,,BRIDGE3R,m15_bridge3r_fixed_v19,Camera-rotation_deg,72.74392991505306,73.30000012406315,-0.5560702090100875
aist__gJB_sBM_cAll_d09_mJB4_ch01__mc150-3,aist__gJB_sBM_cAll_d09_mJB4_ch01__mc150-3,,BRIDGE3R,m15_bridge3r_fixed_v19,Camera-translation_m,5.733694919486588,5.83938072552378,-0.10568580603719191
aist__gJB_sBM_cAll_d09_mJB4_ch01__mc150-3,aist__gJB_sBM_cAll_d09_mJB4_ch01__mc150-3,,BRIDGE3R,m15_bridge3r_fixed_v19,Boundary-camera-rotation_deg,112.55705972596832,87.94143596563164,24.615623760336675
aist__gJB_sBM_cAll_d09_mJB4_ch01__mc150-3,aist__gJB_sBM_cAll_d09_mJB4_ch01__mc150-3,,BRIDGE3R,m15_bridge3r_fixed_v19,Boundary-camera-translation_m,7.830232547251574,6.710110560834641,1.1201219864169332
aist__gJB_sBM_cAll_d09_mJB4_ch01__mc150-3,aist__gJB_sBM_cAll_d09_mJB4_ch01__mc150-3,,BRIDGE3R,m15_bridge3r_fixed_v19,Coverage,0.9533333333333334,1.0,0.046666666666666634
aist__gJB_sBM_cAll_d09_mJB4_ch02__mc150-3,aist__gJB_sBM_cAll_d09_mJB4_ch02__mc150-3,,Human3R,m0_strict_human3r,PA-MPJPE_mm,71.54376922960856,77.19017208032989,-5.64640285072133
aist__gJB_sBM_cAll_d09_mJB4_ch02__mc150-3,aist__gJB_sBM_cAll_d09_mJB4_ch02__mc150-3,,Human3R,m0_strict_human3r,Anchor-MPJPE_mm,1261.9923670832818,403.60904509758075,858.3833219857011
aist__gJB_sBM_cAll_d09_mJB4_ch02__mc150-3,aist__gJB_sBM_cAll_d09_mJB4_ch02__mc150-3,,Human3R,m0_strict_human3r,Anchor-root_mm,1231.9226529518994,349.89761333640615,882.0250396154933
aist__gJB_sBM_cAll_d09_mJB4_ch02__mc150-3,aist__gJB_sBM_cAll_d09_mJB4_ch02__mc150-3,,Human3R,m0_strict_human3r,Orientation_deg,70.82902823328534,50.598478452643846,20.230549780641496
aist__gJB_sBM_cAll_d09_mJB4_ch02__mc150-3,aist__gJB_sBM_cAll_d09_mJB4_ch02__mc150-3,,Human3R,m0_strict_human3r,Seam-root_mm,303.2901193940951,498.57276449419453,-195.28264510009944
aist__gJB_sBM_cAll_d09_mJB4_ch02__mc150-3,aist__gJB_sBM_cAll_d09_mJB4_ch02__mc150-3,,Human3R,m0_strict_human3r,Seam-orientation_deg,6.699685425191113,33.74807268490762,-27.048387259716506
aist__gJB_sBM_cAll_d09_mJB4_ch02__mc150-3,aist__gJB_sBM_cAll_d09_mJB4_ch02__mc150-3,,Human3R,m0_strict_human3r,Camera-rotation_deg,79.55531608598908,75.17922148150254,4.376094604486539
aist__gJB_sBM_cAll_d09_mJB4_ch02__mc150-3,aist__gJB_sBM_cAll_d09_mJB4_ch02__mc150-3,,Human3R,m0_strict_human3r,Camera-translation_m,6.938385914649109,6.627440664473976,0.3109452501751324
aist__gJB_sBM_cAll_d09_mJB4_ch02__mc150-3,aist__gJB_sBM_cAll_d09_mJB4_ch02__mc150-3,,Human3R,m0_strict_human3r,Boundary-camera-rotation_deg,62.60979655032647,36.68266709010735,25.92712946021912
aist__gJB_sBM_cAll_d09_mJB4_ch02__mc150-3,aist__gJB_sBM_cAll_d09_mJB4_ch02__mc150-3,,Human3R,m0_strict_human3r,Boundary-camera-translation_m,4.752037310310588,3.4682479280270297,1.2837893822835587
aist__gJB_sBM_cAll_d09_mJB4_ch02__mc150-3,aist__gJB_sBM_cAll_d09_mJB4_ch02__mc150-3,,Human3R,m0_strict_human3r,Coverage,0.9666666666666667,1.0,0.033333333333333326
aist__gJB_sBM_cAll_d09_mJB4_ch02__mc150-3,aist__gJB_sBM_cAll_d09_mJB4_ch02__mc150-3,,BRIDGE3R,m15_bridge3r_fixed_v19,PA-MPJPE_mm,71.54376922960856,76.9844102674956,-5.440641037887048
aist__gJB_sBM_cAll_d09_mJB4_ch02__mc150-3,aist__gJB_sBM_cAll_d09_mJB4_ch02__mc150-3,,BRIDGE3R,m15_bridge3r_fixed_v19,Anchor-MPJPE_mm,1261.9923670832818,946.435707953836,315.55665912944585
aist__gJB_sBM_cAll_d09_mJB4_ch02__mc150-3,aist__gJB_sBM_cAll_d09_mJB4_ch02__mc150-3,,BRIDGE3R,m15_bridge3r_fixed_v19,Anchor-root_mm,1231.9226529518994,924.831834205065,307.09081874683443
aist__gJB_sBM_cAll_d09_mJB4_ch02__mc150-3,aist__gJB_sBM_cAll_d09_mJB4_ch02__mc150-3,,BRIDGE3R,m15_bridge3r_fixed_v19,Orientation_deg,70.82902823328534,37.74413588787905,33.084892345406296
aist__gJB_sBM_cAll_d09_mJB4_ch02__mc150-3,aist__gJB_sBM_cAll_d09_mJB4_ch02__mc150-3,,BRIDGE3R,m15_bridge3r_fixed_v19,Seam-root_mm,303.2901193940951,1308.4053583799728,-1005.1152389858777
aist__gJB_sBM_cAll_d09_mJB4_ch02__mc150-3,aist__gJB_sBM_cAll_d09_mJB4_ch02__mc150-3,,BRIDGE3R,m15_bridge3r_fixed_v19,Seam-orientation_deg,6.699685425191113,27.20635752806561,-20.506672102874496
aist__gJB_sBM_cAll_d09_mJB4_ch02__mc150-3,aist__gJB_sBM_cAll_d09_mJB4_ch02__mc150-3,,BRIDGE3R,m15_bridge3r_fixed_v19,Camera-rotation_deg,79.55531608598908,55.537216250635026,24.01809983535405
aist__gJB_sBM_cAll_d09_mJB4_ch02__mc150-3,aist__gJB_sBM_cAll_d09_mJB4_ch02__mc150-3,,BRIDGE3R,m15_bridge3r_fixed_v19,Camera-translation_m,6.938385914649109,4.5946828871074565,2.343703027541652
aist__gJB_sBM_cAll_d09_mJB4_ch02__mc150-3,aist__gJB_sBM_cAll_d09_mJB4_ch02__mc150-3,,BRIDGE3R,m15_bridge3r_fixed_v19,Boundary-camera-rotation_deg,62.60979655032647,30.146633812331274,32.4631627379952
aist__gJB_sBM_cAll_d09_mJB4_ch02__mc150-3,aist__gJB_sBM_cAll_d09_mJB4_ch02__mc150-3,,BRIDGE3R,m15_bridge3r_fixed_v19,Boundary-camera-translation_m,4.752037310310588,2.7603045634124026,1.9917327468981858
aist__gJB_sBM_cAll_d09_mJB4_ch02__mc150-3,aist__gJB_sBM_cAll_d09_mJB4_ch02__mc150-3,,BRIDGE3R,m15_bridge3r_fixed_v19,Coverage,0.9666666666666667,1.0,0.033333333333333326
aist__gJB_sBM_cAll_d09_mJB5_ch02__mc150-3,aist__gJB_sBM_cAll_d09_mJB5_ch02__mc150-3,,Human3R,m0_strict_human3r,PA-MPJPE_mm,70.03337459105984,76.86014387482972,-6.8267692837698775
aist__gJB_sBM_cAll_d09_mJB5_ch02__mc150-3,aist__gJB_sBM_cAll_d09_mJB5_ch02__mc150-3,,Human3R,m0_strict_human3r,Anchor-MPJPE_mm,986.6114491402151,703.6024846210258,283.00896451918925
aist__gJB_sBM_cAll_d09_mJB5_ch02__mc150-3,aist__gJB_sBM_cAll_d09_mJB5_ch02__mc150-3,,Human3R,m0_strict_human3r,Anchor-root_mm,958.8596895551331,663.7691213516938,295.09056820343926
aist__gJB_sBM_cAll_d09_mJB5_ch02__mc150-3,aist__gJB_sBM_cAll_d09_mJB5_ch02__mc150-3,,Human3R,m0_strict_human3r,Orientation_deg,47.173256799656066,55.585475353846114,-8.412218554190048
aist__gJB_sBM_cAll_d09_mJB5_ch02__mc150-3,aist__gJB_sBM_cAll_d09_mJB5_ch02__mc150-3,,Human3R,m0_strict_human3r,Seam-root_mm,361.8713296403016,544.3968282425355,-182.52549860223394
aist__gJB_sBM_cAll_d09_mJB5_ch02__mc150-3,aist__gJB_sBM_cAll_d09_mJB5_ch02__mc150-3,,Human3R,m0_strict_human3r,Seam-orientation_deg,3.6642756868375734,45.07524284435883,-41.410967157521256
aist__gJB_sBM_cAll_d09_mJB5_ch02__mc150-3,aist__gJB_sBM_cAll_d09_mJB5_ch02__mc150-3,,Human3R,m0_strict_human3r,Camera-rotation_deg,51.36825013671706,66.92856309295153,-15.560312956234476
aist__gJB_sBM_cAll_d09_mJB5_ch02__mc150-3,aist__gJB_sBM_cAll_d09_mJB5_ch02__mc150-3,,Human3R,m0_strict_human3r,Camera-translation_m,4.34336612331083,6.147555106309811,-1.8041889829989817
aist__gJB_sBM_cAll_d09_mJB5_ch02__mc150-3,aist__gJB_sBM_cAll_d09_mJB5_ch02__mc150-3,,Human3R,m0_strict_human3r,Boundary-camera-rotation_deg,62.54283154934082,31.094313693129024,31.448517856211794
aist__gJB_sBM_cAll_d09_mJB5_ch02__mc150-3,aist__gJB_sBM_cAll_d09_mJB5_ch02__mc150-3,,Human3R,m0_strict_human3r,Boundary-camera-translation_m,5.044593770416499,3.218570720800762,1.8260230496157375
aist__gJB_sBM_cAll_d09_mJB5_ch02__mc150-3,aist__gJB_sBM_cAll_d09_mJB5_ch02__mc150-3,,Human3R,m0_strict_human3r,Coverage,0.98,1.0,0.020000000000000018
aist__gJB_sBM_cAll_d09_mJB5_ch02__mc150-3,aist__gJB_sBM_cAll_d09_mJB5_ch02__mc150-3,,BRIDGE3R,m15_bridge3r_fixed_v19,PA-MPJPE_mm,70.03337459105984,76.76652572930578,-6.733151138245944
aist__gJB_sBM_cAll_d09_mJB5_ch02__mc150-3,aist__gJB_sBM_cAll_d09_mJB5_ch02__mc150-3,,BRIDGE3R,m15_bridge3r_fixed_v19,Anchor-MPJPE_mm,986.6114491402151,821.0723769040677,165.53907223614738
aist__gJB_sBM_cAll_d09_mJB5_ch02__mc150-3,aist__gJB_sBM_cAll_d09_mJB5_ch02__mc150-3,,BRIDGE3R,m15_bridge3r_fixed_v19,Anchor-root_mm,958.8596895551331,799.3425422713983,159.51714728373474
aist__gJB_sBM_cAll_d09_mJB5_ch02__mc150-3,aist__gJB_sBM_cAll_d09_mJB5_ch02__mc150-3,,BRIDGE3R,m15_bridge3r_fixed_v19,Orientation_deg,47.173256799656066,52.420412468935055,-5.247155669278989
aist__gJB_sBM_cAll_d09_mJB5_ch02__mc150-3,aist__gJB_sBM_cAll_d09_mJB5_ch02__mc150-3,,BRIDGE3R,m15_bridge3r_fixed_v19,Seam-root_mm,361.8713296403016,1082.4151523524802,-720.5438227121786
aist__gJB_sBM_cAll_d09_mJB5_ch02__mc150-3,aist__gJB_sBM_cAll_d09_mJB5_ch02__mc150-3,,BRIDGE3R,m15_bridge3r_fixed_v19,Seam-orientation_deg,3.6642756868375734,48.33232076340637,-44.6680450765688
aist__gJB_sBM_cAll_d09_mJB5_ch02__mc150-3,aist__gJB_sBM_cAll_d09_mJB5_ch02__mc150-3,,BRIDGE3R,m15_bridge3r_fixed_v19,Camera-rotation_deg,51.36825013671706,61.724468888301246,-10.356218751584187
aist__gJB_sBM_cAll_d09_mJB5_ch02__mc150-3,aist__gJB_sBM_cAll_d09_mJB5_ch02__mc150-3,,BRIDGE3R,m15_bridge3r_fixed_v19,Camera-translation_m,4.34336612331083,5.62771822885594,-1.2843521055451106
aist__gJB_sBM_cAll_d09_mJB5_ch02__mc150-3,aist__gJB_sBM_cAll_d09_mJB5_ch02__mc150-3,,BRIDGE3R,m15_bridge3r_fixed_v19,Boundary-camera-rotation_deg,62.54283154934082,33.26146521960328,29.281366329737537
aist__gJB_sBM_cAll_d09_mJB5_ch02__mc150-3,aist__gJB_sBM_cAll_d09_mJB5_ch02__mc150-3,,BRIDGE3R,m15_bridge3r_fixed_v19,Boundary-camera-translation_m,5.044593770416499,3.081260914550086,1.9633328558664132
aist__gJB_sBM_cAll_d09_mJB5_ch02__mc150-3,aist__gJB_sBM_cAll_d09_mJB5_ch02__mc150-3,,BRIDGE3R,m15_bridge3r_fixed_v19,Coverage,0.98,1.0,0.020000000000000018
aist__gJB_sBM_cAll_d09_mJB5_ch03__mc150-3,aist__gJB_sBM_cAll_d09_mJB5_ch03__mc150-3,,Human3R,m0_strict_human3r,PA-MPJPE_mm,93.63454357240317,96.12171850140929,-2.487174929006116
aist__gJB_sBM_cAll_d09_mJB5_ch03__mc150-3,aist__gJB_sBM_cAll_d09_mJB5_ch03__mc150-3,,Human3R,m0_strict_human3r,Anchor-MPJPE_mm,926.9871301971202,393.68219750048576,533.3049326966345
aist__gJB_sBM_cAll_d09_mJB5_ch03__mc150-3,aist__gJB_sBM_cAll_d09_mJB5_ch03__mc150-3,,Human3R,m0_strict_human3r,Anchor-root_mm,855.6420388002005,258.2749724708877,597.3670663293128
aist__gJB_sBM_cAll_d09_mJB5_ch03__mc150-3,aist__gJB_sBM_cAll_d09_mJB5_ch03__mc150-3,,Human3R,m0_strict_human3r,Orientation_deg,58.61533004834766,104.91488690463746,-46.2995568562898
aist__gJB_sBM_cAll_d09_mJB5_ch03__mc150-3,aist__gJB_sBM_cAll_d09_mJB5_ch03__mc150-3,,Human3R,m0_strict_human3r,Seam-root_mm,248.60058408693692,277.4644808687987,-28.863896781861797
aist__gJB_sBM_cAll_d09_mJB5_ch03__mc150-3,aist__gJB_sBM_cAll_d09_mJB5_ch03__mc150-3,,Human3R,m0_strict_human3r,Seam-orientation_deg,10.548202134387864,95.97440651558121,-85.42620438119334
aist__gJB_sBM_cAll_d09_mJB5_ch03__mc150-3,aist__gJB_sBM_cAll_d09_mJB5_ch03__mc150-3,,Human3R,m0_strict_human3r,Camera-rotation_deg,76.51629278699669,145.87676469259878,-69.3604719056021
aist__gJB_sBM_cAll_d09_mJB5_ch03__mc150-3,aist__gJB_sBM_cAll_d09_mJB5_ch03__mc150-3,,Human3R,m0_strict_human3r,Camera-translation_m,5.204962861100225,9.424565521510315,-4.21960266041009
aist__gJB_sBM_cAll_d09_mJB5_ch03__mc150-3,aist__gJB_sBM_cAll_d09_mJB5_ch03__mc150-3,,Human3R,m0_strict_human3r,Boundary-camera-rotation_deg,90.1870002622546,70.63629827776008,19.550701984494523
aist__gJB_sBM_cAll_d09_mJB5_ch03__mc150-3,aist__gJB_sBM_cAll_d09_mJB5_ch03__mc150-3,,Human3R,m0_strict_human3r,Boundary-camera-translation_m,6.34465257363918,5.026076375269855,1.3185761983693247
aist__gJB_sBM_cAll_d09_mJB5_ch03__mc150-3,aist__gJB_sBM_cAll_d09_mJB5_ch03__mc150-3,,Human3R,m0_strict_human3r,Coverage,0.98,1.0,0.020000000000000018
aist__gJB_sBM_cAll_d09_mJB5_ch03__mc150-3,aist__gJB_sBM_cAll_d09_mJB5_ch03__mc150-3,,BRIDGE3R,m15_bridge3r_fixed_v19,PA-MPJPE_mm,93.63454357240317,96.36405428318444,-2.7295107107812697
aist__gJB_sBM_cAll_d09_mJB5_ch03__mc150-3,aist__gJB_sBM_cAll_d09_mJB5_ch03__mc150-3,,BRIDGE3R,m15_bridge3r_fixed_v19,Anchor-MPJPE_mm,926.9871301971202,816.3463605954411,110.64076960167915
aist__gJB_sBM_cAll_d09_mJB5_ch03__mc150-3,aist__gJB_sBM_cAll_d09_mJB5_ch03__mc150-3,,BRIDGE3R,m15_bridge3r_fixed_v19,Anchor-root_mm,855.6420388002005,817.6591776041201,37.98286119608031
aist__gJB_sBM_cAll_d09_mJB5_ch03__mc150-3,aist__gJB_sBM_cAll_d09_mJB5_ch03__mc150-3,,BRIDGE3R,m15_bridge3r_fixed_v19,Orientation_deg,58.61533004834766,65.32507471138702,-6.709744663039359
aist__gJB_sBM_cAll_d09_mJB5_ch03__mc150-3,aist__gJB_sBM_cAll_d09_mJB5_ch03__mc150-3,,BRIDGE3R,m15_bridge3r_fixed_v19,Seam-root_mm,248.60058408693692,1070.0319043060026,-821.4313202190657
aist__gJB_sBM_cAll_d09_mJB5_ch03__mc150-3,aist__gJB_sBM_cAll_d09_mJB5_ch03__mc150-3,,BRIDGE3R,m15_bridge3r_fixed_v19,Seam-orientation_deg,10.548202134387864,29.595905725008194,-19.04770359062033
aist__gJB_sBM_cAll_d09_mJB5_ch03__mc150-3,aist__gJB_sBM_cAll_d09_mJB5_ch03__mc150-3,,BRIDGE3R,m15_bridge3r_fixed_v19,Camera-rotation_deg,76.51629278699669,99.59397000353727,-23.07767721654058
aist__gJB_sBM_cAll_d09_mJB5_ch03__mc150-3,aist__gJB_sBM_cAll_d09_mJB5_ch03__mc150-3,,BRIDGE3R,m15_bridge3r_fixed_v19,Camera-translation_m,5.204962861100225,7.31958152171292,-2.1146186606126953
aist__gJB_sBM_cAll_d09_mJB5_ch03__mc150-3,aist__gJB_sBM_cAll_d09_mJB5_ch03__mc150-3,,BRIDGE3R,m15_bridge3r_fixed_v19,Boundary-camera-rotation_deg,90.1870002622546,53.874325708221676,36.312674554032924
aist__gJB_sBM_cAll_d09_mJB5_ch03__mc150-3,aist__gJB_sBM_cAll_d09_mJB5_ch03__mc150-3,,BRIDGE3R,m15_bridge3r_fixed_v19,Boundary-camera-translation_m,6.34465257363918,4.685415221848141,1.659237351791039
aist__gJB_sBM_cAll_d09_mJB5_ch03__mc150-3,aist__gJB_sBM_cAll_d09_mJB5_ch03__mc150-3,,BRIDGE3R,m15_bridge3r_fixed_v19,Coverage,0.98,1.0,0.020000000000000018
aist__gJB_sBM_cAll_d09_mJB5_ch04__mc150-3,aist__gJB_sBM_cAll_d09_mJB5_ch04__mc150-3,,Human3R,m0_strict_human3r,PA-MPJPE_mm,79.98571799823544,81.113273110507,-1.1275551122715513
aist__gJB_sBM_cAll_d09_mJB5_ch04__mc150-3,aist__gJB_sBM_cAll_d09_mJB5_ch04__mc150-3,,Human3R,m0_strict_human3r,Anchor-MPJPE_mm,1463.82548159915,966.1005939668388,497.72488763231115
aist__gJB_sBM_cAll_d09_mJB5_ch04__mc150-3,aist__gJB_sBM_cAll_d09_mJB5_ch04__mc150-3,,Human3R,m0_strict_human3r,Anchor-root_mm,1437.8517021708108,944.9424304205115,492.90927175029924
aist__gJB_sBM_cAll_d09_mJB5_ch04__mc150-3,aist__gJB_sBM_cAll_d09_mJB5_ch04__mc150-3,,Human3R,m0_strict_human3r,Orientation_deg,32.88239058038379,20.9560055432026,11.926385037181191
aist__gJB_sBM_cAll_d09_mJB5_ch04__mc150-3,aist__gJB_sBM_cAll_d09_mJB5_ch04__mc150-3,,Human3R,m0_strict_human3r,Seam-root_mm,941.7908849949167,1376.330223508409,-434.53933851349234
aist__gJB_sBM_cAll_d09_mJB5_ch04__mc150-3,aist__gJB_sBM_cAll_d09_mJB5_ch04__mc150-3,,Human3R,m0_strict_human3r,Seam-orientation_deg,38.53814159368188,27.762128166794035,10.776013426887843
aist__gJB_sBM_cAll_d09_mJB5_ch04__mc150-3,aist__gJB_sBM_cAll_d09_mJB5_ch04__mc150-3,,Human3R,m0_strict_human3r,Camera-rotation_deg,18.780299244173683,11.01532272021731,7.764976523956374
aist__gJB_sBM_cAll_d09_mJB5_ch04__mc150-3,aist__gJB_sBM_cAll_d09_mJB5_ch04__mc150-3,,Human3R,m0_strict_human3r,Camera-translation_m,2.56007717163143,2.4812182436537196,0.07885892797771055
aist__gJB_sBM_cAll_d09_mJB5_ch04__mc150-3,aist__gJB_sBM_cAll_d09_mJB5_ch04__mc150-3,,Human3R,m0_strict_human3r,Boundary-camera-rotation_deg,62.84464906679199,10.762138972540061,52.08251009425193
aist__gJB_sBM_cAll_d09_mJB5_ch04__mc150-3,aist__gJB_sBM_cAll_d09_mJB5_ch04__mc150-3,,Human3R,m0_strict_human3r,Boundary-camera-translation_m,4.877138648870864,1.8202932725733945,3.0568453762974697
aist__gJB_sBM_cAll_d09_mJB5_ch04__mc150-3,aist__gJB_sBM_cAll_d09_mJB5_ch04__mc150-3,,Human3R,m0_strict_human3r,Coverage,0.98,1.0,0.020000000000000018
aist__gJB_sBM_cAll_d09_mJB5_ch04__mc150-3,aist__gJB_sBM_cAll_d09_mJB5_ch04__mc150-3,,BRIDGE3R,m15_bridge3r_fixed_v19,PA-MPJPE_mm,79.98571799823544,82.0732211096782,-2.087503111442757
aist__gJB_sBM_cAll_d09_mJB5_ch04__mc150-3,aist__gJB_sBM_cAll_d09_mJB5_ch04__mc150-3,,BRIDGE3R,m15_bridge3r_fixed_v19,Anchor-MPJPE_mm,1463.82548159915,865.9526732511437,597.8728083480063
aist__gJB_sBM_cAll_d09_mJB5_ch04__mc150-3,aist__gJB_sBM_cAll_d09_mJB5_ch04__mc150-3,,BRIDGE3R,m15_bridge3r_fixed_v19,Anchor-root_mm,1437.8517021708108,823.9910504273709,613.8606517434399
aist__gJB_sBM_cAll_d09_mJB5_ch04__mc150-3,aist__gJB_sBM_cAll_d09_mJB5_ch04__mc150-3,,BRIDGE3R,m15_bridge3r_fixed_v19,Orientation_deg,32.88239058038379,30.83447587341399,2.0479147069698023
aist__gJB_sBM_cAll_d09_mJB5_ch04__mc150-3,aist__gJB_sBM_cAll_d09_mJB5_ch04__mc150-3,,BRIDGE3R,m15_bridge3r_fixed_v19,Seam-root_mm,941.7908849949167,675.1328222833846,266.6580627115321
aist__gJB_sBM_cAll_d09_mJB5_ch04__mc150-3,aist__gJB_sBM_cAll_d09_mJB5_ch04__mc150-3,,BRIDGE3R,m15_bridge3r_fixed_v19,Seam-orientation_deg,38.53814159368188,49.977245199890746,-11.439103606208867
aist__gJB_sBM_cAll_d09_mJB5_ch04__mc150-3,aist__gJB_sBM_cAll_d09_mJB5_ch04__mc150-3,,BRIDGE3R,m15_bridge3r_fixed_v19,Camera-rotation_deg,18.780299244173683,32.702020770697644,-13.92172152652396
aist__gJB_sBM_cAll_d09_mJB5_ch04__mc150-3,aist__gJB_sBM_cAll_d09_mJB5_ch04__mc150-3,,BRIDGE3R,m15_bridge3r_fixed_v19,Camera-translation_m,2.56007717163143,2.484067934209342,0.0760092374220882
aist__gJB_sBM_cAll_d09_mJB5_ch04__mc150-3,aist__gJB_sBM_cAll_d09_mJB5_ch04__mc150-3,,BRIDGE3R,m15_bridge3r_fixed_v19,Boundary-camera-rotation_deg,62.84464906679199,33.03139256507019,29.813256501721796
aist__gJB_sBM_cAll_d09_mJB5_ch04__mc150-3,aist__gJB_sBM_cAll_d09_mJB5_ch04__mc150-3,,BRIDGE3R,m15_bridge3r_fixed_v19,Boundary-camera-translation_m,4.877138648870864,2.378016193483396,2.499122455387468
aist__gJB_sBM_cAll_d09_mJB5_ch04__mc150-3,aist__gJB_sBM_cAll_d09_mJB5_ch04__mc150-3,,BRIDGE3R,m15_bridge3r_fixed_v19,Coverage,0.98,1.0,0.020000000000000018
aist__gJB_sBM_cAll_d09_mJB5_ch05__mc150-3,aist__gJB_sBM_cAll_d09_mJB5_ch05__mc150-3,,Human3R,m0_strict_human3r,PA-MPJPE_mm,69.51313743117187,73.68098201535622,-4.167844584184351
aist__gJB_sBM_cAll_d09_mJB5_ch05__mc150-3,aist__gJB_sBM_cAll_d09_mJB5_ch05__mc150-3,,Human3R,m0_strict_human3r,Anchor-MPJPE_mm,1115.8880673740705,728.1709562113475,387.717111162723
aist__gJB_sBM_cAll_d09_mJB5_ch05__mc150-3,aist__gJB_sBM_cAll_d09_mJB5_ch05__mc150-3,,Human3R,m0_strict_human3r,Anchor-root_mm,1056.6542146230033,665.6526744056632,391.0015402173401
aist__gJB_sBM_cAll_d09_mJB5_ch05__mc150-3,aist__gJB_sBM_cAll_d09_mJB5_ch05__mc150-3,,Human3R,m0_strict_human3r,Orientation_deg,59.11196730180882,60.30139896175892,-1.1894316599501025
aist__gJB_sBM_cAll_d09_mJB5_ch05__mc150-3,aist__gJB_sBM_cAll_d09_mJB5_ch05__mc150-3,,Human3R,m0_strict_human3r,Seam-root_mm,1374.934077124078,657.619667241181,717.3144098828969
aist__gJB_sBM_cAll_d09_mJB5_ch05__mc150-3,aist__gJB_sBM_cAll_d09_mJB5_ch05__mc150-3,,Human3R,m0_strict_human3r,Seam-orientation_deg,47.522887867397635,52.233058963311805,-4.71017109591417
aist__gJB_sBM_cAll_d09_mJB5_ch05__mc150-3,aist__gJB_sBM_cAll_d09_mJB5_ch05__mc150-3,,Human3R,m0_strict_human3r,Camera-rotation_deg,76.73984196351151,85.50833018185597,-8.768488218344459
aist__gJB_sBM_cAll_d09_mJB5_ch05__mc150-3,aist__gJB_sBM_cAll_d09_mJB5_ch05__mc150-3,,Human3R,m0_strict_human3r,Camera-translation_m,6.246944530068285,6.736417506469442,-0.4894729764011565
aist__gJB_sBM_cAll_d09_mJB5_ch05__mc150-3,aist__gJB_sBM_cAll_d09_mJB5_ch05__mc150-3,,Human3R,m0_strict_human3r,Boundary-camera-rotation_deg,62.720841531595184,44.520337431668096,18.200504099927088
aist__gJB_sBM_cAll_d09_mJB5_ch05__mc150-3,aist__gJB_sBM_cAll_d09_mJB5_ch05__mc150-3,,Human3R,m0_strict_human3r,Boundary-camera-translation_m,4.656968781896584,3.6160781641302453,1.0408906177663386
aist__gJB_sBM_cAll_d09_mJB5_ch05__mc150-3,aist__gJB_sBM_cAll_d09_mJB5_ch05__mc150-3,,Human3R,m0_strict_human3r,Coverage,0.9666666666666667,1.0,0.033333333333333326
aist__gJB_sBM_cAll_d09_mJB5_ch05__mc150-3,aist__gJB_sBM_cAll_d09_mJB5_ch05__mc150-3,,BRIDGE3R,m15_bridge3r_fixed_v19,PA-MPJPE_mm,69.51313743117187,73.3719224380242,-3.8587850068523295
aist__gJB_sBM_cAll_d09_mJB5_ch05__mc150-3,aist__gJB_sBM_cAll_d09_mJB5_ch05__mc150-3,,BRIDGE3R,m15_bridge3r_fixed_v19,Anchor-MPJPE_mm,1115.8880673740705,1173.0737386611588,-57.185671287088326
aist__gJB_sBM_cAll_d09_mJB5_ch05__mc150-3,aist__gJB_sBM_cAll_d09_mJB5_ch05__mc150-3,,BRIDGE3R,m15_bridge3r_fixed_v19,Anchor-root_mm,1056.6542146230033,1143.399566664549,-86.74535204154563
aist__gJB_sBM_cAll_d09_mJB5_ch05__mc150-3,aist__gJB_sBM_cAll_d09_mJB5_ch05__mc150-3,,BRIDGE3R,m15_bridge3r_fixed_v19,Orientation_deg,59.11196730180882,25.834515177352557,33.27745212445626
aist__gJB_sBM_cAll_d09_mJB5_ch05__mc150-3,aist__gJB_sBM_cAll_d09_mJB5_ch05__mc150-3,,BRIDGE3R,m15_bridge3r_fixed_v19,Seam-root_mm,1374.934077124078,1193.4336716295434,181.50040549453456
aist__gJB_sBM_cAll_d09_mJB5_ch05__mc150-3,aist__gJB_sBM_cAll_d09_mJB5_ch05__mc150-3,,BRIDGE3R,m15_bridge3r_fixed_v19,Seam-orientation_deg,47.522887867397635,38.23565716844005,9.287230698957586
aist__gJB_sBM_cAll_d09_mJB5_ch05__mc150-3,aist__gJB_sBM_cAll_d09_mJB5_ch05__mc150-3,,BRIDGE3R,m15_bridge3r_fixed_v19,Camera-rotation_deg,76.73984196351151,33.58845962895572,43.15138233455579
aist__gJB_sBM_cAll_d09_mJB5_ch05__mc150-3,aist__gJB_sBM_cAll_d09_mJB5_ch05__mc150-3,,BRIDGE3R,m15_bridge3r_fixed_v19,Camera-translation_m,6.246944530068285,3.4882348096890445,2.758709720379241
aist__gJB_sBM_cAll_d09_mJB5_ch05__mc150-3,aist__gJB_sBM_cAll_d09_mJB5_ch05__mc150-3,,BRIDGE3R,m15_bridge3r_fixed_v19,Boundary-camera-rotation_deg,62.720841531595184,29.647139779263345,33.07370175233184
aist__gJB_sBM_cAll_d09_mJB5_ch05__mc150-3,aist__gJB_sBM_cAll_d09_mJB5_ch05__mc150-3,,BRIDGE3R,m15_bridge3r_fixed_v19,Boundary-camera-translation_m,4.656968781896584,2.9320978058217837,1.7248709760748002
aist__gJB_sBM_cAll_d09_mJB5_ch05__mc150-3,aist__gJB_sBM_cAll_d09_mJB5_ch05__mc150-3,,BRIDGE3R,m15_bridge3r_fixed_v19,Coverage,0.9666666666666667,1.0,0.033333333333333326
aist__gJB_sBM_cAll_d09_mJB5_ch06__mc150-3,aist__gJB_sBM_cAll_d09_mJB5_ch06__mc150-3,,Human3R,m0_strict_human3r,PA-MPJPE_mm,86.99353818746509,93.10052756037695,-6.106989372911855
aist__gJB_sBM_cAll_d09_mJB5_ch06__mc150-3,aist__gJB_sBM_cAll_d09_mJB5_ch06__mc150-3,,Human3R,m0_strict_human3r,Anchor-MPJPE_mm,2170.9916700667277,1312.5228378873076,858.4688321794201
aist__gJB_sBM_cAll_d09_mJB5_ch06__mc150-3,aist__gJB_sBM_cAll_d09_mJB5_ch06__mc150-3,,Human3R,m0_strict_human3r,Anchor-root_mm,2166.7039333270664,1252.945721087409,913.7582122396573
aist__gJB_sBM_cAll_d09_mJB5_ch06__mc150-3,aist__gJB_sBM_cAll_d09_mJB5_ch06__mc150-3,,Human3R,m0_strict_human3r,Orientation_deg,56.85932234767944,36.50574344258073,20.353578905098708
aist__gJB_sBM_cAll_d09_mJB5_ch06__mc150-3,aist__gJB_sBM_cAll_d09_mJB5_ch06__mc150-3,,Human3R,m0_strict_human3r,Seam-root_mm,,1595.1176220517636,
aist__gJB_sBM_cAll_d09_mJB5_ch06__mc150-3,aist__gJB_sBM_cAll_d09_mJB5_ch06__mc150-3,,Human3R,m0_strict_human3r,Seam-orientation_deg,,15.490922309123528,
aist__gJB_sBM_cAll_d09_mJB5_ch06__mc150-3,aist__gJB_sBM_cAll_d09_mJB5_ch06__mc150-3,,Human3R,m0_strict_human3r,Camera-rotation_deg,64.54068122147405,61.631147279332446,2.9095339421416
aist__gJB_sBM_cAll_d09_mJB5_ch06__mc150-3,aist__gJB_sBM_cAll_d09_mJB5_ch06__mc150-3,,Human3R,m0_strict_human3r,Camera-translation_m,5.598944837393533,6.0592394385993025,-0.4602946012057698
aist__gJB_sBM_cAll_d09_mJB5_ch06__mc150-3,aist__gJB_sBM_cAll_d09_mJB5_ch06__mc150-3,,Human3R,m0_strict_human3r,Boundary-camera-rotation_deg,62.649202930716434,18.15186461093506,44.49733831978138
aist__gJB_sBM_cAll_d09_mJB5_ch06__mc150-3,aist__gJB_sBM_cAll_d09_mJB5_ch06__mc150-3,,Human3R,m0_strict_human3r,Boundary-camera-translation_m,4.864873252374117,2.7805283920354658,2.0843448603386516
aist__gJB_sBM_cAll_d09_mJB5_ch06__mc150-3,aist__gJB_sBM_cAll_d09_mJB5_ch06__mc150-3,,Human3R,m0_strict_human3r,Coverage,0.9533333333333334,1.0,0.046666666666666634
aist__gJB_sBM_cAll_d09_mJB5_ch06__mc150-3,aist__gJB_sBM_cAll_d09_mJB5_ch06__mc150-3,,BRIDGE3R,m15_bridge3r_fixed_v19,PA-MPJPE_mm,86.99353818746509,93.41202990287526,-6.41849171541017
aist__gJB_sBM_cAll_d09_mJB5_ch06__mc150-3,aist__gJB_sBM_cAll_d09_mJB5_ch06__mc150-3,,BRIDGE3R,m15_bridge3r_fixed_v19,Anchor-MPJPE_mm,2170.9916700667277,892.2437065807214,1278.7479634860063
aist__gJB_sBM_cAll_d09_mJB5_ch06__mc150-3,aist__gJB_sBM_cAll_d09_mJB5_ch06__mc150-3,,BRIDGE3R,m15_bridge3r_fixed_v19,Anchor-root_mm,2166.7039333270664,832.591903014887,1334.1120303121793
aist__gJB_sBM_cAll_d09_mJB5_ch06__mc150-3,aist__gJB_sBM_cAll_d09_mJB5_ch06__mc150-3,,BRIDGE3R,m15_bridge3r_fixed_v19,Orientation_deg,56.85932234767944,28.17718745778956,28.682134889889877
aist__gJB_sBM_cAll_d09_mJB5_ch06__mc150-3,aist__gJB_sBM_cAll_d09_mJB5_ch06__mc150-3,,BRIDGE3R,m15_bridge3r_fixed_v19,Seam-root_mm,,1240.030036298411,
aist__gJB_sBM_cAll_d09_mJB5_ch06__mc150-3,aist__gJB_sBM_cAll_d09_mJB5_ch06__mc150-3,,BRIDGE3R,m15_bridge3r_fixed_v19,Seam-orientation_deg,,25.246614532737247,
aist__gJB_sBM_cAll_d09_mJB5_ch06__mc150-3,aist__gJB_sBM_cAll_d09_mJB5_ch06__mc150-3,,BRIDGE3R,m15_bridge3r_fixed_v19,Camera-rotation_deg,64.54068122147405,45.995813917186425,18.54486730428762
aist__gJB_sBM_cAll_d09_mJB5_ch06__mc150-3,aist__gJB_sBM_cAll_d09_mJB5_ch06__mc150-3,,BRIDGE3R,m15_bridge3r_fixed_v19,Camera-translation_m,5.598944837393533,5.272041408932386,0.3269034284611463
aist__gJB_sBM_cAll_d09_mJB5_ch06__mc150-3,aist__gJB_sBM_cAll_d09_mJB5_ch06__mc150-3,,BRIDGE3R,m15_bridge3r_fixed_v19,Boundary-camera-rotation_deg,62.649202930716434,26.805081028115573,35.84412190260086
aist__gJB_sBM_cAll_d09_mJB5_ch06__mc150-3,aist__gJB_sBM_cAll_d09_mJB5_ch06__mc150-3,,BRIDGE3R,m15_bridge3r_fixed_v19,Boundary-camera-translation_m,4.864873252374117,2.4833296181418643,2.381543634232253
aist__gJB_sBM_cAll_d09_mJB5_ch06__mc150-3,aist__gJB_sBM_cAll_d09_mJB5_ch06__mc150-3,,BRIDGE3R,m15_bridge3r_fixed_v19,Coverage,0.9533333333333334,1.0,0.046666666666666634
aist__gJB_sBM_cAll_d09_mJB5_ch08__mc150-3,aist__gJB_sBM_cAll_d09_mJB5_ch08__mc150-3,,Human3R,m0_strict_human3r,PA-MPJPE_mm,73.3704426640715,73.46980212046428,-0.09935945639277577
aist__gJB_sBM_cAll_d09_mJB5_ch08__mc150-3,aist__gJB_sBM_cAll_d09_mJB5_ch08__mc150-3,,Human3R,m0_strict_human3r,Anchor-MPJPE_mm,1313.8182738335568,1372.4305153681144,-58.6122415345576
aist__gJB_sBM_cAll_d09_mJB5_ch08__mc150-3,aist__gJB_sBM_cAll_d09_mJB5_ch08__mc150-3,,Human3R,m0_strict_human3r,Anchor-root_mm,1286.0654136617527,1317.2847946742133,-31.219381012460644
aist__gJB_sBM_cAll_d09_mJB5_ch08__mc150-3,aist__gJB_sBM_cAll_d09_mJB5_ch08__mc150-3,,Human3R,m0_strict_human3r,Orientation_deg,76.56318089081815,64.57322573563678,11.989955155181363
aist__gJB_sBM_cAll_d09_mJB5_ch08__mc150-3,aist__gJB_sBM_cAll_d09_mJB5_ch08__mc150-3,,Human3R,m0_strict_human3r,Seam-root_mm,906.5528789379242,985.5335422565418,-78.98066331861753
aist__gJB_sBM_cAll_d09_mJB5_ch08__mc150-3,aist__gJB_sBM_cAll_d09_mJB5_ch08__mc150-3,,Human3R,m0_strict_human3r,Seam-orientation_deg,38.35355687873558,37.94398838611317,0.40956849262241235
aist__gJB_sBM_cAll_d09_mJB5_ch08__mc150-3,aist__gJB_sBM_cAll_d09_mJB5_ch08__mc150-3,,Human3R,m0_strict_human3r,Camera-rotation_deg,74.21833032930402,77.23234855549507,-3.014018226191041
aist__gJB_sBM_cAll_d09_mJB5_ch08__mc150-3,aist__gJB_sBM_cAll_d09_mJB5_ch08__mc150-3,,Human3R,m0_strict_human3r,Camera-translation_m,5.966018697035727,6.575645728614225,-0.6096270315784977
aist__gJB_sBM_cAll_d09_mJB5_ch08__mc150-3,aist__gJB_sBM_cAll_d09_mJB5_ch08__mc150-3,,Human3R,m0_strict_human3r,Boundary-camera-rotation_deg,62.89028692663201,30.94465382263691,31.9456331039951
aist__gJB_sBM_cAll_d09_mJB5_ch08__mc150-3,aist__gJB_sBM_cAll_d09_mJB5_ch08__mc150-3,,Human3R,m0_strict_human3r,Boundary-camera-translation_m,5.054188992323819,2.9971188032150717,2.057070189108747
aist__gJB_sBM_cAll_d09_mJB5_ch08__mc150-3,aist__gJB_sBM_cAll_d09_mJB5_ch08__mc150-3,,Human3R,m0_strict_human3r,Coverage,0.9666666666666667,1.0,0.033333333333333326
aist__gJB_sBM_cAll_d09_mJB5_ch08__mc150-3,aist__gJB_sBM_cAll_d09_mJB5_ch08__mc150-3,,BRIDGE3R,m15_bridge3r_fixed_v19,PA-MPJPE_mm,73.3704426640715,73.06802769462993,0.3024149694415712
aist__gJB_sBM_cAll_d09_mJB5_ch08__mc150-3,aist__gJB_sBM_cAll_d09_mJB5_ch08__mc150-3,,BRIDGE3R,m15_bridge3r_fixed_v19,Anchor-MPJPE_mm,1313.8182738335568,1326.6232037169148,-12.804929883358
aist__gJB_sBM_cAll_d09_mJB5_ch08__mc150-3,aist__gJB_sBM_cAll_d09_mJB5_ch08__mc150-3,,BRIDGE3R,m15_bridge3r_fixed_v19,Anchor-root_mm,1286.0654136617527,1289.15683128416,-3.0914176224073344
aist__gJB_sBM_cAll_d09_mJB5_ch08__mc150-3,aist__gJB_sBM_cAll_d09_mJB5_ch08__mc150-3,,BRIDGE3R,m15_bridge3r_fixed_v19,Orientation_deg,76.56318089081815,29.608146287242803,46.95503460357534
aist__gJB_sBM_cAll_d09_mJB5_ch08__mc150-3,aist__gJB_sBM_cAll_d09_mJB5_ch08__mc150-3,,BRIDGE3R,m15_bridge3r_fixed_v19,Seam-root_mm,906.5528789379242,816.5052702560924,90.04760868183178
aist__gJB_sBM_cAll_d09_mJB5_ch08__mc150-3,aist__gJB_sBM_cAll_d09_mJB5_ch08__mc150-3,,BRIDGE3R,m15_bridge3r_fixed_v19,Seam-orientation_deg,38.35355687873558,39.13064570915108,-0.7770888304155008
aist__gJB_sBM_cAll_d09_mJB5_ch08__mc150-3,aist__gJB_sBM_cAll_d09_mJB5_ch08__mc150-3,,BRIDGE3R,m15_bridge3r_fixed_v19,Camera-rotation_deg,74.21833032930402,33.47413573639099,40.74419459291303
aist__gJB_sBM_cAll_d09_mJB5_ch08__mc150-3,aist__gJB_sBM_cAll_d09_mJB5_ch08__mc150-3,,BRIDGE3R,m15_bridge3r_fixed_v19,Camera-translation_m,5.966018697035727,2.105811759300395,3.860206937735332
aist__gJB_sBM_cAll_d09_mJB5_ch08__mc150-3,aist__gJB_sBM_cAll_d09_mJB5_ch08__mc150-3,,BRIDGE3R,m15_bridge3r_fixed_v19,Boundary-camera-rotation_deg,62.89028692663201,45.08927145967105,17.801015466960955
aist__gJB_sBM_cAll_d09_mJB5_ch08__mc150-3,aist__gJB_sBM_cAll_d09_mJB5_ch08__mc150-3,,BRIDGE3R,m15_bridge3r_fixed_v19,Boundary-camera-translation_m,5.054188992323819,3.094312156491924,1.9598768358318948
aist__gJB_sBM_cAll_d09_mJB5_ch08__mc150-3,aist__gJB_sBM_cAll_d09_mJB5_ch08__mc150-3,,BRIDGE3R,m15_bridge3r_fixed_v19,Coverage,0.9666666666666667,1.0,0.033333333333333326
aist__gJB_sFM_cAll_d09_mJB5_ch20__mc150-3,aist__gJB_sFM_cAll_d09_mJB5_ch20__mc150-3,,Human3R,m0_strict_human3r,PA-MPJPE_mm,75.24102113169107,84.6906980433144,-9.449676911623328
aist__gJB_sFM_cAll_d09_mJB5_ch20__mc150-3,aist__gJB_sFM_cAll_d09_mJB5_ch20__mc150-3,,Human3R,m0_strict_human3r,Anchor-MPJPE_mm,753.5315904183715,343.9135780556119,409.6180123627596
aist__gJB_sFM_cAll_d09_mJB5_ch20__mc150-3,aist__gJB_sFM_cAll_d09_mJB5_ch20__mc150-3,,Human3R,m0_strict_human3r,Anchor-root_mm,669.4592482295634,275.6384545213769,393.8207937081865
aist__gJB_sFM_cAll_d09_mJB5_ch20__mc150-3,aist__gJB_sFM_cAll_d09_mJB5_ch20__mc150-3,,Human3R,m0_strict_human3r,Orientation_deg,41.843164323514685,39.96412478718386,1.879039536330822
aist__gJB_sFM_cAll_d09_mJB5_ch20__mc150-3,aist__gJB_sFM_cAll_d09_mJB5_ch20__mc150-3,,Human3R,m0_strict_human3r,Seam-root_mm,612.5679481245807,764.3995128254694,-151.83156470088875
aist__gJB_sFM_cAll_d09_mJB5_ch20__mc150-3,aist__gJB_sFM_cAll_d09_mJB5_ch20__mc150-3,,Human3R,m0_strict_human3r,Seam-orientation_deg,36.27076301628262,112.96393587134898,-76.69317285506636
aist__gJB_sFM_cAll_d09_mJB5_ch20__mc150-3,aist__gJB_sFM_cAll_d09_mJB5_ch20__mc150-3,,Human3R,m0_strict_human3r,Camera-rotation_deg,48.168404215732856,50.614323368636434,-2.4459191529035778
aist__gJB_sFM_cAll_d09_mJB5_ch20__mc150-3,aist__gJB_sFM_cAll_d09_mJB5_ch20__mc150-3,,Human3R,m0_strict_human3r,Camera-translation_m,4.320173916986128,3.6704610450871864,0.649712871898942
aist__gJB_sFM_cAll_d09_mJB5_ch20__mc150-3,aist__gJB_sFM_cAll_d09_mJB5_ch20__mc150-3,,Human3R,m0_strict_human3r,Boundary-camera-rotation_deg,112.58669301130416,92.78877873799419,19.79791427330997
aist__gJB_sFM_cAll_d09_mJB5_ch20__mc150-3,aist__gJB_sFM_cAll_d09_mJB5_ch20__mc150-3,,Human3R,m0_strict_human3r,Boundary-camera-translation_m,7.738649448990487,6.952339870607616,0.7863095783828715
aist__gJB_sFM_cAll_d09_mJB5_ch20__mc150-3,aist__gJB_sFM_cAll_d09_mJB5_ch20__mc150-3,,Human3R,m0_strict_human3r,Coverage,0.9933333333333333,1.0,0.00666666666666671
aist__gJB_sFM_cAll_d09_mJB5_ch20__mc150-3,aist__gJB_sFM_cAll_d09_mJB5_ch20__mc150-3,,BRIDGE3R,m15_bridge3r_fixed_v19,PA-MPJPE_mm,75.24102113169107,84.83268469433192,-9.591663562640846
aist__gJB_sFM_cAll_d09_mJB5_ch20__mc150-3,aist__gJB_sFM_cAll_d09_mJB5_ch20__mc150-3,,BRIDGE3R,m15_bridge3r_fixed_v19,Anchor-MPJPE_mm,753.5315904183715,1269.097440279337,-515.5658498609655
aist__gJB_sFM_cAll_d09_mJB5_ch20__mc150-3,aist__gJB_sFM_cAll_d09_mJB5_ch20__mc150-3,,BRIDGE3R,m15_bridge3r_fixed_v19,Anchor-root_mm,669.4592482295634,1223.016806006085,-553.5575577765217
aist__gJB_sFM_cAll_d09_mJB5_ch20__mc150-3,aist__gJB_sFM_cAll_d09_mJB5_ch20__mc150-3,,BRIDGE3R,m15_bridge3r_fixed_v19,Orientation_deg,41.843164323514685,56.58087052449703,-14.737706200982345
aist__gJB_sFM_cAll_d09_mJB5_ch20__mc150-3,aist__gJB_sFM_cAll_d09_mJB5_ch20__mc150-3,,BRIDGE3R,m15_bridge3r_fixed_v19,Seam-root_mm,612.5679481245807,1091.5611078932639,-478.9931597686832
aist__gJB_sFM_cAll_d09_mJB5_ch20__mc150-3,aist__gJB_sFM_cAll_d09_mJB5_ch20__mc150-3,,BRIDGE3R,m15_bridge3r_fixed_v19,Seam-orientation_deg,36.27076301628262,92.05517742311801,-55.78441440683539
aist__gJB_sFM_cAll_d09_mJB5_ch20__mc150-3,aist__gJB_sFM_cAll_d09_mJB5_ch20__mc150-3,,BRIDGE3R,m15_bridge3r_fixed_v19,Camera-rotation_deg,48.168404215732856,79.75171117989255,-31.583306964159696
aist__gJB_sFM_cAll_d09_mJB5_ch20__mc150-3,aist__gJB_sFM_cAll_d09_mJB5_ch20__mc150-3,,BRIDGE3R,m15_bridge3r_fixed_v19,Camera-translation_m,4.320173916986128,4.785985953619706,-0.4658120366335776
aist__gJB_sFM_cAll_d09_mJB5_ch20__mc150-3,aist__gJB_sFM_cAll_d09_mJB5_ch20__mc150-3,,BRIDGE3R,m15_bridge3r_fixed_v19,Boundary-camera-rotation_deg,112.58669301130416,90.48192481756823,22.104768193735936
aist__gJB_sFM_cAll_d09_mJB5_ch20__mc150-3,aist__gJB_sFM_cAll_d09_mJB5_ch20__mc150-3,,BRIDGE3R,m15_bridge3r_fixed_v19,Boundary-camera-translation_m,7.738649448990487,5.509687887620147,2.2289615613703404
aist__gJB_sFM_cAll_d09_mJB5_ch20__mc150-3,aist__gJB_sFM_cAll_d09_mJB5_ch20__mc150-3,,BRIDGE3R,m15_bridge3r_fixed_v19,Coverage,0.9933333333333333,1.0,0.00666666666666671
aist__gJS_sBM_cAll_d03_mJS3_ch01__mc150-3,aist__gJS_sBM_cAll_d03_mJS3_ch01__mc150-3,,Human3R,m0_strict_human3r,PA-MPJPE_mm,37.46776190052648,33.66725819152805,3.800503708998434
aist__gJS_sBM_cAll_d03_mJS3_ch01__mc150-3,aist__gJS_sBM_cAll_d03_mJS3_ch01__mc150-3,,Human3R,m0_strict_human3r,Anchor-MPJPE_mm,1406.3649970488016,479.179640907045,927.1853561417565
aist__gJS_sBM_cAll_d03_mJS3_ch01__mc150-3,aist__gJS_sBM_cAll_d03_mJS3_ch01__mc150-3,,Human3R,m0_strict_human3r,Anchor-root_mm,1401.1759313822604,469.1030438650089,932.0728875172515
aist__gJS_sBM_cAll_d03_mJS3_ch01__mc150-3,aist__gJS_sBM_cAll_d03_mJS3_ch01__mc150-3,,Human3R,m0_strict_human3r,Orientation_deg,57.69564144815416,34.88870331587362,22.806938132280543
aist__gJS_sBM_cAll_d03_mJS3_ch01__mc150-3,aist__gJS_sBM_cAll_d03_mJS3_ch01__mc150-3,,Human3R,m0_strict_human3r,Seam-root_mm,393.35666384804847,436.38315065659043,-43.02648680854196
aist__gJS_sBM_cAll_d03_mJS3_ch01__mc150-3,aist__gJS_sBM_cAll_d03_mJS3_ch01__mc150-3,,Human3R,m0_strict_human3r,Seam-orientation_deg,38.168690594168964,58.947456694208164,-20.7787661000392
aist__gJS_sBM_cAll_d03_mJS3_ch01__mc150-3,aist__gJS_sBM_cAll_d03_mJS3_ch01__mc150-3,,Human3R,m0_strict_human3r,Camera-rotation_deg,75.05260578826534,49.94945890769829,25.103146880567046
aist__gJS_sBM_cAll_d03_mJS3_ch01__mc150-3,aist__gJS_sBM_cAll_d03_mJS3_ch01__mc150-3,,Human3R,m0_strict_human3r,Camera-translation_m,6.4132360721966,3.9317345639921784,2.481501508204422
aist__gJS_sBM_cAll_d03_mJS3_ch01__mc150-3,aist__gJS_sBM_cAll_d03_mJS3_ch01__mc150-3,,Human3R,m0_strict_human3r,Boundary-camera-rotation_deg,85.74470726296938,57.5055794524544,28.239127810514987
aist__gJS_sBM_cAll_d03_mJS3_ch01__mc150-3,aist__gJS_sBM_cAll_d03_mJS3_ch01__mc150-3,,Human3R,m0_strict_human3r,Boundary-camera-translation_m,6.026064647581036,3.741815365652131,2.2842492819289046
aist__gJS_sBM_cAll_d03_mJS3_ch01__mc150-3,aist__gJS_sBM_cAll_d03_mJS3_ch01__mc150-3,,Human3R,m0_strict_human3r,Coverage,0.98,1.0,0.020000000000000018
aist__gJS_sBM_cAll_d03_mJS3_ch01__mc150-3,aist__gJS_sBM_cAll_d03_mJS3_ch01__mc150-3,,BRIDGE3R,m15_bridge3r_fixed_v19,PA-MPJPE_mm,37.46776190052648,34.159047615803935,3.308714284722548
aist__gJS_sBM_cAll_d03_mJS3_ch01__mc150-3,aist__gJS_sBM_cAll_d03_mJS3_ch01__mc150-3,,BRIDGE3R,m15_bridge3r_fixed_v19,Anchor-MPJPE_mm,1406.3649970488016,970.1346690389029,436.2303280098987
aist__gJS_sBM_cAll_d03_mJS3_ch01__mc150-3,aist__gJS_sBM_cAll_d03_mJS3_ch01__mc150-3,,BRIDGE3R,m15_bridge3r_fixed_v19,Anchor-root_mm,1401.1759313822604,970.1355778881502,431.04035349411015
aist__gJS_sBM_cAll_d03_mJS3_ch01__mc150-3,aist__gJS_sBM_cAll_d03_mJS3_ch01__mc150-3,,BRIDGE3R,m15_bridge3r_fixed_v19,Orientation_deg,57.69564144815416,10.00739843211003,47.68824301604413
aist__gJS_sBM_cAll_d03_mJS3_ch01__mc150-3,aist__gJS_sBM_cAll_d03_mJS3_ch01__mc150-3,,BRIDGE3R,m15_bridge3r_fixed_v19,Seam-root_mm,393.35666384804847,952.5353856636929,-559.1787218156444
aist__gJS_sBM_cAll_d03_mJS3_ch01__mc150-3,aist__gJS_sBM_cAll_d03_mJS3_ch01__mc150-3,,BRIDGE3R,m15_bridge3r_fixed_v19,Seam-orientation_deg,38.168690594168964,8.714486862540149,29.454203731628816
aist__gJS_sBM_cAll_d03_mJS3_ch01__mc150-3,aist__gJS_sBM_cAll_d03_mJS3_ch01__mc150-3,,BRIDGE3R,m15_bridge3r_fixed_v19,Camera-rotation_deg,75.05260578826534,10.97705442305187,64.07555136521347
aist__gJS_sBM_cAll_d03_mJS3_ch01__mc150-3,aist__gJS_sBM_cAll_d03_mJS3_ch01__mc150-3,,BRIDGE3R,m15_bridge3r_fixed_v19,Camera-translation_m,6.4132360721966,1.5838703162851515,4.829365755911448
aist__gJS_sBM_cAll_d03_mJS3_ch01__mc150-3,aist__gJS_sBM_cAll_d03_mJS3_ch01__mc150-3,,BRIDGE3R,m15_bridge3r_fixed_v19,Boundary-camera-rotation_deg,85.74470726296938,8.32693411681339,77.417773146156
aist__gJS_sBM_cAll_d03_mJS3_ch01__mc150-3,aist__gJS_sBM_cAll_d03_mJS3_ch01__mc150-3,,BRIDGE3R,m15_bridge3r_fixed_v19,Boundary-camera-translation_m,6.026064647581036,1.3305961624825497,4.695468485098486
aist__gJS_sBM_cAll_d03_mJS3_ch01__mc150-3,aist__gJS_sBM_cAll_d03_mJS3_ch01__mc150-3,,BRIDGE3R,m15_bridge3r_fixed_v19,Coverage,0.98,1.0,0.020000000000000018
aist__gJS_sBM_cAll_d03_mJS3_ch02__mc150-3,aist__gJS_sBM_cAll_d03_mJS3_ch02__mc150-3,,Human3R,m0_strict_human3r,PA-MPJPE_mm,39.009523885403695,36.55787591197237,2.451647973431328
aist__gJS_sBM_cAll_d03_mJS3_ch02__mc150-3,aist__gJS_sBM_cAll_d03_mJS3_ch02__mc150-3,,Human3R,m0_strict_human3r,Anchor-MPJPE_mm,1581.6361075999685,429.2181505341053,1152.4179570658632
aist__gJS_sBM_cAll_d03_mJS3_ch02__mc150-3,aist__gJS_sBM_cAll_d03_mJS3_ch02__mc150-3,,Human3R,m0_strict_human3r,Anchor-root_mm,1574.9848356267844,399.0194952683334,1175.965340358451
aist__gJS_sBM_cAll_d03_mJS3_ch02__mc150-3,aist__gJS_sBM_cAll_d03_mJS3_ch02__mc150-3,,Human3R,m0_strict_human3r,Orientation_deg,18.264699630095034,59.27079313646475,-41.00609350636971
aist__gJS_sBM_cAll_d03_mJS3_ch02__mc150-3,aist__gJS_sBM_cAll_d03_mJS3_ch02__mc150-3,,Human3R,m0_strict_human3r,Seam-root_mm,766.1452925427553,749.8974399441062,16.24785259864916
aist__gJS_sBM_cAll_d03_mJS3_ch02__mc150-3,aist__gJS_sBM_cAll_d03_mJS3_ch02__mc150-3,,Human3R,m0_strict_human3r,Seam-orientation_deg,28.23411637880838,85.794545760643,-57.56042938183462
aist__gJS_sBM_cAll_d03_mJS3_ch02__mc150-3,aist__gJS_sBM_cAll_d03_mJS3_ch02__mc150-3,,Human3R,m0_strict_human3r,Camera-rotation_deg,16.2457927011058,84.6722733120381,-68.4264806109323
aist__gJS_sBM_cAll_d03_mJS3_ch02__mc150-3,aist__gJS_sBM_cAll_d03_mJS3_ch02__mc150-3,,Human3R,m0_strict_human3r,Camera-translation_m,1.2166322769400566,6.69050274325101,-5.473870466310953
aist__gJS_sBM_cAll_d03_mJS3_ch02__mc150-3,aist__gJS_sBM_cAll_d03_mJS3_ch02__mc150-3,,Human3R,m0_strict_human3r,Boundary-camera-rotation_deg,103.7190127715502,85.44244400067193,18.27656877087827
aist__gJS_sBM_cAll_d03_mJS3_ch02__mc150-3,aist__gJS_sBM_cAll_d03_mJS3_ch02__mc150-3,,Human3R,m0_strict_human3r,Boundary-camera-translation_m,6.68412416163007,4.654043865596659,2.030080296033411
aist__gJS_sBM_cAll_d03_mJS3_ch02__mc150-3,aist__gJS_sBM_cAll_d03_mJS3_ch02__mc150-3,,Human3R,m0_strict_human3r,Coverage,0.98,1.0,0.020000000000000018
aist__gJS_sBM_cAll_d03_mJS3_ch02__mc150-3,aist__gJS_sBM_cAll_d03_mJS3_ch02__mc150-3,,BRIDGE3R,m15_bridge3r_fixed_v19,PA-MPJPE_mm,39.009523885403695,36.716772145813096,2.2927517395905994
aist__gJS_sBM_cAll_d03_mJS3_ch02__mc150-3,aist__gJS_sBM_cAll_d03_mJS3_ch02__mc150-3,,BRIDGE3R,m15_bridge3r_fixed_v19,Anchor-MPJPE_mm,1581.6361075999685,1136.9386261129418,444.6974814870266
aist__gJS_sBM_cAll_d03_mJS3_ch02__mc150-3,aist__gJS_sBM_cAll_d03_mJS3_ch02__mc150-3,,BRIDGE3R,m15_bridge3r_fixed_v19,Anchor-root_mm,1574.9848356267844,1153.668424106054,421.3164115207303
aist__gJS_sBM_cAll_d03_mJS3_ch02__mc150-3,aist__gJS_sBM_cAll_d03_mJS3_ch02__mc150-3,,BRIDGE3R,m15_bridge3r_fixed_v19,Orientation_deg,18.264699630095034,36.08167516503727,-17.816975534942234
aist__gJS_sBM_cAll_d03_mJS3_ch02__mc150-3,aist__gJS_sBM_cAll_d03_mJS3_ch02__mc150-3,,BRIDGE3R,m15_bridge3r_fixed_v19,Seam-root_mm,766.1452925427553,1758.4309033115157,-992.2856107687604
aist__gJS_sBM_cAll_d03_mJS3_ch02__mc150-3,aist__gJS_sBM_cAll_d03_mJS3_ch02__mc150-3,,BRIDGE3R,m15_bridge3r_fixed_v19,Seam-orientation_deg,28.23411637880838,51.900740661054705,-23.666624282246325
aist__gJS_sBM_cAll_d03_mJS3_ch02__mc150-3,aist__gJS_sBM_cAll_d03_mJS3_ch02__mc150-3,,BRIDGE3R,m15_bridge3r_fixed_v19,Camera-rotation_deg,16.2457927011058,48.3273215377255,-32.081528836619704
aist__gJS_sBM_cAll_d03_mJS3_ch02__mc150-3,aist__gJS_sBM_cAll_d03_mJS3_ch02__mc150-3,,BRIDGE3R,m15_bridge3r_fixed_v19,Camera-translation_m,1.2166322769400566,3.8083169553433383,-2.591684678403282
aist__gJS_sBM_cAll_d03_mJS3_ch02__mc150-3,aist__gJS_sBM_cAll_d03_mJS3_ch02__mc150-3,,BRIDGE3R,m15_bridge3r_fixed_v19,Boundary-camera-rotation_deg,103.7190127715502,48.783779268008374,54.93523350354182
aist__gJS_sBM_cAll_d03_mJS3_ch02__mc150-3,aist__gJS_sBM_cAll_d03_mJS3_ch02__mc150-3,,BRIDGE3R,m15_bridge3r_fixed_v19,Boundary-camera-translation_m,6.68412416163007,3.377892371391532,3.306231790238538
aist__gJS_sBM_cAll_d03_mJS3_ch02__mc150-3,aist__gJS_sBM_cAll_d03_mJS3_ch02__mc150-3,,BRIDGE3R,m15_bridge3r_fixed_v19,Coverage,0.98,1.0,0.020000000000000018
aist__gJS_sBM_cAll_d03_mJS3_ch06__mc150-3,aist__gJS_sBM_cAll_d03_mJS3_ch06__mc150-3,,Human3R,m0_strict_human3r,PA-MPJPE_mm,49.64703694330416,51.379821732024666,-1.7327847887205081
aist__gJS_sBM_cAll_d03_mJS3_ch06__mc150-3,aist__gJS_sBM_cAll_d03_mJS3_ch06__mc150-3,,Human3R,m0_strict_human3r,Anchor-MPJPE_mm,1395.700547403328,1271.684158498896,124.016388904432
aist__gJS_sBM_cAll_d03_mJS3_ch06__mc150-3,aist__gJS_sBM_cAll_d03_mJS3_ch06__mc150-3,,Human3R,m0_strict_human3r,Anchor-root_mm,1362.712145662015,1235.1258330730298,127.58631258898527
aist__gJS_sBM_cAll_d03_mJS3_ch06__mc150-3,aist__gJS_sBM_cAll_d03_mJS3_ch06__mc150-3,,Human3R,m0_strict_human3r,Orientation_deg,113.78607091600861,93.0792410459808,20.706829870027818
aist__gJS_sBM_cAll_d03_mJS3_ch06__mc150-3,aist__gJS_sBM_cAll_d03_mJS3_ch06__mc150-3,,Human3R,m0_strict_human3r,Seam-root_mm,620.3297912886107,659.93756708941,-39.60777580079923
aist__gJS_sBM_cAll_d03_mJS3_ch06__mc150-3,aist__gJS_sBM_cAll_d03_mJS3_ch06__mc150-3,,Human3R,m0_strict_human3r,Seam-orientation_deg,18.20416449061645,72.28046024861197,-54.076295757995524
aist__gJS_sBM_cAll_d03_mJS3_ch06__mc150-3,aist__gJS_sBM_cAll_d03_mJS3_ch06__mc150-3,,Human3R,m0_strict_human3r,Camera-rotation_deg,157.484166444894,137.94899455883163,19.535171886062358
aist__gJS_sBM_cAll_d03_mJS3_ch06__mc150-3,aist__gJS_sBM_cAll_d03_mJS3_ch06__mc150-3,,Human3R,m0_strict_human3r,Camera-translation_m,9.322746183977081,9.48124949228928,-0.1585033083121985
aist__gJS_sBM_cAll_d03_mJS3_ch06__mc150-3,aist__gJS_sBM_cAll_d03_mJS3_ch06__mc150-3,,Human3R,m0_strict_human3r,Boundary-camera-rotation_deg,90.06281640325216,72.6991946322808,17.363621770971363
aist__gJS_sBM_cAll_d03_mJS3_ch06__mc150-3,aist__gJS_sBM_cAll_d03_mJS3_ch06__mc150-3,,Human3R,m0_strict_human3r,Boundary-camera-translation_m,6.242668802405463,4.573848250056017,1.6688205523494464
aist__gJS_sBM_cAll_d03_mJS3_ch06__mc150-3,aist__gJS_sBM_cAll_d03_mJS3_ch06__mc150-3,,Human3R,m0_strict_human3r,Coverage,0.9666666666666667,1.0,0.033333333333333326
aist__gJS_sBM_cAll_d03_mJS3_ch06__mc150-3,aist__gJS_sBM_cAll_d03_mJS3_ch06__mc150-3,,BRIDGE3R,m15_bridge3r_fixed_v19,PA-MPJPE_mm,49.64703694330416,50.97283906865441,-1.3258021253502505
aist__gJS_sBM_cAll_d03_mJS3_ch06__mc150-3,aist__gJS_sBM_cAll_d03_mJS3_ch06__mc150-3,,BRIDGE3R,m15_bridge3r_fixed_v19,Anchor-MPJPE_mm,1395.700547403328,1362.398573969933,33.301973433395005
aist__gJS_sBM_cAll_d03_mJS3_ch06__mc150-3,aist__gJS_sBM_cAll_d03_mJS3_ch06__mc150-3,,BRIDGE3R,m15_bridge3r_fixed_v19,Anchor-root_mm,1362.712145662015,1360.1096024220997,2.6025432399153487
aist__gJS_sBM_cAll_d03_mJS3_ch06__mc150-3,aist__gJS_sBM_cAll_d03_mJS3_ch06__mc150-3,,BRIDGE3R,m15_bridge3r_fixed_v19,Orientation_deg,113.78607091600861,43.95299467750187,69.83307623850675
aist__gJS_sBM_cAll_d03_mJS3_ch06__mc150-3,aist__gJS_sBM_cAll_d03_mJS3_ch06__mc150-3,,BRIDGE3R,m15_bridge3r_fixed_v19,Seam-root_mm,620.3297912886107,1021.3270672626675,-400.9972759740567
aist__gJS_sBM_cAll_d03_mJS3_ch06__mc150-3,aist__gJS_sBM_cAll_d03_mJS3_ch06__mc150-3,,BRIDGE3R,m15_bridge3r_fixed_v19,Seam-orientation_deg,18.20416449061645,80.41704118980621,-62.21287669918976
aist__gJS_sBM_cAll_d03_mJS3_ch06__mc150-3,aist__gJS_sBM_cAll_d03_mJS3_ch06__mc150-3,,BRIDGE3R,m15_bridge3r_fixed_v19,Camera-rotation_deg,157.484166444894,58.628782996819055,98.85538344807493
aist__gJS_sBM_cAll_d03_mJS3_ch06__mc150-3,aist__gJS_sBM_cAll_d03_mJS3_ch06__mc150-3,,BRIDGE3R,m15_bridge3r_fixed_v19,Camera-translation_m,9.322746183977081,4.63752199468732,4.6852241892897615
aist__gJS_sBM_cAll_d03_mJS3_ch06__mc150-3,aist__gJS_sBM_cAll_d03_mJS3_ch06__mc150-3,,BRIDGE3R,m15_bridge3r_fixed_v19,Boundary-camera-rotation_deg,90.06281640325216,77.36664616975469,12.696170233497469
aist__gJS_sBM_cAll_d03_mJS3_ch06__mc150-3,aist__gJS_sBM_cAll_d03_mJS3_ch06__mc150-3,,BRIDGE3R,m15_bridge3r_fixed_v19,Boundary-camera-translation_m,6.242668802405463,6.065840067227559,0.17682873517790387
aist__gJS_sBM_cAll_d03_mJS3_ch06__mc150-3,aist__gJS_sBM_cAll_d03_mJS3_ch06__mc150-3,,BRIDGE3R,m15_bridge3r_fixed_v19,Coverage,0.9666666666666667,1.0,0.033333333333333326
aist__gJS_sBM_cAll_d03_mJS3_ch07__mc150-3,aist__gJS_sBM_cAll_d03_mJS3_ch07__mc150-3,,Human3R,m0_strict_human3r,PA-MPJPE_mm,45.853118525017464,45.601565262860774,0.2515532621566905
aist__gJS_sBM_cAll_d03_mJS3_ch07__mc150-3,aist__gJS_sBM_cAll_d03_mJS3_ch07__mc150-3,,Human3R,m0_strict_human3r,Anchor-MPJPE_mm,431.05310268241055,641.1945093314827,-210.1414066490721
aist__gJS_sBM_cAll_d03_mJS3_ch07__mc150-3,aist__gJS_sBM_cAll_d03_mJS3_ch07__mc150-3,,Human3R,m0_strict_human3r,Anchor-root_mm,298.0211847675794,504.98492683869586,-206.96374207111643
aist__gJS_sBM_cAll_d03_mJS3_ch07__mc150-3,aist__gJS_sBM_cAll_d03_mJS3_ch07__mc150-3,,Human3R,m0_strict_human3r,Orientation_deg,105.13931433685447,116.88888049120348,-11.749566154349012
aist__gJS_sBM_cAll_d03_mJS3_ch07__mc150-3,aist__gJS_sBM_cAll_d03_mJS3_ch07__mc150-3,,Human3R,m0_strict_human3r,Seam-root_mm,463.6090579911063,183.68353811773665,279.92551987336964
aist__gJS_sBM_cAll_d03_mJS3_ch07__mc150-3,aist__gJS_sBM_cAll_d03_mJS3_ch07__mc150-3,,Human3R,m0_strict_human3r,Seam-orientation_deg,40.86270687490027,79.72056242816586,-38.857855553265594
aist__gJS_sBM_cAll_d03_mJS3_ch07__mc150-3,aist__gJS_sBM_cAll_d03_mJS3_ch07__mc150-3,,Human3R,m0_strict_human3r,Camera-rotation_deg,157.25041523761763,166.84809525574602,-9.597680018128386
aist__gJS_sBM_cAll_d03_mJS3_ch07__mc150-3,aist__gJS_sBM_cAll_d03_mJS3_ch07__mc150-3,,Human3R,m0_strict_human3r,Camera-translation_m,9.38201824019802,10.078962605885245,-0.6969443656872247
aist__gJS_sBM_cAll_d03_mJS3_ch07__mc150-3,aist__gJS_sBM_cAll_d03_mJS3_ch07__mc150-3,,Human3R,m0_strict_human3r,Boundary-camera-rotation_deg,90.05954549032968,76.7011014255678,13.358444064761883
aist__gJS_sBM_cAll_d03_mJS3_ch07__mc150-3,aist__gJS_sBM_cAll_d03_mJS3_ch07__mc150-3,,Human3R,m0_strict_human3r,Boundary-camera-translation_m,6.243579910585316,4.750890155325619,1.492689755259697
aist__gJS_sBM_cAll_d03_mJS3_ch07__mc150-3,aist__gJS_sBM_cAll_d03_mJS3_ch07__mc150-3,,Human3R,m0_strict_human3r,Coverage,0.9933333333333333,1.0,0.00666666666666671
aist__gJS_sBM_cAll_d03_mJS3_ch07__mc150-3,aist__gJS_sBM_cAll_d03_mJS3_ch07__mc150-3,,BRIDGE3R,m15_bridge3r_fixed_v19,PA-MPJPE_mm,45.853118525017464,45.24326447825025,0.6098540467672109
aist__gJS_sBM_cAll_d03_mJS3_ch07__mc150-3,aist__gJS_sBM_cAll_d03_mJS3_ch07__mc150-3,,BRIDGE3R,m15_bridge3r_fixed_v19,Anchor-MPJPE_mm,431.05310268241055,1206.965882702371,-775.9127800199603
aist__gJS_sBM_cAll_d03_mJS3_ch07__mc150-3,aist__gJS_sBM_cAll_d03_mJS3_ch07__mc150-3,,BRIDGE3R,m15_bridge3r_fixed_v19,Anchor-root_mm,298.0211847675794,1207.691589912567,-909.6704051449876
aist__gJS_sBM_cAll_d03_mJS3_ch07__mc150-3,aist__gJS_sBM_cAll_d03_mJS3_ch07__mc150-3,,BRIDGE3R,m15_bridge3r_fixed_v19,Orientation_deg,105.13931433685447,51.51591723832767,53.6233970985268
aist__gJS_sBM_cAll_d03_mJS3_ch07__mc150-3,aist__gJS_sBM_cAll_d03_mJS3_ch07__mc150-3,,BRIDGE3R,m15_bridge3r_fixed_v19,Seam-root_mm,463.6090579911063,1116.1852072685883,-652.576149277482
aist__gJS_sBM_cAll_d03_mJS3_ch07__mc150-3,aist__gJS_sBM_cAll_d03_mJS3_ch07__mc150-3,,BRIDGE3R,m15_bridge3r_fixed_v19,Seam-orientation_deg,40.86270687490027,86.38109341311437,-45.5183865382141
aist__gJS_sBM_cAll_d03_mJS3_ch07__mc150-3,aist__gJS_sBM_cAll_d03_mJS3_ch07__mc150-3,,BRIDGE3R,m15_bridge3r_fixed_v19,Camera-rotation_deg,157.25041523761763,75.09189633295259,82.15851890466504
aist__gJS_sBM_cAll_d03_mJS3_ch07__mc150-3,aist__gJS_sBM_cAll_d03_mJS3_ch07__mc150-3,,BRIDGE3R,m15_bridge3r_fixed_v19,Camera-translation_m,9.38201824019802,5.408079867783441,3.9739383724145787
aist__gJS_sBM_cAll_d03_mJS3_ch07__mc150-3,aist__gJS_sBM_cAll_d03_mJS3_ch07__mc150-3,,BRIDGE3R,m15_bridge3r_fixed_v19,Boundary-camera-rotation_deg,90.05954549032968,85.44242769353161,4.61711779679807
aist__gJS_sBM_cAll_d03_mJS3_ch07__mc150-3,aist__gJS_sBM_cAll_d03_mJS3_ch07__mc150-3,,BRIDGE3R,m15_bridge3r_fixed_v19,Boundary-camera-translation_m,6.243579910585316,5.860746270820924,0.38283363976439233
aist__gJS_sBM_cAll_d03_mJS3_ch07__mc150-3,aist__gJS_sBM_cAll_d03_mJS3_ch07__mc150-3,,BRIDGE3R,m15_bridge3r_fixed_v19,Coverage,0.9933333333333333,1.0,0.00666666666666671
aist__gJS_sBM_cAll_d03_mJS3_ch08__mc150-3,aist__gJS_sBM_cAll_d03_mJS3_ch08__mc150-3,,Human3R,m0_strict_human3r,PA-MPJPE_mm,43.456395934629676,47.350885394707326,-3.8944894600776507
aist__gJS_sBM_cAll_d03_mJS3_ch08__mc150-3,aist__gJS_sBM_cAll_d03_mJS3_ch08__mc150-3,,Human3R,m0_strict_human3r,Anchor-MPJPE_mm,817.69826520944,385.59142384146986,432.10684136797016
aist__gJS_sBM_cAll_d03_mJS3_ch08__mc150-3,aist__gJS_sBM_cAll_d03_mJS3_ch08__mc150-3,,Human3R,m0_strict_human3r,Anchor-root_mm,723.0728873351633,271.8687329900687,451.2041543450946
aist__gJS_sBM_cAll_d03_mJS3_ch08__mc150-3,aist__gJS_sBM_cAll_d03_mJS3_ch08__mc150-3,,Human3R,m0_strict_human3r,Orientation_deg,69.56221536184928,64.32683773139783,5.2353776304514525
aist__gJS_sBM_cAll_d03_mJS3_ch08__mc150-3,aist__gJS_sBM_cAll_d03_mJS3_ch08__mc150-3,,Human3R,m0_strict_human3r,Seam-root_mm,453.05726577158595,133.9715123342263,319.08575343735964
aist__gJS_sBM_cAll_d03_mJS3_ch08__mc150-3,aist__gJS_sBM_cAll_d03_mJS3_ch08__mc150-3,,Human3R,m0_strict_human3r,Seam-orientation_deg,20.970201708248666,40.45917848879502,-19.488976780546352
aist__gJS_sBM_cAll_d03_mJS3_ch08__mc150-3,aist__gJS_sBM_cAll_d03_mJS3_ch08__mc150-3,,Human3R,m0_strict_human3r,Camera-rotation_deg,94.57991389934914,94.34168038477793,0.23823351457120623
aist__gJS_sBM_cAll_d03_mJS3_ch08__mc150-3,aist__gJS_sBM_cAll_d03_mJS3_ch08__mc150-3,,Human3R,m0_strict_human3r,Camera-translation_m,7.407426649401999,6.738285439250602,0.6691412101513965
aist__gJS_sBM_cAll_d03_mJS3_ch08__mc150-3,aist__gJS_sBM_cAll_d03_mJS3_ch08__mc150-3,,Human3R,m0_strict_human3r,Boundary-camera-rotation_deg,63.42795758128905,47.07105397160039,16.356903609688658
aist__gJS_sBM_cAll_d03_mJS3_ch08__mc150-3,aist__gJS_sBM_cAll_d03_mJS3_ch08__mc150-3,,Human3R,m0_strict_human3r,Boundary-camera-translation_m,5.181668831889477,3.826937476861482,1.3547313550279947
aist__gJS_sBM_cAll_d03_mJS3_ch08__mc150-3,aist__gJS_sBM_cAll_d03_mJS3_ch08__mc150-3,,Human3R,m0_strict_human3r,Coverage,0.98,1.0,0.020000000000000018
aist__gJS_sBM_cAll_d03_mJS3_ch08__mc150-3,aist__gJS_sBM_cAll_d03_mJS3_ch08__mc150-3,,BRIDGE3R,m15_bridge3r_fixed_v19,PA-MPJPE_mm,43.456395934629676,47.02506889186048,-3.5686729572308025
aist__gJS_sBM_cAll_d03_mJS3_ch08__mc150-3,aist__gJS_sBM_cAll_d03_mJS3_ch08__mc150-3,,BRIDGE3R,m15_bridge3r_fixed_v19,Anchor-MPJPE_mm,817.69826520944,884.0276565087183,-66.32939129927831
aist__gJS_sBM_cAll_d03_mJS3_ch08__mc150-3,aist__gJS_sBM_cAll_d03_mJS3_ch08__mc150-3,,BRIDGE3R,m15_bridge3r_fixed_v19,Anchor-root_mm,723.0728873351633,868.7384731646337,-145.6655858294704
aist__gJS_sBM_cAll_d03_mJS3_ch08__mc150-3,aist__gJS_sBM_cAll_d03_mJS3_ch08__mc150-3,,BRIDGE3R,m15_bridge3r_fixed_v19,Orientation_deg,69.56221536184928,8.240707379371917,61.321507982477364
aist__gJS_sBM_cAll_d03_mJS3_ch08__mc150-3,aist__gJS_sBM_cAll_d03_mJS3_ch08__mc150-3,,BRIDGE3R,m15_bridge3r_fixed_v19,Seam-root_mm,453.05726577158595,1256.8613654375933,-803.8040996660075
aist__gJS_sBM_cAll_d03_mJS3_ch08__mc150-3,aist__gJS_sBM_cAll_d03_mJS3_ch08__mc150-3,,BRIDGE3R,m15_bridge3r_fixed_v19,Seam-orientation_deg,20.970201708248666,5.783671380347666,15.186530327901
aist__gJS_sBM_cAll_d03_mJS3_ch08__mc150-3,aist__gJS_sBM_cAll_d03_mJS3_ch08__mc150-3,,BRIDGE3R,m15_bridge3r_fixed_v19,Camera-rotation_deg,94.57991389934914,11.583430092415638,82.9964838069335
aist__gJS_sBM_cAll_d03_mJS3_ch08__mc150-3,aist__gJS_sBM_cAll_d03_mJS3_ch08__mc150-3,,BRIDGE3R,m15_bridge3r_fixed_v19,Camera-translation_m,7.407426649401999,1.1069545931754847,6.300472056226514
aist__gJS_sBM_cAll_d03_mJS3_ch08__mc150-3,aist__gJS_sBM_cAll_d03_mJS3_ch08__mc150-3,,BRIDGE3R,m15_bridge3r_fixed_v19,Boundary-camera-rotation_deg,63.42795758128905,7.9300140625389215,55.49794351875013
aist__gJS_sBM_cAll_d03_mJS3_ch08__mc150-3,aist__gJS_sBM_cAll_d03_mJS3_ch08__mc150-3,,BRIDGE3R,m15_bridge3r_fixed_v19,Boundary-camera-translation_m,5.181668831889477,1.199193846642248,3.9824749852472285
aist__gJS_sBM_cAll_d03_mJS3_ch08__mc150-3,aist__gJS_sBM_cAll_d03_mJS3_ch08__mc150-3,,BRIDGE3R,m15_bridge3r_fixed_v19,Coverage,0.98,1.0,0.020000000000000018
aist__gJS_sBM_cAll_d03_mJS3_ch09__mc150-3,aist__gJS_sBM_cAll_d03_mJS3_ch09__mc150-3,,Human3R,m0_strict_human3r,PA-MPJPE_mm,43.50697556073242,50.8728499616773,-7.365874400944875
aist__gJS_sBM_cAll_d03_mJS3_ch09__mc150-3,aist__gJS_sBM_cAll_d03_mJS3_ch09__mc150-3,,Human3R,m0_strict_human3r,Anchor-MPJPE_mm,1982.0527980722468,489.7004802764484,1492.3523177957984
aist__gJS_sBM_cAll_d03_mJS3_ch09__mc150-3,aist__gJS_sBM_cAll_d03_mJS3_ch09__mc150-3,,Human3R,m0_strict_human3r,Anchor-root_mm,1971.2317004996864,455.1282531636893,1516.103447335997
aist__gJS_sBM_cAll_d03_mJS3_ch09__mc150-3,aist__gJS_sBM_cAll_d03_mJS3_ch09__mc150-3,,Human3R,m0_strict_human3r,Orientation_deg,39.089690937316114,39.13536116818335,-0.04567023086723765
aist__gJS_sBM_cAll_d03_mJS3_ch09__mc150-3,aist__gJS_sBM_cAll_d03_mJS3_ch09__mc150-3,,Human3R,m0_strict_human3r,Seam-root_mm,251.69188449475044,996.8898332312328,-745.1979487364824
aist__gJS_sBM_cAll_d03_mJS3_ch09__mc150-3,aist__gJS_sBM_cAll_d03_mJS3_ch09__mc150-3,,Human3R,m0_strict_human3r,Seam-orientation_deg,6.530004996828116,42.53806970759715,-36.008064710769034
aist__gJS_sBM_cAll_d03_mJS3_ch09__mc150-3,aist__gJS_sBM_cAll_d03_mJS3_ch09__mc150-3,,Human3R,m0_strict_human3r,Camera-rotation_deg,47.503653137162026,49.44388464821591,-1.9402315110538808
aist__gJS_sBM_cAll_d03_mJS3_ch09__mc150-3,aist__gJS_sBM_cAll_d03_mJS3_ch09__mc150-3,,Human3R,m0_strict_human3r,Camera-translation_m,3.3544730087168695,4.371279967681937,-1.0168069589650672
aist__gJS_sBM_cAll_d03_mJS3_ch09__mc150-3,aist__gJS_sBM_cAll_d03_mJS3_ch09__mc150-3,,Human3R,m0_strict_human3r,Boundary-camera-rotation_deg,62.857122286064964,46.59432820310376,16.262794082961207
aist__gJS_sBM_cAll_d03_mJS3_ch09__mc150-3,aist__gJS_sBM_cAll_d03_mJS3_ch09__mc150-3,,Human3R,m0_strict_human3r,Boundary-camera-translation_m,5.000047317944546,3.471844301818222,1.5282030161263238
aist__gJS_sBM_cAll_d03_mJS3_ch09__mc150-3,aist__gJS_sBM_cAll_d03_mJS3_ch09__mc150-3,,Human3R,m0_strict_human3r,Coverage,0.96,1.0,0.040000000000000036
aist__gJS_sBM_cAll_d03_mJS3_ch09__mc150-3,aist__gJS_sBM_cAll_d03_mJS3_ch09__mc150-3,,BRIDGE3R,m15_bridge3r_fixed_v19,PA-MPJPE_mm,43.50697556073242,50.614218616797764,-7.107243056065343
aist__gJS_sBM_cAll_d03_mJS3_ch09__mc150-3,aist__gJS_sBM_cAll_d03_mJS3_ch09__mc150-3,,BRIDGE3R,m15_bridge3r_fixed_v19,Anchor-MPJPE_mm,1982.0527980722468,943.4726071647415,1038.5801909075053
aist__gJS_sBM_cAll_d03_mJS3_ch09__mc150-3,aist__gJS_sBM_cAll_d03_mJS3_ch09__mc150-3,,BRIDGE3R,m15_bridge3r_fixed_v19,Anchor-root_mm,1971.2317004996864,931.2378544949477,1039.9938460047388
aist__gJS_sBM_cAll_d03_mJS3_ch09__mc150-3,aist__gJS_sBM_cAll_d03_mJS3_ch09__mc150-3,,BRIDGE3R,m15_bridge3r_fixed_v19,Orientation_deg,39.089690937316114,22.28598891681325,16.803702020502865
aist__gJS_sBM_cAll_d03_mJS3_ch09__mc150-3,aist__gJS_sBM_cAll_d03_mJS3_ch09__mc150-3,,BRIDGE3R,m15_bridge3r_fixed_v19,Seam-root_mm,251.69188449475044,2239.539250773729,-1987.8473662789784
aist__gJS_sBM_cAll_d03_mJS3_ch09__mc150-3,aist__gJS_sBM_cAll_d03_mJS3_ch09__mc150-3,,BRIDGE3R,m15_bridge3r_fixed_v19,Seam-orientation_deg,6.530004996828116,29.71735774481013,-23.187352747982015
aist__gJS_sBM_cAll_d03_mJS3_ch09__mc150-3,aist__gJS_sBM_cAll_d03_mJS3_ch09__mc150-3,,BRIDGE3R,m15_bridge3r_fixed_v19,Camera-rotation_deg,47.503653137162026,27.48917413997393,20.014478997188096
aist__gJS_sBM_cAll_d03_mJS3_ch09__mc150-3,aist__gJS_sBM_cAll_d03_mJS3_ch09__mc150-3,,BRIDGE3R,m15_bridge3r_fixed_v19,Camera-translation_m,3.3544730087168695,1.5666395341535448,1.7878334745633246
aist__gJS_sBM_cAll_d03_mJS3_ch09__mc150-3,aist__gJS_sBM_cAll_d03_mJS3_ch09__mc150-3,,BRIDGE3R,m15_bridge3r_fixed_v19,Boundary-camera-rotation_deg,62.857122286064964,27.502158562867052,35.35496372319791
aist__gJS_sBM_cAll_d03_mJS3_ch09__mc150-3,aist__gJS_sBM_cAll_d03_mJS3_ch09__mc150-3,,BRIDGE3R,m15_bridge3r_fixed_v19,Boundary-camera-translation_m,5.000047317944546,1.547625855006585,3.452421462937961
aist__gJS_sBM_cAll_d03_mJS3_ch09__mc150-3,aist__gJS_sBM_cAll_d03_mJS3_ch09__mc150-3,,BRIDGE3R,m15_bridge3r_fixed_v19,Coverage,0.96,1.0,0.040000000000000036
aist__gJS_sBM_cAll_d03_mJS4_ch01__mc150-3,aist__gJS_sBM_cAll_d03_mJS4_ch01__mc150-3,,Human3R,m0_strict_human3r,PA-MPJPE_mm,33.34240635833877,34.418164191186925,-1.0757578328481543
aist__gJS_sBM_cAll_d03_mJS4_ch01__mc150-3,aist__gJS_sBM_cAll_d03_mJS4_ch01__mc150-3,,Human3R,m0_strict_human3r,Anchor-MPJPE_mm,1778.1229733757623,558.9008307727785,1219.2221426029837
aist__gJS_sBM_cAll_d03_mJS4_ch01__mc150-3,aist__gJS_sBM_cAll_d03_mJS4_ch01__mc150-3,,Human3R,m0_strict_human3r,Anchor-root_mm,1773.265964996816,533.2336140818533,1240.0323509149625
aist__gJS_sBM_cAll_d03_mJS4_ch01__mc150-3,aist__gJS_sBM_cAll_d03_mJS4_ch01__mc150-3,,Human3R,m0_strict_human3r,Orientation_deg,55.5576416815728,34.18753401155411,21.370107670018683
aist__gJS_sBM_cAll_d03_mJS4_ch01__mc150-3,aist__gJS_sBM_cAll_d03_mJS4_ch01__mc150-3,,Human3R,m0_strict_human3r,Seam-root_mm,405.66046828862795,496.30093505639996,-90.64046676777201
aist__gJS_sBM_cAll_d03_mJS4_ch01__mc150-3,aist__gJS_sBM_cAll_d03_mJS4_ch01__mc150-3,,Human3R,m0_strict_human3r,Seam-orientation_deg,39.22909493054459,60.12751047133503,-20.898415540790438
aist__gJS_sBM_cAll_d03_mJS4_ch01__mc150-3,aist__gJS_sBM_cAll_d03_mJS4_ch01__mc150-3,,Human3R,m0_strict_human3r,Camera-rotation_deg,74.18349674330146,49.022962383865014,25.160534359436447
aist__gJS_sBM_cAll_d03_mJS4_ch01__mc150-3,aist__gJS_sBM_cAll_d03_mJS4_ch01__mc150-3,,Human3R,m0_strict_human3r,Camera-translation_m,6.4802910659126045,4.2961353230428605,2.184155742869744
aist__gJS_sBM_cAll_d03_mJS4_ch01__mc150-3,aist__gJS_sBM_cAll_d03_mJS4_ch01__mc150-3,,Human3R,m0_strict_human3r,Boundary-camera-rotation_deg,85.80023819279637,59.68635171770126,26.113886475095114
aist__gJS_sBM_cAll_d03_mJS4_ch01__mc150-3,aist__gJS_sBM_cAll_d03_mJS4_ch01__mc150-3,,Human3R,m0_strict_human3r,Boundary-camera-translation_m,6.13718397613547,3.94102844754099,2.19615552859448
aist__gJS_sBM_cAll_d03_mJS4_ch01__mc150-3,aist__gJS_sBM_cAll_d03_mJS4_ch01__mc150-3,,Human3R,m0_strict_human3r,Coverage,0.9933333333333333,1.0,0.00666666666666671
aist__gJS_sBM_cAll_d03_mJS4_ch01__mc150-3,aist__gJS_sBM_cAll_d03_mJS4_ch01__mc150-3,,BRIDGE3R,m15_bridge3r_fixed_v19,PA-MPJPE_mm,33.34240635833877,34.40340390701466,-1.0609975486758927
aist__gJS_sBM_cAll_d03_mJS4_ch01__mc150-3,aist__gJS_sBM_cAll_d03_mJS4_ch01__mc150-3,,BRIDGE3R,m15_bridge3r_fixed_v19,Anchor-MPJPE_mm,1778.1229733757623,866.6177018675214,911.5052715082409
aist__gJS_sBM_cAll_d03_mJS4_ch01__mc150-3,aist__gJS_sBM_cAll_d03_mJS4_ch01__mc150-3,,BRIDGE3R,m15_bridge3r_fixed_v19,Anchor-root_mm,1773.265964996816,860.0938103776766,913.1721546191393
aist__gJS_sBM_cAll_d03_mJS4_ch01__mc150-3,aist__gJS_sBM_cAll_d03_mJS4_ch01__mc150-3,,BRIDGE3R,m15_bridge3r_fixed_v19,Orientation_deg,55.5576416815728,31.477800458412567,24.07984122316023
aist__gJS_sBM_cAll_d03_mJS4_ch01__mc150-3,aist__gJS_sBM_cAll_d03_mJS4_ch01__mc150-3,,BRIDGE3R,m15_bridge3r_fixed_v19,Seam-root_mm,405.66046828862795,880.7036927510972,-475.0432244624692
aist__gJS_sBM_cAll_d03_mJS4_ch01__mc150-3,aist__gJS_sBM_cAll_d03_mJS4_ch01__mc150-3,,BRIDGE3R,m15_bridge3r_fixed_v19,Seam-orientation_deg,39.22909493054459,47.33543135778043,-8.106336427235838
aist__gJS_sBM_cAll_d03_mJS4_ch01__mc150-3,aist__gJS_sBM_cAll_d03_mJS4_ch01__mc150-3,,BRIDGE3R,m15_bridge3r_fixed_v19,Camera-rotation_deg,74.18349674330146,45.279592468686204,28.903904274615257
aist__gJS_sBM_cAll_d03_mJS4_ch01__mc150-3,aist__gJS_sBM_cAll_d03_mJS4_ch01__mc150-3,,BRIDGE3R,m15_bridge3r_fixed_v19,Camera-translation_m,6.4802910659126045,3.8257947534108587,2.654496312501746
aist__gJS_sBM_cAll_d03_mJS4_ch01__mc150-3,aist__gJS_sBM_cAll_d03_mJS4_ch01__mc150-3,,BRIDGE3R,m15_bridge3r_fixed_v19,Boundary-camera-rotation_deg,85.80023819279637,46.68143927417679,39.11879891861958
aist__gJS_sBM_cAll_d03_mJS4_ch01__mc150-3,aist__gJS_sBM_cAll_d03_mJS4_ch01__mc150-3,,BRIDGE3R,m15_bridge3r_fixed_v19,Boundary-camera-translation_m,6.13718397613547,3.458707429605044,2.6784765465304257
aist__gJS_sBM_cAll_d03_mJS4_ch01__mc150-3,aist__gJS_sBM_cAll_d03_mJS4_ch01__mc150-3,,BRIDGE3R,m15_bridge3r_fixed_v19,Coverage,0.9933333333333333,1.0,0.00666666666666671
aist__gJS_sBM_cAll_d03_mJS5_ch01__mc150-3,aist__gJS_sBM_cAll_d03_mJS5_ch01__mc150-3,,Human3R,m0_strict_human3r,PA-MPJPE_mm,34.996764322579,34.88247580239003,0.11428852018896407
aist__gJS_sBM_cAll_d03_mJS5_ch01__mc150-3,aist__gJS_sBM_cAll_d03_mJS5_ch01__mc150-3,,Human3R,m0_strict_human3r,Anchor-MPJPE_mm,1411.4768991465314,599.4439197042657,812.0329794422657
aist__gJS_sBM_cAll_d03_mJS5_ch01__mc150-3,aist__gJS_sBM_cAll_d03_mJS5_ch01__mc150-3,,Human3R,m0_strict_human3r,Anchor-root_mm,1405.4265087774431,582.6102185334375,822.8162902440056
aist__gJS_sBM_cAll_d03_mJS5_ch01__mc150-3,aist__gJS_sBM_cAll_d03_mJS5_ch01__mc150-3,,Human3R,m0_strict_human3r,Orientation_deg,55.718035448674264,35.22291833609196,20.495117112582307
aist__gJS_sBM_cAll_d03_mJS5_ch01__mc150-3,aist__gJS_sBM_cAll_d03_mJS5_ch01__mc150-3,,Human3R,m0_strict_human3r,Seam-root_mm,384.85419811848163,486.1342036994004,-101.28000558091878
aist__gJS_sBM_cAll_d03_mJS5_ch01__mc150-3,aist__gJS_sBM_cAll_d03_mJS5_ch01__mc150-3,,Human3R,m0_strict_human3r,Seam-orientation_deg,37.163057960701515,58.01242009925915,-20.849362138557638
aist__gJS_sBM_cAll_d03_mJS5_ch01__mc150-3,aist__gJS_sBM_cAll_d03_mJS5_ch01__mc150-3,,Human3R,m0_strict_human3r,Camera-rotation_deg,75.48853568275256,49.8039824509473,25.684553231805253
aist__gJS_sBM_cAll_d03_mJS5_ch01__mc150-3,aist__gJS_sBM_cAll_d03_mJS5_ch01__mc150-3,,Human3R,m0_strict_human3r,Camera-translation_m,6.5395118019973175,3.9837185425368795,2.555793259460438
aist__gJS_sBM_cAll_d03_mJS5_ch01__mc150-3,aist__gJS_sBM_cAll_d03_mJS5_ch01__mc150-3,,Human3R,m0_strict_human3r,Boundary-camera-rotation_deg,85.84943595793457,55.72050847671642,30.128927481218156
aist__gJS_sBM_cAll_d03_mJS5_ch01__mc150-3,aist__gJS_sBM_cAll_d03_mJS5_ch01__mc150-3,,Human3R,m0_strict_human3r,Boundary-camera-translation_m,6.02461300409036,3.6220983740380577,2.402514630052302
aist__gJS_sBM_cAll_d03_mJS5_ch01__mc150-3,aist__gJS_sBM_cAll_d03_mJS5_ch01__mc150-3,,Human3R,m0_strict_human3r,Coverage,0.98,1.0,0.020000000000000018
aist__gJS_sBM_cAll_d03_mJS5_ch01__mc150-3,aist__gJS_sBM_cAll_d03_mJS5_ch01__mc150-3,,BRIDGE3R,m15_bridge3r_fixed_v19,PA-MPJPE_mm,34.996764322579,35.18210778427256,-0.18534346169356297
aist__gJS_sBM_cAll_d03_mJS5_ch01__mc150-3,aist__gJS_sBM_cAll_d03_mJS5_ch01__mc150-3,,BRIDGE3R,m15_bridge3r_fixed_v19,Anchor-MPJPE_mm,1411.4768991465314,984.9943566329902,426.48254251354126
aist__gJS_sBM_cAll_d03_mJS5_ch01__mc150-3,aist__gJS_sBM_cAll_d03_mJS5_ch01__mc150-3,,BRIDGE3R,m15_bridge3r_fixed_v19,Anchor-root_mm,1405.4265087774431,983.2986300294804,422.12787874796277
aist__gJS_sBM_cAll_d03_mJS5_ch01__mc150-3,aist__gJS_sBM_cAll_d03_mJS5_ch01__mc150-3,,BRIDGE3R,m15_bridge3r_fixed_v19,Orientation_deg,55.718035448674264,9.638223715661649,46.07981173301262
aist__gJS_sBM_cAll_d03_mJS5_ch01__mc150-3,aist__gJS_sBM_cAll_d03_mJS5_ch01__mc150-3,,BRIDGE3R,m15_bridge3r_fixed_v19,Seam-root_mm,384.85419811848163,847.5531521159705,-462.6989539974889
aist__gJS_sBM_cAll_d03_mJS5_ch01__mc150-3,aist__gJS_sBM_cAll_d03_mJS5_ch01__mc150-3,,BRIDGE3R,m15_bridge3r_fixed_v19,Seam-orientation_deg,37.163057960701515,9.548822891571508,27.614235069130007
aist__gJS_sBM_cAll_d03_mJS5_ch01__mc150-3,aist__gJS_sBM_cAll_d03_mJS5_ch01__mc150-3,,BRIDGE3R,m15_bridge3r_fixed_v19,Camera-rotation_deg,75.48853568275256,8.310905045159512,67.17763063759304
aist__gJS_sBM_cAll_d03_mJS5_ch01__mc150-3,aist__gJS_sBM_cAll_d03_mJS5_ch01__mc150-3,,BRIDGE3R,m15_bridge3r_fixed_v19,Camera-translation_m,6.5395118019973175,1.4150854367217531,5.124426365275564
aist__gJS_sBM_cAll_d03_mJS5_ch01__mc150-3,aist__gJS_sBM_cAll_d03_mJS5_ch01__mc150-3,,BRIDGE3R,m15_bridge3r_fixed_v19,Boundary-camera-rotation_deg,85.84943595793457,5.558758836089174,80.2906771218454
aist__gJS_sBM_cAll_d03_mJS5_ch01__mc150-3,aist__gJS_sBM_cAll_d03_mJS5_ch01__mc150-3,,BRIDGE3R,m15_bridge3r_fixed_v19,Boundary-camera-translation_m,6.02461300409036,1.1542467733955137,4.870366230694846
aist__gJS_sBM_cAll_d03_mJS5_ch01__mc150-3,aist__gJS_sBM_cAll_d03_mJS5_ch01__mc150-3,,BRIDGE3R,m15_bridge3r_fixed_v19,Coverage,0.98,1.0,0.020000000000000018
aist__gJS_sFM_cAll_d03_mJS3_ch04__mc150-3,aist__gJS_sFM_cAll_d03_mJS3_ch04__mc150-3,,Human3R,m0_strict_human3r,PA-MPJPE_mm,56.015662027464664,59.56374400787024,-3.548081980405577
aist__gJS_sFM_cAll_d03_mJS3_ch04__mc150-3,aist__gJS_sFM_cAll_d03_mJS3_ch04__mc150-3,,Human3R,m0_strict_human3r,Anchor-MPJPE_mm,1716.8214212044786,477.2444516471369,1239.5769695573417
aist__gJS_sFM_cAll_d03_mJS3_ch04__mc150-3,aist__gJS_sFM_cAll_d03_mJS3_ch04__mc150-3,,Human3R,m0_strict_human3r,Anchor-root_mm,1717.4900869080716,459.27077677298985,1258.2193101350817
aist__gJS_sFM_cAll_d03_mJS3_ch04__mc150-3,aist__gJS_sFM_cAll_d03_mJS3_ch04__mc150-3,,Human3R,m0_strict_human3r,Orientation_deg,54.83871868312616,39.17899683656012,15.659721846566043
aist__gJS_sFM_cAll_d03_mJS3_ch04__mc150-3,aist__gJS_sFM_cAll_d03_mJS3_ch04__mc150-3,,Human3R,m0_strict_human3r,Seam-root_mm,601.4037397550233,556.8215718611444,44.58216789387882
aist__gJS_sFM_cAll_d03_mJS3_ch04__mc150-3,aist__gJS_sFM_cAll_d03_mJS3_ch04__mc150-3,,Human3R,m0_strict_human3r,Seam-orientation_deg,24.505899055055124,67.96277689733527,-43.45687784228015
aist__gJS_sFM_cAll_d03_mJS3_ch04__mc150-3,aist__gJS_sFM_cAll_d03_mJS3_ch04__mc150-3,,Human3R,m0_strict_human3r,Camera-rotation_deg,72.18163348574897,49.45501517331917,22.726618312429807
aist__gJS_sFM_cAll_d03_mJS3_ch04__mc150-3,aist__gJS_sFM_cAll_d03_mJS3_ch04__mc150-3,,Human3R,m0_strict_human3r,Camera-translation_m,6.47101664182186,3.8746277542255028,2.5963888875963574
aist__gJS_sFM_cAll_d03_mJS3_ch04__mc150-3,aist__gJS_sFM_cAll_d03_mJS3_ch04__mc150-3,,Human3R,m0_strict_human3r,Boundary-camera-rotation_deg,85.55752866480158,59.87618628496779,25.681342379833794
aist__gJS_sFM_cAll_d03_mJS3_ch04__mc150-3,aist__gJS_sFM_cAll_d03_mJS3_ch04__mc150-3,,Human3R,m0_strict_human3r,Boundary-camera-translation_m,6.041659884836885,3.620184686071159,2.4214751987657257
aist__gJS_sFM_cAll_d03_mJS3_ch04__mc150-3,aist__gJS_sFM_cAll_d03_mJS3_ch04__mc150-3,,Human3R,m0_strict_human3r,Coverage,0.98,1.0,0.020000000000000018
aist__gJS_sFM_cAll_d03_mJS3_ch04__mc150-3,aist__gJS_sFM_cAll_d03_mJS3_ch04__mc150-3,,BRIDGE3R,m15_bridge3r_fixed_v19,PA-MPJPE_mm,56.015662027464664,59.37630892094038,-3.3606468934757174
aist__gJS_sFM_cAll_d03_mJS3_ch04__mc150-3,aist__gJS_sFM_cAll_d03_mJS3_ch04__mc150-3,,BRIDGE3R,m15_bridge3r_fixed_v19,Anchor-MPJPE_mm,1716.8214212044786,694.9798214662007,1021.8415997382779
aist__gJS_sFM_cAll_d03_mJS3_ch04__mc150-3,aist__gJS_sFM_cAll_d03_mJS3_ch04__mc150-3,,BRIDGE3R,m15_bridge3r_fixed_v19,Anchor-root_mm,1717.4900869080716,679.2320460689202,1038.2580408391514
aist__gJS_sFM_cAll_d03_mJS3_ch04__mc150-3,aist__gJS_sFM_cAll_d03_mJS3_ch04__mc150-3,,BRIDGE3R,m15_bridge3r_fixed_v19,Orientation_deg,54.83871868312616,39.850059723604694,14.988658959521466
aist__gJS_sFM_cAll_d03_mJS3_ch04__mc150-3,aist__gJS_sFM_cAll_d03_mJS3_ch04__mc150-3,,BRIDGE3R,m15_bridge3r_fixed_v19,Seam-root_mm,601.4037397550233,960.1521894673627,-358.7484497123395
aist__gJS_sFM_cAll_d03_mJS3_ch04__mc150-3,aist__gJS_sFM_cAll_d03_mJS3_ch04__mc150-3,,BRIDGE3R,m15_bridge3r_fixed_v19,Seam-orientation_deg,24.505899055055124,60.96694860171274,-36.46104954665761
aist__gJS_sFM_cAll_d03_mJS3_ch04__mc150-3,aist__gJS_sFM_cAll_d03_mJS3_ch04__mc150-3,,BRIDGE3R,m15_bridge3r_fixed_v19,Camera-rotation_deg,72.18163348574897,51.663896927786865,20.51773655796211
aist__gJS_sFM_cAll_d03_mJS3_ch04__mc150-3,aist__gJS_sFM_cAll_d03_mJS3_ch04__mc150-3,,BRIDGE3R,m15_bridge3r_fixed_v19,Camera-translation_m,6.47101664182186,3.348657389577162,3.1223592522446983
aist__gJS_sFM_cAll_d03_mJS3_ch04__mc150-3,aist__gJS_sFM_cAll_d03_mJS3_ch04__mc150-3,,BRIDGE3R,m15_bridge3r_fixed_v19,Boundary-camera-rotation_deg,85.55752866480158,53.437594921515185,32.119933743286396
aist__gJS_sFM_cAll_d03_mJS3_ch04__mc150-3,aist__gJS_sFM_cAll_d03_mJS3_ch04__mc150-3,,BRIDGE3R,m15_bridge3r_fixed_v19,Boundary-camera-translation_m,6.041659884836885,3.4129926757363545,2.6286672091005303
aist__gJS_sFM_cAll_d03_mJS3_ch04__mc150-3,aist__gJS_sFM_cAll_d03_mJS3_ch04__mc150-3,,BRIDGE3R,m15_bridge3r_fixed_v19,Coverage,0.98,1.0,0.020000000000000018
aist__gKR_sBM_cAll_d30_mKR2_ch01__mc150-3,aist__gKR_sBM_cAll_d30_mKR2_ch01__mc150-3,,Human3R,m0_strict_human3r,PA-MPJPE_mm,55.72799075456619,57.679806007500844,-1.9518152529346509
aist__gKR_sBM_cAll_d30_mKR2_ch01__mc150-3,aist__gKR_sBM_cAll_d30_mKR2_ch01__mc150-3,,Human3R,m0_strict_human3r,Anchor-MPJPE_mm,319.94689172580604,325.38711408192916,-5.440222356123115
aist__gKR_sBM_cAll_d30_mKR2_ch01__mc150-3,aist__gKR_sBM_cAll_d30_mKR2_ch01__mc150-3,,Human3R,m0_strict_human3r,Anchor-root_mm,196.40830143185337,234.6612623275667,-38.25296089571333
aist__gKR_sBM_cAll_d30_mKR2_ch01__mc150-3,aist__gKR_sBM_cAll_d30_mKR2_ch01__mc150-3,,Human3R,m0_strict_human3r,Orientation_deg,76.97197764184943,61.542554185068454,15.429423456780981
aist__gKR_sBM_cAll_d30_mKR2_ch01__mc150-3,aist__gKR_sBM_cAll_d30_mKR2_ch01__mc150-3,,Human3R,m0_strict_human3r,Seam-root_mm,334.81624418893335,373.17967822592846,-38.3634340369951
aist__gKR_sBM_cAll_d30_mKR2_ch01__mc150-3,aist__gKR_sBM_cAll_d30_mKR2_ch01__mc150-3,,Human3R,m0_strict_human3r,Seam-orientation_deg,35.06298441598423,54.638235051283516,-19.575250635299284
aist__gKR_sBM_cAll_d30_mKR2_ch01__mc150-3,aist__gKR_sBM_cAll_d30_mKR2_ch01__mc150-3,,Human3R,m0_strict_human3r,Camera-rotation_deg,111.87988180084794,91.73706870555138,20.14281309529656
aist__gKR_sBM_cAll_d30_mKR2_ch01__mc150-3,aist__gKR_sBM_cAll_d30_mKR2_ch01__mc150-3,,Human3R,m0_strict_human3r,Camera-translation_m,8.584607279273948,7.936379527649571,0.6482277516243773
aist__gKR_sBM_cAll_d30_mKR2_ch01__mc150-3,aist__gKR_sBM_cAll_d30_mKR2_ch01__mc150-3,,Human3R,m0_strict_human3r,Boundary-camera-rotation_deg,67.32833543789617,46.02479665904027,21.303538778855902
aist__gKR_sBM_cAll_d30_mKR2_ch01__mc150-3,aist__gKR_sBM_cAll_d30_mKR2_ch01__mc150-3,,Human3R,m0_strict_human3r,Boundary-camera-translation_m,5.491095398302788,4.2364060202782445,1.2546893780245432
aist__gKR_sBM_cAll_d30_mKR2_ch01__mc150-3,aist__gKR_sBM_cAll_d30_mKR2_ch01__mc150-3,,Human3R,m0_strict_human3r,Coverage,0.98,1.0,0.020000000000000018
aist__gKR_sBM_cAll_d30_mKR2_ch01__mc150-3,aist__gKR_sBM_cAll_d30_mKR2_ch01__mc150-3,,BRIDGE3R,m15_bridge3r_fixed_v19,PA-MPJPE_mm,55.72799075456619,57.339363146973135,-1.6113723924069419
aist__gKR_sBM_cAll_d30_mKR2_ch01__mc150-3,aist__gKR_sBM_cAll_d30_mKR2_ch01__mc150-3,,BRIDGE3R,m15_bridge3r_fixed_v19,Anchor-MPJPE_mm,319.94689172580604,450.9960154666029,-131.04912374079686
aist__gKR_sBM_cAll_d30_mKR2_ch01__mc150-3,aist__gKR_sBM_cAll_d30_mKR2_ch01__mc150-3,,BRIDGE3R,m15_bridge3r_fixed_v19,Anchor-root_mm,196.40830143185337,391.1793290487303,-194.77102761687695
aist__gKR_sBM_cAll_d30_mKR2_ch01__mc150-3,aist__gKR_sBM_cAll_d30_mKR2_ch01__mc150-3,,BRIDGE3R,m15_bridge3r_fixed_v19,Orientation_deg,76.97197764184943,53.811187523271585,23.16079011857785
aist__gKR_sBM_cAll_d30_mKR2_ch01__mc150-3,aist__gKR_sBM_cAll_d30_mKR2_ch01__mc150-3,,BRIDGE3R,m15_bridge3r_fixed_v19,Seam-root_mm,334.81624418893335,1017.9202418600784,-683.103997671145
aist__gKR_sBM_cAll_d30_mKR2_ch01__mc150-3,aist__gKR_sBM_cAll_d30_mKR2_ch01__mc150-3,,BRIDGE3R,m15_bridge3r_fixed_v19,Seam-orientation_deg,35.06298441598423,55.17479446263357,-20.11181004664934
aist__gKR_sBM_cAll_d30_mKR2_ch01__mc150-3,aist__gKR_sBM_cAll_d30_mKR2_ch01__mc150-3,,BRIDGE3R,m15_bridge3r_fixed_v19,Camera-rotation_deg,111.87988180084794,79.40034676384947,32.47953503699847
aist__gKR_sBM_cAll_d30_mKR2_ch01__mc150-3,aist__gKR_sBM_cAll_d30_mKR2_ch01__mc150-3,,BRIDGE3R,m15_bridge3r_fixed_v19,Camera-translation_m,8.584607279273948,6.908549853874134,1.6760574253998142
aist__gKR_sBM_cAll_d30_mKR2_ch01__mc150-3,aist__gKR_sBM_cAll_d30_mKR2_ch01__mc150-3,,BRIDGE3R,m15_bridge3r_fixed_v19,Boundary-camera-rotation_deg,67.32833543789617,45.77156930938941,21.55676612850676
aist__gKR_sBM_cAll_d30_mKR2_ch01__mc150-3,aist__gKR_sBM_cAll_d30_mKR2_ch01__mc150-3,,BRIDGE3R,m15_bridge3r_fixed_v19,Boundary-camera-translation_m,5.491095398302788,4.021385905075164,1.469709493227624
aist__gKR_sBM_cAll_d30_mKR2_ch01__mc150-3,aist__gKR_sBM_cAll_d30_mKR2_ch01__mc150-3,,BRIDGE3R,m15_bridge3r_fixed_v19,Coverage,0.98,1.0,0.020000000000000018
aist__gKR_sBM_cAll_d30_mKR2_ch02__mc150-3,aist__gKR_sBM_cAll_d30_mKR2_ch02__mc150-3,,Human3R,m0_strict_human3r,PA-MPJPE_mm,50.848183459755994,49.82370868999413,1.0244747697618664
aist__gKR_sBM_cAll_d30_mKR2_ch02__mc150-3,aist__gKR_sBM_cAll_d30_mKR2_ch02__mc150-3,,Human3R,m0_strict_human3r,Anchor-MPJPE_mm,384.202707124649,409.5448327448121,-25.342125620163074
aist__gKR_sBM_cAll_d30_mKR2_ch02__mc150-3,aist__gKR_sBM_cAll_d30_mKR2_ch02__mc150-3,,Human3R,m0_strict_human3r,Anchor-root_mm,267.64083636152384,334.87493610644316,-67.23409974491932
aist__gKR_sBM_cAll_d30_mKR2_ch02__mc150-3,aist__gKR_sBM_cAll_d30_mKR2_ch02__mc150-3,,Human3R,m0_strict_human3r,Orientation_deg,81.68822728343821,66.18513585763624,15.50309142580197
aist__gKR_sBM_cAll_d30_mKR2_ch02__mc150-3,aist__gKR_sBM_cAll_d30_mKR2_ch02__mc150-3,,Human3R,m0_strict_human3r,Seam-root_mm,478.67787690759167,328.9497232161306,149.72815369146105
aist__gKR_sBM_cAll_d30_mKR2_ch02__mc150-3,aist__gKR_sBM_cAll_d30_mKR2_ch02__mc150-3,,Human3R,m0_strict_human3r,Seam-orientation_deg,37.359280048191565,45.03323155210336,-7.673951503911795
aist__gKR_sBM_cAll_d30_mKR2_ch02__mc150-3,aist__gKR_sBM_cAll_d30_mKR2_ch02__mc150-3,,Human3R,m0_strict_human3r,Camera-rotation_deg,112.14247527895046,97.4527623149902,14.689712963960261
aist__gKR_sBM_cAll_d30_mKR2_ch02__mc150-3,aist__gKR_sBM_cAll_d30_mKR2_ch02__mc150-3,,Human3R,m0_strict_human3r,Camera-translation_m,8.426733560683365,8.247428090592972,0.17930547009039266
aist__gKR_sBM_cAll_d30_mKR2_ch02__mc150-3,aist__gKR_sBM_cAll_d30_mKR2_ch02__mc150-3,,Human3R,m0_strict_human3r,Boundary-camera-rotation_deg,67.2957970776136,45.445626458886615,21.850170618726985
aist__gKR_sBM_cAll_d30_mKR2_ch02__mc150-3,aist__gKR_sBM_cAll_d30_mKR2_ch02__mc150-3,,Human3R,m0_strict_human3r,Boundary-camera-translation_m,5.459174471443106,4.480794452137724,0.9783800193053818
aist__gKR_sBM_cAll_d30_mKR2_ch02__mc150-3,aist__gKR_sBM_cAll_d30_mKR2_ch02__mc150-3,,Human3R,m0_strict_human3r,Coverage,0.98,1.0,0.020000000000000018
aist__gKR_sBM_cAll_d30_mKR2_ch02__mc150-3,aist__gKR_sBM_cAll_d30_mKR2_ch02__mc150-3,,BRIDGE3R,m15_bridge3r_fixed_v19,PA-MPJPE_mm,50.848183459755994,49.61284626290227,1.2353371968537203
aist__gKR_sBM_cAll_d30_mKR2_ch02__mc150-3,aist__gKR_sBM_cAll_d30_mKR2_ch02__mc150-3,,BRIDGE3R,m15_bridge3r_fixed_v19,Anchor-MPJPE_mm,384.202707124649,397.7897798431037,-13.587072718454692
aist__gKR_sBM_cAll_d30_mKR2_ch02__mc150-3,aist__gKR_sBM_cAll_d30_mKR2_ch02__mc150-3,,BRIDGE3R,m15_bridge3r_fixed_v19,Anchor-root_mm,267.64083636152384,335.19893382691447,-67.55809746539063
aist__gKR_sBM_cAll_d30_mKR2_ch02__mc150-3,aist__gKR_sBM_cAll_d30_mKR2_ch02__mc150-3,,BRIDGE3R,m15_bridge3r_fixed_v19,Orientation_deg,81.68822728343821,62.915375611229926,18.772851672208283
aist__gKR_sBM_cAll_d30_mKR2_ch02__mc150-3,aist__gKR_sBM_cAll_d30_mKR2_ch02__mc150-3,,BRIDGE3R,m15_bridge3r_fixed_v19,Seam-root_mm,478.67787690759167,553.0645605346106,-74.3866836270189
aist__gKR_sBM_cAll_d30_mKR2_ch02__mc150-3,aist__gKR_sBM_cAll_d30_mKR2_ch02__mc150-3,,BRIDGE3R,m15_bridge3r_fixed_v19,Seam-orientation_deg,37.359280048191565,45.58774251471596,-8.228462466524398
aist__gKR_sBM_cAll_d30_mKR2_ch02__mc150-3,aist__gKR_sBM_cAll_d30_mKR2_ch02__mc150-3,,BRIDGE3R,m15_bridge3r_fixed_v19,Camera-rotation_deg,112.14247527895046,91.73174283247864,20.410732446471812
aist__gKR_sBM_cAll_d30_mKR2_ch02__mc150-3,aist__gKR_sBM_cAll_d30_mKR2_ch02__mc150-3,,BRIDGE3R,m15_bridge3r_fixed_v19,Camera-translation_m,8.426733560683365,7.738626184347588,0.6881073763357772
aist__gKR_sBM_cAll_d30_mKR2_ch02__mc150-3,aist__gKR_sBM_cAll_d30_mKR2_ch02__mc150-3,,BRIDGE3R,m15_bridge3r_fixed_v19,Boundary-camera-rotation_deg,67.2957970776136,46.63031980382168,20.66547727379192
aist__gKR_sBM_cAll_d30_mKR2_ch02__mc150-3,aist__gKR_sBM_cAll_d30_mKR2_ch02__mc150-3,,BRIDGE3R,m15_bridge3r_fixed_v19,Boundary-camera-translation_m,5.459174471443106,3.9828186767959246,1.4763557946471813
aist__gKR_sBM_cAll_d30_mKR2_ch02__mc150-3,aist__gKR_sBM_cAll_d30_mKR2_ch02__mc150-3,,BRIDGE3R,m15_bridge3r_fixed_v19,Coverage,0.98,1.0,0.020000000000000018
aist__gKR_sBM_cAll_d30_mKR2_ch03__mc150-3,aist__gKR_sBM_cAll_d30_mKR2_ch03__mc150-3,,Human3R,m0_strict_human3r,PA-MPJPE_mm,54.07245402288828,49.91902650580255,4.153427517085731
aist__gKR_sBM_cAll_d30_mKR2_ch03__mc150-3,aist__gKR_sBM_cAll_d30_mKR2_ch03__mc150-3,,Human3R,m0_strict_human3r,Anchor-MPJPE_mm,371.9125231795994,573.2747486902213,-201.36222551062184
aist__gKR_sBM_cAll_d30_mKR2_ch03__mc150-3,aist__gKR_sBM_cAll_d30_mKR2_ch03__mc150-3,,Human3R,m0_strict_human3r,Anchor-root_mm,217.54840981831614,507.0942435984965,-289.5458337801804
aist__gKR_sBM_cAll_d30_mKR2_ch03__mc150-3,aist__gKR_sBM_cAll_d30_mKR2_ch03__mc150-3,,Human3R,m0_strict_human3r,Orientation_deg,108.10409751037938,91.51881280427878,16.585284706100595
aist__gKR_sBM_cAll_d30_mKR2_ch03__mc150-3,aist__gKR_sBM_cAll_d30_mKR2_ch03__mc150-3,,Human3R,m0_strict_human3r,Seam-root_mm,408.4541507288196,1286.81522677139,-878.3610760425703
aist__gKR_sBM_cAll_d30_mKR2_ch03__mc150-3,aist__gKR_sBM_cAll_d30_mKR2_ch03__mc150-3,,Human3R,m0_strict_human3r,Seam-orientation_deg,32.2364303345548,108.72378640512683,-76.48735607057203
aist__gKR_sBM_cAll_d30_mKR2_ch03__mc150-3,aist__gKR_sBM_cAll_d30_mKR2_ch03__mc150-3,,Human3R,m0_strict_human3r,Camera-rotation_deg,157.19192331819073,134.4148709124682,22.777052405722543
aist__gKR_sBM_cAll_d30_mKR2_ch03__mc150-3,aist__gKR_sBM_cAll_d30_mKR2_ch03__mc150-3,,Human3R,m0_strict_human3r,Camera-translation_m,9.136396881917324,8.906398106493658,0.22999877542366676
aist__gKR_sBM_cAll_d30_mKR2_ch03__mc150-3,aist__gKR_sBM_cAll_d30_mKR2_ch03__mc150-3,,Human3R,m0_strict_human3r,Boundary-camera-rotation_deg,89.90308305807325,111.24380547173203,-21.34072241365878
aist__gKR_sBM_cAll_d30_mKR2_ch03__mc150-3,aist__gKR_sBM_cAll_d30_mKR2_ch03__mc150-3,,Human3R,m0_strict_human3r,Boundary-camera-translation_m,6.263061437615455,6.586672952078654,-0.3236115144631988
aist__gKR_sBM_cAll_d30_mKR2_ch03__mc150-3,aist__gKR_sBM_cAll_d30_mKR2_ch03__mc150-3,,Human3R,m0_strict_human3r,Coverage,0.98,1.0,0.020000000000000018
aist__gKR_sBM_cAll_d30_mKR2_ch03__mc150-3,aist__gKR_sBM_cAll_d30_mKR2_ch03__mc150-3,,BRIDGE3R,m15_bridge3r_fixed_v19,PA-MPJPE_mm,54.07245402288828,49.70454782240715,4.36790620048113
aist__gKR_sBM_cAll_d30_mKR2_ch03__mc150-3,aist__gKR_sBM_cAll_d30_mKR2_ch03__mc150-3,,BRIDGE3R,m15_bridge3r_fixed_v19,Anchor-MPJPE_mm,371.9125231795994,740.410876521244,-368.49835334164453
aist__gKR_sBM_cAll_d30_mKR2_ch03__mc150-3,aist__gKR_sBM_cAll_d30_mKR2_ch03__mc150-3,,BRIDGE3R,m15_bridge3r_fixed_v19,Anchor-root_mm,217.54840981831614,740.2299201597964,-522.6815103414802
aist__gKR_sBM_cAll_d30_mKR2_ch03__mc150-3,aist__gKR_sBM_cAll_d30_mKR2_ch03__mc150-3,,BRIDGE3R,m15_bridge3r_fixed_v19,Orientation_deg,108.10409751037938,47.94470516104633,60.15939234933305
aist__gKR_sBM_cAll_d30_mKR2_ch03__mc150-3,aist__gKR_sBM_cAll_d30_mKR2_ch03__mc150-3,,BRIDGE3R,m15_bridge3r_fixed_v19,Seam-root_mm,408.4541507288196,861.9154866764278,-453.4613359476082
aist__gKR_sBM_cAll_d30_mKR2_ch03__mc150-3,aist__gKR_sBM_cAll_d30_mKR2_ch03__mc150-3,,BRIDGE3R,m15_bridge3r_fixed_v19,Seam-orientation_deg,32.2364303345548,77.01980783666951,-44.78337750211472
aist__gKR_sBM_cAll_d30_mKR2_ch03__mc150-3,aist__gKR_sBM_cAll_d30_mKR2_ch03__mc150-3,,BRIDGE3R,m15_bridge3r_fixed_v19,Camera-rotation_deg,157.19192331819073,73.97425329243632,83.21767002575442
aist__gKR_sBM_cAll_d30_mKR2_ch03__mc150-3,aist__gKR_sBM_cAll_d30_mKR2_ch03__mc150-3,,BRIDGE3R,m15_bridge3r_fixed_v19,Camera-translation_m,9.136396881917324,5.573114952513851,3.563281929403473
aist__gKR_sBM_cAll_d30_mKR2_ch03__mc150-3,aist__gKR_sBM_cAll_d30_mKR2_ch03__mc150-3,,BRIDGE3R,m15_bridge3r_fixed_v19,Boundary-camera-rotation_deg,89.90308305807325,75.49872902962659,14.404354028446662
aist__gKR_sBM_cAll_d30_mKR2_ch03__mc150-3,aist__gKR_sBM_cAll_d30_mKR2_ch03__mc150-3,,BRIDGE3R,m15_bridge3r_fixed_v19,Boundary-camera-translation_m,6.263061437615455,5.708833108725809,0.5542283288896463
aist__gKR_sBM_cAll_d30_mKR2_ch03__mc150-3,aist__gKR_sBM_cAll_d30_mKR2_ch03__mc150-3,,BRIDGE3R,m15_bridge3r_fixed_v19,Coverage,0.98,1.0,0.020000000000000018
aist__gKR_sBM_cAll_d30_mKR2_ch04__mc150-3,aist__gKR_sBM_cAll_d30_mKR2_ch04__mc150-3,,Human3R,m0_strict_human3r,PA-MPJPE_mm,55.58051444258187,53.91455032596065,1.6659641166212253
aist__gKR_sBM_cAll_d30_mKR2_ch04__mc150-3,aist__gKR_sBM_cAll_d30_mKR2_ch04__mc150-3,,Human3R,m0_strict_human3r,Anchor-MPJPE_mm,553.6018936343324,525.7708295280572,27.83106410627522
aist__gKR_sBM_cAll_d30_mKR2_ch04__mc150-3,aist__gKR_sBM_cAll_d30_mKR2_ch04__mc150-3,,Human3R,m0_strict_human3r,Anchor-root_mm,538.3757139937818,515.6969697135673,22.67874428021446
aist__gKR_sBM_cAll_d30_mKR2_ch04__mc150-3,aist__gKR_sBM_cAll_d30_mKR2_ch04__mc150-3,,Human3R,m0_strict_human3r,Orientation_deg,39.80147430301782,41.20518443900129,-1.4037101359834736
aist__gKR_sBM_cAll_d30_mKR2_ch04__mc150-3,aist__gKR_sBM_cAll_d30_mKR2_ch04__mc150-3,,Human3R,m0_strict_human3r,Seam-root_mm,551.9148958135,894.2816344623888,-342.3667386488887
aist__gKR_sBM_cAll_d30_mKR2_ch04__mc150-3,aist__gKR_sBM_cAll_d30_mKR2_ch04__mc150-3,,Human3R,m0_strict_human3r,Seam-orientation_deg,47.65259537665989,78.32393717734416,-30.671341800684274
aist__gKR_sBM_cAll_d30_mKR2_ch04__mc150-3,aist__gKR_sBM_cAll_d30_mKR2_ch04__mc150-3,,Human3R,m0_strict_human3r,Camera-rotation_deg,47.209809081837236,58.03082516442424,-10.821016082587008
aist__gKR_sBM_cAll_d30_mKR2_ch04__mc150-3,aist__gKR_sBM_cAll_d30_mKR2_ch04__mc150-3,,Human3R,m0_strict_human3r,Camera-translation_m,4.779430209181392,4.841313075227527,-0.06188286604613502
aist__gKR_sBM_cAll_d30_mKR2_ch04__mc150-3,aist__gKR_sBM_cAll_d30_mKR2_ch04__mc150-3,,Human3R,m0_strict_human3r,Boundary-camera-rotation_deg,112.28249083953862,86.6466221059751,25.635868733563527
aist__gKR_sBM_cAll_d30_mKR2_ch04__mc150-3,aist__gKR_sBM_cAll_d30_mKR2_ch04__mc150-3,,Human3R,m0_strict_human3r,Boundary-camera-translation_m,8.11245397260477,7.436564451326593,0.6758895212781777
aist__gKR_sBM_cAll_d30_mKR2_ch04__mc150-3,aist__gKR_sBM_cAll_d30_mKR2_ch04__mc150-3,,Human3R,m0_strict_human3r,Coverage,0.98,1.0,0.020000000000000018
aist__gKR_sBM_cAll_d30_mKR2_ch04__mc150-3,aist__gKR_sBM_cAll_d30_mKR2_ch04__mc150-3,,BRIDGE3R,m15_bridge3r_fixed_v19,PA-MPJPE_mm,55.58051444258187,53.44858675427015,2.1319276883117197
aist__gKR_sBM_cAll_d30_mKR2_ch04__mc150-3,aist__gKR_sBM_cAll_d30_mKR2_ch04__mc150-3,,BRIDGE3R,m15_bridge3r_fixed_v19,Anchor-MPJPE_mm,553.6018936343324,820.3677014789918,-266.7658078446593
aist__gKR_sBM_cAll_d30_mKR2_ch04__mc150-3,aist__gKR_sBM_cAll_d30_mKR2_ch04__mc150-3,,BRIDGE3R,m15_bridge3r_fixed_v19,Anchor-root_mm,538.3757139937818,785.149230553843,-246.77351656006124
aist__gKR_sBM_cAll_d30_mKR2_ch04__mc150-3,aist__gKR_sBM_cAll_d30_mKR2_ch04__mc150-3,,BRIDGE3R,m15_bridge3r_fixed_v19,Orientation_deg,39.80147430301782,64.08321303789928,-24.281738734881465
aist__gKR_sBM_cAll_d30_mKR2_ch04__mc150-3,aist__gKR_sBM_cAll_d30_mKR2_ch04__mc150-3,,BRIDGE3R,m15_bridge3r_fixed_v19,Seam-root_mm,551.9148958135,1186.801532794923,-634.8866369814231
aist__gKR_sBM_cAll_d30_mKR2_ch04__mc150-3,aist__gKR_sBM_cAll_d30_mKR2_ch04__mc150-3,,BRIDGE3R,m15_bridge3r_fixed_v19,Seam-orientation_deg,47.65259537665989,50.968512656464355,-3.3159172798044665
aist__gKR_sBM_cAll_d30_mKR2_ch04__mc150-3,aist__gKR_sBM_cAll_d30_mKR2_ch04__mc150-3,,BRIDGE3R,m15_bridge3r_fixed_v19,Camera-rotation_deg,47.209809081837236,92.56690173416344,-45.3570926523262
aist__gKR_sBM_cAll_d30_mKR2_ch04__mc150-3,aist__gKR_sBM_cAll_d30_mKR2_ch04__mc150-3,,BRIDGE3R,m15_bridge3r_fixed_v19,Camera-translation_m,4.779430209181392,6.296371547426196,-1.5169413382448038
aist__gKR_sBM_cAll_d30_mKR2_ch04__mc150-3,aist__gKR_sBM_cAll_d30_mKR2_ch04__mc150-3,,BRIDGE3R,m15_bridge3r_fixed_v19,Boundary-camera-rotation_deg,112.28249083953862,48.25812240667989,64.02436843285874
aist__gKR_sBM_cAll_d30_mKR2_ch04__mc150-3,aist__gKR_sBM_cAll_d30_mKR2_ch04__mc150-3,,BRIDGE3R,m15_bridge3r_fixed_v19,Boundary-camera-translation_m,8.11245397260477,4.547687562371899,3.5647664102328713
aist__gKR_sBM_cAll_d30_mKR2_ch04__mc150-3,aist__gKR_sBM_cAll_d30_mKR2_ch04__mc150-3,,BRIDGE3R,m15_bridge3r_fixed_v19,Coverage,0.98,1.0,0.020000000000000018
aist__gKR_sBM_cAll_d30_mKR2_ch05__mc150-3,aist__gKR_sBM_cAll_d30_mKR2_ch05__mc150-3,,Human3R,m0_strict_human3r,PA-MPJPE_mm,52.24205473240859,53.34046539957159,-1.0984106671630016
aist__gKR_sBM_cAll_d30_mKR2_ch05__mc150-3,aist__gKR_sBM_cAll_d30_mKR2_ch05__mc150-3,,Human3R,m0_strict_human3r,Anchor-MPJPE_mm,611.2521364296068,398.1852421048041,213.06689432480272
aist__gKR_sBM_cAll_d30_mKR2_ch05__mc150-3,aist__gKR_sBM_cAll_d30_mKR2_ch05__mc150-3,,Human3R,m0_strict_human3r,Anchor-root_mm,570.0199591511804,326.2241508743336,243.7958082768468
aist__gKR_sBM_cAll_d30_mKR2_ch05__mc150-3,aist__gKR_sBM_cAll_d30_mKR2_ch05__mc150-3,,Human3R,m0_strict_human3r,Orientation_deg,37.89549451947922,63.679056562029615,-25.783562042550393
aist__gKR_sBM_cAll_d30_mKR2_ch05__mc150-3,aist__gKR_sBM_cAll_d30_mKR2_ch05__mc150-3,,Human3R,m0_strict_human3r,Seam-root_mm,648.5524143745986,1093.582785035919,-445.0303706613204
aist__gKR_sBM_cAll_d30_mKR2_ch05__mc150-3,aist__gKR_sBM_cAll_d30_mKR2_ch05__mc150-3,,Human3R,m0_strict_human3r,Seam-orientation_deg,60.89785935058326,80.17633618932462,-19.278476838741355
aist__gKR_sBM_cAll_d30_mKR2_ch05__mc150-3,aist__gKR_sBM_cAll_d30_mKR2_ch05__mc150-3,,Human3R,m0_strict_human3r,Camera-rotation_deg,47.43392056932664,89.09642516278848,-41.66250459346184
aist__gKR_sBM_cAll_d30_mKR2_ch05__mc150-3,aist__gKR_sBM_cAll_d30_mKR2_ch05__mc150-3,,Human3R,m0_strict_human3r,Camera-translation_m,4.980327911051498,6.757130916052242,-1.776803005000744
aist__gKR_sBM_cAll_d30_mKR2_ch05__mc150-3,aist__gKR_sBM_cAll_d30_mKR2_ch05__mc150-3,,Human3R,m0_strict_human3r,Boundary-camera-rotation_deg,112.28800884014254,80.94046954091316,31.347539299229382
aist__gKR_sBM_cAll_d30_mKR2_ch05__mc150-3,aist__gKR_sBM_cAll_d30_mKR2_ch05__mc150-3,,Human3R,m0_strict_human3r,Boundary-camera-translation_m,8.108207400114832,6.952966065439058,1.1552413346757744
aist__gKR_sBM_cAll_d30_mKR2_ch05__mc150-3,aist__gKR_sBM_cAll_d30_mKR2_ch05__mc150-3,,Human3R,m0_strict_human3r,Coverage,0.9933333333333333,1.0,0.00666666666666671
aist__gKR_sBM_cAll_d30_mKR2_ch05__mc150-3,aist__gKR_sBM_cAll_d30_mKR2_ch05__mc150-3,,BRIDGE3R,m15_bridge3r_fixed_v19,PA-MPJPE_mm,52.24205473240859,53.10372203212651,-0.8616672997179222
aist__gKR_sBM_cAll_d30_mKR2_ch05__mc150-3,aist__gKR_sBM_cAll_d30_mKR2_ch05__mc150-3,,BRIDGE3R,m15_bridge3r_fixed_v19,Anchor-MPJPE_mm,611.2521364296068,545.2350264680446,66.01710996156226
aist__gKR_sBM_cAll_d30_mKR2_ch05__mc150-3,aist__gKR_sBM_cAll_d30_mKR2_ch05__mc150-3,,BRIDGE3R,m15_bridge3r_fixed_v19,Anchor-root_mm,570.0199591511804,509.07099364536293,60.948965505817455
aist__gKR_sBM_cAll_d30_mKR2_ch05__mc150-3,aist__gKR_sBM_cAll_d30_mKR2_ch05__mc150-3,,BRIDGE3R,m15_bridge3r_fixed_v19,Orientation_deg,37.89549451947922,65.82105178016619,-27.925557260686965
aist__gKR_sBM_cAll_d30_mKR2_ch05__mc150-3,aist__gKR_sBM_cAll_d30_mKR2_ch05__mc150-3,,BRIDGE3R,m15_bridge3r_fixed_v19,Seam-root_mm,648.5524143745986,724.74809770856,-76.19568333396137
aist__gKR_sBM_cAll_d30_mKR2_ch05__mc150-3,aist__gKR_sBM_cAll_d30_mKR2_ch05__mc150-3,,BRIDGE3R,m15_bridge3r_fixed_v19,Seam-orientation_deg,60.89785935058326,53.65436657044838,7.243492780134879
aist__gKR_sBM_cAll_d30_mKR2_ch05__mc150-3,aist__gKR_sBM_cAll_d30_mKR2_ch05__mc150-3,,BRIDGE3R,m15_bridge3r_fixed_v19,Camera-rotation_deg,47.43392056932664,91.6240537314838,-44.19013316215716
aist__gKR_sBM_cAll_d30_mKR2_ch05__mc150-3,aist__gKR_sBM_cAll_d30_mKR2_ch05__mc150-3,,BRIDGE3R,m15_bridge3r_fixed_v19,Camera-translation_m,4.980327911051498,6.461077672520475,-1.480749761468977
aist__gKR_sBM_cAll_d30_mKR2_ch05__mc150-3,aist__gKR_sBM_cAll_d30_mKR2_ch05__mc150-3,,BRIDGE3R,m15_bridge3r_fixed_v19,Boundary-camera-rotation_deg,112.28800884014254,47.63142596997378,64.65658287016876
aist__gKR_sBM_cAll_d30_mKR2_ch05__mc150-3,aist__gKR_sBM_cAll_d30_mKR2_ch05__mc150-3,,BRIDGE3R,m15_bridge3r_fixed_v19,Boundary-camera-translation_m,8.108207400114832,4.246913267940033,3.861294132174799
aist__gKR_sBM_cAll_d30_mKR2_ch05__mc150-3,aist__gKR_sBM_cAll_d30_mKR2_ch05__mc150-3,,BRIDGE3R,m15_bridge3r_fixed_v19,Coverage,0.9933333333333333,1.0,0.00666666666666671
aist__gKR_sBM_cAll_d30_mKR2_ch06__mc150-3,aist__gKR_sBM_cAll_d30_mKR2_ch06__mc150-3,,Human3R,m0_strict_human3r,PA-MPJPE_mm,40.16352291313351,48.05733201299781,-7.893809099864299
aist__gKR_sBM_cAll_d30_mKR2_ch06__mc150-3,aist__gKR_sBM_cAll_d30_mKR2_ch06__mc150-3,,Human3R,m0_strict_human3r,Anchor-MPJPE_mm,344.3070373510947,623.169973707417,-278.8629363563222
aist__gKR_sBM_cAll_d30_mKR2_ch06__mc150-3,aist__gKR_sBM_cAll_d30_mKR2_ch06__mc150-3,,Human3R,m0_strict_human3r,Anchor-root_mm,187.965042926924,519.4781656189302,-331.5131226920062
aist__gKR_sBM_cAll_d30_mKR2_ch06__mc150-3,aist__gKR_sBM_cAll_d30_mKR2_ch06__mc150-3,,Human3R,m0_strict_human3r,Orientation_deg,109.14667568348226,93.26746303106847,15.879212652413784
aist__gKR_sBM_cAll_d30_mKR2_ch06__mc150-3,aist__gKR_sBM_cAll_d30_mKR2_ch06__mc150-3,,Human3R,m0_strict_human3r,Seam-root_mm,396.52612807472684,829.0864967778648,-432.56036870313795
aist__gKR_sBM_cAll_d30_mKR2_ch06__mc150-3,aist__gKR_sBM_cAll_d30_mKR2_ch06__mc150-3,,Human3R,m0_strict_human3r,Seam-orientation_deg,23.97440724032795,116.04115891701096,-92.06675167668301
aist__gKR_sBM_cAll_d30_mKR2_ch06__mc150-3,aist__gKR_sBM_cAll_d30_mKR2_ch06__mc150-3,,Human3R,m0_strict_human3r,Camera-rotation_deg,157.03754334334718,137.22752013898437,19.810023204362807
aist__gKR_sBM_cAll_d30_mKR2_ch06__mc150-3,aist__gKR_sBM_cAll_d30_mKR2_ch06__mc150-3,,Human3R,m0_strict_human3r,Camera-translation_m,9.322519506457603,9.113800670056172,0.20871883640143096
aist__gKR_sBM_cAll_d30_mKR2_ch06__mc150-3,aist__gKR_sBM_cAll_d30_mKR2_ch06__mc150-3,,Human3R,m0_strict_human3r,Boundary-camera-rotation_deg,89.89974350774855,115.9154294785019,-26.015685970753353
aist__gKR_sBM_cAll_d30_mKR2_ch06__mc150-3,aist__gKR_sBM_cAll_d30_mKR2_ch06__mc150-3,,Human3R,m0_strict_human3r,Boundary-camera-translation_m,6.26518634006861,6.94636945953933,-0.6811831194707203
aist__gKR_sBM_cAll_d30_mKR2_ch06__mc150-3,aist__gKR_sBM_cAll_d30_mKR2_ch06__mc150-3,,Human3R,m0_strict_human3r,Coverage,0.98,1.0,0.020000000000000018
aist__gKR_sBM_cAll_d30_mKR2_ch06__mc150-3,aist__gKR_sBM_cAll_d30_mKR2_ch06__mc150-3,,BRIDGE3R,m15_bridge3r_fixed_v19,PA-MPJPE_mm,40.16352291313351,48.25937014717559,-8.095847234042076
aist__gKR_sBM_cAll_d30_mKR2_ch06__mc150-3,aist__gKR_sBM_cAll_d30_mKR2_ch06__mc150-3,,BRIDGE3R,m15_bridge3r_fixed_v19,Anchor-MPJPE_mm,344.3070373510947,600.5044589299227,-256.197421578828
aist__gKR_sBM_cAll_d30_mKR2_ch06__mc150-3,aist__gKR_sBM_cAll_d30_mKR2_ch06__mc150-3,,BRIDGE3R,m15_bridge3r_fixed_v19,Anchor-root_mm,187.965042926924,588.1727775702632,-400.20773464333917
aist__gKR_sBM_cAll_d30_mKR2_ch06__mc150-3,aist__gKR_sBM_cAll_d30_mKR2_ch06__mc150-3,,BRIDGE3R,m15_bridge3r_fixed_v19,Orientation_deg,109.14667568348226,46.419414728588954,62.7272609548933
aist__gKR_sBM_cAll_d30_mKR2_ch06__mc150-3,aist__gKR_sBM_cAll_d30_mKR2_ch06__mc150-3,,BRIDGE3R,m15_bridge3r_fixed_v19,Seam-root_mm,396.52612807472684,765.9628998481415,-369.4367717734147
aist__gKR_sBM_cAll_d30_mKR2_ch06__mc150-3,aist__gKR_sBM_cAll_d30_mKR2_ch06__mc150-3,,BRIDGE3R,m15_bridge3r_fixed_v19,Seam-orientation_deg,23.97440724032795,70.84686878518221,-46.87246154485426
aist__gKR_sBM_cAll_d30_mKR2_ch06__mc150-3,aist__gKR_sBM_cAll_d30_mKR2_ch06__mc150-3,,BRIDGE3R,m15_bridge3r_fixed_v19,Camera-rotation_deg,157.03754334334718,71.97559935219714,85.06194399115005
aist__gKR_sBM_cAll_d30_mKR2_ch06__mc150-3,aist__gKR_sBM_cAll_d30_mKR2_ch06__mc150-3,,BRIDGE3R,m15_bridge3r_fixed_v19,Camera-translation_m,9.322519506457603,5.354327653606141,3.9681918528514615
aist__gKR_sBM_cAll_d30_mKR2_ch06__mc150-3,aist__gKR_sBM_cAll_d30_mKR2_ch06__mc150-3,,BRIDGE3R,m15_bridge3r_fixed_v19,Boundary-camera-rotation_deg,89.89974350774855,73.92105295731875,15.978690550429803
aist__gKR_sBM_cAll_d30_mKR2_ch06__mc150-3,aist__gKR_sBM_cAll_d30_mKR2_ch06__mc150-3,,BRIDGE3R,m15_bridge3r_fixed_v19,Boundary-camera-translation_m,6.26518634006861,5.567030339450887,0.6981560006177228
aist__gKR_sBM_cAll_d30_mKR2_ch06__mc150-3,aist__gKR_sBM_cAll_d30_mKR2_ch06__mc150-3,,BRIDGE3R,m15_bridge3r_fixed_v19,Coverage,0.98,1.0,0.020000000000000018
aist__gKR_sBM_cAll_d30_mKR2_ch07__mc150-3,aist__gKR_sBM_cAll_d30_mKR2_ch07__mc150-3,,Human3R,m0_strict_human3r,PA-MPJPE_mm,56.47229699341436,59.941595737987534,-3.469298744573173
aist__gKR_sBM_cAll_d30_mKR2_ch07__mc150-3,aist__gKR_sBM_cAll_d30_mKR2_ch07__mc150-3,,Human3R,m0_strict_human3r,Anchor-MPJPE_mm,1045.1549506450217,840.564253543237,204.5906971017847
aist__gKR_sBM_cAll_d30_mKR2_ch07__mc150-3,aist__gKR_sBM_cAll_d30_mKR2_ch07__mc150-3,,Human3R,m0_strict_human3r,Anchor-root_mm,1042.8773235186861,823.4819354767029,219.3953880419832
aist__gKR_sBM_cAll_d30_mKR2_ch07__mc150-3,aist__gKR_sBM_cAll_d30_mKR2_ch07__mc150-3,,Human3R,m0_strict_human3r,Orientation_deg,13.199360113687888,9.358079504773881,3.8412806089140066
aist__gKR_sBM_cAll_d30_mKR2_ch07__mc150-3,aist__gKR_sBM_cAll_d30_mKR2_ch07__mc150-3,,Human3R,m0_strict_human3r,Seam-root_mm,707.0807135878429,290.3534111267895,416.72730246105334
aist__gKR_sBM_cAll_d30_mKR2_ch07__mc150-3,aist__gKR_sBM_cAll_d30_mKR2_ch07__mc150-3,,Human3R,m0_strict_human3r,Seam-orientation_deg,20.588359090769607,9.517243491423349,11.071115599346259
aist__gKR_sBM_cAll_d30_mKR2_ch07__mc150-3,aist__gKR_sBM_cAll_d30_mKR2_ch07__mc150-3,,Human3R,m0_strict_human3r,Camera-rotation_deg,8.085267635102117,6.800379645699958,1.2848879894021588
aist__gKR_sBM_cAll_d30_mKR2_ch07__mc150-3,aist__gKR_sBM_cAll_d30_mKR2_ch07__mc150-3,,Human3R,m0_strict_human3r,Camera-translation_m,1.4588749864407327,0.7282358711865459,0.7306391152541868
aist__gKR_sBM_cAll_d30_mKR2_ch07__mc150-3,aist__gKR_sBM_cAll_d30_mKR2_ch07__mc150-3,,Human3R,m0_strict_human3r,Boundary-camera-rotation_deg,53.95793554995284,4.961085494956787,48.99685005499606
aist__gKR_sBM_cAll_d30_mKR2_ch07__mc150-3,aist__gKR_sBM_cAll_d30_mKR2_ch07__mc150-3,,Human3R,m0_strict_human3r,Boundary-camera-translation_m,4.609778852287651,0.6206356922086846,3.989143160078966
aist__gKR_sBM_cAll_d30_mKR2_ch07__mc150-3,aist__gKR_sBM_cAll_d30_mKR2_ch07__mc150-3,,Human3R,m0_strict_human3r,Coverage,0.98,1.0,0.020000000000000018
aist__gKR_sBM_cAll_d30_mKR2_ch07__mc150-3,aist__gKR_sBM_cAll_d30_mKR2_ch07__mc150-3,,BRIDGE3R,m15_bridge3r_fixed_v19,PA-MPJPE_mm,56.47229699341436,59.381355656893135,-2.909058663478774
aist__gKR_sBM_cAll_d30_mKR2_ch07__mc150-3,aist__gKR_sBM_cAll_d30_mKR2_ch07__mc150-3,,BRIDGE3R,m15_bridge3r_fixed_v19,Anchor-MPJPE_mm,1045.1549506450217,1198.7129600195276,-153.5580093745059
aist__gKR_sBM_cAll_d30_mKR2_ch07__mc150-3,aist__gKR_sBM_cAll_d30_mKR2_ch07__mc150-3,,BRIDGE3R,m15_bridge3r_fixed_v19,Anchor-root_mm,1042.8773235186861,1147.3371018591527,-104.45977834046653
aist__gKR_sBM_cAll_d30_mKR2_ch07__mc150-3,aist__gKR_sBM_cAll_d30_mKR2_ch07__mc150-3,,BRIDGE3R,m15_bridge3r_fixed_v19,Orientation_deg,13.199360113687888,61.827110851946465,-48.62775073825858
aist__gKR_sBM_cAll_d30_mKR2_ch07__mc150-3,aist__gKR_sBM_cAll_d30_mKR2_ch07__mc150-3,,BRIDGE3R,m15_bridge3r_fixed_v19,Seam-root_mm,707.0807135878429,1320.3637891628816,-613.2830755750388
aist__gKR_sBM_cAll_d30_mKR2_ch07__mc150-3,aist__gKR_sBM_cAll_d30_mKR2_ch07__mc150-3,,BRIDGE3R,m15_bridge3r_fixed_v19,Seam-orientation_deg,20.588359090769607,89.62517581808413,-69.03681672731452
aist__gKR_sBM_cAll_d30_mKR2_ch07__mc150-3,aist__gKR_sBM_cAll_d30_mKR2_ch07__mc150-3,,BRIDGE3R,m15_bridge3r_fixed_v19,Camera-rotation_deg,8.085267635102117,88.2409864183893,-80.15571878328718
aist__gKR_sBM_cAll_d30_mKR2_ch07__mc150-3,aist__gKR_sBM_cAll_d30_mKR2_ch07__mc150-3,,BRIDGE3R,m15_bridge3r_fixed_v19,Camera-translation_m,1.4588749864407327,3.739600451368168,-2.2807254649274356
aist__gKR_sBM_cAll_d30_mKR2_ch07__mc150-3,aist__gKR_sBM_cAll_d30_mKR2_ch07__mc150-3,,BRIDGE3R,m15_bridge3r_fixed_v19,Boundary-camera-rotation_deg,53.95793554995284,87.04716152887129,-33.08922597891844
aist__gKR_sBM_cAll_d30_mKR2_ch07__mc150-3,aist__gKR_sBM_cAll_d30_mKR2_ch07__mc150-3,,BRIDGE3R,m15_bridge3r_fixed_v19,Boundary-camera-translation_m,4.609778852287651,3.8763010783861516,0.733477773901499
aist__gKR_sBM_cAll_d30_mKR2_ch07__mc150-3,aist__gKR_sBM_cAll_d30_mKR2_ch07__mc150-3,,BRIDGE3R,m15_bridge3r_fixed_v19,Coverage,0.98,1.0,0.020000000000000018
aist__gKR_sBM_cAll_d30_mKR2_ch08__mc150-3,aist__gKR_sBM_cAll_d30_mKR2_ch08__mc150-3,,Human3R,m0_strict_human3r,PA-MPJPE_mm,51.97454276176826,47.85287240123096,4.121670360537301
aist__gKR_sBM_cAll_d30_mKR2_ch08__mc150-3,aist__gKR_sBM_cAll_d30_mKR2_ch08__mc150-3,,Human3R,m0_strict_human3r,Anchor-MPJPE_mm,662.5402524795642,1016.7477758202946,-354.2075233407304
aist__gKR_sBM_cAll_d30_mKR2_ch08__mc150-3,aist__gKR_sBM_cAll_d30_mKR2_ch08__mc150-3,,Human3R,m0_strict_human3r,Anchor-root_mm,651.335488801101,1014.534299721985,-363.19881092088406
aist__gKR_sBM_cAll_d30_mKR2_ch08__mc150-3,aist__gKR_sBM_cAll_d30_mKR2_ch08__mc150-3,,Human3R,m0_strict_human3r,Orientation_deg,38.5089195133548,49.7651410629933,-11.256221549638504
aist__gKR_sBM_cAll_d30_mKR2_ch08__mc150-3,aist__gKR_sBM_cAll_d30_mKR2_ch08__mc150-3,,Human3R,m0_strict_human3r,Seam-root_mm,646.5893495892507,2368.0313828049275,-1721.442033215677
aist__gKR_sBM_cAll_d30_mKR2_ch08__mc150-3,aist__gKR_sBM_cAll_d30_mKR2_ch08__mc150-3,,Human3R,m0_strict_human3r,Seam-orientation_deg,59.7971667736134,78.11985514725228,-18.322688373638883
aist__gKR_sBM_cAll_d30_mKR2_ch08__mc150-3,aist__gKR_sBM_cAll_d30_mKR2_ch08__mc150-3,,Human3R,m0_strict_human3r,Camera-rotation_deg,48.37394970058839,73.10485650485124,-24.73090680426285
aist__gKR_sBM_cAll_d30_mKR2_ch08__mc150-3,aist__gKR_sBM_cAll_d30_mKR2_ch08__mc150-3,,Human3R,m0_strict_human3r,Camera-translation_m,4.969507894828863,5.176100583623653,-0.20659268879479065
aist__gKR_sBM_cAll_d30_mKR2_ch08__mc150-3,aist__gKR_sBM_cAll_d30_mKR2_ch08__mc150-3,,Human3R,m0_strict_human3r,Boundary-camera-rotation_deg,112.28972091826697,83.33470063335417,28.95502028491279
aist__gKR_sBM_cAll_d30_mKR2_ch08__mc150-3,aist__gKR_sBM_cAll_d30_mKR2_ch08__mc150-3,,Human3R,m0_strict_human3r,Boundary-camera-translation_m,8.089286827637277,7.665475442330001,0.42381138530727647
aist__gKR_sBM_cAll_d30_mKR2_ch08__mc150-3,aist__gKR_sBM_cAll_d30_mKR2_ch08__mc150-3,,Human3R,m0_strict_human3r,Coverage,0.98,1.0,0.020000000000000018
aist__gKR_sBM_cAll_d30_mKR2_ch08__mc150-3,aist__gKR_sBM_cAll_d30_mKR2_ch08__mc150-3,,BRIDGE3R,m15_bridge3r_fixed_v19,PA-MPJPE_mm,51.97454276176826,47.58171508602707,4.392827675741195
aist__gKR_sBM_cAll_d30_mKR2_ch08__mc150-3,aist__gKR_sBM_cAll_d30_mKR2_ch08__mc150-3,,BRIDGE3R,m15_bridge3r_fixed_v19,Anchor-MPJPE_mm,662.5402524795642,753.382856903718,-90.84260442415382
aist__gKR_sBM_cAll_d30_mKR2_ch08__mc150-3,aist__gKR_sBM_cAll_d30_mKR2_ch08__mc150-3,,BRIDGE3R,m15_bridge3r_fixed_v19,Anchor-root_mm,651.335488801101,749.4597110495785,-98.12422224847751
aist__gKR_sBM_cAll_d30_mKR2_ch08__mc150-3,aist__gKR_sBM_cAll_d30_mKR2_ch08__mc150-3,,BRIDGE3R,m15_bridge3r_fixed_v19,Orientation_deg,38.5089195133548,58.04533344376202,-19.53641393040722
aist__gKR_sBM_cAll_d30_mKR2_ch08__mc150-3,aist__gKR_sBM_cAll_d30_mKR2_ch08__mc150-3,,BRIDGE3R,m15_bridge3r_fixed_v19,Seam-root_mm,646.5893495892507,1469.5994913724342,-823.0101417831835
aist__gKR_sBM_cAll_d30_mKR2_ch08__mc150-3,aist__gKR_sBM_cAll_d30_mKR2_ch08__mc150-3,,BRIDGE3R,m15_bridge3r_fixed_v19,Seam-orientation_deg,59.7971667736134,40.86454141018706,18.93262536342634
aist__gKR_sBM_cAll_d30_mKR2_ch08__mc150-3,aist__gKR_sBM_cAll_d30_mKR2_ch08__mc150-3,,BRIDGE3R,m15_bridge3r_fixed_v19,Camera-rotation_deg,48.37394970058839,84.98289112200396,-36.60894142141557
aist__gKR_sBM_cAll_d30_mKR2_ch08__mc150-3,aist__gKR_sBM_cAll_d30_mKR2_ch08__mc150-3,,BRIDGE3R,m15_bridge3r_fixed_v19,Camera-translation_m,4.969507894828863,6.117237756348626,-1.147729861519763
aist__gKR_sBM_cAll_d30_mKR2_ch08__mc150-3,aist__gKR_sBM_cAll_d30_mKR2_ch08__mc150-3,,BRIDGE3R,m15_bridge3r_fixed_v19,Boundary-camera-rotation_deg,112.28972091826697,43.5964777239472,68.69324319431976
aist__gKR_sBM_cAll_d30_mKR2_ch08__mc150-3,aist__gKR_sBM_cAll_d30_mKR2_ch08__mc150-3,,BRIDGE3R,m15_bridge3r_fixed_v19,Boundary-camera-translation_m,8.089286827637277,4.239831678426292,3.8494551492109856
aist__gKR_sBM_cAll_d30_mKR2_ch08__mc150-3,aist__gKR_sBM_cAll_d30_mKR2_ch08__mc150-3,,BRIDGE3R,m15_bridge3r_fixed_v19,Coverage,0.98,1.0,0.020000000000000018
aist__gKR_sBM_cAll_d30_mKR3_ch02__mc150-3,aist__gKR_sBM_cAll_d30_mKR3_ch02__mc150-3,,Human3R,m0_strict_human3r,PA-MPJPE_mm,57.54488442376941,53.1074517153954,4.437432708374011
aist__gKR_sBM_cAll_d30_mKR3_ch02__mc150-3,aist__gKR_sBM_cAll_d30_mKR3_ch02__mc150-3,,Human3R,m0_strict_human3r,Anchor-MPJPE_mm,590.8352020858598,519.125695613999,71.70950647186078
aist__gKR_sBM_cAll_d30_mKR3_ch02__mc150-3,aist__gKR_sBM_cAll_d30_mKR3_ch02__mc150-3,,Human3R,m0_strict_human3r,Anchor-root_mm,547.1060736667395,499.0355895640086,48.07048410273086
aist__gKR_sBM_cAll_d30_mKR3_ch02__mc150-3,aist__gKR_sBM_cAll_d30_mKR3_ch02__mc150-3,,Human3R,m0_strict_human3r,Orientation_deg,39.00741424689687,42.46825314369216,-3.4608388967952877
aist__gKR_sBM_cAll_d30_mKR3_ch02__mc150-3,aist__gKR_sBM_cAll_d30_mKR3_ch02__mc150-3,,Human3R,m0_strict_human3r,Seam-root_mm,493.2074753851565,978.3782425507725,-485.170767165616
aist__gKR_sBM_cAll_d30_mKR3_ch02__mc150-3,aist__gKR_sBM_cAll_d30_mKR3_ch02__mc150-3,,Human3R,m0_strict_human3r,Seam-orientation_deg,67.26505712765704,86.94678480010388,-19.68172767244684
aist__gKR_sBM_cAll_d30_mKR3_ch02__mc150-3,aist__gKR_sBM_cAll_d30_mKR3_ch02__mc150-3,,Human3R,m0_strict_human3r,Camera-rotation_deg,47.086735347263456,51.75689712836422,-4.6701617811007665
aist__gKR_sBM_cAll_d30_mKR3_ch02__mc150-3,aist__gKR_sBM_cAll_d30_mKR3_ch02__mc150-3,,Human3R,m0_strict_human3r,Camera-translation_m,4.83529180225322,4.280894918465678,0.5543968837875424
aist__gKR_sBM_cAll_d30_mKR3_ch02__mc150-3,aist__gKR_sBM_cAll_d30_mKR3_ch02__mc150-3,,Human3R,m0_strict_human3r,Boundary-camera-rotation_deg,112.27923606922629,83.66015959770618,28.619076471520103
aist__gKR_sBM_cAll_d30_mKR3_ch02__mc150-3,aist__gKR_sBM_cAll_d30_mKR3_ch02__mc150-3,,Human3R,m0_strict_human3r,Boundary-camera-translation_m,8.102701937106069,6.603836485791933,1.4988654513141357
aist__gKR_sBM_cAll_d30_mKR3_ch02__mc150-3,aist__gKR_sBM_cAll_d30_mKR3_ch02__mc150-3,,Human3R,m0_strict_human3r,Coverage,0.98,1.0,0.020000000000000018
aist__gKR_sBM_cAll_d30_mKR3_ch02__mc150-3,aist__gKR_sBM_cAll_d30_mKR3_ch02__mc150-3,,BRIDGE3R,m15_bridge3r_fixed_v19,PA-MPJPE_mm,57.54488442376941,52.89887536473855,4.64600905903086
aist__gKR_sBM_cAll_d30_mKR3_ch02__mc150-3,aist__gKR_sBM_cAll_d30_mKR3_ch02__mc150-3,,BRIDGE3R,m15_bridge3r_fixed_v19,Anchor-MPJPE_mm,590.8352020858598,706.038552255989,-115.20335017012917
aist__gKR_sBM_cAll_d30_mKR3_ch02__mc150-3,aist__gKR_sBM_cAll_d30_mKR3_ch02__mc150-3,,BRIDGE3R,m15_bridge3r_fixed_v19,Anchor-root_mm,547.1060736667395,659.0588124098381,-111.95273874309862
aist__gKR_sBM_cAll_d30_mKR3_ch02__mc150-3,aist__gKR_sBM_cAll_d30_mKR3_ch02__mc150-3,,BRIDGE3R,m15_bridge3r_fixed_v19,Orientation_deg,39.00741424689687,63.76567603097569,-24.75826178407882
aist__gKR_sBM_cAll_d30_mKR3_ch02__mc150-3,aist__gKR_sBM_cAll_d30_mKR3_ch02__mc150-3,,BRIDGE3R,m15_bridge3r_fixed_v19,Seam-root_mm,493.2074753851565,1091.826708375146,-598.6192329899894
aist__gKR_sBM_cAll_d30_mKR3_ch02__mc150-3,aist__gKR_sBM_cAll_d30_mKR3_ch02__mc150-3,,BRIDGE3R,m15_bridge3r_fixed_v19,Seam-orientation_deg,67.26505712765704,53.58215306166531,13.682904065991735
aist__gKR_sBM_cAll_d30_mKR3_ch02__mc150-3,aist__gKR_sBM_cAll_d30_mKR3_ch02__mc150-3,,BRIDGE3R,m15_bridge3r_fixed_v19,Camera-rotation_deg,47.086735347263456,83.7908824362823,-36.704147089018846
aist__gKR_sBM_cAll_d30_mKR3_ch02__mc150-3,aist__gKR_sBM_cAll_d30_mKR3_ch02__mc150-3,,BRIDGE3R,m15_bridge3r_fixed_v19,Camera-translation_m,4.83529180225322,6.038712935176787,-1.203421132923567
aist__gKR_sBM_cAll_d30_mKR3_ch02__mc150-3,aist__gKR_sBM_cAll_d30_mKR3_ch02__mc150-3,,BRIDGE3R,m15_bridge3r_fixed_v19,Boundary-camera-rotation_deg,112.27923606922629,46.54031834557774,65.73891772364854
aist__gKR_sBM_cAll_d30_mKR3_ch02__mc150-3,aist__gKR_sBM_cAll_d30_mKR3_ch02__mc150-3,,BRIDGE3R,m15_bridge3r_fixed_v19,Boundary-camera-translation_m,8.102701937106069,4.452750897838801,3.6499510392672683
aist__gKR_sBM_cAll_d30_mKR3_ch02__mc150-3,aist__gKR_sBM_cAll_d30_mKR3_ch02__mc150-3,,BRIDGE3R,m15_bridge3r_fixed_v19,Coverage,0.98,1.0,0.020000000000000018
aist__gKR_sBM_cAll_d30_mKR4_ch01__mc150-3,aist__gKR_sBM_cAll_d30_mKR4_ch01__mc150-3,,Human3R,m0_strict_human3r,PA-MPJPE_mm,55.90157076864093,62.42295368511674,-6.521382916475808
aist__gKR_sBM_cAll_d30_mKR4_ch01__mc150-3,aist__gKR_sBM_cAll_d30_mKR4_ch01__mc150-3,,Human3R,m0_strict_human3r,Anchor-MPJPE_mm,449.9806107636469,555.9356885992512,-105.9550778356043
aist__gKR_sBM_cAll_d30_mKR4_ch01__mc150-3,aist__gKR_sBM_cAll_d30_mKR4_ch01__mc150-3,,Human3R,m0_strict_human3r,Anchor-root_mm,292.5867958866959,490.1555146900256,-197.56871880332972
aist__gKR_sBM_cAll_d30_mKR4_ch01__mc150-3,aist__gKR_sBM_cAll_d30_mKR4_ch01__mc150-3,,Human3R,m0_strict_human3r,Orientation_deg,96.3050223692513,66.87671504241325,29.428307326838052
aist__gKR_sBM_cAll_d30_mKR4_ch01__mc150-3,aist__gKR_sBM_cAll_d30_mKR4_ch01__mc150-3,,Human3R,m0_strict_human3r,Seam-root_mm,531.009502042989,2091.0769814709533,-1560.0674794279644
aist__gKR_sBM_cAll_d30_mKR4_ch01__mc150-3,aist__gKR_sBM_cAll_d30_mKR4_ch01__mc150-3,,Human3R,m0_strict_human3r,Seam-orientation_deg,66.8352825620323,99.44999027007728,-32.614707708044975
aist__gKR_sBM_cAll_d30_mKR4_ch01__mc150-3,aist__gKR_sBM_cAll_d30_mKR4_ch01__mc150-3,,Human3R,m0_strict_human3r,Camera-rotation_deg,134.7343415180489,100.22638201417729,34.507959503871604
aist__gKR_sBM_cAll_d30_mKR4_ch01__mc150-3,aist__gKR_sBM_cAll_d30_mKR4_ch01__mc150-3,,Human3R,m0_strict_human3r,Camera-translation_m,9.633388841423729,7.84439844548494,1.7889903959387894
aist__gKR_sBM_cAll_d30_mKR4_ch01__mc150-3,aist__gKR_sBM_cAll_d30_mKR4_ch01__mc150-3,,Human3R,m0_strict_human3r,Boundary-camera-rotation_deg,112.69182231787126,89.16693646344541,23.524885854425847
aist__gKR_sBM_cAll_d30_mKR4_ch01__mc150-3,aist__gKR_sBM_cAll_d30_mKR4_ch01__mc150-3,,Human3R,m0_strict_human3r,Boundary-camera-translation_m,8.00577811022384,3.919012222675092,4.086765887548748
aist__gKR_sBM_cAll_d30_mKR4_ch01__mc150-3,aist__gKR_sBM_cAll_d30_mKR4_ch01__mc150-3,,Human3R,m0_strict_human3r,Coverage,0.98,1.0,0.020000000000000018
aist__gKR_sBM_cAll_d30_mKR4_ch01__mc150-3,aist__gKR_sBM_cAll_d30_mKR4_ch01__mc150-3,,BRIDGE3R,m15_bridge3r_fixed_v19,PA-MPJPE_mm,55.90157076864093,62.05223858052569,-6.150667811884759
aist__gKR_sBM_cAll_d30_mKR4_ch01__mc150-3,aist__gKR_sBM_cAll_d30_mKR4_ch01__mc150-3,,BRIDGE3R,m15_bridge3r_fixed_v19,Anchor-MPJPE_mm,449.9806107636469,533.6585515989448,-83.67794083529787
aist__gKR_sBM_cAll_d30_mKR4_ch01__mc150-3,aist__gKR_sBM_cAll_d30_mKR4_ch01__mc150-3,,BRIDGE3R,m15_bridge3r_fixed_v19,Anchor-root_mm,292.5867958866959,464.67229005187266,-172.08549416517678
aist__gKR_sBM_cAll_d30_mKR4_ch01__mc150-3,aist__gKR_sBM_cAll_d30_mKR4_ch01__mc150-3,,BRIDGE3R,m15_bridge3r_fixed_v19,Orientation_deg,96.3050223692513,67.95079943917452,28.354222930076787
aist__gKR_sBM_cAll_d30_mKR4_ch01__mc150-3,aist__gKR_sBM_cAll_d30_mKR4_ch01__mc150-3,,BRIDGE3R,m15_bridge3r_fixed_v19,Seam-root_mm,531.009502042989,775.1801789936777,-244.17067695068874
aist__gKR_sBM_cAll_d30_mKR4_ch01__mc150-3,aist__gKR_sBM_cAll_d30_mKR4_ch01__mc150-3,,BRIDGE3R,m15_bridge3r_fixed_v19,Seam-orientation_deg,66.8352825620323,51.99233193968409,14.842950622348212
aist__gKR_sBM_cAll_d30_mKR4_ch01__mc150-3,aist__gKR_sBM_cAll_d30_mKR4_ch01__mc150-3,,BRIDGE3R,m15_bridge3r_fixed_v19,Camera-rotation_deg,134.7343415180489,102.41994678167119,32.31439473637771
aist__gKR_sBM_cAll_d30_mKR4_ch01__mc150-3,aist__gKR_sBM_cAll_d30_mKR4_ch01__mc150-3,,BRIDGE3R,m15_bridge3r_fixed_v19,Camera-translation_m,9.633388841423729,7.219106767070931,2.4142820743527977
aist__gKR_sBM_cAll_d30_mKR4_ch01__mc150-3,aist__gKR_sBM_cAll_d30_mKR4_ch01__mc150-3,,BRIDGE3R,m15_bridge3r_fixed_v19,Boundary-camera-rotation_deg,112.69182231787126,56.04775895472547,56.64406336314579
aist__gKR_sBM_cAll_d30_mKR4_ch01__mc150-3,aist__gKR_sBM_cAll_d30_mKR4_ch01__mc150-3,,BRIDGE3R,m15_bridge3r_fixed_v19,Boundary-camera-translation_m,8.00577811022384,4.021473658284539,3.984304451939301
aist__gKR_sBM_cAll_d30_mKR4_ch01__mc150-3,aist__gKR_sBM_cAll_d30_mKR4_ch01__mc150-3,,BRIDGE3R,m15_bridge3r_fixed_v19,Coverage,0.98,1.0,0.020000000000000018
aist__gKR_sBM_cAll_d30_mKR4_ch02__mc150-3,aist__gKR_sBM_cAll_d30_mKR4_ch02__mc150-3,,Human3R,m0_strict_human3r,PA-MPJPE_mm,58.091214657276375,59.360145472940395,-1.2689308156640209
aist__gKR_sBM_cAll_d30_mKR4_ch02__mc150-3,aist__gKR_sBM_cAll_d30_mKR4_ch02__mc150-3,,Human3R,m0_strict_human3r,Anchor-MPJPE_mm,585.286305256201,415.7262301727761,169.56007508342486
aist__gKR_sBM_cAll_d30_mKR4_ch02__mc150-3,aist__gKR_sBM_cAll_d30_mKR4_ch02__mc150-3,,Human3R,m0_strict_human3r,Anchor-root_mm,539.543940149405,343.78826173113873,195.75567841826626
aist__gKR_sBM_cAll_d30_mKR4_ch02__mc150-3,aist__gKR_sBM_cAll_d30_mKR4_ch02__mc150-3,,Human3R,m0_strict_human3r,Orientation_deg,38.71030716772523,63.546510269188765,-24.836203101463532
aist__gKR_sBM_cAll_d30_mKR4_ch02__mc150-3,aist__gKR_sBM_cAll_d30_mKR4_ch02__mc150-3,,Human3R,m0_strict_human3r,Seam-root_mm,524.9374990400681,1338.110413896727,-813.172914856659
aist__gKR_sBM_cAll_d30_mKR4_ch02__mc150-3,aist__gKR_sBM_cAll_d30_mKR4_ch02__mc150-3,,Human3R,m0_strict_human3r,Seam-orientation_deg,55.49810096730859,84.12365272125436,-28.62555175394577
aist__gKR_sBM_cAll_d30_mKR4_ch02__mc150-3,aist__gKR_sBM_cAll_d30_mKR4_ch02__mc150-3,,Human3R,m0_strict_human3r,Camera-rotation_deg,48.03063526253889,88.21304931373416,-40.18241405119527
aist__gKR_sBM_cAll_d30_mKR4_ch02__mc150-3,aist__gKR_sBM_cAll_d30_mKR4_ch02__mc150-3,,Human3R,m0_strict_human3r,Camera-translation_m,4.777880248600475,7.045177906547217,-2.2672976579467417
aist__gKR_sBM_cAll_d30_mKR4_ch02__mc150-3,aist__gKR_sBM_cAll_d30_mKR4_ch02__mc150-3,,Human3R,m0_strict_human3r,Boundary-camera-rotation_deg,112.28747633191196,81.94006697841357,30.347409353498392
aist__gKR_sBM_cAll_d30_mKR4_ch02__mc150-3,aist__gKR_sBM_cAll_d30_mKR4_ch02__mc150-3,,Human3R,m0_strict_human3r,Boundary-camera-translation_m,8.096390287378311,6.482905903413635,1.6134843839646758
aist__gKR_sBM_cAll_d30_mKR4_ch02__mc150-3,aist__gKR_sBM_cAll_d30_mKR4_ch02__mc150-3,,Human3R,m0_strict_human3r,Coverage,0.9933333333333333,1.0,0.00666666666666671
aist__gKR_sBM_cAll_d30_mKR4_ch02__mc150-3,aist__gKR_sBM_cAll_d30_mKR4_ch02__mc150-3,,BRIDGE3R,m15_bridge3r_fixed_v19,PA-MPJPE_mm,58.091214657276375,59.394651189714956,-1.3034365324385817
aist__gKR_sBM_cAll_d30_mKR4_ch02__mc150-3,aist__gKR_sBM_cAll_d30_mKR4_ch02__mc150-3,,BRIDGE3R,m15_bridge3r_fixed_v19,Anchor-MPJPE_mm,585.286305256201,1427.1382398448661,-841.8519345886651
aist__gKR_sBM_cAll_d30_mKR4_ch02__mc150-3,aist__gKR_sBM_cAll_d30_mKR4_ch02__mc150-3,,BRIDGE3R,m15_bridge3r_fixed_v19,Anchor-root_mm,539.543940149405,1401.3414782352315,-861.7975380858265
aist__gKR_sBM_cAll_d30_mKR4_ch02__mc150-3,aist__gKR_sBM_cAll_d30_mKR4_ch02__mc150-3,,BRIDGE3R,m15_bridge3r_fixed_v19,Orientation_deg,38.71030716772523,44.493909864076784,-5.783602696351551
aist__gKR_sBM_cAll_d30_mKR4_ch02__mc150-3,aist__gKR_sBM_cAll_d30_mKR4_ch02__mc150-3,,BRIDGE3R,m15_bridge3r_fixed_v19,Seam-root_mm,524.9374990400681,2940.182837142812,-2415.2453381027435
aist__gKR_sBM_cAll_d30_mKR4_ch02__mc150-3,aist__gKR_sBM_cAll_d30_mKR4_ch02__mc150-3,,BRIDGE3R,m15_bridge3r_fixed_v19,Seam-orientation_deg,55.49810096730859,43.904028467509626,11.594072499798962
aist__gKR_sBM_cAll_d30_mKR4_ch02__mc150-3,aist__gKR_sBM_cAll_d30_mKR4_ch02__mc150-3,,BRIDGE3R,m15_bridge3r_fixed_v19,Camera-rotation_deg,48.03063526253889,59.54129753394787,-11.510662271408982
aist__gKR_sBM_cAll_d30_mKR4_ch02__mc150-3,aist__gKR_sBM_cAll_d30_mKR4_ch02__mc150-3,,BRIDGE3R,m15_bridge3r_fixed_v19,Camera-translation_m,4.777880248600475,4.752500288618084,0.025379959982391398
aist__gKR_sBM_cAll_d30_mKR4_ch02__mc150-3,aist__gKR_sBM_cAll_d30_mKR4_ch02__mc150-3,,BRIDGE3R,m15_bridge3r_fixed_v19,Boundary-camera-rotation_deg,112.28747633191196,48.13273301792484,64.15474331398713
aist__gKR_sBM_cAll_d30_mKR4_ch02__mc150-3,aist__gKR_sBM_cAll_d30_mKR4_ch02__mc150-3,,BRIDGE3R,m15_bridge3r_fixed_v19,Boundary-camera-translation_m,8.096390287378311,5.080474767319796,3.015915520058515
aist__gKR_sBM_cAll_d30_mKR4_ch02__mc150-3,aist__gKR_sBM_cAll_d30_mKR4_ch02__mc150-3,,BRIDGE3R,m15_bridge3r_fixed_v19,Coverage,0.9933333333333333,1.0,0.00666666666666671
aist__gKR_sFM_cAll_d30_mKR2_ch17__mc150-3,aist__gKR_sFM_cAll_d30_mKR2_ch17__mc150-3,,Human3R,m0_strict_human3r,PA-MPJPE_mm,56.02961716587646,55.177421081939904,0.8521960839365548
aist__gKR_sFM_cAll_d30_mKR2_ch17__mc150-3,aist__gKR_sFM_cAll_d30_mKR2_ch17__mc150-3,,Human3R,m0_strict_human3r,Anchor-MPJPE_mm,383.3892899212515,445.96739050801204,-62.57810058676057
aist__gKR_sFM_cAll_d30_mKR2_ch17__mc150-3,aist__gKR_sFM_cAll_d30_mKR2_ch17__mc150-3,,Human3R,m0_strict_human3r,Anchor-root_mm,321.2579574386235,362.8254179537025,-41.567460515079006
aist__gKR_sFM_cAll_d30_mKR2_ch17__mc150-3,aist__gKR_sFM_cAll_d30_mKR2_ch17__mc150-3,,Human3R,m0_strict_human3r,Orientation_deg,83.93214331428177,68.42043703047122,15.511706283810554
aist__gKR_sFM_cAll_d30_mKR2_ch17__mc150-3,aist__gKR_sFM_cAll_d30_mKR2_ch17__mc150-3,,Human3R,m0_strict_human3r,Seam-root_mm,563.48522357097,377.0335330022142,186.4516905687558
aist__gKR_sFM_cAll_d30_mKR2_ch17__mc150-3,aist__gKR_sFM_cAll_d30_mKR2_ch17__mc150-3,,Human3R,m0_strict_human3r,Seam-orientation_deg,35.730572298734415,49.838288533571934,-14.107716234837518
aist__gKR_sFM_cAll_d30_mKR2_ch17__mc150-3,aist__gKR_sFM_cAll_d30_mKR2_ch17__mc150-3,,Human3R,m0_strict_human3r,Camera-rotation_deg,112.21892325527993,96.44199479034549,15.776928464934443
aist__gKR_sFM_cAll_d30_mKR2_ch17__mc150-3,aist__gKR_sFM_cAll_d30_mKR2_ch17__mc150-3,,Human3R,m0_strict_human3r,Camera-translation_m,8.346077417283261,8.435946422400194,-0.08986900511693285
aist__gKR_sFM_cAll_d30_mKR2_ch17__mc150-3,aist__gKR_sFM_cAll_d30_mKR2_ch17__mc150-3,,Human3R,m0_strict_human3r,Boundary-camera-rotation_deg,67.3031127157798,45.41794121391851,21.885171501861294
aist__gKR_sFM_cAll_d30_mKR2_ch17__mc150-3,aist__gKR_sFM_cAll_d30_mKR2_ch17__mc150-3,,Human3R,m0_strict_human3r,Boundary-camera-translation_m,5.467670666597507,4.110677231171479,1.3569934354260278
aist__gKR_sFM_cAll_d30_mKR2_ch17__mc150-3,aist__gKR_sFM_cAll_d30_mKR2_ch17__mc150-3,,Human3R,m0_strict_human3r,Coverage,0.98,1.0,0.020000000000000018
aist__gKR_sFM_cAll_d30_mKR2_ch17__mc150-3,aist__gKR_sFM_cAll_d30_mKR2_ch17__mc150-3,,BRIDGE3R,m15_bridge3r_fixed_v19,PA-MPJPE_mm,56.02961716587646,54.99694684883333,1.0326703170431273
aist__gKR_sFM_cAll_d30_mKR2_ch17__mc150-3,aist__gKR_sFM_cAll_d30_mKR2_ch17__mc150-3,,BRIDGE3R,m15_bridge3r_fixed_v19,Anchor-MPJPE_mm,383.3892899212515,1241.491466193118,-858.1021762718665
aist__gKR_sFM_cAll_d30_mKR2_ch17__mc150-3,aist__gKR_sFM_cAll_d30_mKR2_ch17__mc150-3,,BRIDGE3R,m15_bridge3r_fixed_v19,Anchor-root_mm,321.2579574386235,1232.6713607443487,-911.4134033057252
aist__gKR_sFM_cAll_d30_mKR2_ch17__mc150-3,aist__gKR_sFM_cAll_d30_mKR2_ch17__mc150-3,,BRIDGE3R,m15_bridge3r_fixed_v19,Orientation_deg,83.93214331428177,21.595064341443674,62.3370789728381
aist__gKR_sFM_cAll_d30_mKR2_ch17__mc150-3,aist__gKR_sFM_cAll_d30_mKR2_ch17__mc150-3,,BRIDGE3R,m15_bridge3r_fixed_v19,Seam-root_mm,563.48522357097,1835.7521601555818,-1272.2669365846118
aist__gKR_sFM_cAll_d30_mKR2_ch17__mc150-3,aist__gKR_sFM_cAll_d30_mKR2_ch17__mc150-3,,BRIDGE3R,m15_bridge3r_fixed_v19,Seam-orientation_deg,35.730572298734415,23.2684305660311,12.462141732703316
aist__gKR_sFM_cAll_d30_mKR2_ch17__mc150-3,aist__gKR_sFM_cAll_d30_mKR2_ch17__mc150-3,,BRIDGE3R,m15_bridge3r_fixed_v19,Camera-rotation_deg,112.21892325527993,26.774916552855576,85.44400670242436
aist__gKR_sFM_cAll_d30_mKR2_ch17__mc150-3,aist__gKR_sFM_cAll_d30_mKR2_ch17__mc150-3,,BRIDGE3R,m15_bridge3r_fixed_v19,Camera-translation_m,8.346077417283261,4.0396364562664555,4.306440961016806
aist__gKR_sFM_cAll_d30_mKR2_ch17__mc150-3,aist__gKR_sFM_cAll_d30_mKR2_ch17__mc150-3,,BRIDGE3R,m15_bridge3r_fixed_v19,Boundary-camera-rotation_deg,67.3031127157798,17.487074750075877,49.81603796570393
aist__gKR_sFM_cAll_d30_mKR2_ch17__mc150-3,aist__gKR_sFM_cAll_d30_mKR2_ch17__mc150-3,,BRIDGE3R,m15_bridge3r_fixed_v19,Boundary-camera-translation_m,5.467670666597507,2.402271204713787,3.06539946188372
aist__gKR_sFM_cAll_d30_mKR2_ch17__mc150-3,aist__gKR_sFM_cAll_d30_mKR2_ch17__mc150-3,,BRIDGE3R,m15_bridge3r_fixed_v19,Coverage,0.98,1.0,0.020000000000000018
aist__gLH_sBM_cAll_d18_mLH2_ch01__mc150-3,aist__gLH_sBM_cAll_d18_mLH2_ch01__mc150-3,,Human3R,m0_strict_human3r,PA-MPJPE_mm,51.93393125084698,49.65122605688201,2.282705193964972
aist__gLH_sBM_cAll_d18_mLH2_ch01__mc150-3,aist__gLH_sBM_cAll_d18_mLH2_ch01__mc150-3,,Human3R,m0_strict_human3r,Anchor-MPJPE_mm,806.4192858769993,475.7879033814363,330.631382495563
aist__gLH_sBM_cAll_d18_mLH2_ch01__mc150-3,aist__gLH_sBM_cAll_d18_mLH2_ch01__mc150-3,,Human3R,m0_strict_human3r,Anchor-root_mm,760.6354140344258,429.3138069824967,331.3216070519291
aist__gLH_sBM_cAll_d18_mLH2_ch01__mc150-3,aist__gLH_sBM_cAll_d18_mLH2_ch01__mc150-3,,Human3R,m0_strict_human3r,Orientation_deg,62.94642713356841,64.97067245196065,-2.0242453183922393
aist__gLH_sBM_cAll_d18_mLH2_ch01__mc150-3,aist__gLH_sBM_cAll_d18_mLH2_ch01__mc150-3,,Human3R,m0_strict_human3r,Seam-root_mm,770.3711709660088,449.54099281551936,320.8301781504894
aist__gLH_sBM_cAll_d18_mLH2_ch01__mc150-3,aist__gLH_sBM_cAll_d18_mLH2_ch01__mc150-3,,Human3R,m0_strict_human3r,Seam-orientation_deg,25.92859613441762,41.05547624687683,-15.126880112459208
aist__gLH_sBM_cAll_d18_mLH2_ch01__mc150-3,aist__gLH_sBM_cAll_d18_mLH2_ch01__mc150-3,,Human3R,m0_strict_human3r,Camera-rotation_deg,85.18897300208309,89.08028082437238,-3.891307822289292
aist__gLH_sBM_cAll_d18_mLH2_ch01__mc150-3,aist__gLH_sBM_cAll_d18_mLH2_ch01__mc150-3,,Human3R,m0_strict_human3r,Camera-translation_m,6.28711472074863,7.288427001667032,-1.0013122809184019
aist__gLH_sBM_cAll_d18_mLH2_ch01__mc150-3,aist__gLH_sBM_cAll_d18_mLH2_ch01__mc150-3,,Human3R,m0_strict_human3r,Boundary-camera-rotation_deg,63.13335803465076,47.18606215289005,15.94729588176071
aist__gLH_sBM_cAll_d18_mLH2_ch01__mc150-3,aist__gLH_sBM_cAll_d18_mLH2_ch01__mc150-3,,Human3R,m0_strict_human3r,Boundary-camera-translation_m,5.132382358850099,3.785592495119098,1.3467898637310007
aist__gLH_sBM_cAll_d18_mLH2_ch01__mc150-3,aist__gLH_sBM_cAll_d18_mLH2_ch01__mc150-3,,Human3R,m0_strict_human3r,Coverage,0.9933333333333333,1.0,0.00666666666666671
aist__gLH_sBM_cAll_d18_mLH2_ch01__mc150-3,aist__gLH_sBM_cAll_d18_mLH2_ch01__mc150-3,,BRIDGE3R,m15_bridge3r_fixed_v19,PA-MPJPE_mm,51.93393125084698,49.33778565306538,2.5961455977816
aist__gLH_sBM_cAll_d18_mLH2_ch01__mc150-3,aist__gLH_sBM_cAll_d18_mLH2_ch01__mc150-3,,BRIDGE3R,m15_bridge3r_fixed_v19,Anchor-MPJPE_mm,806.4192858769993,610.0447640421528,196.37452183484652
aist__gLH_sBM_cAll_d18_mLH2_ch01__mc150-3,aist__gLH_sBM_cAll_d18_mLH2_ch01__mc150-3,,BRIDGE3R,m15_bridge3r_fixed_v19,Anchor-root_mm,760.6354140344258,611.0139847687453,149.6214292656805
aist__gLH_sBM_cAll_d18_mLH2_ch01__mc150-3,aist__gLH_sBM_cAll_d18_mLH2_ch01__mc150-3,,BRIDGE3R,m15_bridge3r_fixed_v19,Orientation_deg,62.94642713356841,9.617869649977216,53.3285574835912
aist__gLH_sBM_cAll_d18_mLH2_ch01__mc150-3,aist__gLH_sBM_cAll_d18_mLH2_ch01__mc150-3,,BRIDGE3R,m15_bridge3r_fixed_v19,Seam-root_mm,770.3711709660088,850.033865034339,-79.66269406833021
aist__gLH_sBM_cAll_d18_mLH2_ch01__mc150-3,aist__gLH_sBM_cAll_d18_mLH2_ch01__mc150-3,,BRIDGE3R,m15_bridge3r_fixed_v19,Seam-orientation_deg,25.92859613441762,14.768588833147898,11.160007301269722
aist__gLH_sBM_cAll_d18_mLH2_ch01__mc150-3,aist__gLH_sBM_cAll_d18_mLH2_ch01__mc150-3,,BRIDGE3R,m15_bridge3r_fixed_v19,Camera-rotation_deg,85.18897300208309,8.070335274678548,77.11863772740455
aist__gLH_sBM_cAll_d18_mLH2_ch01__mc150-3,aist__gLH_sBM_cAll_d18_mLH2_ch01__mc150-3,,BRIDGE3R,m15_bridge3r_fixed_v19,Camera-translation_m,6.28711472074863,0.7698477574012188,5.517266963347412
aist__gLH_sBM_cAll_d18_mLH2_ch01__mc150-3,aist__gLH_sBM_cAll_d18_mLH2_ch01__mc150-3,,BRIDGE3R,m15_bridge3r_fixed_v19,Boundary-camera-rotation_deg,63.13335803465076,6.210171389624792,56.92318664502597
aist__gLH_sBM_cAll_d18_mLH2_ch01__mc150-3,aist__gLH_sBM_cAll_d18_mLH2_ch01__mc150-3,,BRIDGE3R,m15_bridge3r_fixed_v19,Boundary-camera-translation_m,5.132382358850099,0.8138670633728953,4.318515295477203
aist__gLH_sBM_cAll_d18_mLH2_ch01__mc150-3,aist__gLH_sBM_cAll_d18_mLH2_ch01__mc150-3,,BRIDGE3R,m15_bridge3r_fixed_v19,Coverage,0.9933333333333333,1.0,0.00666666666666671
aist__gLH_sBM_cAll_d18_mLH2_ch02__mc150-3,aist__gLH_sBM_cAll_d18_mLH2_ch02__mc150-3,,Human3R,m0_strict_human3r,PA-MPJPE_mm,59.23750156336274,53.798579809944464,5.438921753418278
aist__gLH_sBM_cAll_d18_mLH2_ch02__mc150-3,aist__gLH_sBM_cAll_d18_mLH2_ch02__mc150-3,,Human3R,m0_strict_human3r,Anchor-MPJPE_mm,967.2124182887901,357.22164767673365,609.9907706120564
aist__gLH_sBM_cAll_d18_mLH2_ch02__mc150-3,aist__gLH_sBM_cAll_d18_mLH2_ch02__mc150-3,,Human3R,m0_strict_human3r,Anchor-root_mm,945.3382600360703,286.6022346015133,658.736025434557
aist__gLH_sBM_cAll_d18_mLH2_ch02__mc150-3,aist__gLH_sBM_cAll_d18_mLH2_ch02__mc150-3,,Human3R,m0_strict_human3r,Orientation_deg,15.564305171702657,61.3570664339194,-45.79276126221674
aist__gLH_sBM_cAll_d18_mLH2_ch02__mc150-3,aist__gLH_sBM_cAll_d18_mLH2_ch02__mc150-3,,Human3R,m0_strict_human3r,Seam-root_mm,544.2861742000971,1670.2062745457756,-1125.9201003456785
aist__gLH_sBM_cAll_d18_mLH2_ch02__mc150-3,aist__gLH_sBM_cAll_d18_mLH2_ch02__mc150-3,,Human3R,m0_strict_human3r,Seam-orientation_deg,34.12012374436939,39.81337320820965,-5.69324946384026
aist__gLH_sBM_cAll_d18_mLH2_ch02__mc150-3,aist__gLH_sBM_cAll_d18_mLH2_ch02__mc150-3,,Human3R,m0_strict_human3r,Camera-rotation_deg,13.108256727006975,88.44737573953637,-75.3391190125294
aist__gLH_sBM_cAll_d18_mLH2_ch02__mc150-3,aist__gLH_sBM_cAll_d18_mLH2_ch02__mc150-3,,Human3R,m0_strict_human3r,Camera-translation_m,2.4260796619732816,5.33508204761632,-2.909002385643038
aist__gLH_sBM_cAll_d18_mLH2_ch02__mc150-3,aist__gLH_sBM_cAll_d18_mLH2_ch02__mc150-3,,Human3R,m0_strict_human3r,Boundary-camera-rotation_deg,67.5314017247086,45.03004099111362,22.50136073359498
aist__gLH_sBM_cAll_d18_mLH2_ch02__mc150-3,aist__gLH_sBM_cAll_d18_mLH2_ch02__mc150-3,,Human3R,m0_strict_human3r,Boundary-camera-translation_m,5.385765314195454,2.9731282560512207,2.412637058144233
aist__gLH_sBM_cAll_d18_mLH2_ch02__mc150-3,aist__gLH_sBM_cAll_d18_mLH2_ch02__mc150-3,,Human3R,m0_strict_human3r,Coverage,0.98,1.0,0.020000000000000018
aist__gLH_sBM_cAll_d18_mLH2_ch02__mc150-3,aist__gLH_sBM_cAll_d18_mLH2_ch02__mc150-3,,BRIDGE3R,m15_bridge3r_fixed_v19,PA-MPJPE_mm,59.23750156336274,53.508882615303285,5.728618948059456
aist__gLH_sBM_cAll_d18_mLH2_ch02__mc150-3,aist__gLH_sBM_cAll_d18_mLH2_ch02__mc150-3,,BRIDGE3R,m15_bridge3r_fixed_v19,Anchor-MPJPE_mm,967.2124182887901,655.3707246396665,311.8416936491236
aist__gLH_sBM_cAll_d18_mLH2_ch02__mc150-3,aist__gLH_sBM_cAll_d18_mLH2_ch02__mc150-3,,BRIDGE3R,m15_bridge3r_fixed_v19,Anchor-root_mm,945.3382600360703,626.1348075879229,319.20345244814746
aist__gLH_sBM_cAll_d18_mLH2_ch02__mc150-3,aist__gLH_sBM_cAll_d18_mLH2_ch02__mc150-3,,BRIDGE3R,m15_bridge3r_fixed_v19,Orientation_deg,15.564305171702657,71.79202955833246,-56.2277243866298
aist__gLH_sBM_cAll_d18_mLH2_ch02__mc150-3,aist__gLH_sBM_cAll_d18_mLH2_ch02__mc150-3,,BRIDGE3R,m15_bridge3r_fixed_v19,Seam-root_mm,544.2861742000971,942.9331850676001,-398.647010867503
aist__gLH_sBM_cAll_d18_mLH2_ch02__mc150-3,aist__gLH_sBM_cAll_d18_mLH2_ch02__mc150-3,,BRIDGE3R,m15_bridge3r_fixed_v19,Seam-orientation_deg,34.12012374436939,101.53230305216641,-67.41217930779703
aist__gLH_sBM_cAll_d18_mLH2_ch02__mc150-3,aist__gLH_sBM_cAll_d18_mLH2_ch02__mc150-3,,BRIDGE3R,m15_bridge3r_fixed_v19,Camera-rotation_deg,13.108256727006975,105.3070191407051,-92.19876241369812
aist__gLH_sBM_cAll_d18_mLH2_ch02__mc150-3,aist__gLH_sBM_cAll_d18_mLH2_ch02__mc150-3,,BRIDGE3R,m15_bridge3r_fixed_v19,Camera-translation_m,2.4260796619732816,5.8191071276750845,-3.393027465701803
aist__gLH_sBM_cAll_d18_mLH2_ch02__mc150-3,aist__gLH_sBM_cAll_d18_mLH2_ch02__mc150-3,,BRIDGE3R,m15_bridge3r_fixed_v19,Boundary-camera-rotation_deg,67.5314017247086,89.30861216414665,-21.77721043943805
aist__gLH_sBM_cAll_d18_mLH2_ch02__mc150-3,aist__gLH_sBM_cAll_d18_mLH2_ch02__mc150-3,,BRIDGE3R,m15_bridge3r_fixed_v19,Boundary-camera-translation_m,5.385765314195454,5.634304706236131,-0.24853939204067732
aist__gLH_sBM_cAll_d18_mLH2_ch02__mc150-3,aist__gLH_sBM_cAll_d18_mLH2_ch02__mc150-3,,BRIDGE3R,m15_bridge3r_fixed_v19,Coverage,0.98,1.0,0.020000000000000018
aist__gLH_sBM_cAll_d18_mLH3_ch01__mc150-3,aist__gLH_sBM_cAll_d18_mLH3_ch01__mc150-3,,Human3R,m0_strict_human3r,PA-MPJPE_mm,56.55644919108871,56.662867299122084,-0.10641810803337393
aist__gLH_sBM_cAll_d18_mLH3_ch01__mc150-3,aist__gLH_sBM_cAll_d18_mLH3_ch01__mc150-3,,Human3R,m0_strict_human3r,Anchor-MPJPE_mm,640.6426699064123,895.5697600997138,-254.92709019330152
aist__gLH_sBM_cAll_d18_mLH3_ch01__mc150-3,aist__gLH_sBM_cAll_d18_mLH3_ch01__mc150-3,,Human3R,m0_strict_human3r,Anchor-root_mm,622.8403125187211,883.7211805658332,-260.880868047112
aist__gLH_sBM_cAll_d18_mLH3_ch01__mc150-3,aist__gLH_sBM_cAll_d18_mLH3_ch01__mc150-3,,Human3R,m0_strict_human3r,Orientation_deg,38.98071117724564,54.30045013849373,-15.319738961248092
aist__gLH_sBM_cAll_d18_mLH3_ch01__mc150-3,aist__gLH_sBM_cAll_d18_mLH3_ch01__mc150-3,,Human3R,m0_strict_human3r,Seam-root_mm,502.8078474263451,290.55196757456395,212.25587985178117
aist__gLH_sBM_cAll_d18_mLH3_ch01__mc150-3,aist__gLH_sBM_cAll_d18_mLH3_ch01__mc150-3,,Human3R,m0_strict_human3r,Seam-orientation_deg,26.880961455855655,38.56853845828839,-11.687577002432732
aist__gLH_sBM_cAll_d18_mLH3_ch01__mc150-3,aist__gLH_sBM_cAll_d18_mLH3_ch01__mc150-3,,Human3R,m0_strict_human3r,Camera-rotation_deg,50.82825816494727,86.10339320279842,-35.27513503785114
aist__gLH_sBM_cAll_d18_mLH3_ch01__mc150-3,aist__gLH_sBM_cAll_d18_mLH3_ch01__mc150-3,,Human3R,m0_strict_human3r,Camera-translation_m,4.281810781547821,7.391092352839666,-3.109281571291845
aist__gLH_sBM_cAll_d18_mLH3_ch01__mc150-3,aist__gLH_sBM_cAll_d18_mLH3_ch01__mc150-3,,Human3R,m0_strict_human3r,Boundary-camera-rotation_deg,67.61809485127866,47.44621937338003,20.171875477898624
aist__gLH_sBM_cAll_d18_mLH3_ch01__mc150-3,aist__gLH_sBM_cAll_d18_mLH3_ch01__mc150-3,,Human3R,m0_strict_human3r,Boundary-camera-translation_m,5.374123213552038,3.85355670046669,1.520566513085348
aist__gLH_sBM_cAll_d18_mLH3_ch01__mc150-3,aist__gLH_sBM_cAll_d18_mLH3_ch01__mc150-3,,Human3R,m0_strict_human3r,Coverage,0.98,1.0,0.020000000000000018
aist__gLH_sBM_cAll_d18_mLH3_ch01__mc150-3,aist__gLH_sBM_cAll_d18_mLH3_ch01__mc150-3,,BRIDGE3R,m15_bridge3r_fixed_v19,PA-MPJPE_mm,56.55644919108871,56.53068862957221,0.02576056151649908
aist__gLH_sBM_cAll_d18_mLH3_ch01__mc150-3,aist__gLH_sBM_cAll_d18_mLH3_ch01__mc150-3,,BRIDGE3R,m15_bridge3r_fixed_v19,Anchor-MPJPE_mm,640.6426699064123,571.4377489314005,69.20492097501176
aist__gLH_sBM_cAll_d18_mLH3_ch01__mc150-3,aist__gLH_sBM_cAll_d18_mLH3_ch01__mc150-3,,BRIDGE3R,m15_bridge3r_fixed_v19,Anchor-root_mm,622.8403125187211,554.3381977738368,68.50211474488435
aist__gLH_sBM_cAll_d18_mLH3_ch01__mc150-3,aist__gLH_sBM_cAll_d18_mLH3_ch01__mc150-3,,BRIDGE3R,m15_bridge3r_fixed_v19,Orientation_deg,38.98071117724564,13.025484167690571,25.955227009555067
aist__gLH_sBM_cAll_d18_mLH3_ch01__mc150-3,aist__gLH_sBM_cAll_d18_mLH3_ch01__mc150-3,,BRIDGE3R,m15_bridge3r_fixed_v19,Seam-root_mm,502.8078474263451,785.4129667640136,-282.6051193376685
aist__gLH_sBM_cAll_d18_mLH3_ch01__mc150-3,aist__gLH_sBM_cAll_d18_mLH3_ch01__mc150-3,,BRIDGE3R,m15_bridge3r_fixed_v19,Seam-orientation_deg,26.880961455855655,18.940199381822143,7.940762074033511
aist__gLH_sBM_cAll_d18_mLH3_ch01__mc150-3,aist__gLH_sBM_cAll_d18_mLH3_ch01__mc150-3,,BRIDGE3R,m15_bridge3r_fixed_v19,Camera-rotation_deg,50.82825816494727,7.2138607783944595,43.61439738655281
aist__gLH_sBM_cAll_d18_mLH3_ch01__mc150-3,aist__gLH_sBM_cAll_d18_mLH3_ch01__mc150-3,,BRIDGE3R,m15_bridge3r_fixed_v19,Camera-translation_m,4.281810781547821,0.9989054134756639,3.282905368072157
aist__gLH_sBM_cAll_d18_mLH3_ch01__mc150-3,aist__gLH_sBM_cAll_d18_mLH3_ch01__mc150-3,,BRIDGE3R,m15_bridge3r_fixed_v19,Boundary-camera-rotation_deg,67.61809485127866,3.6673994283257514,63.950695422952904
aist__gLH_sBM_cAll_d18_mLH3_ch01__mc150-3,aist__gLH_sBM_cAll_d18_mLH3_ch01__mc150-3,,BRIDGE3R,m15_bridge3r_fixed_v19,Boundary-camera-translation_m,5.374123213552038,1.2335497481456668,4.140573465406371
aist__gLH_sBM_cAll_d18_mLH3_ch01__mc150-3,aist__gLH_sBM_cAll_d18_mLH3_ch01__mc150-3,,BRIDGE3R,m15_bridge3r_fixed_v19,Coverage,0.98,1.0,0.020000000000000018
aist__gLH_sBM_cAll_d18_mLH3_ch02__mc150-3,aist__gLH_sBM_cAll_d18_mLH3_ch02__mc150-3,,Human3R,m0_strict_human3r,PA-MPJPE_mm,61.34296721700957,59.66659042170516,1.6763767953044137
aist__gLH_sBM_cAll_d18_mLH3_ch02__mc150-3,aist__gLH_sBM_cAll_d18_mLH3_ch02__mc150-3,,Human3R,m0_strict_human3r,Anchor-MPJPE_mm,573.5269860279406,316.23670651823255,257.290279509708
aist__gLH_sBM_cAll_d18_mLH3_ch02__mc150-3,aist__gLH_sBM_cAll_d18_mLH3_ch02__mc150-3,,Human3R,m0_strict_human3r,Anchor-root_mm,539.7182494287498,223.93952944947756,315.77871997927224
aist__gLH_sBM_cAll_d18_mLH3_ch02__mc150-3,aist__gLH_sBM_cAll_d18_mLH3_ch02__mc150-3,,Human3R,m0_strict_human3r,Orientation_deg,108.32204449794219,68.55430080331627,39.76774369462592
aist__gLH_sBM_cAll_d18_mLH3_ch02__mc150-3,aist__gLH_sBM_cAll_d18_mLH3_ch02__mc150-3,,Human3R,m0_strict_human3r,Seam-root_mm,300.686032754475,382.19357739551833,-81.50754464104335
aist__gLH_sBM_cAll_d18_mLH3_ch02__mc150-3,aist__gLH_sBM_cAll_d18_mLH3_ch02__mc150-3,,Human3R,m0_strict_human3r,Seam-orientation_deg,30.098180280011686,50.900860505492595,-20.80268022548091
aist__gLH_sBM_cAll_d18_mLH3_ch02__mc150-3,aist__gLH_sBM_cAll_d18_mLH3_ch02__mc150-3,,Human3R,m0_strict_human3r,Camera-rotation_deg,157.62945189815693,99.87793655755576,57.75151534060117
aist__gLH_sBM_cAll_d18_mLH3_ch02__mc150-3,aist__gLH_sBM_cAll_d18_mLH3_ch02__mc150-3,,Human3R,m0_strict_human3r,Camera-translation_m,9.594250140709406,7.512890354121208,2.081359786588197
aist__gLH_sBM_cAll_d18_mLH3_ch02__mc150-3,aist__gLH_sBM_cAll_d18_mLH3_ch02__mc150-3,,Human3R,m0_strict_human3r,Boundary-camera-rotation_deg,89.91656120653359,49.73685918594097,40.179702020592615
aist__gLH_sBM_cAll_d18_mLH3_ch02__mc150-3,aist__gLH_sBM_cAll_d18_mLH3_ch02__mc150-3,,Human3R,m0_strict_human3r,Boundary-camera-translation_m,6.312448277723306,3.9393340312077014,2.373114246515605
aist__gLH_sBM_cAll_d18_mLH3_ch02__mc150-3,aist__gLH_sBM_cAll_d18_mLH3_ch02__mc150-3,,Human3R,m0_strict_human3r,Coverage,0.9666666666666667,1.0,0.033333333333333326
aist__gLH_sBM_cAll_d18_mLH3_ch02__mc150-3,aist__gLH_sBM_cAll_d18_mLH3_ch02__mc150-3,,BRIDGE3R,m15_bridge3r_fixed_v19,PA-MPJPE_mm,61.34296721700957,59.647728577896004,1.695238639113569
aist__gLH_sBM_cAll_d18_mLH3_ch02__mc150-3,aist__gLH_sBM_cAll_d18_mLH3_ch02__mc150-3,,BRIDGE3R,m15_bridge3r_fixed_v19,Anchor-MPJPE_mm,573.5269860279406,563.889857131219,9.637128896721606
aist__gLH_sBM_cAll_d18_mLH3_ch02__mc150-3,aist__gLH_sBM_cAll_d18_mLH3_ch02__mc150-3,,BRIDGE3R,m15_bridge3r_fixed_v19,Anchor-root_mm,539.7182494287498,512.4649696180803,27.253279810669483
aist__gLH_sBM_cAll_d18_mLH3_ch02__mc150-3,aist__gLH_sBM_cAll_d18_mLH3_ch02__mc150-3,,BRIDGE3R,m15_bridge3r_fixed_v19,Orientation_deg,108.32204449794219,67.5273040959155,40.79474040202669
aist__gLH_sBM_cAll_d18_mLH3_ch02__mc150-3,aist__gLH_sBM_cAll_d18_mLH3_ch02__mc150-3,,BRIDGE3R,m15_bridge3r_fixed_v19,Seam-root_mm,300.686032754475,364.24545453768627,-63.55942178321129
aist__gLH_sBM_cAll_d18_mLH3_ch02__mc150-3,aist__gLH_sBM_cAll_d18_mLH3_ch02__mc150-3,,BRIDGE3R,m15_bridge3r_fixed_v19,Seam-orientation_deg,30.098180280011686,50.9847912609192,-20.886610980907516
aist__gLH_sBM_cAll_d18_mLH3_ch02__mc150-3,aist__gLH_sBM_cAll_d18_mLH3_ch02__mc150-3,,BRIDGE3R,m15_bridge3r_fixed_v19,Camera-rotation_deg,157.62945189815693,98.69122380448765,58.93822809366928
aist__gLH_sBM_cAll_d18_mLH3_ch02__mc150-3,aist__gLH_sBM_cAll_d18_mLH3_ch02__mc150-3,,BRIDGE3R,m15_bridge3r_fixed_v19,Camera-translation_m,9.594250140709406,7.180040270527137,2.414209870182269
aist__gLH_sBM_cAll_d18_mLH3_ch02__mc150-3,aist__gLH_sBM_cAll_d18_mLH3_ch02__mc150-3,,BRIDGE3R,m15_bridge3r_fixed_v19,Boundary-camera-rotation_deg,89.91656120653359,50.7449494226379,39.171611783895685
aist__gLH_sBM_cAll_d18_mLH3_ch02__mc150-3,aist__gLH_sBM_cAll_d18_mLH3_ch02__mc150-3,,BRIDGE3R,m15_bridge3r_fixed_v19,Boundary-camera-translation_m,6.312448277723306,4.004391816841205,2.308056460882101
aist__gLH_sBM_cAll_d18_mLH3_ch02__mc150-3,aist__gLH_sBM_cAll_d18_mLH3_ch02__mc150-3,,BRIDGE3R,m15_bridge3r_fixed_v19,Coverage,0.9666666666666667,1.0,0.033333333333333326
aist__gLH_sBM_cAll_d18_mLH4_ch04__mc150-3,aist__gLH_sBM_cAll_d18_mLH4_ch04__mc150-3,,Human3R,m0_strict_human3r,PA-MPJPE_mm,50.71869270312135,48.366250643155446,2.3524420599659024
aist__gLH_sBM_cAll_d18_mLH4_ch04__mc150-3,aist__gLH_sBM_cAll_d18_mLH4_ch04__mc150-3,,Human3R,m0_strict_human3r,Anchor-MPJPE_mm,472.71465507344556,319.2556908550872,153.45896421835835
aist__gLH_sBM_cAll_d18_mLH4_ch04__mc150-3,aist__gLH_sBM_cAll_d18_mLH4_ch04__mc150-3,,Human3R,m0_strict_human3r,Anchor-root_mm,397.27739024137634,231.4206727691265,165.85671747224984
aist__gLH_sBM_cAll_d18_mLH4_ch04__mc150-3,aist__gLH_sBM_cAll_d18_mLH4_ch04__mc150-3,,Human3R,m0_strict_human3r,Orientation_deg,103.74106508234773,67.2904406739727,36.450624408375035
aist__gLH_sBM_cAll_d18_mLH4_ch04__mc150-3,aist__gLH_sBM_cAll_d18_mLH4_ch04__mc150-3,,Human3R,m0_strict_human3r,Seam-root_mm,567.6980701301636,663.314800137213,-95.61673000704934
aist__gLH_sBM_cAll_d18_mLH4_ch04__mc150-3,aist__gLH_sBM_cAll_d18_mLH4_ch04__mc150-3,,Human3R,m0_strict_human3r,Seam-orientation_deg,34.81297866882125,60.60608534085029,-25.79310667202904
aist__gLH_sBM_cAll_d18_mLH4_ch04__mc150-3,aist__gLH_sBM_cAll_d18_mLH4_ch04__mc150-3,,Human3R,m0_strict_human3r,Camera-rotation_deg,157.6334755618107,94.69302402995031,62.940451531860404
aist__gLH_sBM_cAll_d18_mLH4_ch04__mc150-3,aist__gLH_sBM_cAll_d18_mLH4_ch04__mc150-3,,Human3R,m0_strict_human3r,Camera-translation_m,9.49988314155061,7.60238400918106,1.8974991323695498
aist__gLH_sBM_cAll_d18_mLH4_ch04__mc150-3,aist__gLH_sBM_cAll_d18_mLH4_ch04__mc150-3,,Human3R,m0_strict_human3r,Boundary-camera-rotation_deg,89.90710948520265,51.03433878267062,38.87277070253203
aist__gLH_sBM_cAll_d18_mLH4_ch04__mc150-3,aist__gLH_sBM_cAll_d18_mLH4_ch04__mc150-3,,Human3R,m0_strict_human3r,Boundary-camera-translation_m,6.307536834651363,4.273592083367761,2.0339447512836015
aist__gLH_sBM_cAll_d18_mLH4_ch04__mc150-3,aist__gLH_sBM_cAll_d18_mLH4_ch04__mc150-3,,Human3R,m0_strict_human3r,Coverage,0.98,1.0,0.020000000000000018
aist__gLH_sBM_cAll_d18_mLH4_ch04__mc150-3,aist__gLH_sBM_cAll_d18_mLH4_ch04__mc150-3,,BRIDGE3R,m15_bridge3r_fixed_v19,PA-MPJPE_mm,50.71869270312135,47.97276586566205,2.745926837459301
aist__gLH_sBM_cAll_d18_mLH4_ch04__mc150-3,aist__gLH_sBM_cAll_d18_mLH4_ch04__mc150-3,,BRIDGE3R,m15_bridge3r_fixed_v19,Anchor-MPJPE_mm,472.71465507344556,483.8505977949138,-11.135942721468268
aist__gLH_sBM_cAll_d18_mLH4_ch04__mc150-3,aist__gLH_sBM_cAll_d18_mLH4_ch04__mc150-3,,BRIDGE3R,m15_bridge3r_fixed_v19,Anchor-root_mm,397.27739024137634,422.5644674833579,-25.287077241981535
aist__gLH_sBM_cAll_d18_mLH4_ch04__mc150-3,aist__gLH_sBM_cAll_d18_mLH4_ch04__mc150-3,,BRIDGE3R,m15_bridge3r_fixed_v19,Orientation_deg,103.74106508234773,68.84117961896858,34.89988546337915
aist__gLH_sBM_cAll_d18_mLH4_ch04__mc150-3,aist__gLH_sBM_cAll_d18_mLH4_ch04__mc150-3,,BRIDGE3R,m15_bridge3r_fixed_v19,Seam-root_mm,567.6980701301636,379.81729756778674,187.88077256237688
aist__gLH_sBM_cAll_d18_mLH4_ch04__mc150-3,aist__gLH_sBM_cAll_d18_mLH4_ch04__mc150-3,,BRIDGE3R,m15_bridge3r_fixed_v19,Seam-orientation_deg,34.81297866882125,63.27470502604316,-28.461726357221906
aist__gLH_sBM_cAll_d18_mLH4_ch04__mc150-3,aist__gLH_sBM_cAll_d18_mLH4_ch04__mc150-3,,BRIDGE3R,m15_bridge3r_fixed_v19,Camera-rotation_deg,157.6334755618107,97.39843536553731,60.2350401962734
aist__gLH_sBM_cAll_d18_mLH4_ch04__mc150-3,aist__gLH_sBM_cAll_d18_mLH4_ch04__mc150-3,,BRIDGE3R,m15_bridge3r_fixed_v19,Camera-translation_m,9.49988314155061,7.743243670049826,1.756639471500784
aist__gLH_sBM_cAll_d18_mLH4_ch04__mc150-3,aist__gLH_sBM_cAll_d18_mLH4_ch04__mc150-3,,BRIDGE3R,m15_bridge3r_fixed_v19,Boundary-camera-rotation_deg,89.90710948520265,53.46241614510883,36.44469334009382
aist__gLH_sBM_cAll_d18_mLH4_ch04__mc150-3,aist__gLH_sBM_cAll_d18_mLH4_ch04__mc150-3,,BRIDGE3R,m15_bridge3r_fixed_v19,Boundary-camera-translation_m,6.307536834651363,4.3515623210468855,1.9559745136044775
aist__gLH_sBM_cAll_d18_mLH4_ch04__mc150-3,aist__gLH_sBM_cAll_d18_mLH4_ch04__mc150-3,,BRIDGE3R,m15_bridge3r_fixed_v19,Coverage,0.98,1.0,0.020000000000000018
aist__gLH_sBM_cAll_d18_mLH4_ch05__mc150-3,aist__gLH_sBM_cAll_d18_mLH4_ch05__mc150-3,,Human3R,m0_strict_human3r,PA-MPJPE_mm,55.03801665102125,51.30707834404045,3.7309383069808035
aist__gLH_sBM_cAll_d18_mLH4_ch05__mc150-3,aist__gLH_sBM_cAll_d18_mLH4_ch05__mc150-3,,Human3R,m0_strict_human3r,Anchor-MPJPE_mm,336.98091468843,430.40181907950563,-93.42090439107562
aist__gLH_sBM_cAll_d18_mLH4_ch05__mc150-3,aist__gLH_sBM_cAll_d18_mLH4_ch05__mc150-3,,Human3R,m0_strict_human3r,Anchor-root_mm,321.20412810632644,395.1185128775799,-73.91438477125348
aist__gLH_sBM_cAll_d18_mLH4_ch05__mc150-3,aist__gLH_sBM_cAll_d18_mLH4_ch05__mc150-3,,Human3R,m0_strict_human3r,Orientation_deg,35.029254116155,36.550335674641865,-1.5210815584868627
aist__gLH_sBM_cAll_d18_mLH4_ch05__mc150-3,aist__gLH_sBM_cAll_d18_mLH4_ch05__mc150-3,,Human3R,m0_strict_human3r,Seam-root_mm,290.58259977158184,926.3075344263473,-635.7249346547654
aist__gLH_sBM_cAll_d18_mLH4_ch05__mc150-3,aist__gLH_sBM_cAll_d18_mLH4_ch05__mc150-3,,Human3R,m0_strict_human3r,Seam-orientation_deg,28.656653261738533,31.46678317212868,-2.8101299103901454
aist__gLH_sBM_cAll_d18_mLH4_ch05__mc150-3,aist__gLH_sBM_cAll_d18_mLH4_ch05__mc150-3,,Human3R,m0_strict_human3r,Camera-rotation_deg,45.71250341083178,46.25753719218917,-0.5450337813573896
aist__gLH_sBM_cAll_d18_mLH4_ch05__mc150-3,aist__gLH_sBM_cAll_d18_mLH4_ch05__mc150-3,,Human3R,m0_strict_human3r,Camera-translation_m,3.7433475855307563,3.812337628277035,-0.06899004274627885
aist__gLH_sBM_cAll_d18_mLH4_ch05__mc150-3,aist__gLH_sBM_cAll_d18_mLH4_ch05__mc150-3,,Human3R,m0_strict_human3r,Boundary-camera-rotation_deg,67.54224318689691,33.34967910466047,34.192564082236444
aist__gLH_sBM_cAll_d18_mLH4_ch05__mc150-3,aist__gLH_sBM_cAll_d18_mLH4_ch05__mc150-3,,Human3R,m0_strict_human3r,Boundary-camera-translation_m,5.375141878030547,2.6194050279781096,2.7557368500524375
aist__gLH_sBM_cAll_d18_mLH4_ch05__mc150-3,aist__gLH_sBM_cAll_d18_mLH4_ch05__mc150-3,,Human3R,m0_strict_human3r,Coverage,0.98,1.0,0.020000000000000018
aist__gLH_sBM_cAll_d18_mLH4_ch05__mc150-3,aist__gLH_sBM_cAll_d18_mLH4_ch05__mc150-3,,BRIDGE3R,m15_bridge3r_fixed_v19,PA-MPJPE_mm,55.03801665102125,50.88034515896327,4.157671492057979
aist__gLH_sBM_cAll_d18_mLH4_ch05__mc150-3,aist__gLH_sBM_cAll_d18_mLH4_ch05__mc150-3,,BRIDGE3R,m15_bridge3r_fixed_v19,Anchor-MPJPE_mm,336.98091468843,456.0057244917566,-119.0248098033266
aist__gLH_sBM_cAll_d18_mLH4_ch05__mc150-3,aist__gLH_sBM_cAll_d18_mLH4_ch05__mc150-3,,BRIDGE3R,m15_bridge3r_fixed_v19,Anchor-root_mm,321.20412810632644,437.45474980622424,-116.2506216998978
aist__gLH_sBM_cAll_d18_mLH4_ch05__mc150-3,aist__gLH_sBM_cAll_d18_mLH4_ch05__mc150-3,,BRIDGE3R,m15_bridge3r_fixed_v19,Orientation_deg,35.029254116155,77.7549082644785,-42.7256541483235
aist__gLH_sBM_cAll_d18_mLH4_ch05__mc150-3,aist__gLH_sBM_cAll_d18_mLH4_ch05__mc150-3,,BRIDGE3R,m15_bridge3r_fixed_v19,Seam-root_mm,290.58259977158184,826.3271136032039,-535.744513831622
aist__gLH_sBM_cAll_d18_mLH4_ch05__mc150-3,aist__gLH_sBM_cAll_d18_mLH4_ch05__mc150-3,,BRIDGE3R,m15_bridge3r_fixed_v19,Seam-orientation_deg,28.656653261738533,92.81970173059248,-64.16304846885396
aist__gLH_sBM_cAll_d18_mLH4_ch05__mc150-3,aist__gLH_sBM_cAll_d18_mLH4_ch05__mc150-3,,BRIDGE3R,m15_bridge3r_fixed_v19,Camera-rotation_deg,45.71250341083178,116.10065806072545,-70.38815464989366
aist__gLH_sBM_cAll_d18_mLH4_ch05__mc150-3,aist__gLH_sBM_cAll_d18_mLH4_ch05__mc150-3,,BRIDGE3R,m15_bridge3r_fixed_v19,Camera-translation_m,3.7433475855307563,6.714180829027601,-2.9708332434968447
aist__gLH_sBM_cAll_d18_mLH4_ch05__mc150-3,aist__gLH_sBM_cAll_d18_mLH4_ch05__mc150-3,,BRIDGE3R,m15_bridge3r_fixed_v19,Boundary-camera-rotation_deg,67.54224318689691,86.88261884426745,-19.340375657370544
aist__gLH_sBM_cAll_d18_mLH4_ch05__mc150-3,aist__gLH_sBM_cAll_d18_mLH4_ch05__mc150-3,,BRIDGE3R,m15_bridge3r_fixed_v19,Boundary-camera-translation_m,5.375141878030547,5.861502085700955,-0.48636020767040833
aist__gLH_sBM_cAll_d18_mLH4_ch05__mc150-3,aist__gLH_sBM_cAll_d18_mLH4_ch05__mc150-3,,BRIDGE3R,m15_bridge3r_fixed_v19,Coverage,0.98,1.0,0.020000000000000018
aist__gLH_sBM_cAll_d18_mLH4_ch06__mc150-3,aist__gLH_sBM_cAll_d18_mLH4_ch06__mc150-3,,Human3R,m0_strict_human3r,PA-MPJPE_mm,64.45476812461446,62.895253434665015,1.5595146899494452
aist__gLH_sBM_cAll_d18_mLH4_ch06__mc150-3,aist__gLH_sBM_cAll_d18_mLH4_ch06__mc150-3,,Human3R,m0_strict_human3r,Anchor-MPJPE_mm,318.94963314183576,358.51703767503983,-39.56740453320407
aist__gLH_sBM_cAll_d18_mLH4_ch06__mc150-3,aist__gLH_sBM_cAll_d18_mLH4_ch06__mc150-3,,Human3R,m0_strict_human3r,Anchor-root_mm,289.33343666342574,311.6858075868738,-22.352370923448063
aist__gLH_sBM_cAll_d18_mLH4_ch06__mc150-3,aist__gLH_sBM_cAll_d18_mLH4_ch06__mc150-3,,Human3R,m0_strict_human3r,Orientation_deg,31.577069162892165,33.42125822040345,-1.8441890575112865
aist__gLH_sBM_cAll_d18_mLH4_ch06__mc150-3,aist__gLH_sBM_cAll_d18_mLH4_ch06__mc150-3,,Human3R,m0_strict_human3r,Seam-root_mm,187.42768179487598,1511.4375904498365,-1324.0099086549606
aist__gLH_sBM_cAll_d18_mLH4_ch06__mc150-3,aist__gLH_sBM_cAll_d18_mLH4_ch06__mc150-3,,Human3R,m0_strict_human3r,Seam-orientation_deg,31.92538774492004,61.20488245180012,-29.279494706880076
aist__gLH_sBM_cAll_d18_mLH4_ch06__mc150-3,aist__gLH_sBM_cAll_d18_mLH4_ch06__mc150-3,,Human3R,m0_strict_human3r,Camera-rotation_deg,45.76353701221858,46.528041796770175,-0.7645047845515975
aist__gLH_sBM_cAll_d18_mLH4_ch06__mc150-3,aist__gLH_sBM_cAll_d18_mLH4_ch06__mc150-3,,Human3R,m0_strict_human3r,Camera-translation_m,3.6771723535602665,3.7339947100362476,-0.056822356475981106
aist__gLH_sBM_cAll_d18_mLH4_ch06__mc150-3,aist__gLH_sBM_cAll_d18_mLH4_ch06__mc150-3,,Human3R,m0_strict_human3r,Boundary-camera-rotation_deg,67.53040713726836,56.89031224106164,10.640094896206712
aist__gLH_sBM_cAll_d18_mLH4_ch06__mc150-3,aist__gLH_sBM_cAll_d18_mLH4_ch06__mc150-3,,Human3R,m0_strict_human3r,Boundary-camera-translation_m,5.382685264571367,4.226712733961408,1.1559725306099589
aist__gLH_sBM_cAll_d18_mLH4_ch06__mc150-3,aist__gLH_sBM_cAll_d18_mLH4_ch06__mc150-3,,Human3R,m0_strict_human3r,Coverage,0.98,1.0,0.020000000000000018
aist__gLH_sBM_cAll_d18_mLH4_ch06__mc150-3,aist__gLH_sBM_cAll_d18_mLH4_ch06__mc150-3,,BRIDGE3R,m15_bridge3r_fixed_v19,PA-MPJPE_mm,64.45476812461446,62.36903734756716,2.085730777047303
aist__gLH_sBM_cAll_d18_mLH4_ch06__mc150-3,aist__gLH_sBM_cAll_d18_mLH4_ch06__mc150-3,,BRIDGE3R,m15_bridge3r_fixed_v19,Anchor-MPJPE_mm,318.94963314183576,410.87454201156567,-91.9249088697299
aist__gLH_sBM_cAll_d18_mLH4_ch06__mc150-3,aist__gLH_sBM_cAll_d18_mLH4_ch06__mc150-3,,BRIDGE3R,m15_bridge3r_fixed_v19,Anchor-root_mm,289.33343666342574,360.5425096032132,-71.20907293978746
aist__gLH_sBM_cAll_d18_mLH4_ch06__mc150-3,aist__gLH_sBM_cAll_d18_mLH4_ch06__mc150-3,,BRIDGE3R,m15_bridge3r_fixed_v19,Orientation_deg,31.577069162892165,68.91512632727485,-37.33805716438268
aist__gLH_sBM_cAll_d18_mLH4_ch06__mc150-3,aist__gLH_sBM_cAll_d18_mLH4_ch06__mc150-3,,BRIDGE3R,m15_bridge3r_fixed_v19,Seam-root_mm,187.42768179487598,755.4142180319518,-567.9865362370758
aist__gLH_sBM_cAll_d18_mLH4_ch06__mc150-3,aist__gLH_sBM_cAll_d18_mLH4_ch06__mc150-3,,BRIDGE3R,m15_bridge3r_fixed_v19,Seam-orientation_deg,31.92538774492004,89.62183243919677,-57.69644469427672
aist__gLH_sBM_cAll_d18_mLH4_ch06__mc150-3,aist__gLH_sBM_cAll_d18_mLH4_ch06__mc150-3,,BRIDGE3R,m15_bridge3r_fixed_v19,Camera-rotation_deg,45.76353701221858,104.57379617428495,-58.81025916206637
aist__gLH_sBM_cAll_d18_mLH4_ch06__mc150-3,aist__gLH_sBM_cAll_d18_mLH4_ch06__mc150-3,,BRIDGE3R,m15_bridge3r_fixed_v19,Camera-translation_m,3.6771723535602665,6.1200971196741625,-2.442924766113896
aist__gLH_sBM_cAll_d18_mLH4_ch06__mc150-3,aist__gLH_sBM_cAll_d18_mLH4_ch06__mc150-3,,BRIDGE3R,m15_bridge3r_fixed_v19,Boundary-camera-rotation_deg,67.53040713726836,89.78301647320465,-22.2526093359363
aist__gLH_sBM_cAll_d18_mLH4_ch06__mc150-3,aist__gLH_sBM_cAll_d18_mLH4_ch06__mc150-3,,BRIDGE3R,m15_bridge3r_fixed_v19,Boundary-camera-translation_m,5.382685264571367,6.145785160735109,-0.7630998961637419
aist__gLH_sBM_cAll_d18_mLH4_ch06__mc150-3,aist__gLH_sBM_cAll_d18_mLH4_ch06__mc150-3,,BRIDGE3R,m15_bridge3r_fixed_v19,Coverage,0.98,1.0,0.020000000000000018
aist__gLH_sBM_cAll_d18_mLH4_ch09__mc150-3,aist__gLH_sBM_cAll_d18_mLH4_ch09__mc150-3,,Human3R,m0_strict_human3r,PA-MPJPE_mm,54.83452165558133,54.574525715868766,0.2599959397125602
aist__gLH_sBM_cAll_d18_mLH4_ch09__mc150-3,aist__gLH_sBM_cAll_d18_mLH4_ch09__mc150-3,,Human3R,m0_strict_human3r,Anchor-MPJPE_mm,371.2931417815039,383.0672758020692,-11.774134020565327
aist__gLH_sBM_cAll_d18_mLH4_ch09__mc150-3,aist__gLH_sBM_cAll_d18_mLH4_ch09__mc150-3,,Human3R,m0_strict_human3r,Anchor-root_mm,336.1940764085041,313.8270725974135,22.36700381109057
aist__gLH_sBM_cAll_d18_mLH4_ch09__mc150-3,aist__gLH_sBM_cAll_d18_mLH4_ch09__mc150-3,,Human3R,m0_strict_human3r,Orientation_deg,33.77346399540886,59.283466274098224,-25.510002278689363
aist__gLH_sBM_cAll_d18_mLH4_ch09__mc150-3,aist__gLH_sBM_cAll_d18_mLH4_ch09__mc150-3,,Human3R,m0_strict_human3r,Seam-root_mm,340.4209626759583,1331.7950196974493,-991.374057021491
aist__gLH_sBM_cAll_d18_mLH4_ch09__mc150-3,aist__gLH_sBM_cAll_d18_mLH4_ch09__mc150-3,,Human3R,m0_strict_human3r,Seam-orientation_deg,30.23411623337215,58.762750751441054,-28.528634518068905
aist__gLH_sBM_cAll_d18_mLH4_ch09__mc150-3,aist__gLH_sBM_cAll_d18_mLH4_ch09__mc150-3,,Human3R,m0_strict_human3r,Camera-rotation_deg,45.69333700739525,85.91489614157244,-40.22155913417719
aist__gLH_sBM_cAll_d18_mLH4_ch09__mc150-3,aist__gLH_sBM_cAll_d18_mLH4_ch09__mc150-3,,Human3R,m0_strict_human3r,Camera-translation_m,3.794072885539336,5.272053304211067,-1.4779804186717307
aist__gLH_sBM_cAll_d18_mLH4_ch09__mc150-3,aist__gLH_sBM_cAll_d18_mLH4_ch09__mc150-3,,Human3R,m0_strict_human3r,Boundary-camera-rotation_deg,67.53779926525702,67.20415531704558,0.3336439482114457
aist__gLH_sBM_cAll_d18_mLH4_ch09__mc150-3,aist__gLH_sBM_cAll_d18_mLH4_ch09__mc150-3,,Human3R,m0_strict_human3r,Boundary-camera-translation_m,5.389270295796179,3.6838698994508654,1.705400396345314
aist__gLH_sBM_cAll_d18_mLH4_ch09__mc150-3,aist__gLH_sBM_cAll_d18_mLH4_ch09__mc150-3,,Human3R,m0_strict_human3r,Coverage,0.98,1.0,0.020000000000000018
aist__gLH_sBM_cAll_d18_mLH4_ch09__mc150-3,aist__gLH_sBM_cAll_d18_mLH4_ch09__mc150-3,,BRIDGE3R,m15_bridge3r_fixed_v19,PA-MPJPE_mm,54.83452165558133,54.099739371703535,0.7347822838777915
aist__gLH_sBM_cAll_d18_mLH4_ch09__mc150-3,aist__gLH_sBM_cAll_d18_mLH4_ch09__mc150-3,,BRIDGE3R,m15_bridge3r_fixed_v19,Anchor-MPJPE_mm,371.2931417815039,530.2495386867092,-158.95639690520534
aist__gLH_sBM_cAll_d18_mLH4_ch09__mc150-3,aist__gLH_sBM_cAll_d18_mLH4_ch09__mc150-3,,BRIDGE3R,m15_bridge3r_fixed_v19,Anchor-root_mm,336.1940764085041,519.512404416393,-183.3183280078889
aist__gLH_sBM_cAll_d18_mLH4_ch09__mc150-3,aist__gLH_sBM_cAll_d18_mLH4_ch09__mc150-3,,BRIDGE3R,m15_bridge3r_fixed_v19,Orientation_deg,33.77346399540886,75.68459373269809,-41.91112973728923
aist__gLH_sBM_cAll_d18_mLH4_ch09__mc150-3,aist__gLH_sBM_cAll_d18_mLH4_ch09__mc150-3,,BRIDGE3R,m15_bridge3r_fixed_v19,Seam-root_mm,340.4209626759583,750.8990560435083,-410.47809336754995
aist__gLH_sBM_cAll_d18_mLH4_ch09__mc150-3,aist__gLH_sBM_cAll_d18_mLH4_ch09__mc150-3,,BRIDGE3R,m15_bridge3r_fixed_v19,Seam-orientation_deg,30.23411623337215,97.79937533047865,-67.5652590971065
aist__gLH_sBM_cAll_d18_mLH4_ch09__mc150-3,aist__gLH_sBM_cAll_d18_mLH4_ch09__mc150-3,,BRIDGE3R,m15_bridge3r_fixed_v19,Camera-rotation_deg,45.69333700739525,111.20331390211719,-65.50997689472194
aist__gLH_sBM_cAll_d18_mLH4_ch09__mc150-3,aist__gLH_sBM_cAll_d18_mLH4_ch09__mc150-3,,BRIDGE3R,m15_bridge3r_fixed_v19,Camera-translation_m,3.794072885539336,6.101093359114962,-2.3070204735756263
aist__gLH_sBM_cAll_d18_mLH4_ch09__mc150-3,aist__gLH_sBM_cAll_d18_mLH4_ch09__mc150-3,,BRIDGE3R,m15_bridge3r_fixed_v19,Boundary-camera-rotation_deg,67.53779926525702,88.54602365930175,-21.00822439404473
aist__gLH_sBM_cAll_d18_mLH4_ch09__mc150-3,aist__gLH_sBM_cAll_d18_mLH4_ch09__mc150-3,,BRIDGE3R,m15_bridge3r_fixed_v19,Boundary-camera-translation_m,5.389270295796179,5.794851747850095,-0.4055814520539158
aist__gLH_sBM_cAll_d18_mLH4_ch09__mc150-3,aist__gLH_sBM_cAll_d18_mLH4_ch09__mc150-3,,BRIDGE3R,m15_bridge3r_fixed_v19,Coverage,0.98,1.0,0.020000000000000018
aist__gLH_sBM_cAll_d18_mLH4_ch10__mc150-3,aist__gLH_sBM_cAll_d18_mLH4_ch10__mc150-3,,Human3R,m0_strict_human3r,PA-MPJPE_mm,53.37167607346513,52.966190793478624,0.4054852799865074
aist__gLH_sBM_cAll_d18_mLH4_ch10__mc150-3,aist__gLH_sBM_cAll_d18_mLH4_ch10__mc150-3,,Human3R,m0_strict_human3r,Anchor-MPJPE_mm,386.1592850564514,247.91600839372035,138.24327666273103
aist__gLH_sBM_cAll_d18_mLH4_ch10__mc150-3,aist__gLH_sBM_cAll_d18_mLH4_ch10__mc150-3,,Human3R,m0_strict_human3r,Anchor-root_mm,321.5549167573836,141.06087016828704,180.49404658909654
aist__gLH_sBM_cAll_d18_mLH4_ch10__mc150-3,aist__gLH_sBM_cAll_d18_mLH4_ch10__mc150-3,,Human3R,m0_strict_human3r,Orientation_deg,105.27382858352959,63.957203257249034,41.31662532628056
aist__gLH_sBM_cAll_d18_mLH4_ch10__mc150-3,aist__gLH_sBM_cAll_d18_mLH4_ch10__mc150-3,,Human3R,m0_strict_human3r,Seam-root_mm,574.6793562143312,534.1689634403416,40.510392773989565
aist__gLH_sBM_cAll_d18_mLH4_ch10__mc150-3,aist__gLH_sBM_cAll_d18_mLH4_ch10__mc150-3,,Human3R,m0_strict_human3r,Seam-orientation_deg,47.648761197197445,60.153433723861056,-12.504672526663612
aist__gLH_sBM_cAll_d18_mLH4_ch10__mc150-3,aist__gLH_sBM_cAll_d18_mLH4_ch10__mc150-3,,Human3R,m0_strict_human3r,Camera-rotation_deg,157.6333774117239,92.22089920400282,65.41247820772108
aist__gLH_sBM_cAll_d18_mLH4_ch10__mc150-3,aist__gLH_sBM_cAll_d18_mLH4_ch10__mc150-3,,Human3R,m0_strict_human3r,Camera-translation_m,9.529327274014044,7.332932696564259,2.1963945774497846
aist__gLH_sBM_cAll_d18_mLH4_ch10__mc150-3,aist__gLH_sBM_cAll_d18_mLH4_ch10__mc150-3,,Human3R,m0_strict_human3r,Boundary-camera-rotation_deg,89.90648538868534,55.41571269851756,34.49077269016778
aist__gLH_sBM_cAll_d18_mLH4_ch10__mc150-3,aist__gLH_sBM_cAll_d18_mLH4_ch10__mc150-3,,Human3R,m0_strict_human3r,Boundary-camera-translation_m,6.3061099754242935,4.42089096260152,1.8852190128227733
aist__gLH_sBM_cAll_d18_mLH4_ch10__mc150-3,aist__gLH_sBM_cAll_d18_mLH4_ch10__mc150-3,,Human3R,m0_strict_human3r,Coverage,0.9933333333333333,1.0,0.00666666666666671
aist__gLH_sBM_cAll_d18_mLH4_ch10__mc150-3,aist__gLH_sBM_cAll_d18_mLH4_ch10__mc150-3,,BRIDGE3R,m15_bridge3r_fixed_v19,PA-MPJPE_mm,53.37167607346513,53.00395497156946,0.3677211018956683
aist__gLH_sBM_cAll_d18_mLH4_ch10__mc150-3,aist__gLH_sBM_cAll_d18_mLH4_ch10__mc150-3,,BRIDGE3R,m15_bridge3r_fixed_v19,Anchor-MPJPE_mm,386.1592850564514,346.0683889391877,40.090896117263696
aist__gLH_sBM_cAll_d18_mLH4_ch10__mc150-3,aist__gLH_sBM_cAll_d18_mLH4_ch10__mc150-3,,BRIDGE3R,m15_bridge3r_fixed_v19,Anchor-root_mm,321.5549167573836,262.7599695106945,58.794947246689105
aist__gLH_sBM_cAll_d18_mLH4_ch10__mc150-3,aist__gLH_sBM_cAll_d18_mLH4_ch10__mc150-3,,BRIDGE3R,m15_bridge3r_fixed_v19,Orientation_deg,105.27382858352959,70.75467350584448,34.51915507768511
aist__gLH_sBM_cAll_d18_mLH4_ch10__mc150-3,aist__gLH_sBM_cAll_d18_mLH4_ch10__mc150-3,,BRIDGE3R,m15_bridge3r_fixed_v19,Seam-root_mm,574.6793562143312,382.7438202393395,191.93553597499164
aist__gLH_sBM_cAll_d18_mLH4_ch10__mc150-3,aist__gLH_sBM_cAll_d18_mLH4_ch10__mc150-3,,BRIDGE3R,m15_bridge3r_fixed_v19,Seam-orientation_deg,47.648761197197445,70.30299310974046,-22.65423191254301
aist__gLH_sBM_cAll_d18_mLH4_ch10__mc150-3,aist__gLH_sBM_cAll_d18_mLH4_ch10__mc150-3,,BRIDGE3R,m15_bridge3r_fixed_v19,Camera-rotation_deg,157.6333774117239,102.64028617976892,54.99309123195498
aist__gLH_sBM_cAll_d18_mLH4_ch10__mc150-3,aist__gLH_sBM_cAll_d18_mLH4_ch10__mc150-3,,BRIDGE3R,m15_bridge3r_fixed_v19,Camera-translation_m,9.529327274014044,7.884081879401205,1.6452453946128385
aist__gLH_sBM_cAll_d18_mLH4_ch10__mc150-3,aist__gLH_sBM_cAll_d18_mLH4_ch10__mc150-3,,BRIDGE3R,m15_bridge3r_fixed_v19,Boundary-camera-rotation_deg,89.90648538868534,66.02452799366247,23.881957395022866
aist__gLH_sBM_cAll_d18_mLH4_ch10__mc150-3,aist__gLH_sBM_cAll_d18_mLH4_ch10__mc150-3,,BRIDGE3R,m15_bridge3r_fixed_v19,Boundary-camera-translation_m,6.3061099754242935,4.8416965852312055,1.464413390193088
aist__gLH_sBM_cAll_d18_mLH4_ch10__mc150-3,aist__gLH_sBM_cAll_d18_mLH4_ch10__mc150-3,,BRIDGE3R,m15_bridge3r_fixed_v19,Coverage,0.9933333333333333,1.0,0.00666666666666671
aist__gLH_sBM_cAll_d18_mLH5_ch01__mc150-3,aist__gLH_sBM_cAll_d18_mLH5_ch01__mc150-3,,Human3R,m0_strict_human3r,PA-MPJPE_mm,63.48581720362824,56.77179263811697,6.7140245655112665
aist__gLH_sBM_cAll_d18_mLH5_ch01__mc150-3,aist__gLH_sBM_cAll_d18_mLH5_ch01__mc150-3,,Human3R,m0_strict_human3r,Anchor-MPJPE_mm,779.3797699218064,445.063646040507,334.3161238812994
aist__gLH_sBM_cAll_d18_mLH5_ch01__mc150-3,aist__gLH_sBM_cAll_d18_mLH5_ch01__mc150-3,,Human3R,m0_strict_human3r,Anchor-root_mm,760.8301806149547,380.38012631867906,380.4500542962756
aist__gLH_sBM_cAll_d18_mLH5_ch01__mc150-3,aist__gLH_sBM_cAll_d18_mLH5_ch01__mc150-3,,Human3R,m0_strict_human3r,Orientation_deg,23.27899880486914,54.92101183202935,-31.64201302716021
aist__gLH_sBM_cAll_d18_mLH5_ch01__mc150-3,aist__gLH_sBM_cAll_d18_mLH5_ch01__mc150-3,,Human3R,m0_strict_human3r,Seam-root_mm,593.597032942899,1155.14636598837,-561.549333045471
aist__gLH_sBM_cAll_d18_mLH5_ch01__mc150-3,aist__gLH_sBM_cAll_d18_mLH5_ch01__mc150-3,,Human3R,m0_strict_human3r,Seam-orientation_deg,8.667581008811947,54.73756979538731,-46.069988786575365
aist__gLH_sBM_cAll_d18_mLH5_ch01__mc150-3,aist__gLH_sBM_cAll_d18_mLH5_ch01__mc150-3,,Human3R,m0_strict_human3r,Camera-rotation_deg,26.282047049511547,82.05558254366028,-55.77353549414873
aist__gLH_sBM_cAll_d18_mLH5_ch01__mc150-3,aist__gLH_sBM_cAll_d18_mLH5_ch01__mc150-3,,Human3R,m0_strict_human3r,Camera-translation_m,2.9271097050257566,5.6329182054027,-2.7058085003769436
aist__gLH_sBM_cAll_d18_mLH5_ch01__mc150-3,aist__gLH_sBM_cAll_d18_mLH5_ch01__mc150-3,,Human3R,m0_strict_human3r,Boundary-camera-rotation_deg,67.53583352093182,46.06762087145235,21.46821264947947
aist__gLH_sBM_cAll_d18_mLH5_ch01__mc150-3,aist__gLH_sBM_cAll_d18_mLH5_ch01__mc150-3,,Human3R,m0_strict_human3r,Boundary-camera-translation_m,5.377970152400193,3.405403511632403,1.9725666407677904
aist__gLH_sBM_cAll_d18_mLH5_ch01__mc150-3,aist__gLH_sBM_cAll_d18_mLH5_ch01__mc150-3,,Human3R,m0_strict_human3r,Coverage,0.9666666666666667,1.0,0.033333333333333326
aist__gLH_sBM_cAll_d18_mLH5_ch01__mc150-3,aist__gLH_sBM_cAll_d18_mLH5_ch01__mc150-3,,BRIDGE3R,m15_bridge3r_fixed_v19,PA-MPJPE_mm,63.48581720362824,56.300190387487234,7.185626816141003
aist__gLH_sBM_cAll_d18_mLH5_ch01__mc150-3,aist__gLH_sBM_cAll_d18_mLH5_ch01__mc150-3,,BRIDGE3R,m15_bridge3r_fixed_v19,Anchor-MPJPE_mm,779.3797699218064,512.9578647667053,266.4219051551012
aist__gLH_sBM_cAll_d18_mLH5_ch01__mc150-3,aist__gLH_sBM_cAll_d18_mLH5_ch01__mc150-3,,BRIDGE3R,m15_bridge3r_fixed_v19,Anchor-root_mm,760.8301806149547,488.72697387917503,272.1032067357796
aist__gLH_sBM_cAll_d18_mLH5_ch01__mc150-3,aist__gLH_sBM_cAll_d18_mLH5_ch01__mc150-3,,BRIDGE3R,m15_bridge3r_fixed_v19,Orientation_deg,23.27899880486914,67.97940725520161,-44.70040845033247
aist__gLH_sBM_cAll_d18_mLH5_ch01__mc150-3,aist__gLH_sBM_cAll_d18_mLH5_ch01__mc150-3,,BRIDGE3R,m15_bridge3r_fixed_v19,Seam-root_mm,593.597032942899,855.3344322093395,-261.73739926644055
aist__gLH_sBM_cAll_d18_mLH5_ch01__mc150-3,aist__gLH_sBM_cAll_d18_mLH5_ch01__mc150-3,,BRIDGE3R,m15_bridge3r_fixed_v19,Seam-orientation_deg,8.667581008811947,79.15729918060212,-70.48971817179017
aist__gLH_sBM_cAll_d18_mLH5_ch01__mc150-3,aist__gLH_sBM_cAll_d18_mLH5_ch01__mc150-3,,BRIDGE3R,m15_bridge3r_fixed_v19,Camera-rotation_deg,26.282047049511547,99.75095848094092,-73.46891143142938
aist__gLH_sBM_cAll_d18_mLH5_ch01__mc150-3,aist__gLH_sBM_cAll_d18_mLH5_ch01__mc150-3,,BRIDGE3R,m15_bridge3r_fixed_v19,Camera-translation_m,2.9271097050257566,6.103321740278191,-3.1762120352524343
aist__gLH_sBM_cAll_d18_mLH5_ch01__mc150-3,aist__gLH_sBM_cAll_d18_mLH5_ch01__mc150-3,,BRIDGE3R,m15_bridge3r_fixed_v19,Boundary-camera-rotation_deg,67.53583352093182,87.54238622699785,-20.00655270606603
aist__gLH_sBM_cAll_d18_mLH5_ch01__mc150-3,aist__gLH_sBM_cAll_d18_mLH5_ch01__mc150-3,,BRIDGE3R,m15_bridge3r_fixed_v19,Boundary-camera-translation_m,5.377970152400193,6.132167492950861,-0.7541973405506681
aist__gLH_sBM_cAll_d18_mLH5_ch01__mc150-3,aist__gLH_sBM_cAll_d18_mLH5_ch01__mc150-3,,BRIDGE3R,m15_bridge3r_fixed_v19,Coverage,0.9666666666666667,1.0,0.033333333333333326
aist__gLH_sBM_cAll_d18_mLH5_ch02__mc150-3,aist__gLH_sBM_cAll_d18_mLH5_ch02__mc150-3,,Human3R,m0_strict_human3r,PA-MPJPE_mm,67.44408591568278,62.68265216285195,4.7614337528308255
aist__gLH_sBM_cAll_d18_mLH5_ch02__mc150-3,aist__gLH_sBM_cAll_d18_mLH5_ch02__mc150-3,,Human3R,m0_strict_human3r,Anchor-MPJPE_mm,725.808680991929,286.26847875121973,439.5402022407093
aist__gLH_sBM_cAll_d18_mLH5_ch02__mc150-3,aist__gLH_sBM_cAll_d18_mLH5_ch02__mc150-3,,Human3R,m0_strict_human3r,Anchor-root_mm,714.967115682832,241.07348882330524,473.8936268595267
aist__gLH_sBM_cAll_d18_mLH5_ch02__mc150-3,aist__gLH_sBM_cAll_d18_mLH5_ch02__mc150-3,,Human3R,m0_strict_human3r,Orientation_deg,52.070963292627056,41.30594183079538,10.765021461831672
aist__gLH_sBM_cAll_d18_mLH5_ch02__mc150-3,aist__gLH_sBM_cAll_d18_mLH5_ch02__mc150-3,,Human3R,m0_strict_human3r,Seam-root_mm,542.9943487179329,425.8539510230462,117.1403976948867
aist__gLH_sBM_cAll_d18_mLH5_ch02__mc150-3,aist__gLH_sBM_cAll_d18_mLH5_ch02__mc150-3,,Human3R,m0_strict_human3r,Seam-orientation_deg,37.705843533564696,82.82743399484812,-45.121590461283425
aist__gLH_sBM_cAll_d18_mLH5_ch02__mc150-3,aist__gLH_sBM_cAll_d18_mLH5_ch02__mc150-3,,Human3R,m0_strict_human3r,Camera-rotation_deg,71.03172359286316,54.153937467772245,16.877786125090914
aist__gLH_sBM_cAll_d18_mLH5_ch02__mc150-3,aist__gLH_sBM_cAll_d18_mLH5_ch02__mc150-3,,Human3R,m0_strict_human3r,Camera-translation_m,4.964682280951745,3.8505224873881163,1.114159793563629
aist__gLH_sBM_cAll_d18_mLH5_ch02__mc150-3,aist__gLH_sBM_cAll_d18_mLH5_ch02__mc150-3,,Human3R,m0_strict_human3r,Boundary-camera-rotation_deg,112.51710530025404,89.8560627247609,22.66104257549314
aist__gLH_sBM_cAll_d18_mLH5_ch02__mc150-3,aist__gLH_sBM_cAll_d18_mLH5_ch02__mc150-3,,Human3R,m0_strict_human3r,Boundary-camera-translation_m,7.9318254806132185,6.830042075723419,1.1017834048897992
aist__gLH_sBM_cAll_d18_mLH5_ch02__mc150-3,aist__gLH_sBM_cAll_d18_mLH5_ch02__mc150-3,,Human3R,m0_strict_human3r,Coverage,0.9666666666666667,1.0,0.033333333333333326
aist__gLH_sBM_cAll_d18_mLH5_ch02__mc150-3,aist__gLH_sBM_cAll_d18_mLH5_ch02__mc150-3,,BRIDGE3R,m15_bridge3r_fixed_v19,PA-MPJPE_mm,67.44408591568278,62.49364255601233,4.9504433596704445
aist__gLH_sBM_cAll_d18_mLH5_ch02__mc150-3,aist__gLH_sBM_cAll_d18_mLH5_ch02__mc150-3,,BRIDGE3R,m15_bridge3r_fixed_v19,Anchor-MPJPE_mm,725.808680991929,822.6706423782542,-96.86196138632522
aist__gLH_sBM_cAll_d18_mLH5_ch02__mc150-3,aist__gLH_sBM_cAll_d18_mLH5_ch02__mc150-3,,BRIDGE3R,m15_bridge3r_fixed_v19,Anchor-root_mm,714.967115682832,778.9195669646394,-63.9524512818075
aist__gLH_sBM_cAll_d18_mLH5_ch02__mc150-3,aist__gLH_sBM_cAll_d18_mLH5_ch02__mc150-3,,BRIDGE3R,m15_bridge3r_fixed_v19,Orientation_deg,52.070963292627056,40.58321574107402,11.487747551553035
aist__gLH_sBM_cAll_d18_mLH5_ch02__mc150-3,aist__gLH_sBM_cAll_d18_mLH5_ch02__mc150-3,,BRIDGE3R,m15_bridge3r_fixed_v19,Seam-root_mm,542.9943487179329,430.3793362534659,112.61501246446699
aist__gLH_sBM_cAll_d18_mLH5_ch02__mc150-3,aist__gLH_sBM_cAll_d18_mLH5_ch02__mc150-3,,BRIDGE3R,m15_bridge3r_fixed_v19,Seam-orientation_deg,37.705843533564696,97.77330191577045,-60.06745838220575
aist__gLH_sBM_cAll_d18_mLH5_ch02__mc150-3,aist__gLH_sBM_cAll_d18_mLH5_ch02__mc150-3,,BRIDGE3R,m15_bridge3r_fixed_v19,Camera-rotation_deg,71.03172359286316,54.97809223192852,16.053631360934638
aist__gLH_sBM_cAll_d18_mLH5_ch02__mc150-3,aist__gLH_sBM_cAll_d18_mLH5_ch02__mc150-3,,BRIDGE3R,m15_bridge3r_fixed_v19,Camera-translation_m,4.964682280951745,5.185063037417276,-0.22038075646553068
aist__gLH_sBM_cAll_d18_mLH5_ch02__mc150-3,aist__gLH_sBM_cAll_d18_mLH5_ch02__mc150-3,,BRIDGE3R,m15_bridge3r_fixed_v19,Boundary-camera-rotation_deg,112.51710530025404,105.46547792686908,7.05162737338496
aist__gLH_sBM_cAll_d18_mLH5_ch02__mc150-3,aist__gLH_sBM_cAll_d18_mLH5_ch02__mc150-3,,BRIDGE3R,m15_bridge3r_fixed_v19,Boundary-camera-translation_m,7.9318254806132185,7.748340045636314,0.1834854349769044
aist__gLH_sBM_cAll_d18_mLH5_ch02__mc150-3,aist__gLH_sBM_cAll_d18_mLH5_ch02__mc150-3,,BRIDGE3R,m15_bridge3r_fixed_v19,Coverage,0.9666666666666667,1.0,0.033333333333333326
aist__gLH_sFM_cAll_d18_mLH4_ch19__mc150-3,aist__gLH_sFM_cAll_d18_mLH4_ch19__mc150-3,,Human3R,m0_strict_human3r,PA-MPJPE_mm,57.4668607519561,57.04085053359726,0.4260102183588401
aist__gLH_sFM_cAll_d18_mLH4_ch19__mc150-3,aist__gLH_sFM_cAll_d18_mLH4_ch19__mc150-3,,Human3R,m0_strict_human3r,Anchor-MPJPE_mm,472.47449303026565,392.10255157907153,80.37194145119412
aist__gLH_sFM_cAll_d18_mLH4_ch19__mc150-3,aist__gLH_sFM_cAll_d18_mLH4_ch19__mc150-3,,Human3R,m0_strict_human3r,Anchor-root_mm,445.62056520502273,393.30240815951015,52.31815704551258
aist__gLH_sFM_cAll_d18_mLH4_ch19__mc150-3,aist__gLH_sFM_cAll_d18_mLH4_ch19__mc150-3,,Human3R,m0_strict_human3r,Orientation_deg,51.293379872365655,36.42465451040801,14.868725361957644
aist__gLH_sFM_cAll_d18_mLH4_ch19__mc150-3,aist__gLH_sFM_cAll_d18_mLH4_ch19__mc150-3,,Human3R,m0_strict_human3r,Seam-root_mm,869.8702044925583,682.4253589361608,187.44484555639747
aist__gLH_sFM_cAll_d18_mLH4_ch19__mc150-3,aist__gLH_sFM_cAll_d18_mLH4_ch19__mc150-3,,Human3R,m0_strict_human3r,Seam-orientation_deg,45.33463349120857,90.48024004107728,-45.14560654986871
aist__gLH_sFM_cAll_d18_mLH4_ch19__mc150-3,aist__gLH_sFM_cAll_d18_mLH4_ch19__mc150-3,,Human3R,m0_strict_human3r,Camera-rotation_deg,67.84409832166543,47.80711865360391,20.03697966806152
aist__gLH_sFM_cAll_d18_mLH4_ch19__mc150-3,aist__gLH_sFM_cAll_d18_mLH4_ch19__mc150-3,,Human3R,m0_strict_human3r,Camera-translation_m,5.36843447795228,4.614714161091041,0.753720316861239
aist__gLH_sFM_cAll_d18_mLH4_ch19__mc150-3,aist__gLH_sFM_cAll_d18_mLH4_ch19__mc150-3,,Human3R,m0_strict_human3r,Boundary-camera-rotation_deg,112.60179548961628,97.60859798370767,14.993197505908611
aist__gLH_sFM_cAll_d18_mLH4_ch19__mc150-3,aist__gLH_sFM_cAll_d18_mLH4_ch19__mc150-3,,Human3R,m0_strict_human3r,Boundary-camera-translation_m,8.11313514897552,7.005599673796042,1.1075354751794775
aist__gLH_sFM_cAll_d18_mLH4_ch19__mc150-3,aist__gLH_sFM_cAll_d18_mLH4_ch19__mc150-3,,Human3R,m0_strict_human3r,Coverage,0.98,1.0,0.020000000000000018
aist__gLH_sFM_cAll_d18_mLH4_ch19__mc150-3,aist__gLH_sFM_cAll_d18_mLH4_ch19__mc150-3,,BRIDGE3R,m15_bridge3r_fixed_v19,PA-MPJPE_mm,57.4668607519561,56.4642813628709,1.0025793890851986
aist__gLH_sFM_cAll_d18_mLH4_ch19__mc150-3,aist__gLH_sFM_cAll_d18_mLH4_ch19__mc150-3,,BRIDGE3R,m15_bridge3r_fixed_v19,Anchor-MPJPE_mm,472.47449303026565,755.3200947815129,-282.8456017512473
aist__gLH_sFM_cAll_d18_mLH4_ch19__mc150-3,aist__gLH_sFM_cAll_d18_mLH4_ch19__mc150-3,,BRIDGE3R,m15_bridge3r_fixed_v19,Anchor-root_mm,445.62056520502273,736.3766621032354,-290.75609689821266
aist__gLH_sFM_cAll_d18_mLH4_ch19__mc150-3,aist__gLH_sFM_cAll_d18_mLH4_ch19__mc150-3,,BRIDGE3R,m15_bridge3r_fixed_v19,Orientation_deg,51.293379872365655,18.1121991072783,33.181180765087355
aist__gLH_sFM_cAll_d18_mLH4_ch19__mc150-3,aist__gLH_sFM_cAll_d18_mLH4_ch19__mc150-3,,BRIDGE3R,m15_bridge3r_fixed_v19,Seam-root_mm,869.8702044925583,1816.216501543852,-946.3462970512937
aist__gLH_sFM_cAll_d18_mLH4_ch19__mc150-3,aist__gLH_sFM_cAll_d18_mLH4_ch19__mc150-3,,BRIDGE3R,m15_bridge3r_fixed_v19,Seam-orientation_deg,45.33463349120857,28.659866214174464,16.674767277034107
aist__gLH_sFM_cAll_d18_mLH4_ch19__mc150-3,aist__gLH_sFM_cAll_d18_mLH4_ch19__mc150-3,,BRIDGE3R,m15_bridge3r_fixed_v19,Camera-rotation_deg,67.84409832166543,21.135284966060826,46.708813355604605
aist__gLH_sFM_cAll_d18_mLH4_ch19__mc150-3,aist__gLH_sFM_cAll_d18_mLH4_ch19__mc150-3,,BRIDGE3R,m15_bridge3r_fixed_v19,Camera-translation_m,5.36843447795228,2.742297163585218,2.626137314367062
aist__gLH_sFM_cAll_d18_mLH4_ch19__mc150-3,aist__gLH_sFM_cAll_d18_mLH4_ch19__mc150-3,,BRIDGE3R,m15_bridge3r_fixed_v19,Boundary-camera-rotation_deg,112.60179548961628,33.103124027399375,79.4986714622169
aist__gLH_sFM_cAll_d18_mLH4_ch19__mc150-3,aist__gLH_sFM_cAll_d18_mLH4_ch19__mc150-3,,BRIDGE3R,m15_bridge3r_fixed_v19,Boundary-camera-translation_m,8.11313514897552,3.840234124191195,4.272901024784325
aist__gLH_sFM_cAll_d18_mLH4_ch19__mc150-3,aist__gLH_sFM_cAll_d18_mLH4_ch19__mc150-3,,BRIDGE3R,m15_bridge3r_fixed_v19,Coverage,0.98,1.0,0.020000000000000018
aist__gLO_sBM_cAll_d15_mLO2_ch01__mc150-3,aist__gLO_sBM_cAll_d15_mLO2_ch01__mc150-3,,Human3R,m0_strict_human3r,PA-MPJPE_mm,53.01686848862645,50.13688714341544,2.8799813452110072
aist__gLO_sBM_cAll_d15_mLO2_ch01__mc150-3,aist__gLO_sBM_cAll_d15_mLO2_ch01__mc150-3,,Human3R,m0_strict_human3r,Anchor-MPJPE_mm,698.5833525784526,766.1720631141708,-67.58871053571818
aist__gLO_sBM_cAll_d15_mLO2_ch01__mc150-3,aist__gLO_sBM_cAll_d15_mLO2_ch01__mc150-3,,Human3R,m0_strict_human3r,Anchor-root_mm,673.8245701870355,737.2441070131991,-63.41953682616361
aist__gLO_sBM_cAll_d15_mLO2_ch01__mc150-3,aist__gLO_sBM_cAll_d15_mLO2_ch01__mc150-3,,Human3R,m0_strict_human3r,Orientation_deg,47.876167043511366,31.990274460873618,15.885892582637748
aist__gLO_sBM_cAll_d15_mLO2_ch01__mc150-3,aist__gLO_sBM_cAll_d15_mLO2_ch01__mc150-3,,Human3R,m0_strict_human3r,Seam-root_mm,245.59246222218712,791.6504294928448,-546.0579672706576
aist__gLO_sBM_cAll_d15_mLO2_ch01__mc150-3,aist__gLO_sBM_cAll_d15_mLO2_ch01__mc150-3,,Human3R,m0_strict_human3r,Seam-orientation_deg,43.3457042427597,82.17856429791087,-38.832860055151166
aist__gLO_sBM_cAll_d15_mLO2_ch01__mc150-3,aist__gLO_sBM_cAll_d15_mLO2_ch01__mc150-3,,Human3R,m0_strict_human3r,Camera-rotation_deg,75.43608130130644,54.714787174721216,20.721294126585228
aist__gLO_sBM_cAll_d15_mLO2_ch01__mc150-3,aist__gLO_sBM_cAll_d15_mLO2_ch01__mc150-3,,Human3R,m0_strict_human3r,Camera-translation_m,5.447356348205589,5.039143046387397,0.4082133018181917
aist__gLO_sBM_cAll_d15_mLO2_ch01__mc150-3,aist__gLO_sBM_cAll_d15_mLO2_ch01__mc150-3,,Human3R,m0_strict_human3r,Boundary-camera-rotation_deg,112.69261997077568,86.75782626093107,25.934793709844612
aist__gLO_sBM_cAll_d15_mLO2_ch01__mc150-3,aist__gLO_sBM_cAll_d15_mLO2_ch01__mc150-3,,Human3R,m0_strict_human3r,Boundary-camera-translation_m,7.934723231043317,7.074443733663885,0.8602794973794321
aist__gLO_sBM_cAll_d15_mLO2_ch01__mc150-3,aist__gLO_sBM_cAll_d15_mLO2_ch01__mc150-3,,Human3R,m0_strict_human3r,Coverage,0.98,1.0,0.020000000000000018
aist__gLO_sBM_cAll_d15_mLO2_ch01__mc150-3,aist__gLO_sBM_cAll_d15_mLO2_ch01__mc150-3,,BRIDGE3R,m15_bridge3r_fixed_v19,PA-MPJPE_mm,53.01686848862645,50.31593246956036,2.7009360190660914
aist__gLO_sBM_cAll_d15_mLO2_ch01__mc150-3,aist__gLO_sBM_cAll_d15_mLO2_ch01__mc150-3,,BRIDGE3R,m15_bridge3r_fixed_v19,Anchor-MPJPE_mm,698.5833525784526,1522.2247464179165,-823.641393839464
aist__gLO_sBM_cAll_d15_mLO2_ch01__mc150-3,aist__gLO_sBM_cAll_d15_mLO2_ch01__mc150-3,,BRIDGE3R,m15_bridge3r_fixed_v19,Anchor-root_mm,673.8245701870355,1538.5224558055609,-864.6978856185253
aist__gLO_sBM_cAll_d15_mLO2_ch01__mc150-3,aist__gLO_sBM_cAll_d15_mLO2_ch01__mc150-3,,BRIDGE3R,m15_bridge3r_fixed_v19,Orientation_deg,47.876167043511366,75.97987669490864,-28.103709651397274
aist__gLO_sBM_cAll_d15_mLO2_ch01__mc150-3,aist__gLO_sBM_cAll_d15_mLO2_ch01__mc150-3,,BRIDGE3R,m15_bridge3r_fixed_v19,Seam-root_mm,245.59246222218712,2709.7197165406396,-2464.1272543184523
aist__gLO_sBM_cAll_d15_mLO2_ch01__mc150-3,aist__gLO_sBM_cAll_d15_mLO2_ch01__mc150-3,,BRIDGE3R,m15_bridge3r_fixed_v19,Seam-orientation_deg,43.3457042427597,79.52344828734937,-36.177744044589666
aist__gLO_sBM_cAll_d15_mLO2_ch01__mc150-3,aist__gLO_sBM_cAll_d15_mLO2_ch01__mc150-3,,BRIDGE3R,m15_bridge3r_fixed_v19,Camera-rotation_deg,75.43608130130644,123.88708864110669,-48.45100733980024
aist__gLO_sBM_cAll_d15_mLO2_ch01__mc150-3,aist__gLO_sBM_cAll_d15_mLO2_ch01__mc150-3,,BRIDGE3R,m15_bridge3r_fixed_v19,Camera-translation_m,5.447356348205589,6.479020939950893,-1.0316645917453044
aist__gLO_sBM_cAll_d15_mLO2_ch01__mc150-3,aist__gLO_sBM_cAll_d15_mLO2_ch01__mc150-3,,BRIDGE3R,m15_bridge3r_fixed_v19,Boundary-camera-rotation_deg,112.69261997077568,87.84578015270854,24.84683981806714
aist__gLO_sBM_cAll_d15_mLO2_ch01__mc150-3,aist__gLO_sBM_cAll_d15_mLO2_ch01__mc150-3,,BRIDGE3R,m15_bridge3r_fixed_v19,Boundary-camera-translation_m,7.934723231043317,5.6865984157565475,2.2481248152867694
aist__gLO_sBM_cAll_d15_mLO2_ch01__mc150-3,aist__gLO_sBM_cAll_d15_mLO2_ch01__mc150-3,,BRIDGE3R,m15_bridge3r_fixed_v19,Coverage,0.98,1.0,0.020000000000000018
aist__gLO_sBM_cAll_d15_mLO2_ch02__mc150-3,aist__gLO_sBM_cAll_d15_mLO2_ch02__mc150-3,,Human3R,m0_strict_human3r,PA-MPJPE_mm,45.46507799638139,48.04874423378475,-2.5836662374033637
aist__gLO_sBM_cAll_d15_mLO2_ch02__mc150-3,aist__gLO_sBM_cAll_d15_mLO2_ch02__mc150-3,,Human3R,m0_strict_human3r,Anchor-MPJPE_mm,425.9395783312175,351.12593509545536,74.81364323576213
aist__gLO_sBM_cAll_d15_mLO2_ch02__mc150-3,aist__gLO_sBM_cAll_d15_mLO2_ch02__mc150-3,,Human3R,m0_strict_human3r,Anchor-root_mm,181.60201227539926,341.65424452235106,-160.0522322469518
aist__gLO_sBM_cAll_d15_mLO2_ch02__mc150-3,aist__gLO_sBM_cAll_d15_mLO2_ch02__mc150-3,,Human3R,m0_strict_human3r,Orientation_deg,48.60957388612445,35.63097291202668,12.978600974097773
aist__gLO_sBM_cAll_d15_mLO2_ch02__mc150-3,aist__gLO_sBM_cAll_d15_mLO2_ch02__mc150-3,,Human3R,m0_strict_human3r,Seam-root_mm,142.87017099337993,353.4464967746073,-210.57632578122735
aist__gLO_sBM_cAll_d15_mLO2_ch02__mc150-3,aist__gLO_sBM_cAll_d15_mLO2_ch02__mc150-3,,Human3R,m0_strict_human3r,Seam-orientation_deg,55.12274494845687,91.01007997041995,-35.88733502196308
aist__gLO_sBM_cAll_d15_mLO2_ch02__mc150-3,aist__gLO_sBM_cAll_d15_mLO2_ch02__mc150-3,,Human3R,m0_strict_human3r,Camera-rotation_deg,68.37155211009772,49.74278362952404,18.628768480573683
aist__gLO_sBM_cAll_d15_mLO2_ch02__mc150-3,aist__gLO_sBM_cAll_d15_mLO2_ch02__mc150-3,,Human3R,m0_strict_human3r,Camera-translation_m,4.756105757783741,4.661993475848743,0.09411228193499799
aist__gLO_sBM_cAll_d15_mLO2_ch02__mc150-3,aist__gLO_sBM_cAll_d15_mLO2_ch02__mc150-3,,Human3R,m0_strict_human3r,Boundary-camera-rotation_deg,113.19431266963917,95.7035948698343,17.49071779980487
aist__gLO_sBM_cAll_d15_mLO2_ch02__mc150-3,aist__gLO_sBM_cAll_d15_mLO2_ch02__mc150-3,,Human3R,m0_strict_human3r,Boundary-camera-translation_m,7.970558636685389,6.955214258568763,1.0153443781166267
aist__gLO_sBM_cAll_d15_mLO2_ch02__mc150-3,aist__gLO_sBM_cAll_d15_mLO2_ch02__mc150-3,,Human3R,m0_strict_human3r,Coverage,0.98,1.0,0.020000000000000018
aist__gLO_sBM_cAll_d15_mLO2_ch02__mc150-3,aist__gLO_sBM_cAll_d15_mLO2_ch02__mc150-3,,BRIDGE3R,m15_bridge3r_fixed_v19,PA-MPJPE_mm,45.46507799638139,48.04324978349653,-2.5781717871151386
aist__gLO_sBM_cAll_d15_mLO2_ch02__mc150-3,aist__gLO_sBM_cAll_d15_mLO2_ch02__mc150-3,,BRIDGE3R,m15_bridge3r_fixed_v19,Anchor-MPJPE_mm,425.9395783312175,775.4776161279901,-349.53803779677264
aist__gLO_sBM_cAll_d15_mLO2_ch02__mc150-3,aist__gLO_sBM_cAll_d15_mLO2_ch02__mc150-3,,BRIDGE3R,m15_bridge3r_fixed_v19,Anchor-root_mm,181.60201227539926,753.9879864101712,-572.3859741347719
aist__gLO_sBM_cAll_d15_mLO2_ch02__mc150-3,aist__gLO_sBM_cAll_d15_mLO2_ch02__mc150-3,,BRIDGE3R,m15_bridge3r_fixed_v19,Orientation_deg,48.60957388612445,14.659108073756375,33.95046581236808
aist__gLO_sBM_cAll_d15_mLO2_ch02__mc150-3,aist__gLO_sBM_cAll_d15_mLO2_ch02__mc150-3,,BRIDGE3R,m15_bridge3r_fixed_v19,Seam-root_mm,142.87017099337993,1740.4046133569766,-1597.5344423635966
aist__gLO_sBM_cAll_d15_mLO2_ch02__mc150-3,aist__gLO_sBM_cAll_d15_mLO2_ch02__mc150-3,,BRIDGE3R,m15_bridge3r_fixed_v19,Seam-orientation_deg,55.12274494845687,20.588726081495633,34.53401886696123
aist__gLO_sBM_cAll_d15_mLO2_ch02__mc150-3,aist__gLO_sBM_cAll_d15_mLO2_ch02__mc150-3,,BRIDGE3R,m15_bridge3r_fixed_v19,Camera-rotation_deg,68.37155211009772,18.562890260156063,49.80866184994166
aist__gLO_sBM_cAll_d15_mLO2_ch02__mc150-3,aist__gLO_sBM_cAll_d15_mLO2_ch02__mc150-3,,BRIDGE3R,m15_bridge3r_fixed_v19,Camera-translation_m,4.756105757783741,2.3954186022232484,2.360687155560493
aist__gLO_sBM_cAll_d15_mLO2_ch02__mc150-3,aist__gLO_sBM_cAll_d15_mLO2_ch02__mc150-3,,BRIDGE3R,m15_bridge3r_fixed_v19,Boundary-camera-rotation_deg,113.19431266963917,24.328766170077714,88.86554649956146
aist__gLO_sBM_cAll_d15_mLO2_ch02__mc150-3,aist__gLO_sBM_cAll_d15_mLO2_ch02__mc150-3,,BRIDGE3R,m15_bridge3r_fixed_v19,Boundary-camera-translation_m,7.970558636685389,3.0412476615619806,4.929310975123409
aist__gLO_sBM_cAll_d15_mLO2_ch02__mc150-3,aist__gLO_sBM_cAll_d15_mLO2_ch02__mc150-3,,BRIDGE3R,m15_bridge3r_fixed_v19,Coverage,0.98,1.0,0.020000000000000018
aist__gLO_sBM_cAll_d15_mLO2_ch03__mc150-3,aist__gLO_sBM_cAll_d15_mLO2_ch03__mc150-3,,Human3R,m0_strict_human3r,PA-MPJPE_mm,48.72589471126121,48.31132744422083,0.4145672670403826
aist__gLO_sBM_cAll_d15_mLO2_ch03__mc150-3,aist__gLO_sBM_cAll_d15_mLO2_ch03__mc150-3,,Human3R,m0_strict_human3r,Anchor-MPJPE_mm,432.3502460356979,271.32376133637297,161.02648469932495
aist__gLO_sBM_cAll_d15_mLO2_ch03__mc150-3,aist__gLO_sBM_cAll_d15_mLO2_ch03__mc150-3,,Human3R,m0_strict_human3r,Anchor-root_mm,447.44962845340615,209.8295788692752,237.62004958413095
aist__gLO_sBM_cAll_d15_mLO2_ch03__mc150-3,aist__gLO_sBM_cAll_d15_mLO2_ch03__mc150-3,,Human3R,m0_strict_human3r,Orientation_deg,64.14710667602944,62.45519190845092,1.6919147675785169
aist__gLO_sBM_cAll_d15_mLO2_ch03__mc150-3,aist__gLO_sBM_cAll_d15_mLO2_ch03__mc150-3,,Human3R,m0_strict_human3r,Seam-root_mm,534.0733418206897,497.0185811534508,37.05476066723895
aist__gLO_sBM_cAll_d15_mLO2_ch03__mc150-3,aist__gLO_sBM_cAll_d15_mLO2_ch03__mc150-3,,Human3R,m0_strict_human3r,Seam-orientation_deg,26.098584018234895,58.90585686375253,-32.80727284551764
aist__gLO_sBM_cAll_d15_mLO2_ch03__mc150-3,aist__gLO_sBM_cAll_d15_mLO2_ch03__mc150-3,,Human3R,m0_strict_human3r,Camera-rotation_deg,112.54109145706798,98.76449054785994,13.776600909208042
aist__gLO_sBM_cAll_d15_mLO2_ch03__mc150-3,aist__gLO_sBM_cAll_d15_mLO2_ch03__mc150-3,,Human3R,m0_strict_human3r,Camera-translation_m,8.128619098633076,7.39536758084293,0.7332515177901451
aist__gLO_sBM_cAll_d15_mLO2_ch03__mc150-3,aist__gLO_sBM_cAll_d15_mLO2_ch03__mc150-3,,Human3R,m0_strict_human3r,Boundary-camera-rotation_deg,90.19507678930087,66.34586052286784,23.849216266433032
aist__gLO_sBM_cAll_d15_mLO2_ch03__mc150-3,aist__gLO_sBM_cAll_d15_mLO2_ch03__mc150-3,,Human3R,m0_strict_human3r,Boundary-camera-translation_m,6.485294644199859,5.083655573677877,1.4016390705219823
aist__gLO_sBM_cAll_d15_mLO2_ch03__mc150-3,aist__gLO_sBM_cAll_d15_mLO2_ch03__mc150-3,,Human3R,m0_strict_human3r,Coverage,0.98,1.0,0.020000000000000018
aist__gLO_sBM_cAll_d15_mLO2_ch03__mc150-3,aist__gLO_sBM_cAll_d15_mLO2_ch03__mc150-3,,BRIDGE3R,m15_bridge3r_fixed_v19,PA-MPJPE_mm,48.72589471126121,48.241296337828096,0.4845983734331156
aist__gLO_sBM_cAll_d15_mLO2_ch03__mc150-3,aist__gLO_sBM_cAll_d15_mLO2_ch03__mc150-3,,BRIDGE3R,m15_bridge3r_fixed_v19,Anchor-MPJPE_mm,432.3502460356979,551.477400837485,-119.12715480178707
aist__gLO_sBM_cAll_d15_mLO2_ch03__mc150-3,aist__gLO_sBM_cAll_d15_mLO2_ch03__mc150-3,,BRIDGE3R,m15_bridge3r_fixed_v19,Anchor-root_mm,447.44962845340615,491.5931346974812,-44.14350624407507
aist__gLO_sBM_cAll_d15_mLO2_ch03__mc150-3,aist__gLO_sBM_cAll_d15_mLO2_ch03__mc150-3,,BRIDGE3R,m15_bridge3r_fixed_v19,Orientation_deg,64.14710667602944,49.12933195577939,15.017774720250046
aist__gLO_sBM_cAll_d15_mLO2_ch03__mc150-3,aist__gLO_sBM_cAll_d15_mLO2_ch03__mc150-3,,BRIDGE3R,m15_bridge3r_fixed_v19,Seam-root_mm,534.0733418206897,585.4293336856442,-51.35599186495449
aist__gLO_sBM_cAll_d15_mLO2_ch03__mc150-3,aist__gLO_sBM_cAll_d15_mLO2_ch03__mc150-3,,BRIDGE3R,m15_bridge3r_fixed_v19,Seam-orientation_deg,26.098584018234895,67.34001332869151,-41.24142931045662
aist__gLO_sBM_cAll_d15_mLO2_ch03__mc150-3,aist__gLO_sBM_cAll_d15_mLO2_ch03__mc150-3,,BRIDGE3R,m15_bridge3r_fixed_v19,Camera-rotation_deg,112.54109145706798,78.2130484774029,34.328042979665085
aist__gLO_sBM_cAll_d15_mLO2_ch03__mc150-3,aist__gLO_sBM_cAll_d15_mLO2_ch03__mc150-3,,BRIDGE3R,m15_bridge3r_fixed_v19,Camera-translation_m,8.128619098633076,6.072384639216238,2.056234459416838
aist__gLO_sBM_cAll_d15_mLO2_ch03__mc150-3,aist__gLO_sBM_cAll_d15_mLO2_ch03__mc150-3,,BRIDGE3R,m15_bridge3r_fixed_v19,Boundary-camera-rotation_deg,90.19507678930087,75.45734410702238,14.73773268227849
aist__gLO_sBM_cAll_d15_mLO2_ch03__mc150-3,aist__gLO_sBM_cAll_d15_mLO2_ch03__mc150-3,,BRIDGE3R,m15_bridge3r_fixed_v19,Boundary-camera-translation_m,6.485294644199859,5.761697562358176,0.7235970818416835
aist__gLO_sBM_cAll_d15_mLO2_ch03__mc150-3,aist__gLO_sBM_cAll_d15_mLO2_ch03__mc150-3,,BRIDGE3R,m15_bridge3r_fixed_v19,Coverage,0.98,1.0,0.020000000000000018
aist__gLO_sBM_cAll_d15_mLO2_ch04__mc150-3,aist__gLO_sBM_cAll_d15_mLO2_ch04__mc150-3,,Human3R,m0_strict_human3r,PA-MPJPE_mm,48.69804443439996,61.34708618034177,-12.649041745941808
aist__gLO_sBM_cAll_d15_mLO2_ch04__mc150-3,aist__gLO_sBM_cAll_d15_mLO2_ch04__mc150-3,,Human3R,m0_strict_human3r,Anchor-MPJPE_mm,504.9951183442747,240.9035438049282,264.09157453934654
aist__gLO_sBM_cAll_d15_mLO2_ch04__mc150-3,aist__gLO_sBM_cAll_d15_mLO2_ch04__mc150-3,,Human3R,m0_strict_human3r,Anchor-root_mm,513.5544092667233,223.5644248443516,289.98998442237166
aist__gLO_sBM_cAll_d15_mLO2_ch04__mc150-3,aist__gLO_sBM_cAll_d15_mLO2_ch04__mc150-3,,Human3R,m0_strict_human3r,Orientation_deg,38.95828135797941,59.659339887751294,-20.701058529771885
aist__gLO_sBM_cAll_d15_mLO2_ch04__mc150-3,aist__gLO_sBM_cAll_d15_mLO2_ch04__mc150-3,,Human3R,m0_strict_human3r,Seam-root_mm,477.0917429063236,240.88546439285386,236.20627851346973
aist__gLO_sBM_cAll_d15_mLO2_ch04__mc150-3,aist__gLO_sBM_cAll_d15_mLO2_ch04__mc150-3,,Human3R,m0_strict_human3r,Seam-orientation_deg,26.660820921550364,63.70375366932346,-37.042932747773094
aist__gLO_sBM_cAll_d15_mLO2_ch04__mc150-3,aist__gLO_sBM_cAll_d15_mLO2_ch04__mc150-3,,Human3R,m0_strict_human3r,Camera-rotation_deg,47.850364146490975,88.5792527269973,-40.72888858050632
aist__gLO_sBM_cAll_d15_mLO2_ch04__mc150-3,aist__gLO_sBM_cAll_d15_mLO2_ch04__mc150-3,,Human3R,m0_strict_human3r,Camera-translation_m,4.104779486688933,7.133823825381743,-3.0290443386928096
aist__gLO_sBM_cAll_d15_mLO2_ch04__mc150-3,aist__gLO_sBM_cAll_d15_mLO2_ch04__mc150-3,,Human3R,m0_strict_human3r,Boundary-camera-rotation_deg,67.30076372757789,45.6427002270102,21.658063500567685
aist__gLO_sBM_cAll_d15_mLO2_ch04__mc150-3,aist__gLO_sBM_cAll_d15_mLO2_ch04__mc150-3,,Human3R,m0_strict_human3r,Boundary-camera-translation_m,5.2869040206790885,3.812918908834903,1.4739851118441853
aist__gLO_sBM_cAll_d15_mLO2_ch04__mc150-3,aist__gLO_sBM_cAll_d15_mLO2_ch04__mc150-3,,Human3R,m0_strict_human3r,Coverage,0.98,1.0,0.020000000000000018
aist__gLO_sBM_cAll_d15_mLO2_ch04__mc150-3,aist__gLO_sBM_cAll_d15_mLO2_ch04__mc150-3,,BRIDGE3R,m15_bridge3r_fixed_v19,PA-MPJPE_mm,48.69804443439996,61.449583965954496,-12.751539531554535
aist__gLO_sBM_cAll_d15_mLO2_ch04__mc150-3,aist__gLO_sBM_cAll_d15_mLO2_ch04__mc150-3,,BRIDGE3R,m15_bridge3r_fixed_v19,Anchor-MPJPE_mm,504.9951183442747,1264.0886575809423,-759.0935392366675
aist__gLO_sBM_cAll_d15_mLO2_ch04__mc150-3,aist__gLO_sBM_cAll_d15_mLO2_ch04__mc150-3,,BRIDGE3R,m15_bridge3r_fixed_v19,Anchor-root_mm,513.5544092667233,1282.1317357544863,-768.577326487763
aist__gLO_sBM_cAll_d15_mLO2_ch04__mc150-3,aist__gLO_sBM_cAll_d15_mLO2_ch04__mc150-3,,BRIDGE3R,m15_bridge3r_fixed_v19,Orientation_deg,38.95828135797941,21.289426819555533,17.668854538423876
aist__gLO_sBM_cAll_d15_mLO2_ch04__mc150-3,aist__gLO_sBM_cAll_d15_mLO2_ch04__mc150-3,,BRIDGE3R,m15_bridge3r_fixed_v19,Seam-root_mm,477.0917429063236,1311.8377524970285,-834.746009590705
aist__gLO_sBM_cAll_d15_mLO2_ch04__mc150-3,aist__gLO_sBM_cAll_d15_mLO2_ch04__mc150-3,,BRIDGE3R,m15_bridge3r_fixed_v19,Seam-orientation_deg,26.660820921550364,12.233560623440546,14.427260298109818
aist__gLO_sBM_cAll_d15_mLO2_ch04__mc150-3,aist__gLO_sBM_cAll_d15_mLO2_ch04__mc150-3,,BRIDGE3R,m15_bridge3r_fixed_v19,Camera-rotation_deg,47.850364146490975,19.531452595777345,28.31891155071363
aist__gLO_sBM_cAll_d15_mLO2_ch04__mc150-3,aist__gLO_sBM_cAll_d15_mLO2_ch04__mc150-3,,BRIDGE3R,m15_bridge3r_fixed_v19,Camera-translation_m,4.104779486688933,0.7749108448164606,3.329868641872473
aist__gLO_sBM_cAll_d15_mLO2_ch04__mc150-3,aist__gLO_sBM_cAll_d15_mLO2_ch04__mc150-3,,BRIDGE3R,m15_bridge3r_fixed_v19,Boundary-camera-rotation_deg,67.30076372757789,13.135227784923796,54.16553594265409
aist__gLO_sBM_cAll_d15_mLO2_ch04__mc150-3,aist__gLO_sBM_cAll_d15_mLO2_ch04__mc150-3,,BRIDGE3R,m15_bridge3r_fixed_v19,Boundary-camera-translation_m,5.2869040206790885,1.0941019026205359,4.192802118058553
aist__gLO_sBM_cAll_d15_mLO2_ch04__mc150-3,aist__gLO_sBM_cAll_d15_mLO2_ch04__mc150-3,,BRIDGE3R,m15_bridge3r_fixed_v19,Coverage,0.98,1.0,0.020000000000000018
aist__gLO_sBM_cAll_d15_mLO2_ch05__mc150-3,aist__gLO_sBM_cAll_d15_mLO2_ch05__mc150-3,,Human3R,m0_strict_human3r,PA-MPJPE_mm,45.297324692198714,45.03070324518726,0.2666214470114525
aist__gLO_sBM_cAll_d15_mLO2_ch05__mc150-3,aist__gLO_sBM_cAll_d15_mLO2_ch05__mc150-3,,Human3R,m0_strict_human3r,Anchor-MPJPE_mm,636.7211613413574,298.7839881451833,337.9371731961741
aist__gLO_sBM_cAll_d15_mLO2_ch05__mc150-3,aist__gLO_sBM_cAll_d15_mLO2_ch05__mc150-3,,Human3R,m0_strict_human3r,Anchor-root_mm,599.8048530687558,266.6645998719205,333.1402531968354
aist__gLO_sBM_cAll_d15_mLO2_ch05__mc150-3,aist__gLO_sBM_cAll_d15_mLO2_ch05__mc150-3,,Human3R,m0_strict_human3r,Orientation_deg,32.18103087100357,56.71868670882447,-24.5376558378209
aist__gLO_sBM_cAll_d15_mLO2_ch05__mc150-3,aist__gLO_sBM_cAll_d15_mLO2_ch05__mc150-3,,Human3R,m0_strict_human3r,Seam-root_mm,339.6722462524733,596.7265557532319,-257.05430950075856
aist__gLO_sBM_cAll_d15_mLO2_ch05__mc150-3,aist__gLO_sBM_cAll_d15_mLO2_ch05__mc150-3,,Human3R,m0_strict_human3r,Seam-orientation_deg,6.8417967319922335,46.69978862977783,-39.857991897785595
aist__gLO_sBM_cAll_d15_mLO2_ch05__mc150-3,aist__gLO_sBM_cAll_d15_mLO2_ch05__mc150-3,,Human3R,m0_strict_human3r,Camera-rotation_deg,51.58258277156952,85.83134237290355,-34.24875960133403
aist__gLO_sBM_cAll_d15_mLO2_ch05__mc150-3,aist__gLO_sBM_cAll_d15_mLO2_ch05__mc150-3,,Human3R,m0_strict_human3r,Camera-translation_m,4.264406404345478,5.796705516978405,-1.532299112632927
aist__gLO_sBM_cAll_d15_mLO2_ch05__mc150-3,aist__gLO_sBM_cAll_d15_mLO2_ch05__mc150-3,,Human3R,m0_strict_human3r,Boundary-camera-rotation_deg,86.03821505598852,52.61755501792978,33.420660038058735
aist__gLO_sBM_cAll_d15_mLO2_ch05__mc150-3,aist__gLO_sBM_cAll_d15_mLO2_ch05__mc150-3,,Human3R,m0_strict_human3r,Boundary-camera-translation_m,5.997934150981018,4.192096020430769,1.8058381305502484
aist__gLO_sBM_cAll_d15_mLO2_ch05__mc150-3,aist__gLO_sBM_cAll_d15_mLO2_ch05__mc150-3,,Human3R,m0_strict_human3r,Coverage,0.96,1.0,0.040000000000000036
aist__gLO_sBM_cAll_d15_mLO2_ch05__mc150-3,aist__gLO_sBM_cAll_d15_mLO2_ch05__mc150-3,,BRIDGE3R,m15_bridge3r_fixed_v19,PA-MPJPE_mm,45.297324692198714,44.84623835850977,0.45108633368894147
aist__gLO_sBM_cAll_d15_mLO2_ch05__mc150-3,aist__gLO_sBM_cAll_d15_mLO2_ch05__mc150-3,,BRIDGE3R,m15_bridge3r_fixed_v19,Anchor-MPJPE_mm,636.7211613413574,606.3128070985308,30.40835424282659
aist__gLO_sBM_cAll_d15_mLO2_ch05__mc150-3,aist__gLO_sBM_cAll_d15_mLO2_ch05__mc150-3,,BRIDGE3R,m15_bridge3r_fixed_v19,Anchor-root_mm,599.8048530687558,603.3895992968362,-3.5847462280803484
aist__gLO_sBM_cAll_d15_mLO2_ch05__mc150-3,aist__gLO_sBM_cAll_d15_mLO2_ch05__mc150-3,,BRIDGE3R,m15_bridge3r_fixed_v19,Orientation_deg,32.18103087100357,24.714330046012957,7.466700824990614
aist__gLO_sBM_cAll_d15_mLO2_ch05__mc150-3,aist__gLO_sBM_cAll_d15_mLO2_ch05__mc150-3,,BRIDGE3R,m15_bridge3r_fixed_v19,Seam-root_mm,339.6722462524733,830.3047797681996,-490.6325335157263
aist__gLO_sBM_cAll_d15_mLO2_ch05__mc150-3,aist__gLO_sBM_cAll_d15_mLO2_ch05__mc150-3,,BRIDGE3R,m15_bridge3r_fixed_v19,Seam-orientation_deg,6.8417967319922335,31.884235715747916,-25.042438983755684
aist__gLO_sBM_cAll_d15_mLO2_ch05__mc150-3,aist__gLO_sBM_cAll_d15_mLO2_ch05__mc150-3,,BRIDGE3R,m15_bridge3r_fixed_v19,Camera-rotation_deg,51.58258277156952,37.282186706790164,14.300396064779356
aist__gLO_sBM_cAll_d15_mLO2_ch05__mc150-3,aist__gLO_sBM_cAll_d15_mLO2_ch05__mc150-3,,BRIDGE3R,m15_bridge3r_fixed_v19,Camera-translation_m,4.264406404345478,2.9901950562229063,1.2742113481225719
aist__gLO_sBM_cAll_d15_mLO2_ch05__mc150-3,aist__gLO_sBM_cAll_d15_mLO2_ch05__mc150-3,,BRIDGE3R,m15_bridge3r_fixed_v19,Boundary-camera-rotation_deg,86.03821505598852,38.801461846043296,47.23675320994522
aist__gLO_sBM_cAll_d15_mLO2_ch05__mc150-3,aist__gLO_sBM_cAll_d15_mLO2_ch05__mc150-3,,BRIDGE3R,m15_bridge3r_fixed_v19,Boundary-camera-translation_m,5.997934150981018,3.468825036198543,2.5291091147824747
aist__gLO_sBM_cAll_d15_mLO2_ch05__mc150-3,aist__gLO_sBM_cAll_d15_mLO2_ch05__mc150-3,,BRIDGE3R,m15_bridge3r_fixed_v19,Coverage,0.96,1.0,0.040000000000000036
aist__gLO_sBM_cAll_d15_mLO2_ch08__mc150-3,aist__gLO_sBM_cAll_d15_mLO2_ch08__mc150-3,,Human3R,m0_strict_human3r,PA-MPJPE_mm,62.57455005251404,67.05791549344357,-4.483365440929532
aist__gLO_sBM_cAll_d15_mLO2_ch08__mc150-3,aist__gLO_sBM_cAll_d15_mLO2_ch08__mc150-3,,Human3R,m0_strict_human3r,Anchor-MPJPE_mm,909.9414228430243,828.8959603552721,81.04546248775216
aist__gLO_sBM_cAll_d15_mLO2_ch08__mc150-3,aist__gLO_sBM_cAll_d15_mLO2_ch08__mc150-3,,Human3R,m0_strict_human3r,Anchor-root_mm,892.9252907368497,826.8695806655295,66.05571007132016
aist__gLO_sBM_cAll_d15_mLO2_ch08__mc150-3,aist__gLO_sBM_cAll_d15_mLO2_ch08__mc150-3,,Human3R,m0_strict_human3r,Orientation_deg,34.00146382902181,12.039758288779373,21.961705540242434
aist__gLO_sBM_cAll_d15_mLO2_ch08__mc150-3,aist__gLO_sBM_cAll_d15_mLO2_ch08__mc150-3,,Human3R,m0_strict_human3r,Seam-root_mm,421.26833628391233,1013.577925400268,-592.3095891163557
aist__gLO_sBM_cAll_d15_mLO2_ch08__mc150-3,aist__gLO_sBM_cAll_d15_mLO2_ch08__mc150-3,,Human3R,m0_strict_human3r,Seam-orientation_deg,25.239256780188313,13.504540945094767,11.734715835093546
aist__gLO_sBM_cAll_d15_mLO2_ch08__mc150-3,aist__gLO_sBM_cAll_d15_mLO2_ch08__mc150-3,,Human3R,m0_strict_human3r,Camera-rotation_deg,45.43768121657331,6.830185571310843,38.60749564526247
aist__gLO_sBM_cAll_d15_mLO2_ch08__mc150-3,aist__gLO_sBM_cAll_d15_mLO2_ch08__mc150-3,,Human3R,m0_strict_human3r,Camera-translation_m,3.5031449822783123,1.8212818887475073,1.681863093530805
aist__gLO_sBM_cAll_d15_mLO2_ch08__mc150-3,aist__gLO_sBM_cAll_d15_mLO2_ch08__mc150-3,,Human3R,m0_strict_human3r,Boundary-camera-rotation_deg,62.972887141038754,8.397893256243506,54.57499388479525
aist__gLO_sBM_cAll_d15_mLO2_ch08__mc150-3,aist__gLO_sBM_cAll_d15_mLO2_ch08__mc150-3,,Human3R,m0_strict_human3r,Boundary-camera-translation_m,4.951585062802674,1.012692721329668,3.938892341473006
aist__gLO_sBM_cAll_d15_mLO2_ch08__mc150-3,aist__gLO_sBM_cAll_d15_mLO2_ch08__mc150-3,,Human3R,m0_strict_human3r,Coverage,0.98,1.0,0.020000000000000018
aist__gLO_sBM_cAll_d15_mLO2_ch08__mc150-3,aist__gLO_sBM_cAll_d15_mLO2_ch08__mc150-3,,BRIDGE3R,m15_bridge3r_fixed_v19,PA-MPJPE_mm,62.57455005251404,66.7701630652434,-4.195613012729353
aist__gLO_sBM_cAll_d15_mLO2_ch08__mc150-3,aist__gLO_sBM_cAll_d15_mLO2_ch08__mc150-3,,BRIDGE3R,m15_bridge3r_fixed_v19,Anchor-MPJPE_mm,909.9414228430243,1131.3151842753432,-221.37376143231893
aist__gLO_sBM_cAll_d15_mLO2_ch08__mc150-3,aist__gLO_sBM_cAll_d15_mLO2_ch08__mc150-3,,BRIDGE3R,m15_bridge3r_fixed_v19,Anchor-root_mm,892.9252907368497,1129.8728386316222,-236.94754789477258
aist__gLO_sBM_cAll_d15_mLO2_ch08__mc150-3,aist__gLO_sBM_cAll_d15_mLO2_ch08__mc150-3,,BRIDGE3R,m15_bridge3r_fixed_v19,Orientation_deg,34.00146382902181,14.312733456229347,19.688730372792463
aist__gLO_sBM_cAll_d15_mLO2_ch08__mc150-3,aist__gLO_sBM_cAll_d15_mLO2_ch08__mc150-3,,BRIDGE3R,m15_bridge3r_fixed_v19,Seam-root_mm,421.26833628391233,1942.5152159237855,-1521.2468796398732
aist__gLO_sBM_cAll_d15_mLO2_ch08__mc150-3,aist__gLO_sBM_cAll_d15_mLO2_ch08__mc150-3,,BRIDGE3R,m15_bridge3r_fixed_v19,Seam-orientation_deg,25.239256780188313,12.513235920986354,12.72602085920196
aist__gLO_sBM_cAll_d15_mLO2_ch08__mc150-3,aist__gLO_sBM_cAll_d15_mLO2_ch08__mc150-3,,BRIDGE3R,m15_bridge3r_fixed_v19,Camera-rotation_deg,45.43768121657331,7.1816682331882715,38.25601298338504
aist__gLO_sBM_cAll_d15_mLO2_ch08__mc150-3,aist__gLO_sBM_cAll_d15_mLO2_ch08__mc150-3,,BRIDGE3R,m15_bridge3r_fixed_v19,Camera-translation_m,3.5031449822783123,1.5084966975159386,1.9946482847623737
aist__gLO_sBM_cAll_d15_mLO2_ch08__mc150-3,aist__gLO_sBM_cAll_d15_mLO2_ch08__mc150-3,,BRIDGE3R,m15_bridge3r_fixed_v19,Boundary-camera-rotation_deg,62.972887141038754,7.407419734431261,55.565467406607496
aist__gLO_sBM_cAll_d15_mLO2_ch08__mc150-3,aist__gLO_sBM_cAll_d15_mLO2_ch08__mc150-3,,BRIDGE3R,m15_bridge3r_fixed_v19,Boundary-camera-translation_m,4.951585062802674,1.8384012988479093,3.1131837639547646
aist__gLO_sBM_cAll_d15_mLO2_ch08__mc150-3,aist__gLO_sBM_cAll_d15_mLO2_ch08__mc150-3,,BRIDGE3R,m15_bridge3r_fixed_v19,Coverage,0.98,1.0,0.020000000000000018
aist__gLO_sBM_cAll_d15_mLO2_ch10__mc150-3,aist__gLO_sBM_cAll_d15_mLO2_ch10__mc150-3,,Human3R,m0_strict_human3r,PA-MPJPE_mm,65.52270043665067,67.83109685851431,-2.308396421863648
aist__gLO_sBM_cAll_d15_mLO2_ch10__mc150-3,aist__gLO_sBM_cAll_d15_mLO2_ch10__mc150-3,,Human3R,m0_strict_human3r,Anchor-MPJPE_mm,859.9324040020547,272.066522637249,587.8658813648057
aist__gLO_sBM_cAll_d15_mLO2_ch10__mc150-3,aist__gLO_sBM_cAll_d15_mLO2_ch10__mc150-3,,Human3R,m0_strict_human3r,Anchor-root_mm,823.7444629399522,200.1119963874653,623.6324665524869
aist__gLO_sBM_cAll_d15_mLO2_ch10__mc150-3,aist__gLO_sBM_cAll_d15_mLO2_ch10__mc150-3,,Human3R,m0_strict_human3r,Orientation_deg,36.1598635311698,35.16165558869069,0.9982079424791053
aist__gLO_sBM_cAll_d15_mLO2_ch10__mc150-3,aist__gLO_sBM_cAll_d15_mLO2_ch10__mc150-3,,Human3R,m0_strict_human3r,Seam-root_mm,530.0389654924666,141.41911794036508,388.6198475521015
aist__gLO_sBM_cAll_d15_mLO2_ch10__mc150-3,aist__gLO_sBM_cAll_d15_mLO2_ch10__mc150-3,,Human3R,m0_strict_human3r,Seam-orientation_deg,26.226352808911056,55.80270385348054,-29.57635104456948
aist__gLO_sBM_cAll_d15_mLO2_ch10__mc150-3,aist__gLO_sBM_cAll_d15_mLO2_ch10__mc150-3,,Human3R,m0_strict_human3r,Camera-rotation_deg,51.67922319968832,47.38539312917037,4.293830070517956
aist__gLO_sBM_cAll_d15_mLO2_ch10__mc150-3,aist__gLO_sBM_cAll_d15_mLO2_ch10__mc150-3,,Human3R,m0_strict_human3r,Camera-translation_m,4.843970980991832,3.780535977895125,1.0634350030967075
aist__gLO_sBM_cAll_d15_mLO2_ch10__mc150-3,aist__gLO_sBM_cAll_d15_mLO2_ch10__mc150-3,,Human3R,m0_strict_human3r,Boundary-camera-rotation_deg,85.97200073590858,53.04579937152442,32.92620136438416
aist__gLO_sBM_cAll_d15_mLO2_ch10__mc150-3,aist__gLO_sBM_cAll_d15_mLO2_ch10__mc150-3,,Human3R,m0_strict_human3r,Boundary-camera-translation_m,6.270688340818458,4.568199502142343,1.702488838676115
aist__gLO_sBM_cAll_d15_mLO2_ch10__mc150-3,aist__gLO_sBM_cAll_d15_mLO2_ch10__mc150-3,,Human3R,m0_strict_human3r,Coverage,0.98,1.0,0.020000000000000018
aist__gLO_sBM_cAll_d15_mLO2_ch10__mc150-3,aist__gLO_sBM_cAll_d15_mLO2_ch10__mc150-3,,BRIDGE3R,m15_bridge3r_fixed_v19,PA-MPJPE_mm,65.52270043665067,67.80527193521469,-2.2825714985640246
aist__gLO_sBM_cAll_d15_mLO2_ch10__mc150-3,aist__gLO_sBM_cAll_d15_mLO2_ch10__mc150-3,,BRIDGE3R,m15_bridge3r_fixed_v19,Anchor-MPJPE_mm,859.9324040020547,626.0194073149188,233.9129966871359
aist__gLO_sBM_cAll_d15_mLO2_ch10__mc150-3,aist__gLO_sBM_cAll_d15_mLO2_ch10__mc150-3,,BRIDGE3R,m15_bridge3r_fixed_v19,Anchor-root_mm,823.7444629399522,561.2933751591822,262.45108778076997
aist__gLO_sBM_cAll_d15_mLO2_ch10__mc150-3,aist__gLO_sBM_cAll_d15_mLO2_ch10__mc150-3,,BRIDGE3R,m15_bridge3r_fixed_v19,Orientation_deg,36.1598635311698,44.15081256157863,-7.990949030408835
aist__gLO_sBM_cAll_d15_mLO2_ch10__mc150-3,aist__gLO_sBM_cAll_d15_mLO2_ch10__mc150-3,,BRIDGE3R,m15_bridge3r_fixed_v19,Seam-root_mm,530.0389654924666,281.9313561289655,248.10760936350107
aist__gLO_sBM_cAll_d15_mLO2_ch10__mc150-3,aist__gLO_sBM_cAll_d15_mLO2_ch10__mc150-3,,BRIDGE3R,m15_bridge3r_fixed_v19,Seam-orientation_deg,26.226352808911056,65.28313786248759,-39.05678505357653
aist__gLO_sBM_cAll_d15_mLO2_ch10__mc150-3,aist__gLO_sBM_cAll_d15_mLO2_ch10__mc150-3,,BRIDGE3R,m15_bridge3r_fixed_v19,Camera-rotation_deg,51.67922319968832,60.6684865692295,-8.989263369541177
aist__gLO_sBM_cAll_d15_mLO2_ch10__mc150-3,aist__gLO_sBM_cAll_d15_mLO2_ch10__mc150-3,,BRIDGE3R,m15_bridge3r_fixed_v19,Camera-translation_m,4.843970980991832,3.8946668152574055,0.9493041657344268
aist__gLO_sBM_cAll_d15_mLO2_ch10__mc150-3,aist__gLO_sBM_cAll_d15_mLO2_ch10__mc150-3,,BRIDGE3R,m15_bridge3r_fixed_v19,Boundary-camera-rotation_deg,85.97200073590858,62.61726930553664,23.35473143037194
aist__gLO_sBM_cAll_d15_mLO2_ch10__mc150-3,aist__gLO_sBM_cAll_d15_mLO2_ch10__mc150-3,,BRIDGE3R,m15_bridge3r_fixed_v19,Boundary-camera-translation_m,6.270688340818458,4.254335372600642,2.0163529682178156
aist__gLO_sBM_cAll_d15_mLO2_ch10__mc150-3,aist__gLO_sBM_cAll_d15_mLO2_ch10__mc150-3,,BRIDGE3R,m15_bridge3r_fixed_v19,Coverage,0.98,1.0,0.020000000000000018
aist__gLO_sBM_cAll_d15_mLO3_ch02__mc150-3,aist__gLO_sBM_cAll_d15_mLO3_ch02__mc150-3,,Human3R,m0_strict_human3r,PA-MPJPE_mm,44.71270094567196,45.1463062713255,-0.43360532565353793
aist__gLO_sBM_cAll_d15_mLO3_ch02__mc150-3,aist__gLO_sBM_cAll_d15_mLO3_ch02__mc150-3,,Human3R,m0_strict_human3r,Anchor-MPJPE_mm,1186.112858218029,375.9405043813043,810.1723538367247
aist__gLO_sBM_cAll_d15_mLO3_ch02__mc150-3,aist__gLO_sBM_cAll_d15_mLO3_ch02__mc150-3,,Human3R,m0_strict_human3r,Anchor-root_mm,1183.894214191829,376.9526174930464,806.9415966987826
aist__gLO_sBM_cAll_d15_mLO3_ch02__mc150-3,aist__gLO_sBM_cAll_d15_mLO3_ch02__mc150-3,,Human3R,m0_strict_human3r,Orientation_deg,15.649948266768222,12.666411808045169,2.9835364587230533
aist__gLO_sBM_cAll_d15_mLO3_ch02__mc150-3,aist__gLO_sBM_cAll_d15_mLO3_ch02__mc150-3,,Human3R,m0_strict_human3r,Seam-root_mm,478.3719615786164,415.0013737438866,63.370587834729804
aist__gLO_sBM_cAll_d15_mLO3_ch02__mc150-3,aist__gLO_sBM_cAll_d15_mLO3_ch02__mc150-3,,Human3R,m0_strict_human3r,Seam-orientation_deg,20.69670601402814,5.548654982654908,15.148051031373233
aist__gLO_sBM_cAll_d15_mLO3_ch02__mc150-3,aist__gLO_sBM_cAll_d15_mLO3_ch02__mc150-3,,Human3R,m0_strict_human3r,Camera-rotation_deg,7.456034723460266,7.453526009802233,0.002508713658032846
aist__gLO_sBM_cAll_d15_mLO3_ch02__mc150-3,aist__gLO_sBM_cAll_d15_mLO3_ch02__mc150-3,,Human3R,m0_strict_human3r,Camera-translation_m,1.7707662803987239,1.3843529358821,0.3864133445166238
aist__gLO_sBM_cAll_d15_mLO3_ch02__mc150-3,aist__gLO_sBM_cAll_d15_mLO3_ch02__mc150-3,,Human3R,m0_strict_human3r,Boundary-camera-rotation_deg,54.841283113321026,2.036541177813175,52.80474193550785
aist__gLO_sBM_cAll_d15_mLO3_ch02__mc150-3,aist__gLO_sBM_cAll_d15_mLO3_ch02__mc150-3,,Human3R,m0_strict_human3r,Boundary-camera-translation_m,4.376198136410567,0.7107647467249015,3.6654333896856652
aist__gLO_sBM_cAll_d15_mLO3_ch02__mc150-3,aist__gLO_sBM_cAll_d15_mLO3_ch02__mc150-3,,Human3R,m0_strict_human3r,Coverage,0.98,1.0,0.020000000000000018
aist__gLO_sBM_cAll_d15_mLO3_ch02__mc150-3,aist__gLO_sBM_cAll_d15_mLO3_ch02__mc150-3,,BRIDGE3R,m15_bridge3r_fixed_v19,PA-MPJPE_mm,44.71270094567196,45.30187686091308,-0.5891759152411211
aist__gLO_sBM_cAll_d15_mLO3_ch02__mc150-3,aist__gLO_sBM_cAll_d15_mLO3_ch02__mc150-3,,BRIDGE3R,m15_bridge3r_fixed_v19,Anchor-MPJPE_mm,1186.112858218029,402.48246399544837,783.6303942225807
aist__gLO_sBM_cAll_d15_mLO3_ch02__mc150-3,aist__gLO_sBM_cAll_d15_mLO3_ch02__mc150-3,,BRIDGE3R,m15_bridge3r_fixed_v19,Anchor-root_mm,1183.894214191829,417.8446911779822,766.0495230138467
aist__gLO_sBM_cAll_d15_mLO3_ch02__mc150-3,aist__gLO_sBM_cAll_d15_mLO3_ch02__mc150-3,,BRIDGE3R,m15_bridge3r_fixed_v19,Orientation_deg,15.649948266768222,11.61605470349811,4.033893563270112
aist__gLO_sBM_cAll_d15_mLO3_ch02__mc150-3,aist__gLO_sBM_cAll_d15_mLO3_ch02__mc150-3,,BRIDGE3R,m15_bridge3r_fixed_v19,Seam-root_mm,478.3719615786164,658.0323940085525,-179.66043242993612
aist__gLO_sBM_cAll_d15_mLO3_ch02__mc150-3,aist__gLO_sBM_cAll_d15_mLO3_ch02__mc150-3,,BRIDGE3R,m15_bridge3r_fixed_v19,Seam-orientation_deg,20.69670601402814,7.498163667742239,13.198542346285901
aist__gLO_sBM_cAll_d15_mLO3_ch02__mc150-3,aist__gLO_sBM_cAll_d15_mLO3_ch02__mc150-3,,BRIDGE3R,m15_bridge3r_fixed_v19,Camera-rotation_deg,7.456034723460266,4.76970910370415,2.686325619756116
aist__gLO_sBM_cAll_d15_mLO3_ch02__mc150-3,aist__gLO_sBM_cAll_d15_mLO3_ch02__mc150-3,,BRIDGE3R,m15_bridge3r_fixed_v19,Camera-translation_m,1.7707662803987239,1.0104647971984955,0.7603014832002284
aist__gLO_sBM_cAll_d15_mLO3_ch02__mc150-3,aist__gLO_sBM_cAll_d15_mLO3_ch02__mc150-3,,BRIDGE3R,m15_bridge3r_fixed_v19,Boundary-camera-rotation_deg,54.841283113321026,4.271849233509079,50.569433879811946
aist__gLO_sBM_cAll_d15_mLO3_ch02__mc150-3,aist__gLO_sBM_cAll_d15_mLO3_ch02__mc150-3,,BRIDGE3R,m15_bridge3r_fixed_v19,Boundary-camera-translation_m,4.376198136410567,1.667225109015039,2.708973027395528
aist__gLO_sBM_cAll_d15_mLO3_ch02__mc150-3,aist__gLO_sBM_cAll_d15_mLO3_ch02__mc150-3,,BRIDGE3R,m15_bridge3r_fixed_v19,Coverage,0.98,1.0,0.020000000000000018
aist__gLO_sBM_cAll_d15_mLO4_ch01__mc150-3,aist__gLO_sBM_cAll_d15_mLO4_ch01__mc150-3,,Human3R,m0_strict_human3r,PA-MPJPE_mm,62.55353950429988,67.23527271622937,-4.681733211929497
aist__gLO_sBM_cAll_d15_mLO4_ch01__mc150-3,aist__gLO_sBM_cAll_d15_mLO4_ch01__mc150-3,,Human3R,m0_strict_human3r,Anchor-MPJPE_mm,349.5547550970651,332.4334338639874,17.12132123307771
aist__gLO_sBM_cAll_d15_mLO4_ch01__mc150-3,aist__gLO_sBM_cAll_d15_mLO4_ch01__mc150-3,,Human3R,m0_strict_human3r,Anchor-root_mm,120.49091147072109,334.48741893064675,-213.99650745992568
aist__gLO_sBM_cAll_d15_mLO4_ch01__mc150-3,aist__gLO_sBM_cAll_d15_mLO4_ch01__mc150-3,,Human3R,m0_strict_human3r,Orientation_deg,55.79513010491972,12.313078219941108,43.48205188497862
aist__gLO_sBM_cAll_d15_mLO4_ch01__mc150-3,aist__gLO_sBM_cAll_d15_mLO4_ch01__mc150-3,,Human3R,m0_strict_human3r,Seam-root_mm,91.15129784366091,382.83591487516844,-291.6846170315075
aist__gLO_sBM_cAll_d15_mLO4_ch01__mc150-3,aist__gLO_sBM_cAll_d15_mLO4_ch01__mc150-3,,Human3R,m0_strict_human3r,Seam-orientation_deg,34.916472743024215,16.12194089624228,18.794531846781936
aist__gLO_sBM_cAll_d15_mLO4_ch01__mc150-3,aist__gLO_sBM_cAll_d15_mLO4_ch01__mc150-3,,Human3R,m0_strict_human3r,Camera-rotation_deg,89.8261214950728,6.534279144364915,83.29184235070788
aist__gLO_sBM_cAll_d15_mLO4_ch01__mc150-3,aist__gLO_sBM_cAll_d15_mLO4_ch01__mc150-3,,Human3R,m0_strict_human3r,Camera-translation_m,6.074212803902075,0.5632781888458188,5.510934615056256
aist__gLO_sBM_cAll_d15_mLO4_ch01__mc150-3,aist__gLO_sBM_cAll_d15_mLO4_ch01__mc150-3,,Human3R,m0_strict_human3r,Boundary-camera-rotation_deg,67.5752720414166,4.980834044289676,62.59443799712692
aist__gLO_sBM_cAll_d15_mLO4_ch01__mc150-3,aist__gLO_sBM_cAll_d15_mLO4_ch01__mc150-3,,Human3R,m0_strict_human3r,Boundary-camera-translation_m,5.281787962008118,0.729717420694022,4.552070541314096
aist__gLO_sBM_cAll_d15_mLO4_ch01__mc150-3,aist__gLO_sBM_cAll_d15_mLO4_ch01__mc150-3,,Human3R,m0_strict_human3r,Coverage,0.98,1.0,0.020000000000000018
aist__gLO_sBM_cAll_d15_mLO4_ch01__mc150-3,aist__gLO_sBM_cAll_d15_mLO4_ch01__mc150-3,,BRIDGE3R,m15_bridge3r_fixed_v19,PA-MPJPE_mm,62.55353950429988,66.63053166926778,-4.076992164967905
aist__gLO_sBM_cAll_d15_mLO4_ch01__mc150-3,aist__gLO_sBM_cAll_d15_mLO4_ch01__mc150-3,,BRIDGE3R,m15_bridge3r_fixed_v19,Anchor-MPJPE_mm,349.5547550970651,403.3699067764719,-53.815151679406824
aist__gLO_sBM_cAll_d15_mLO4_ch01__mc150-3,aist__gLO_sBM_cAll_d15_mLO4_ch01__mc150-3,,BRIDGE3R,m15_bridge3r_fixed_v19,Anchor-root_mm,120.49091147072109,377.8961754376677,-257.4052639669466
aist__gLO_sBM_cAll_d15_mLO4_ch01__mc150-3,aist__gLO_sBM_cAll_d15_mLO4_ch01__mc150-3,,BRIDGE3R,m15_bridge3r_fixed_v19,Orientation_deg,55.79513010491972,10.19416242578757,45.600967679132154
aist__gLO_sBM_cAll_d15_mLO4_ch01__mc150-3,aist__gLO_sBM_cAll_d15_mLO4_ch01__mc150-3,,BRIDGE3R,m15_bridge3r_fixed_v19,Seam-root_mm,91.15129784366091,790.0064164577109,-698.85511861405
aist__gLO_sBM_cAll_d15_mLO4_ch01__mc150-3,aist__gLO_sBM_cAll_d15_mLO4_ch01__mc150-3,,BRIDGE3R,m15_bridge3r_fixed_v19,Seam-orientation_deg,34.916472743024215,14.170243779888292,20.746228963135923
aist__gLO_sBM_cAll_d15_mLO4_ch01__mc150-3,aist__gLO_sBM_cAll_d15_mLO4_ch01__mc150-3,,BRIDGE3R,m15_bridge3r_fixed_v19,Camera-rotation_deg,89.8261214950728,7.8792337829311,81.9468877121417
aist__gLO_sBM_cAll_d15_mLO4_ch01__mc150-3,aist__gLO_sBM_cAll_d15_mLO4_ch01__mc150-3,,BRIDGE3R,m15_bridge3r_fixed_v19,Camera-translation_m,6.074212803902075,1.1664205319537158,4.9077922719483595
aist__gLO_sBM_cAll_d15_mLO4_ch01__mc150-3,aist__gLO_sBM_cAll_d15_mLO4_ch01__mc150-3,,BRIDGE3R,m15_bridge3r_fixed_v19,Boundary-camera-rotation_deg,67.5752720414166,8.520265882612998,59.0550061588036
aist__gLO_sBM_cAll_d15_mLO4_ch01__mc150-3,aist__gLO_sBM_cAll_d15_mLO4_ch01__mc150-3,,BRIDGE3R,m15_bridge3r_fixed_v19,Boundary-camera-translation_m,5.281787962008118,1.0349976094713438,4.246790352536774
aist__gLO_sBM_cAll_d15_mLO4_ch01__mc150-3,aist__gLO_sBM_cAll_d15_mLO4_ch01__mc150-3,,BRIDGE3R,m15_bridge3r_fixed_v19,Coverage,0.98,1.0,0.020000000000000018
aist__gLO_sBM_cAll_d15_mLO5_ch01__mc150-3,aist__gLO_sBM_cAll_d15_mLO5_ch01__mc150-3,,Human3R,m0_strict_human3r,PA-MPJPE_mm,,59.21753714790678,
aist__gLO_sBM_cAll_d15_mLO5_ch01__mc150-3,aist__gLO_sBM_cAll_d15_mLO5_ch01__mc150-3,,Human3R,m0_strict_human3r,Anchor-MPJPE_mm,,527.7574562388244,
aist__gLO_sBM_cAll_d15_mLO5_ch01__mc150-3,aist__gLO_sBM_cAll_d15_mLO5_ch01__mc150-3,,Human3R,m0_strict_human3r,Anchor-root_mm,,544.2448466178602,
aist__gLO_sBM_cAll_d15_mLO5_ch01__mc150-3,aist__gLO_sBM_cAll_d15_mLO5_ch01__mc150-3,,Human3R,m0_strict_human3r,Orientation_deg,,13.49759724372867,
aist__gLO_sBM_cAll_d15_mLO5_ch01__mc150-3,aist__gLO_sBM_cAll_d15_mLO5_ch01__mc150-3,,Human3R,m0_strict_human3r,Seam-root_mm,,1310.5050817941687,
aist__gLO_sBM_cAll_d15_mLO5_ch01__mc150-3,aist__gLO_sBM_cAll_d15_mLO5_ch01__mc150-3,,Human3R,m0_strict_human3r,Seam-orientation_deg,,104.90218812896636,
aist__gLO_sBM_cAll_d15_mLO5_ch01__mc150-3,aist__gLO_sBM_cAll_d15_mLO5_ch01__mc150-3,,Human3R,m0_strict_human3r,Camera-rotation_deg,,13.568811555414554,
aist__gLO_sBM_cAll_d15_mLO5_ch01__mc150-3,aist__gLO_sBM_cAll_d15_mLO5_ch01__mc150-3,,Human3R,m0_strict_human3r,Camera-translation_m,,1.7615017428937634,
aist__gLO_sBM_cAll_d15_mLO5_ch01__mc150-3,aist__gLO_sBM_cAll_d15_mLO5_ch01__mc150-3,,Human3R,m0_strict_human3r,Boundary-camera-rotation_deg,,104.21547587099349,
aist__gLO_sBM_cAll_d15_mLO5_ch01__mc150-3,aist__gLO_sBM_cAll_d15_mLO5_ch01__mc150-3,,Human3R,m0_strict_human3r,Boundary-camera-translation_m,,7.473248242271972,
aist__gLO_sBM_cAll_d15_mLO5_ch01__mc150-3,aist__gLO_sBM_cAll_d15_mLO5_ch01__mc150-3,,Human3R,m0_strict_human3r,Coverage,0.0,1.0,1.0
aist__gLO_sBM_cAll_d15_mLO5_ch01__mc150-3,aist__gLO_sBM_cAll_d15_mLO5_ch01__mc150-3,,BRIDGE3R,m15_bridge3r_fixed_v19,PA-MPJPE_mm,,59.201671600777715,
aist__gLO_sBM_cAll_d15_mLO5_ch01__mc150-3,aist__gLO_sBM_cAll_d15_mLO5_ch01__mc150-3,,BRIDGE3R,m15_bridge3r_fixed_v19,Anchor-MPJPE_mm,,491.1425265701148,
aist__gLO_sBM_cAll_d15_mLO5_ch01__mc150-3,aist__gLO_sBM_cAll_d15_mLO5_ch01__mc150-3,,BRIDGE3R,m15_bridge3r_fixed_v19,Anchor-root_mm,,499.6229765213538,
aist__gLO_sBM_cAll_d15_mLO5_ch01__mc150-3,aist__gLO_sBM_cAll_d15_mLO5_ch01__mc150-3,,BRIDGE3R,m15_bridge3r_fixed_v19,Orientation_deg,,11.411970840472884,
aist__gLO_sBM_cAll_d15_mLO5_ch01__mc150-3,aist__gLO_sBM_cAll_d15_mLO5_ch01__mc150-3,,BRIDGE3R,m15_bridge3r_fixed_v19,Seam-root_mm,,853.1988835009618,
aist__gLO_sBM_cAll_d15_mLO5_ch01__mc150-3,aist__gLO_sBM_cAll_d15_mLO5_ch01__mc150-3,,BRIDGE3R,m15_bridge3r_fixed_v19,Seam-orientation_deg,,14.964809823495544,
aist__gLO_sBM_cAll_d15_mLO5_ch01__mc150-3,aist__gLO_sBM_cAll_d15_mLO5_ch01__mc150-3,,BRIDGE3R,m15_bridge3r_fixed_v19,Camera-rotation_deg,,7.949440791044236,
aist__gLO_sBM_cAll_d15_mLO5_ch01__mc150-3,aist__gLO_sBM_cAll_d15_mLO5_ch01__mc150-3,,BRIDGE3R,m15_bridge3r_fixed_v19,Camera-translation_m,,0.9363678520110307,
aist__gLO_sBM_cAll_d15_mLO5_ch01__mc150-3,aist__gLO_sBM_cAll_d15_mLO5_ch01__mc150-3,,BRIDGE3R,m15_bridge3r_fixed_v19,Boundary-camera-rotation_deg,,6.857392695016589,
aist__gLO_sBM_cAll_d15_mLO5_ch01__mc150-3,aist__gLO_sBM_cAll_d15_mLO5_ch01__mc150-3,,BRIDGE3R,m15_bridge3r_fixed_v19,Boundary-camera-translation_m,,0.9132005259960521,
aist__gLO_sBM_cAll_d15_mLO5_ch01__mc150-3,aist__gLO_sBM_cAll_d15_mLO5_ch01__mc150-3,,BRIDGE3R,m15_bridge3r_fixed_v19,Coverage,0.0,1.0,1.0
aist__gLO_sBM_cAll_d15_mLO5_ch02__mc150-3,aist__gLO_sBM_cAll_d15_mLO5_ch02__mc150-3,,Human3R,m0_strict_human3r,PA-MPJPE_mm,45.12310794429818,43.12642707582102,1.9966808684771564
aist__gLO_sBM_cAll_d15_mLO5_ch02__mc150-3,aist__gLO_sBM_cAll_d15_mLO5_ch02__mc150-3,,Human3R,m0_strict_human3r,Anchor-MPJPE_mm,621.5014743769595,616.4290112859496,5.072463091009922
aist__gLO_sBM_cAll_d15_mLO5_ch02__mc150-3,aist__gLO_sBM_cAll_d15_mLO5_ch02__mc150-3,,Human3R,m0_strict_human3r,Anchor-root_mm,575.3847038933106,617.7271029600547,-42.342399066744065
aist__gLO_sBM_cAll_d15_mLO5_ch02__mc150-3,aist__gLO_sBM_cAll_d15_mLO5_ch02__mc150-3,,Human3R,m0_strict_human3r,Orientation_deg,105.25919129808462,7.202205616996615,98.05698568108801
aist__gLO_sBM_cAll_d15_mLO5_ch02__mc150-3,aist__gLO_sBM_cAll_d15_mLO5_ch02__mc150-3,,Human3R,m0_strict_human3r,Seam-root_mm,346.4193832481352,4102.335861753803,-3755.9164785056682
aist__gLO_sBM_cAll_d15_mLO5_ch02__mc150-3,aist__gLO_sBM_cAll_d15_mLO5_ch02__mc150-3,,Human3R,m0_strict_human3r,Seam-orientation_deg,26.684336241176624,64.6789049952815,-37.994568754104876
aist__gLO_sBM_cAll_d15_mLO5_ch02__mc150-3,aist__gLO_sBM_cAll_d15_mLO5_ch02__mc150-3,,Human3R,m0_strict_human3r,Camera-rotation_deg,153.27009677493467,10.916179494723291,142.3539172802114
aist__gLO_sBM_cAll_d15_mLO5_ch02__mc150-3,aist__gLO_sBM_cAll_d15_mLO5_ch02__mc150-3,,Human3R,m0_strict_human3r,Camera-translation_m,8.963393054079901,1.4855944458663026,7.4777986082135985
aist__gLO_sBM_cAll_d15_mLO5_ch02__mc150-3,aist__gLO_sBM_cAll_d15_mLO5_ch02__mc150-3,,Human3R,m0_strict_human3r,Boundary-camera-rotation_deg,90.46277987666254,62.54336496114558,27.91941491551696
aist__gLO_sBM_cAll_d15_mLO5_ch02__mc150-3,aist__gLO_sBM_cAll_d15_mLO5_ch02__mc150-3,,Human3R,m0_strict_human3r,Boundary-camera-translation_m,6.276067244005247,3.261708012992988,3.0143592310122593
aist__gLO_sBM_cAll_d15_mLO5_ch02__mc150-3,aist__gLO_sBM_cAll_d15_mLO5_ch02__mc150-3,,Human3R,m0_strict_human3r,Coverage,0.98,1.0,0.020000000000000018
aist__gLO_sBM_cAll_d15_mLO5_ch02__mc150-3,aist__gLO_sBM_cAll_d15_mLO5_ch02__mc150-3,,BRIDGE3R,m15_bridge3r_fixed_v19,PA-MPJPE_mm,45.12310794429818,43.06809335850485,2.055014585793323
aist__gLO_sBM_cAll_d15_mLO5_ch02__mc150-3,aist__gLO_sBM_cAll_d15_mLO5_ch02__mc150-3,,BRIDGE3R,m15_bridge3r_fixed_v19,Anchor-MPJPE_mm,621.5014743769595,437.8267585498706,183.67471582708896
aist__gLO_sBM_cAll_d15_mLO5_ch02__mc150-3,aist__gLO_sBM_cAll_d15_mLO5_ch02__mc150-3,,BRIDGE3R,m15_bridge3r_fixed_v19,Anchor-root_mm,575.3847038933106,443.0685225748877,132.31618131842293
aist__gLO_sBM_cAll_d15_mLO5_ch02__mc150-3,aist__gLO_sBM_cAll_d15_mLO5_ch02__mc150-3,,BRIDGE3R,m15_bridge3r_fixed_v19,Orientation_deg,105.25919129808462,7.372083233195877,97.88710806488874
aist__gLO_sBM_cAll_d15_mLO5_ch02__mc150-3,aist__gLO_sBM_cAll_d15_mLO5_ch02__mc150-3,,BRIDGE3R,m15_bridge3r_fixed_v19,Seam-root_mm,346.4193832481352,1167.3583619569238,-820.9389787087886
aist__gLO_sBM_cAll_d15_mLO5_ch02__mc150-3,aist__gLO_sBM_cAll_d15_mLO5_ch02__mc150-3,,BRIDGE3R,m15_bridge3r_fixed_v19,Seam-orientation_deg,26.684336241176624,10.611558240185033,16.07277800099159
aist__gLO_sBM_cAll_d15_mLO5_ch02__mc150-3,aist__gLO_sBM_cAll_d15_mLO5_ch02__mc150-3,,BRIDGE3R,m15_bridge3r_fixed_v19,Camera-rotation_deg,153.27009677493467,8.263496435703578,145.00660033923108
aist__gLO_sBM_cAll_d15_mLO5_ch02__mc150-3,aist__gLO_sBM_cAll_d15_mLO5_ch02__mc150-3,,BRIDGE3R,m15_bridge3r_fixed_v19,Camera-translation_m,8.963393054079901,0.9491738975288534,8.014219156551048
aist__gLO_sBM_cAll_d15_mLO5_ch02__mc150-3,aist__gLO_sBM_cAll_d15_mLO5_ch02__mc150-3,,BRIDGE3R,m15_bridge3r_fixed_v19,Boundary-camera-rotation_deg,90.46277987666254,7.874737435110571,82.58804244155196
aist__gLO_sBM_cAll_d15_mLO5_ch02__mc150-3,aist__gLO_sBM_cAll_d15_mLO5_ch02__mc150-3,,BRIDGE3R,m15_bridge3r_fixed_v19,Boundary-camera-translation_m,6.276067244005247,1.070679219053491,5.205388024951756
aist__gLO_sBM_cAll_d15_mLO5_ch02__mc150-3,aist__gLO_sBM_cAll_d15_mLO5_ch02__mc150-3,,BRIDGE3R,m15_bridge3r_fixed_v19,Coverage,0.98,1.0,0.020000000000000018
aist__gMH_sBM_cAll_d24_mMH2_ch01__mc150-3,aist__gMH_sBM_cAll_d24_mMH2_ch01__mc150-3,,Human3R,m0_strict_human3r,PA-MPJPE_mm,55.64069720098647,55.941495455513945,-0.30079825452747144
aist__gMH_sBM_cAll_d24_mMH2_ch01__mc150-3,aist__gMH_sBM_cAll_d24_mMH2_ch01__mc150-3,,Human3R,m0_strict_human3r,Anchor-MPJPE_mm,1979.9977491377456,860.783520525127,1119.2142286126186
aist__gMH_sBM_cAll_d24_mMH2_ch01__mc150-3,aist__gMH_sBM_cAll_d24_mMH2_ch01__mc150-3,,Human3R,m0_strict_human3r,Anchor-root_mm,1991.8042121811939,840.0496013695873,1151.7546108116067
aist__gMH_sBM_cAll_d24_mMH2_ch01__mc150-3,aist__gMH_sBM_cAll_d24_mMH2_ch01__mc150-3,,Human3R,m0_strict_human3r,Orientation_deg,51.76659873870624,44.406156281744096,7.360442456962147
aist__gMH_sBM_cAll_d24_mMH2_ch01__mc150-3,aist__gMH_sBM_cAll_d24_mMH2_ch01__mc150-3,,Human3R,m0_strict_human3r,Seam-root_mm,902.7971944748679,1788.834103754413,-886.0369092795452
aist__gMH_sBM_cAll_d24_mMH2_ch01__mc150-3,aist__gMH_sBM_cAll_d24_mMH2_ch01__mc150-3,,Human3R,m0_strict_human3r,Seam-orientation_deg,36.49547926864436,86.88954029286728,-50.39406102422292
aist__gMH_sBM_cAll_d24_mMH2_ch01__mc150-3,aist__gMH_sBM_cAll_d24_mMH2_ch01__mc150-3,,Human3R,m0_strict_human3r,Camera-rotation_deg,68.94797808507556,56.55690808586755,12.391069999208014
aist__gMH_sBM_cAll_d24_mMH2_ch01__mc150-3,aist__gMH_sBM_cAll_d24_mMH2_ch01__mc150-3,,Human3R,m0_strict_human3r,Camera-translation_m,5.4549838650019975,4.2388353392128595,1.216148525789138
aist__gMH_sBM_cAll_d24_mMH2_ch01__mc150-3,aist__gMH_sBM_cAll_d24_mMH2_ch01__mc150-3,,Human3R,m0_strict_human3r,Boundary-camera-rotation_deg,103.14860400713499,87.39761615958584,15.750987847549155
aist__gMH_sBM_cAll_d24_mMH2_ch01__mc150-3,aist__gMH_sBM_cAll_d24_mMH2_ch01__mc150-3,,Human3R,m0_strict_human3r,Boundary-camera-translation_m,7.546826637661049,4.39795650738096,3.1488701302800886
aist__gMH_sBM_cAll_d24_mMH2_ch01__mc150-3,aist__gMH_sBM_cAll_d24_mMH2_ch01__mc150-3,,Human3R,m0_strict_human3r,Coverage,0.98,1.0,0.020000000000000018
aist__gMH_sBM_cAll_d24_mMH2_ch01__mc150-3,aist__gMH_sBM_cAll_d24_mMH2_ch01__mc150-3,,BRIDGE3R,m15_bridge3r_fixed_v19,PA-MPJPE_mm,55.64069720098647,55.98316468001569,-0.34246747902921726
aist__gMH_sBM_cAll_d24_mMH2_ch01__mc150-3,aist__gMH_sBM_cAll_d24_mMH2_ch01__mc150-3,,BRIDGE3R,m15_bridge3r_fixed_v19,Anchor-MPJPE_mm,1979.9977491377456,755.0349649073042,1224.9627842304412
aist__gMH_sBM_cAll_d24_mMH2_ch01__mc150-3,aist__gMH_sBM_cAll_d24_mMH2_ch01__mc150-3,,BRIDGE3R,m15_bridge3r_fixed_v19,Anchor-root_mm,1991.8042121811939,735.0070163945951,1256.7971957865989
aist__gMH_sBM_cAll_d24_mMH2_ch01__mc150-3,aist__gMH_sBM_cAll_d24_mMH2_ch01__mc150-3,,BRIDGE3R,m15_bridge3r_fixed_v19,Orientation_deg,51.76659873870624,46.983675700091936,4.782923038614307
aist__gMH_sBM_cAll_d24_mMH2_ch01__mc150-3,aist__gMH_sBM_cAll_d24_mMH2_ch01__mc150-3,,BRIDGE3R,m15_bridge3r_fixed_v19,Seam-root_mm,902.7971944748679,789.6316756674973,113.16551880737052
aist__gMH_sBM_cAll_d24_mMH2_ch01__mc150-3,aist__gMH_sBM_cAll_d24_mMH2_ch01__mc150-3,,BRIDGE3R,m15_bridge3r_fixed_v19,Seam-orientation_deg,36.49547926864436,60.27158659513779,-23.77610732649343
aist__gMH_sBM_cAll_d24_mMH2_ch01__mc150-3,aist__gMH_sBM_cAll_d24_mMH2_ch01__mc150-3,,BRIDGE3R,m15_bridge3r_fixed_v19,Camera-rotation_deg,68.94797808507556,59.82250829189391,9.12546979318165
aist__gMH_sBM_cAll_d24_mMH2_ch01__mc150-3,aist__gMH_sBM_cAll_d24_mMH2_ch01__mc150-3,,BRIDGE3R,m15_bridge3r_fixed_v19,Camera-translation_m,5.4549838650019975,4.6030829739742565,0.851900891027741
aist__gMH_sBM_cAll_d24_mMH2_ch01__mc150-3,aist__gMH_sBM_cAll_d24_mMH2_ch01__mc150-3,,BRIDGE3R,m15_bridge3r_fixed_v19,Boundary-camera-rotation_deg,103.14860400713499,60.158103494686586,42.990500512448406
aist__gMH_sBM_cAll_d24_mMH2_ch01__mc150-3,aist__gMH_sBM_cAll_d24_mMH2_ch01__mc150-3,,BRIDGE3R,m15_bridge3r_fixed_v19,Boundary-camera-translation_m,7.546826637661049,5.009075020260588,2.5377516174004606
aist__gMH_sBM_cAll_d24_mMH2_ch01__mc150-3,aist__gMH_sBM_cAll_d24_mMH2_ch01__mc150-3,,BRIDGE3R,m15_bridge3r_fixed_v19,Coverage,0.98,1.0,0.020000000000000018
aist__gMH_sBM_cAll_d24_mMH2_ch02__mc150-3,aist__gMH_sBM_cAll_d24_mMH2_ch02__mc150-3,,Human3R,m0_strict_human3r,PA-MPJPE_mm,57.88546913125252,55.97824583651182,1.907223294740703
aist__gMH_sBM_cAll_d24_mMH2_ch02__mc150-3,aist__gMH_sBM_cAll_d24_mMH2_ch02__mc150-3,,Human3R,m0_strict_human3r,Anchor-MPJPE_mm,2114.275582702674,521.8366204859336,1592.4389622167405
aist__gMH_sBM_cAll_d24_mMH2_ch02__mc150-3,aist__gMH_sBM_cAll_d24_mMH2_ch02__mc150-3,,Human3R,m0_strict_human3r,Anchor-root_mm,2115.3140028365965,502.00662574977616,1613.3073770868205
aist__gMH_sBM_cAll_d24_mMH2_ch02__mc150-3,aist__gMH_sBM_cAll_d24_mMH2_ch02__mc150-3,,Human3R,m0_strict_human3r,Orientation_deg,49.29677972964682,39.694751512065785,9.602028217581037
aist__gMH_sBM_cAll_d24_mMH2_ch02__mc150-3,aist__gMH_sBM_cAll_d24_mMH2_ch02__mc150-3,,Human3R,m0_strict_human3r,Seam-root_mm,1185.6360298238226,1824.325675740291,-638.6896459164684
aist__gMH_sBM_cAll_d24_mMH2_ch02__mc150-3,aist__gMH_sBM_cAll_d24_mMH2_ch02__mc150-3,,Human3R,m0_strict_human3r,Seam-orientation_deg,32.99277694086648,89.28523132492398,-56.29245438405751
aist__gMH_sBM_cAll_d24_mMH2_ch02__mc150-3,aist__gMH_sBM_cAll_d24_mMH2_ch02__mc150-3,,Human3R,m0_strict_human3r,Camera-rotation_deg,69.02952242050581,55.34010417181075,13.689418248695063
aist__gMH_sBM_cAll_d24_mMH2_ch02__mc150-3,aist__gMH_sBM_cAll_d24_mMH2_ch02__mc150-3,,Human3R,m0_strict_human3r,Camera-translation_m,5.471799637764902,4.193638414074441,1.2781612236904607
aist__gMH_sBM_cAll_d24_mMH2_ch02__mc150-3,aist__gMH_sBM_cAll_d24_mMH2_ch02__mc150-3,,Human3R,m0_strict_human3r,Boundary-camera-rotation_deg,103.11491813331148,79.4503404093345,23.664577723976976
aist__gMH_sBM_cAll_d24_mMH2_ch02__mc150-3,aist__gMH_sBM_cAll_d24_mMH2_ch02__mc150-3,,Human3R,m0_strict_human3r,Boundary-camera-translation_m,7.540189963040858,4.186816808768047,3.353373154272812
aist__gMH_sBM_cAll_d24_mMH2_ch02__mc150-3,aist__gMH_sBM_cAll_d24_mMH2_ch02__mc150-3,,Human3R,m0_strict_human3r,Coverage,0.98,1.0,0.020000000000000018
aist__gMH_sBM_cAll_d24_mMH2_ch02__mc150-3,aist__gMH_sBM_cAll_d24_mMH2_ch02__mc150-3,,BRIDGE3R,m15_bridge3r_fixed_v19,PA-MPJPE_mm,57.88546913125252,55.524074693441484,2.361394437811036
aist__gMH_sBM_cAll_d24_mMH2_ch02__mc150-3,aist__gMH_sBM_cAll_d24_mMH2_ch02__mc150-3,,BRIDGE3R,m15_bridge3r_fixed_v19,Anchor-MPJPE_mm,2114.275582702674,846.915997875437,1267.359584827237
aist__gMH_sBM_cAll_d24_mMH2_ch02__mc150-3,aist__gMH_sBM_cAll_d24_mMH2_ch02__mc150-3,,BRIDGE3R,m15_bridge3r_fixed_v19,Anchor-root_mm,2115.3140028365965,839.9303105178591,1275.3836923187373
aist__gMH_sBM_cAll_d24_mMH2_ch02__mc150-3,aist__gMH_sBM_cAll_d24_mMH2_ch02__mc150-3,,BRIDGE3R,m15_bridge3r_fixed_v19,Orientation_deg,49.29677972964682,46.884371856071226,2.412407873575596
aist__gMH_sBM_cAll_d24_mMH2_ch02__mc150-3,aist__gMH_sBM_cAll_d24_mMH2_ch02__mc150-3,,BRIDGE3R,m15_bridge3r_fixed_v19,Seam-root_mm,1185.6360298238226,743.6865094151306,441.949520408692
aist__gMH_sBM_cAll_d24_mMH2_ch02__mc150-3,aist__gMH_sBM_cAll_d24_mMH2_ch02__mc150-3,,BRIDGE3R,m15_bridge3r_fixed_v19,Seam-orientation_deg,32.99277694086648,73.30101578894991,-40.308238848083434
aist__gMH_sBM_cAll_d24_mMH2_ch02__mc150-3,aist__gMH_sBM_cAll_d24_mMH2_ch02__mc150-3,,BRIDGE3R,m15_bridge3r_fixed_v19,Camera-rotation_deg,69.02952242050581,65.67950351006176,3.3500189104440494
aist__gMH_sBM_cAll_d24_mMH2_ch02__mc150-3,aist__gMH_sBM_cAll_d24_mMH2_ch02__mc150-3,,BRIDGE3R,m15_bridge3r_fixed_v19,Camera-translation_m,5.471799637764902,4.306200738350472,1.1655988994144302
aist__gMH_sBM_cAll_d24_mMH2_ch02__mc150-3,aist__gMH_sBM_cAll_d24_mMH2_ch02__mc150-3,,BRIDGE3R,m15_bridge3r_fixed_v19,Boundary-camera-rotation_deg,103.11491813331148,64.68284769197652,38.43207044133496
aist__gMH_sBM_cAll_d24_mMH2_ch02__mc150-3,aist__gMH_sBM_cAll_d24_mMH2_ch02__mc150-3,,BRIDGE3R,m15_bridge3r_fixed_v19,Boundary-camera-translation_m,7.540189963040858,4.15099414058026,3.3891958224605983
aist__gMH_sBM_cAll_d24_mMH2_ch02__mc150-3,aist__gMH_sBM_cAll_d24_mMH2_ch02__mc150-3,,BRIDGE3R,m15_bridge3r_fixed_v19,Coverage,0.98,1.0,0.020000000000000018
aist__gMH_sBM_cAll_d24_mMH3_ch01__mc150-3,aist__gMH_sBM_cAll_d24_mMH3_ch01__mc150-3,,Human3R,m0_strict_human3r,PA-MPJPE_mm,51.76496622115068,59.57256422438697,-7.8075980032362935
aist__gMH_sBM_cAll_d24_mMH3_ch01__mc150-3,aist__gMH_sBM_cAll_d24_mMH3_ch01__mc150-3,,Human3R,m0_strict_human3r,Anchor-MPJPE_mm,1157.308013262492,330.431465663783,826.8765475987091
aist__gMH_sBM_cAll_d24_mMH3_ch01__mc150-3,aist__gMH_sBM_cAll_d24_mMH3_ch01__mc150-3,,Human3R,m0_strict_human3r,Anchor-root_mm,1156.3072245206001,309.9747773929367,846.3324471276635
aist__gMH_sBM_cAll_d24_mMH3_ch01__mc150-3,aist__gMH_sBM_cAll_d24_mMH3_ch01__mc150-3,,Human3R,m0_strict_human3r,Orientation_deg,12.286533410151815,11.022669036466004,1.263864373685811
aist__gMH_sBM_cAll_d24_mMH3_ch01__mc150-3,aist__gMH_sBM_cAll_d24_mMH3_ch01__mc150-3,,Human3R,m0_strict_human3r,Seam-root_mm,564.2802545420894,386.0020347640845,178.27821977800494
aist__gMH_sBM_cAll_d24_mMH3_ch01__mc150-3,aist__gMH_sBM_cAll_d24_mMH3_ch01__mc150-3,,Human3R,m0_strict_human3r,Seam-orientation_deg,18.24995739012458,11.924404676531427,6.325552713593154
aist__gMH_sBM_cAll_d24_mMH3_ch01__mc150-3,aist__gMH_sBM_cAll_d24_mMH3_ch01__mc150-3,,Human3R,m0_strict_human3r,Camera-rotation_deg,7.2211768961431275,4.427596677016535,2.793580219126593
aist__gMH_sBM_cAll_d24_mMH3_ch01__mc150-3,aist__gMH_sBM_cAll_d24_mMH3_ch01__mc150-3,,Human3R,m0_strict_human3r,Camera-translation_m,1.7779976176093806,0.7494062025203072,1.0285914150890734
aist__gMH_sBM_cAll_d24_mMH3_ch01__mc150-3,aist__gMH_sBM_cAll_d24_mMH3_ch01__mc150-3,,Human3R,m0_strict_human3r,Boundary-camera-rotation_deg,53.89400850311618,3.2293372577857418,50.66467124533044
aist__gMH_sBM_cAll_d24_mMH3_ch01__mc150-3,aist__gMH_sBM_cAll_d24_mMH3_ch01__mc150-3,,Human3R,m0_strict_human3r,Boundary-camera-translation_m,4.537636654656114,0.5260514980681019,4.011585156588012
aist__gMH_sBM_cAll_d24_mMH3_ch01__mc150-3,aist__gMH_sBM_cAll_d24_mMH3_ch01__mc150-3,,Human3R,m0_strict_human3r,Coverage,0.9933333333333333,1.0,0.00666666666666671
aist__gMH_sBM_cAll_d24_mMH3_ch01__mc150-3,aist__gMH_sBM_cAll_d24_mMH3_ch01__mc150-3,,BRIDGE3R,m15_bridge3r_fixed_v19,PA-MPJPE_mm,51.76496622115068,59.32061982887899,-7.55565360772831
aist__gMH_sBM_cAll_d24_mMH3_ch01__mc150-3,aist__gMH_sBM_cAll_d24_mMH3_ch01__mc150-3,,BRIDGE3R,m15_bridge3r_fixed_v19,Anchor-MPJPE_mm,1157.308013262492,586.6340482786247,570.6739649838673
aist__gMH_sBM_cAll_d24_mMH3_ch01__mc150-3,aist__gMH_sBM_cAll_d24_mMH3_ch01__mc150-3,,BRIDGE3R,m15_bridge3r_fixed_v19,Anchor-root_mm,1156.3072245206001,577.3317969790819,578.9754275415182
aist__gMH_sBM_cAll_d24_mMH3_ch01__mc150-3,aist__gMH_sBM_cAll_d24_mMH3_ch01__mc150-3,,BRIDGE3R,m15_bridge3r_fixed_v19,Orientation_deg,12.286533410151815,10.509542862737534,1.7769905474142806
aist__gMH_sBM_cAll_d24_mMH3_ch01__mc150-3,aist__gMH_sBM_cAll_d24_mMH3_ch01__mc150-3,,BRIDGE3R,m15_bridge3r_fixed_v19,Seam-root_mm,564.2802545420894,1156.5057208834598,-592.2254663413704
aist__gMH_sBM_cAll_d24_mMH3_ch01__mc150-3,aist__gMH_sBM_cAll_d24_mMH3_ch01__mc150-3,,BRIDGE3R,m15_bridge3r_fixed_v19,Seam-orientation_deg,18.24995739012458,11.525079618714628,6.724877771409954
aist__gMH_sBM_cAll_d24_mMH3_ch01__mc150-3,aist__gMH_sBM_cAll_d24_mMH3_ch01__mc150-3,,BRIDGE3R,m15_bridge3r_fixed_v19,Camera-rotation_deg,7.2211768961431275,3.1669776823491356,4.054199213793992
aist__gMH_sBM_cAll_d24_mMH3_ch01__mc150-3,aist__gMH_sBM_cAll_d24_mMH3_ch01__mc150-3,,BRIDGE3R,m15_bridge3r_fixed_v19,Camera-translation_m,1.7779976176093806,0.8699503190410747,0.9080472985683059
aist__gMH_sBM_cAll_d24_mMH3_ch01__mc150-3,aist__gMH_sBM_cAll_d24_mMH3_ch01__mc150-3,,BRIDGE3R,m15_bridge3r_fixed_v19,Boundary-camera-rotation_deg,53.89400850311618,3.234405556696483,50.6596029464197
aist__gMH_sBM_cAll_d24_mMH3_ch01__mc150-3,aist__gMH_sBM_cAll_d24_mMH3_ch01__mc150-3,,BRIDGE3R,m15_bridge3r_fixed_v19,Boundary-camera-translation_m,4.537636654656114,1.0852806040897716,3.4523560505663426
aist__gMH_sBM_cAll_d24_mMH3_ch01__mc150-3,aist__gMH_sBM_cAll_d24_mMH3_ch01__mc150-3,,BRIDGE3R,m15_bridge3r_fixed_v19,Coverage,0.9933333333333333,1.0,0.00666666666666671
aist__gMH_sBM_cAll_d24_mMH3_ch02__mc150-3,aist__gMH_sBM_cAll_d24_mMH3_ch02__mc150-3,,Human3R,m0_strict_human3r,PA-MPJPE_mm,50.076395688194076,52.78169227071781,-2.7052965825237365
aist__gMH_sBM_cAll_d24_mMH3_ch02__mc150-3,aist__gMH_sBM_cAll_d24_mMH3_ch02__mc150-3,,Human3R,m0_strict_human3r,Anchor-MPJPE_mm,1609.9217091444436,706.2758824286282,903.6458267158155
aist__gMH_sBM_cAll_d24_mMH3_ch02__mc150-3,aist__gMH_sBM_cAll_d24_mMH3_ch02__mc150-3,,Human3R,m0_strict_human3r,Anchor-root_mm,1616.4946028824256,697.1950208788579,919.2995820035677
aist__gMH_sBM_cAll_d24_mMH3_ch02__mc150-3,aist__gMH_sBM_cAll_d24_mMH3_ch02__mc150-3,,Human3R,m0_strict_human3r,Orientation_deg,55.0025712409219,38.91536447690045,16.087206764021452
aist__gMH_sBM_cAll_d24_mMH3_ch02__mc150-3,aist__gMH_sBM_cAll_d24_mMH3_ch02__mc150-3,,Human3R,m0_strict_human3r,Seam-root_mm,250.31450825900512,805.7231481280901,-555.4086398690849
aist__gMH_sBM_cAll_d24_mMH3_ch02__mc150-3,aist__gMH_sBM_cAll_d24_mMH3_ch02__mc150-3,,Human3R,m0_strict_human3r,Seam-orientation_deg,60.46447067431743,53.254996320801965,7.209474353515468
aist__gMH_sBM_cAll_d24_mMH3_ch02__mc150-3,aist__gMH_sBM_cAll_d24_mMH3_ch02__mc150-3,,Human3R,m0_strict_human3r,Camera-rotation_deg,72.24833532379832,45.73644593467794,26.511889389120377
aist__gMH_sBM_cAll_d24_mMH3_ch02__mc150-3,aist__gMH_sBM_cAll_d24_mMH3_ch02__mc150-3,,Human3R,m0_strict_human3r,Camera-translation_m,5.94434353927843,3.87948571122337,2.06485782805506
aist__gMH_sBM_cAll_d24_mMH3_ch02__mc150-3,aist__gMH_sBM_cAll_d24_mMH3_ch02__mc150-3,,Human3R,m0_strict_human3r,Boundary-camera-rotation_deg,85.6890718279661,54.091545241191696,31.597526586774407
aist__gMH_sBM_cAll_d24_mMH3_ch02__mc150-3,aist__gMH_sBM_cAll_d24_mMH3_ch02__mc150-3,,Human3R,m0_strict_human3r,Boundary-camera-translation_m,6.143626865916151,3.7998146081713435,2.343812257744807
aist__gMH_sBM_cAll_d24_mMH3_ch02__mc150-3,aist__gMH_sBM_cAll_d24_mMH3_ch02__mc150-3,,Human3R,m0_strict_human3r,Coverage,0.98,1.0,0.020000000000000018
aist__gMH_sBM_cAll_d24_mMH3_ch02__mc150-3,aist__gMH_sBM_cAll_d24_mMH3_ch02__mc150-3,,BRIDGE3R,m15_bridge3r_fixed_v19,PA-MPJPE_mm,50.076395688194076,52.67165977737223,-2.5952640891781513
aist__gMH_sBM_cAll_d24_mMH3_ch02__mc150-3,aist__gMH_sBM_cAll_d24_mMH3_ch02__mc150-3,,BRIDGE3R,m15_bridge3r_fixed_v19,Anchor-MPJPE_mm,1609.9217091444436,881.2339365740058,728.6877725704378
aist__gMH_sBM_cAll_d24_mMH3_ch02__mc150-3,aist__gMH_sBM_cAll_d24_mMH3_ch02__mc150-3,,BRIDGE3R,m15_bridge3r_fixed_v19,Anchor-root_mm,1616.4946028824256,877.5327299751124,738.9618729073132
aist__gMH_sBM_cAll_d24_mMH3_ch02__mc150-3,aist__gMH_sBM_cAll_d24_mMH3_ch02__mc150-3,,BRIDGE3R,m15_bridge3r_fixed_v19,Orientation_deg,55.0025712409219,17.318060837985406,37.684510402936496
aist__gMH_sBM_cAll_d24_mMH3_ch02__mc150-3,aist__gMH_sBM_cAll_d24_mMH3_ch02__mc150-3,,BRIDGE3R,m15_bridge3r_fixed_v19,Seam-root_mm,250.31450825900512,1018.0319788800604,-767.7174706210552
aist__gMH_sBM_cAll_d24_mMH3_ch02__mc150-3,aist__gMH_sBM_cAll_d24_mMH3_ch02__mc150-3,,BRIDGE3R,m15_bridge3r_fixed_v19,Seam-orientation_deg,60.46447067431743,23.287895522862033,37.176575151455395
aist__gMH_sBM_cAll_d24_mMH3_ch02__mc150-3,aist__gMH_sBM_cAll_d24_mMH3_ch02__mc150-3,,BRIDGE3R,m15_bridge3r_fixed_v19,Camera-rotation_deg,72.24833532379832,16.450998128311006,55.79733719548731
aist__gMH_sBM_cAll_d24_mMH3_ch02__mc150-3,aist__gMH_sBM_cAll_d24_mMH3_ch02__mc150-3,,BRIDGE3R,m15_bridge3r_fixed_v19,Camera-translation_m,5.94434353927843,1.5919669281912763,4.352376611087154
aist__gMH_sBM_cAll_d24_mMH3_ch02__mc150-3,aist__gMH_sBM_cAll_d24_mMH3_ch02__mc150-3,,BRIDGE3R,m15_bridge3r_fixed_v19,Boundary-camera-rotation_deg,85.6890718279661,14.052490045058223,71.63658178290788
aist__gMH_sBM_cAll_d24_mMH3_ch02__mc150-3,aist__gMH_sBM_cAll_d24_mMH3_ch02__mc150-3,,BRIDGE3R,m15_bridge3r_fixed_v19,Boundary-camera-translation_m,6.143626865916151,1.7077845541017804,4.43584231181437
aist__gMH_sBM_cAll_d24_mMH3_ch02__mc150-3,aist__gMH_sBM_cAll_d24_mMH3_ch02__mc150-3,,BRIDGE3R,m15_bridge3r_fixed_v19,Coverage,0.98,1.0,0.020000000000000018
aist__gMH_sBM_cAll_d24_mMH3_ch04__mc150-3,aist__gMH_sBM_cAll_d24_mMH3_ch04__mc150-3,,Human3R,m0_strict_human3r,PA-MPJPE_mm,51.04033357785356,53.10136843159481,-2.0610348537412477
aist__gMH_sBM_cAll_d24_mMH3_ch04__mc150-3,aist__gMH_sBM_cAll_d24_mMH3_ch04__mc150-3,,Human3R,m0_strict_human3r,Anchor-MPJPE_mm,1767.9519198881392,954.5112213071574,813.4406985809818
aist__gMH_sBM_cAll_d24_mMH3_ch04__mc150-3,aist__gMH_sBM_cAll_d24_mMH3_ch04__mc150-3,,Human3R,m0_strict_human3r,Anchor-root_mm,1817.5700315928343,892.8542562690726,924.7157753237617
aist__gMH_sBM_cAll_d24_mMH3_ch04__mc150-3,aist__gMH_sBM_cAll_d24_mMH3_ch04__mc150-3,,Human3R,m0_strict_human3r,Orientation_deg,49.54953787584812,35.38654407339116,14.16299380245696
aist__gMH_sBM_cAll_d24_mMH3_ch04__mc150-3,aist__gMH_sBM_cAll_d24_mMH3_ch04__mc150-3,,Human3R,m0_strict_human3r,Seam-root_mm,939.3743063054403,1880.8422540165902,-941.4679477111499
aist__gMH_sBM_cAll_d24_mMH3_ch04__mc150-3,aist__gMH_sBM_cAll_d24_mMH3_ch04__mc150-3,,Human3R,m0_strict_human3r,Seam-orientation_deg,34.17007843950505,74.01304009109998,-39.84296165159493
aist__gMH_sBM_cAll_d24_mMH3_ch04__mc150-3,aist__gMH_sBM_cAll_d24_mMH3_ch04__mc150-3,,Human3R,m0_strict_human3r,Camera-rotation_deg,68.71313899676849,43.86617744305188,24.84696155371661
aist__gMH_sBM_cAll_d24_mMH3_ch04__mc150-3,aist__gMH_sBM_cAll_d24_mMH3_ch04__mc150-3,,Human3R,m0_strict_human3r,Camera-translation_m,5.288341181166484,4.050062605539234,1.23827857562725
aist__gMH_sBM_cAll_d24_mMH3_ch04__mc150-3,aist__gMH_sBM_cAll_d24_mMH3_ch04__mc150-3,,Human3R,m0_strict_human3r,Boundary-camera-rotation_deg,103.082525900007,76.44044226520354,26.642083634803456
aist__gMH_sBM_cAll_d24_mMH3_ch04__mc150-3,aist__gMH_sBM_cAll_d24_mMH3_ch04__mc150-3,,Human3R,m0_strict_human3r,Boundary-camera-translation_m,7.523064133276064,3.835617197853833,3.687446935422231
aist__gMH_sBM_cAll_d24_mMH3_ch04__mc150-3,aist__gMH_sBM_cAll_d24_mMH3_ch04__mc150-3,,Human3R,m0_strict_human3r,Coverage,0.98,1.0,0.020000000000000018
aist__gMH_sBM_cAll_d24_mMH3_ch04__mc150-3,aist__gMH_sBM_cAll_d24_mMH3_ch04__mc150-3,,BRIDGE3R,m15_bridge3r_fixed_v19,PA-MPJPE_mm,51.04033357785356,53.300807260628815,-2.260473682775256
aist__gMH_sBM_cAll_d24_mMH3_ch04__mc150-3,aist__gMH_sBM_cAll_d24_mMH3_ch04__mc150-3,,BRIDGE3R,m15_bridge3r_fixed_v19,Anchor-MPJPE_mm,1767.9519198881392,874.8352577746431,893.1166621134961
aist__gMH_sBM_cAll_d24_mMH3_ch04__mc150-3,aist__gMH_sBM_cAll_d24_mMH3_ch04__mc150-3,,BRIDGE3R,m15_bridge3r_fixed_v19,Anchor-root_mm,1817.5700315928343,920.3387027514258,897.2313288414085
aist__gMH_sBM_cAll_d24_mMH3_ch04__mc150-3,aist__gMH_sBM_cAll_d24_mMH3_ch04__mc150-3,,BRIDGE3R,m15_bridge3r_fixed_v19,Orientation_deg,49.54953787584812,60.3270861051617,-10.777548229313581
aist__gMH_sBM_cAll_d24_mMH3_ch04__mc150-3,aist__gMH_sBM_cAll_d24_mMH3_ch04__mc150-3,,BRIDGE3R,m15_bridge3r_fixed_v19,Seam-root_mm,939.3743063054403,876.0288376997228,63.34546860571754
aist__gMH_sBM_cAll_d24_mMH3_ch04__mc150-3,aist__gMH_sBM_cAll_d24_mMH3_ch04__mc150-3,,BRIDGE3R,m15_bridge3r_fixed_v19,Seam-orientation_deg,34.17007843950505,87.27323717662118,-53.10315873711613
aist__gMH_sBM_cAll_d24_mMH3_ch04__mc150-3,aist__gMH_sBM_cAll_d24_mMH3_ch04__mc150-3,,BRIDGE3R,m15_bridge3r_fixed_v19,Camera-rotation_deg,68.71313899676849,83.23811650503667,-14.52497750826818
aist__gMH_sBM_cAll_d24_mMH3_ch04__mc150-3,aist__gMH_sBM_cAll_d24_mMH3_ch04__mc150-3,,BRIDGE3R,m15_bridge3r_fixed_v19,Camera-translation_m,5.288341181166484,4.4924222597078485,0.795918921458636
aist__gMH_sBM_cAll_d24_mMH3_ch04__mc150-3,aist__gMH_sBM_cAll_d24_mMH3_ch04__mc150-3,,BRIDGE3R,m15_bridge3r_fixed_v19,Boundary-camera-rotation_deg,103.082525900007,83.3019863981848,19.780539501822204
aist__gMH_sBM_cAll_d24_mMH3_ch04__mc150-3,aist__gMH_sBM_cAll_d24_mMH3_ch04__mc150-3,,BRIDGE3R,m15_bridge3r_fixed_v19,Boundary-camera-translation_m,7.523064133276064,4.486991639367381,3.0360724939086827
aist__gMH_sBM_cAll_d24_mMH3_ch04__mc150-3,aist__gMH_sBM_cAll_d24_mMH3_ch04__mc150-3,,BRIDGE3R,m15_bridge3r_fixed_v19,Coverage,0.98,1.0,0.020000000000000018
aist__gMH_sBM_cAll_d24_mMH3_ch05__mc150-3,aist__gMH_sBM_cAll_d24_mMH3_ch05__mc150-3,,Human3R,m0_strict_human3r,PA-MPJPE_mm,56.9868517881026,58.230384144386214,-1.243532356283616
aist__gMH_sBM_cAll_d24_mMH3_ch05__mc150-3,aist__gMH_sBM_cAll_d24_mMH3_ch05__mc150-3,,Human3R,m0_strict_human3r,Anchor-MPJPE_mm,1775.6565689016875,728.9017324724366,1046.7548364292509
aist__gMH_sBM_cAll_d24_mMH3_ch05__mc150-3,aist__gMH_sBM_cAll_d24_mMH3_ch05__mc150-3,,Human3R,m0_strict_human3r,Anchor-root_mm,1775.2919649388664,717.4418227879132,1057.8501421509532
aist__gMH_sBM_cAll_d24_mMH3_ch05__mc150-3,aist__gMH_sBM_cAll_d24_mMH3_ch05__mc150-3,,Human3R,m0_strict_human3r,Orientation_deg,14.927318929719897,8.85182485642714,6.075494073292758
aist__gMH_sBM_cAll_d24_mMH3_ch05__mc150-3,aist__gMH_sBM_cAll_d24_mMH3_ch05__mc150-3,,Human3R,m0_strict_human3r,Seam-root_mm,917.6820449477387,1201.927099068544,-284.2450541208053
aist__gMH_sBM_cAll_d24_mMH3_ch05__mc150-3,aist__gMH_sBM_cAll_d24_mMH3_ch05__mc150-3,,Human3R,m0_strict_human3r,Seam-orientation_deg,23.8036629120839,10.101082714405495,13.702580197678406
aist__gMH_sBM_cAll_d24_mMH3_ch05__mc150-3,aist__gMH_sBM_cAll_d24_mMH3_ch05__mc150-3,,Human3R,m0_strict_human3r,Camera-rotation_deg,9.175210097463417,4.356330298437499,4.818879799025917
aist__gMH_sBM_cAll_d24_mMH3_ch05__mc150-3,aist__gMH_sBM_cAll_d24_mMH3_ch05__mc150-3,,Human3R,m0_strict_human3r,Camera-translation_m,2.5145197574677676,1.4369034418882094,1.0776163155795582
aist__gMH_sBM_cAll_d24_mMH3_ch05__mc150-3,aist__gMH_sBM_cAll_d24_mMH3_ch05__mc150-3,,Human3R,m0_strict_human3r,Boundary-camera-rotation_deg,53.56283048835031,4.729512131012264,48.833318357338044
aist__gMH_sBM_cAll_d24_mMH3_ch05__mc150-3,aist__gMH_sBM_cAll_d24_mMH3_ch05__mc150-3,,Human3R,m0_strict_human3r,Boundary-camera-translation_m,4.716454490496327,1.7128014787152464,3.0036530117810805
aist__gMH_sBM_cAll_d24_mMH3_ch05__mc150-3,aist__gMH_sBM_cAll_d24_mMH3_ch05__mc150-3,,Human3R,m0_strict_human3r,Coverage,0.98,1.0,0.020000000000000018
aist__gMH_sBM_cAll_d24_mMH3_ch05__mc150-3,aist__gMH_sBM_cAll_d24_mMH3_ch05__mc150-3,,BRIDGE3R,m15_bridge3r_fixed_v19,PA-MPJPE_mm,56.9868517881026,57.68198708945269,-0.695135301350092
aist__gMH_sBM_cAll_d24_mMH3_ch05__mc150-3,aist__gMH_sBM_cAll_d24_mMH3_ch05__mc150-3,,BRIDGE3R,m15_bridge3r_fixed_v19,Anchor-MPJPE_mm,1775.6565689016875,887.9532928214267,887.7032760802608
aist__gMH_sBM_cAll_d24_mMH3_ch05__mc150-3,aist__gMH_sBM_cAll_d24_mMH3_ch05__mc150-3,,BRIDGE3R,m15_bridge3r_fixed_v19,Anchor-root_mm,1775.2919649388664,859.4769818195062,915.8149831193601
aist__gMH_sBM_cAll_d24_mMH3_ch05__mc150-3,aist__gMH_sBM_cAll_d24_mMH3_ch05__mc150-3,,BRIDGE3R,m15_bridge3r_fixed_v19,Orientation_deg,14.927318929719897,17.58907510162527,-2.661756171905372
aist__gMH_sBM_cAll_d24_mMH3_ch05__mc150-3,aist__gMH_sBM_cAll_d24_mMH3_ch05__mc150-3,,BRIDGE3R,m15_bridge3r_fixed_v19,Seam-root_mm,917.6820449477387,1565.3181137468625,-647.6360687991238
aist__gMH_sBM_cAll_d24_mMH3_ch05__mc150-3,aist__gMH_sBM_cAll_d24_mMH3_ch05__mc150-3,,BRIDGE3R,m15_bridge3r_fixed_v19,Seam-orientation_deg,23.8036629120839,22.540533708327708,1.2631292037561934
aist__gMH_sBM_cAll_d24_mMH3_ch05__mc150-3,aist__gMH_sBM_cAll_d24_mMH3_ch05__mc150-3,,BRIDGE3R,m15_bridge3r_fixed_v19,Camera-rotation_deg,9.175210097463417,17.866018732816592,-8.690808635353175
aist__gMH_sBM_cAll_d24_mMH3_ch05__mc150-3,aist__gMH_sBM_cAll_d24_mMH3_ch05__mc150-3,,BRIDGE3R,m15_bridge3r_fixed_v19,Camera-translation_m,2.5145197574677676,1.4786174427517957,1.0359023147159718
aist__gMH_sBM_cAll_d24_mMH3_ch05__mc150-3,aist__gMH_sBM_cAll_d24_mMH3_ch05__mc150-3,,BRIDGE3R,m15_bridge3r_fixed_v19,Boundary-camera-rotation_deg,53.56283048835031,17.559173645799692,36.00365684255061
aist__gMH_sBM_cAll_d24_mMH3_ch05__mc150-3,aist__gMH_sBM_cAll_d24_mMH3_ch05__mc150-3,,BRIDGE3R,m15_bridge3r_fixed_v19,Boundary-camera-translation_m,4.716454490496327,1.5039695686947765,3.2124849218015505
aist__gMH_sBM_cAll_d24_mMH3_ch05__mc150-3,aist__gMH_sBM_cAll_d24_mMH3_ch05__mc150-3,,BRIDGE3R,m15_bridge3r_fixed_v19,Coverage,0.98,1.0,0.020000000000000018
aist__gMH_sBM_cAll_d24_mMH3_ch06__mc150-3,aist__gMH_sBM_cAll_d24_mMH3_ch06__mc150-3,,Human3R,m0_strict_human3r,PA-MPJPE_mm,59.5258790055197,62.6097042008315,-3.083825195311803
aist__gMH_sBM_cAll_d24_mMH3_ch06__mc150-3,aist__gMH_sBM_cAll_d24_mMH3_ch06__mc150-3,,Human3R,m0_strict_human3r,Anchor-MPJPE_mm,480.0865578511077,713.2339293347868,-233.14737148367908
aist__gMH_sBM_cAll_d24_mMH3_ch06__mc150-3,aist__gMH_sBM_cAll_d24_mMH3_ch06__mc150-3,,Human3R,m0_strict_human3r,Anchor-root_mm,332.39838363775846,670.6787719498669,-338.28038831210847
aist__gMH_sBM_cAll_d24_mMH3_ch06__mc150-3,aist__gMH_sBM_cAll_d24_mMH3_ch06__mc150-3,,Human3R,m0_strict_human3r,Orientation_deg,103.73446523967802,60.72024514486511,43.014220094812906
aist__gMH_sBM_cAll_d24_mMH3_ch06__mc150-3,aist__gMH_sBM_cAll_d24_mMH3_ch06__mc150-3,,Human3R,m0_strict_human3r,Seam-root_mm,319.7991926506826,1004.3991272935931,-684.5999346429105
aist__gMH_sBM_cAll_d24_mMH3_ch06__mc150-3,aist__gMH_sBM_cAll_d24_mMH3_ch06__mc150-3,,Human3R,m0_strict_human3r,Seam-orientation_deg,39.851119961429276,59.55563323172957,-19.704513270300296
aist__gMH_sBM_cAll_d24_mMH3_ch06__mc150-3,aist__gMH_sBM_cAll_d24_mMH3_ch06__mc150-3,,Human3R,m0_strict_human3r,Camera-rotation_deg,135.05933654250947,91.37418794172288,43.68514860078659
aist__gMH_sBM_cAll_d24_mMH3_ch06__mc150-3,aist__gMH_sBM_cAll_d24_mMH3_ch06__mc150-3,,Human3R,m0_strict_human3r,Camera-translation_m,8.480216241641157,8.115121831348258,0.36509441029289924
aist__gMH_sBM_cAll_d24_mMH3_ch06__mc150-3,aist__gMH_sBM_cAll_d24_mMH3_ch06__mc150-3,,Human3R,m0_strict_human3r,Boundary-camera-rotation_deg,112.47535927278474,54.493331445079434,57.98202782770531
aist__gMH_sBM_cAll_d24_mMH3_ch06__mc150-3,aist__gMH_sBM_cAll_d24_mMH3_ch06__mc150-3,,Human3R,m0_strict_human3r,Boundary-camera-translation_m,8.194074109133167,4.800891616836428,3.393182492296739
aist__gMH_sBM_cAll_d24_mMH3_ch06__mc150-3,aist__gMH_sBM_cAll_d24_mMH3_ch06__mc150-3,,Human3R,m0_strict_human3r,Coverage,0.9933333333333333,1.0,0.00666666666666671
aist__gMH_sBM_cAll_d24_mMH3_ch06__mc150-3,aist__gMH_sBM_cAll_d24_mMH3_ch06__mc150-3,,BRIDGE3R,m15_bridge3r_fixed_v19,PA-MPJPE_mm,59.5258790055197,62.18179747569627,-2.655918470176573
aist__gMH_sBM_cAll_d24_mMH3_ch06__mc150-3,aist__gMH_sBM_cAll_d24_mMH3_ch06__mc150-3,,BRIDGE3R,m15_bridge3r_fixed_v19,Anchor-MPJPE_mm,480.0865578511077,719.632324512781,-239.54576666167327
aist__gMH_sBM_cAll_d24_mMH3_ch06__mc150-3,aist__gMH_sBM_cAll_d24_mMH3_ch06__mc150-3,,BRIDGE3R,m15_bridge3r_fixed_v19,Anchor-root_mm,332.39838363775846,637.2496655780126,-304.8512819402541
aist__gMH_sBM_cAll_d24_mMH3_ch06__mc150-3,aist__gMH_sBM_cAll_d24_mMH3_ch06__mc150-3,,BRIDGE3R,m15_bridge3r_fixed_v19,Orientation_deg,103.73446523967802,72.58027314477155,31.154192094906463
aist__gMH_sBM_cAll_d24_mMH3_ch06__mc150-3,aist__gMH_sBM_cAll_d24_mMH3_ch06__mc150-3,,BRIDGE3R,m15_bridge3r_fixed_v19,Seam-root_mm,319.7991926506826,1061.2619618660624,-741.4627692153798
aist__gMH_sBM_cAll_d24_mMH3_ch06__mc150-3,aist__gMH_sBM_cAll_d24_mMH3_ch06__mc150-3,,BRIDGE3R,m15_bridge3r_fixed_v19,Seam-orientation_deg,39.851119961429276,89.22362129050553,-49.37250132907626
aist__gMH_sBM_cAll_d24_mMH3_ch06__mc150-3,aist__gMH_sBM_cAll_d24_mMH3_ch06__mc150-3,,BRIDGE3R,m15_bridge3r_fixed_v19,Camera-rotation_deg,135.05933654250947,109.64254145496629,25.41679508754318
aist__gMH_sBM_cAll_d24_mMH3_ch06__mc150-3,aist__gMH_sBM_cAll_d24_mMH3_ch06__mc150-3,,BRIDGE3R,m15_bridge3r_fixed_v19,Camera-translation_m,8.480216241641157,8.005866700206925,0.4743495414342327
aist__gMH_sBM_cAll_d24_mMH3_ch06__mc150-3,aist__gMH_sBM_cAll_d24_mMH3_ch06__mc150-3,,BRIDGE3R,m15_bridge3r_fixed_v19,Boundary-camera-rotation_deg,112.47535927278474,83.37448503243658,29.100874240348162
aist__gMH_sBM_cAll_d24_mMH3_ch06__mc150-3,aist__gMH_sBM_cAll_d24_mMH3_ch06__mc150-3,,BRIDGE3R,m15_bridge3r_fixed_v19,Boundary-camera-translation_m,8.194074109133167,5.387279434419744,2.806794674713423
aist__gMH_sBM_cAll_d24_mMH3_ch06__mc150-3,aist__gMH_sBM_cAll_d24_mMH3_ch06__mc150-3,,BRIDGE3R,m15_bridge3r_fixed_v19,Coverage,0.9933333333333333,1.0,0.00666666666666671
aist__gMH_sBM_cAll_d24_mMH3_ch07__mc150-3,aist__gMH_sBM_cAll_d24_mMH3_ch07__mc150-3,,Human3R,m0_strict_human3r,PA-MPJPE_mm,53.63992644210751,58.42602447291065,-4.786098030803139
aist__gMH_sBM_cAll_d24_mMH3_ch07__mc150-3,aist__gMH_sBM_cAll_d24_mMH3_ch07__mc150-3,,Human3R,m0_strict_human3r,Anchor-MPJPE_mm,1347.2413037750227,714.7847632760607,632.456540498962
aist__gMH_sBM_cAll_d24_mMH3_ch07__mc150-3,aist__gMH_sBM_cAll_d24_mMH3_ch07__mc150-3,,Human3R,m0_strict_human3r,Anchor-root_mm,1357.4400547953423,729.3639960271075,628.0760587682348
aist__gMH_sBM_cAll_d24_mMH3_ch07__mc150-3,aist__gMH_sBM_cAll_d24_mMH3_ch07__mc150-3,,Human3R,m0_strict_human3r,Orientation_deg,54.74335133421996,35.920675378728404,18.822675955491555
aist__gMH_sBM_cAll_d24_mMH3_ch07__mc150-3,aist__gMH_sBM_cAll_d24_mMH3_ch07__mc150-3,,Human3R,m0_strict_human3r,Seam-root_mm,478.4558973980954,500.27271111195313,-21.816813713857755
aist__gMH_sBM_cAll_d24_mMH3_ch07__mc150-3,aist__gMH_sBM_cAll_d24_mMH3_ch07__mc150-3,,Human3R,m0_strict_human3r,Seam-orientation_deg,58.00044674092659,58.28850418399876,-0.2880574430721694
aist__gMH_sBM_cAll_d24_mMH3_ch07__mc150-3,aist__gMH_sBM_cAll_d24_mMH3_ch07__mc150-3,,Human3R,m0_strict_human3r,Camera-rotation_deg,76.44685283952367,44.6570912051379,31.78976163438577
aist__gMH_sBM_cAll_d24_mMH3_ch07__mc150-3,aist__gMH_sBM_cAll_d24_mMH3_ch07__mc150-3,,Human3R,m0_strict_human3r,Camera-translation_m,6.216082377478515,4.007240351676838,2.208842025801677
aist__gMH_sBM_cAll_d24_mMH3_ch07__mc150-3,aist__gMH_sBM_cAll_d24_mMH3_ch07__mc150-3,,Human3R,m0_strict_human3r,Boundary-camera-rotation_deg,85.74966255490915,51.54157699004135,34.2080855648678
aist__gMH_sBM_cAll_d24_mMH3_ch07__mc150-3,aist__gMH_sBM_cAll_d24_mMH3_ch07__mc150-3,,Human3R,m0_strict_human3r,Boundary-camera-translation_m,5.902556220558064,3.905581459858939,1.9969747606991248
aist__gMH_sBM_cAll_d24_mMH3_ch07__mc150-3,aist__gMH_sBM_cAll_d24_mMH3_ch07__mc150-3,,Human3R,m0_strict_human3r,Coverage,0.98,1.0,0.020000000000000018
aist__gMH_sBM_cAll_d24_mMH3_ch07__mc150-3,aist__gMH_sBM_cAll_d24_mMH3_ch07__mc150-3,,BRIDGE3R,m15_bridge3r_fixed_v19,PA-MPJPE_mm,53.63992644210751,58.41035702139987,-4.770430579292359
aist__gMH_sBM_cAll_d24_mMH3_ch07__mc150-3,aist__gMH_sBM_cAll_d24_mMH3_ch07__mc150-3,,BRIDGE3R,m15_bridge3r_fixed_v19,Anchor-MPJPE_mm,1347.2413037750227,690.8682214328071,656.3730823422156
aist__gMH_sBM_cAll_d24_mMH3_ch07__mc150-3,aist__gMH_sBM_cAll_d24_mMH3_ch07__mc150-3,,BRIDGE3R,m15_bridge3r_fixed_v19,Anchor-root_mm,1357.4400547953423,702.0093617892031,655.4306930061392
aist__gMH_sBM_cAll_d24_mMH3_ch07__mc150-3,aist__gMH_sBM_cAll_d24_mMH3_ch07__mc150-3,,BRIDGE3R,m15_bridge3r_fixed_v19,Orientation_deg,54.74335133421996,31.462095190196766,23.281256144023192
aist__gMH_sBM_cAll_d24_mMH3_ch07__mc150-3,aist__gMH_sBM_cAll_d24_mMH3_ch07__mc150-3,,BRIDGE3R,m15_bridge3r_fixed_v19,Seam-root_mm,478.4558973980954,1006.5996431625983,-528.1437457645029
aist__gMH_sBM_cAll_d24_mMH3_ch07__mc150-3,aist__gMH_sBM_cAll_d24_mMH3_ch07__mc150-3,,BRIDGE3R,m15_bridge3r_fixed_v19,Seam-orientation_deg,58.00044674092659,47.59953768149879,10.400909059427804
aist__gMH_sBM_cAll_d24_mMH3_ch07__mc150-3,aist__gMH_sBM_cAll_d24_mMH3_ch07__mc150-3,,BRIDGE3R,m15_bridge3r_fixed_v19,Camera-rotation_deg,76.44685283952367,38.16327678485256,38.28357605467111
aist__gMH_sBM_cAll_d24_mMH3_ch07__mc150-3,aist__gMH_sBM_cAll_d24_mMH3_ch07__mc150-3,,BRIDGE3R,m15_bridge3r_fixed_v19,Camera-translation_m,6.216082377478515,2.922402832233252,3.293679545245263
aist__gMH_sBM_cAll_d24_mMH3_ch07__mc150-3,aist__gMH_sBM_cAll_d24_mMH3_ch07__mc150-3,,BRIDGE3R,m15_bridge3r_fixed_v19,Boundary-camera-rotation_deg,85.74966255490915,39.07211961647969,46.67754293842946
aist__gMH_sBM_cAll_d24_mMH3_ch07__mc150-3,aist__gMH_sBM_cAll_d24_mMH3_ch07__mc150-3,,BRIDGE3R,m15_bridge3r_fixed_v19,Boundary-camera-translation_m,5.902556220558064,3.047368338341177,2.855187882216887
aist__gMH_sBM_cAll_d24_mMH3_ch07__mc150-3,aist__gMH_sBM_cAll_d24_mMH3_ch07__mc150-3,,BRIDGE3R,m15_bridge3r_fixed_v19,Coverage,0.98,1.0,0.020000000000000018
aist__gMH_sBM_cAll_d24_mMH3_ch10__mc150-3,aist__gMH_sBM_cAll_d24_mMH3_ch10__mc150-3,,Human3R,m0_strict_human3r,PA-MPJPE_mm,52.07145859843643,53.89757386639626,-1.8261152679598283
aist__gMH_sBM_cAll_d24_mMH3_ch10__mc150-3,aist__gMH_sBM_cAll_d24_mMH3_ch10__mc150-3,,Human3R,m0_strict_human3r,Anchor-MPJPE_mm,1614.085437440216,544.6550450442888,1069.4303923959274
aist__gMH_sBM_cAll_d24_mMH3_ch10__mc150-3,aist__gMH_sBM_cAll_d24_mMH3_ch10__mc150-3,,Human3R,m0_strict_human3r,Anchor-root_mm,1621.4966066473426,530.8494787226949,1090.6471279246475
aist__gMH_sBM_cAll_d24_mMH3_ch10__mc150-3,aist__gMH_sBM_cAll_d24_mMH3_ch10__mc150-3,,Human3R,m0_strict_human3r,Orientation_deg,14.834062129402074,8.979286796497057,5.854775332905017
aist__gMH_sBM_cAll_d24_mMH3_ch10__mc150-3,aist__gMH_sBM_cAll_d24_mMH3_ch10__mc150-3,,Human3R,m0_strict_human3r,Seam-root_mm,876.7793728926292,1245.7497294372974,-368.9703565446682
aist__gMH_sBM_cAll_d24_mMH3_ch10__mc150-3,aist__gMH_sBM_cAll_d24_mMH3_ch10__mc150-3,,Human3R,m0_strict_human3r,Seam-orientation_deg,11.668745609366557,11.703222088185004,-0.03447647881844773
aist__gMH_sBM_cAll_d24_mMH3_ch10__mc150-3,aist__gMH_sBM_cAll_d24_mMH3_ch10__mc150-3,,Human3R,m0_strict_human3r,Camera-rotation_deg,10.113532544984924,2.806494665689907,7.307037879295017
aist__gMH_sBM_cAll_d24_mMH3_ch10__mc150-3,aist__gMH_sBM_cAll_d24_mMH3_ch10__mc150-3,,Human3R,m0_strict_human3r,Camera-translation_m,2.2785303128538668,1.1484862756586307,1.130044037195236
aist__gMH_sBM_cAll_d24_mMH3_ch10__mc150-3,aist__gMH_sBM_cAll_d24_mMH3_ch10__mc150-3,,Human3R,m0_strict_human3r,Boundary-camera-rotation_deg,53.360169526672195,4.7502740933681435,48.609895433304054
aist__gMH_sBM_cAll_d24_mMH3_ch10__mc150-3,aist__gMH_sBM_cAll_d24_mMH3_ch10__mc150-3,,Human3R,m0_strict_human3r,Boundary-camera-translation_m,4.6570393032191575,1.8090355965816634,2.848003706637494
aist__gMH_sBM_cAll_d24_mMH3_ch10__mc150-3,aist__gMH_sBM_cAll_d24_mMH3_ch10__mc150-3,,Human3R,m0_strict_human3r,Coverage,0.98,1.0,0.020000000000000018
aist__gMH_sBM_cAll_d24_mMH3_ch10__mc150-3,aist__gMH_sBM_cAll_d24_mMH3_ch10__mc150-3,,BRIDGE3R,m15_bridge3r_fixed_v19,PA-MPJPE_mm,52.07145859843643,53.579612613628015,-1.508154015191586
aist__gMH_sBM_cAll_d24_mMH3_ch10__mc150-3,aist__gMH_sBM_cAll_d24_mMH3_ch10__mc150-3,,BRIDGE3R,m15_bridge3r_fixed_v19,Anchor-MPJPE_mm,1614.085437440216,457.0713568853057,1157.0140805549104
aist__gMH_sBM_cAll_d24_mMH3_ch10__mc150-3,aist__gMH_sBM_cAll_d24_mMH3_ch10__mc150-3,,BRIDGE3R,m15_bridge3r_fixed_v19,Anchor-root_mm,1621.4966066473426,439.88782767229964,1181.608778975043
aist__gMH_sBM_cAll_d24_mMH3_ch10__mc150-3,aist__gMH_sBM_cAll_d24_mMH3_ch10__mc150-3,,BRIDGE3R,m15_bridge3r_fixed_v19,Orientation_deg,14.834062129402074,10.750716685196258,4.083345444205817
aist__gMH_sBM_cAll_d24_mMH3_ch10__mc150-3,aist__gMH_sBM_cAll_d24_mMH3_ch10__mc150-3,,BRIDGE3R,m15_bridge3r_fixed_v19,Seam-root_mm,876.7793728926292,711.3424345145993,165.43693837802994
aist__gMH_sBM_cAll_d24_mMH3_ch10__mc150-3,aist__gMH_sBM_cAll_d24_mMH3_ch10__mc150-3,,BRIDGE3R,m15_bridge3r_fixed_v19,Seam-orientation_deg,11.668745609366557,7.660148435998673,4.008597173367884
aist__gMH_sBM_cAll_d24_mMH3_ch10__mc150-3,aist__gMH_sBM_cAll_d24_mMH3_ch10__mc150-3,,BRIDGE3R,m15_bridge3r_fixed_v19,Camera-rotation_deg,10.113532544984924,6.467137129195983,3.646395415788941
aist__gMH_sBM_cAll_d24_mMH3_ch10__mc150-3,aist__gMH_sBM_cAll_d24_mMH3_ch10__mc150-3,,BRIDGE3R,m15_bridge3r_fixed_v19,Camera-translation_m,2.2785303128538668,0.7442180369040168,1.53431227594985
aist__gMH_sBM_cAll_d24_mMH3_ch10__mc150-3,aist__gMH_sBM_cAll_d24_mMH3_ch10__mc150-3,,BRIDGE3R,m15_bridge3r_fixed_v19,Boundary-camera-rotation_deg,53.360169526672195,6.245572235610541,47.114597291061656
aist__gMH_sBM_cAll_d24_mMH3_ch10__mc150-3,aist__gMH_sBM_cAll_d24_mMH3_ch10__mc150-3,,BRIDGE3R,m15_bridge3r_fixed_v19,Boundary-camera-translation_m,4.6570393032191575,1.212106908824909,3.4449323943942485
aist__gMH_sBM_cAll_d24_mMH3_ch10__mc150-3,aist__gMH_sBM_cAll_d24_mMH3_ch10__mc150-3,,BRIDGE3R,m15_bridge3r_fixed_v19,Coverage,0.98,1.0,0.020000000000000018
aist__gMH_sBM_cAll_d24_mMH4_ch01__mc150-3,aist__gMH_sBM_cAll_d24_mMH4_ch01__mc150-3,,Human3R,m0_strict_human3r,PA-MPJPE_mm,59.603771822323004,63.76605533197991,-4.162283509656909
aist__gMH_sBM_cAll_d24_mMH4_ch01__mc150-3,aist__gMH_sBM_cAll_d24_mMH4_ch01__mc150-3,,Human3R,m0_strict_human3r,Anchor-MPJPE_mm,1801.4229672899285,503.7169632766098,1297.7060040133188
aist__gMH_sBM_cAll_d24_mMH4_ch01__mc150-3,aist__gMH_sBM_cAll_d24_mMH4_ch01__mc150-3,,Human3R,m0_strict_human3r,Anchor-root_mm,1793.6657140853044,486.90124438472793,1306.7644697005765
aist__gMH_sBM_cAll_d24_mMH4_ch01__mc150-3,aist__gMH_sBM_cAll_d24_mMH4_ch01__mc150-3,,Human3R,m0_strict_human3r,Orientation_deg,19.03257022774417,10.896247639239531,8.136322588504639
aist__gMH_sBM_cAll_d24_mMH4_ch01__mc150-3,aist__gMH_sBM_cAll_d24_mMH4_ch01__mc150-3,,Human3R,m0_strict_human3r,Seam-root_mm,958.6376328516369,963.4273907010233,-4.789757849386433
aist__gMH_sBM_cAll_d24_mMH4_ch01__mc150-3,aist__gMH_sBM_cAll_d24_mMH4_ch01__mc150-3,,Human3R,m0_strict_human3r,Seam-orientation_deg,19.716873021063652,14.976722353548782,4.74015066751487
aist__gMH_sBM_cAll_d24_mMH4_ch01__mc150-3,aist__gMH_sBM_cAll_d24_mMH4_ch01__mc150-3,,Human3R,m0_strict_human3r,Camera-rotation_deg,9.183805323932447,2.9370836534609297,6.246721670471517
aist__gMH_sBM_cAll_d24_mMH4_ch01__mc150-3,aist__gMH_sBM_cAll_d24_mMH4_ch01__mc150-3,,Human3R,m0_strict_human3r,Camera-translation_m,2.7903380693441875,1.052244192910841,1.7380938764333465
aist__gMH_sBM_cAll_d24_mMH4_ch01__mc150-3,aist__gMH_sBM_cAll_d24_mMH4_ch01__mc150-3,,Human3R,m0_strict_human3r,Boundary-camera-rotation_deg,53.61068443944019,5.4557895426553,48.154894896784896
aist__gMH_sBM_cAll_d24_mMH4_ch01__mc150-3,aist__gMH_sBM_cAll_d24_mMH4_ch01__mc150-3,,Human3R,m0_strict_human3r,Boundary-camera-translation_m,4.789299710328166,1.6589008466175919,3.1303988637105737
aist__gMH_sBM_cAll_d24_mMH4_ch01__mc150-3,aist__gMH_sBM_cAll_d24_mMH4_ch01__mc150-3,,Human3R,m0_strict_human3r,Coverage,0.98,1.0,0.020000000000000018
aist__gMH_sBM_cAll_d24_mMH4_ch01__mc150-3,aist__gMH_sBM_cAll_d24_mMH4_ch01__mc150-3,,BRIDGE3R,m15_bridge3r_fixed_v19,PA-MPJPE_mm,59.603771822323004,63.78300090952633,-4.179229087203325
aist__gMH_sBM_cAll_d24_mMH4_ch01__mc150-3,aist__gMH_sBM_cAll_d24_mMH4_ch01__mc150-3,,BRIDGE3R,m15_bridge3r_fixed_v19,Anchor-MPJPE_mm,1801.4229672899285,624.3776572917453,1177.0453099981833
aist__gMH_sBM_cAll_d24_mMH4_ch01__mc150-3,aist__gMH_sBM_cAll_d24_mMH4_ch01__mc150-3,,BRIDGE3R,m15_bridge3r_fixed_v19,Anchor-root_mm,1793.6657140853044,614.3255080191487,1179.3402060661556
aist__gMH_sBM_cAll_d24_mMH4_ch01__mc150-3,aist__gMH_sBM_cAll_d24_mMH4_ch01__mc150-3,,BRIDGE3R,m15_bridge3r_fixed_v19,Orientation_deg,19.03257022774417,12.704046194253202,6.328524033490968
aist__gMH_sBM_cAll_d24_mMH4_ch01__mc150-3,aist__gMH_sBM_cAll_d24_mMH4_ch01__mc150-3,,BRIDGE3R,m15_bridge3r_fixed_v19,Seam-root_mm,958.6376328516369,573.1699760315418,385.46765682009516
aist__gMH_sBM_cAll_d24_mMH4_ch01__mc150-3,aist__gMH_sBM_cAll_d24_mMH4_ch01__mc150-3,,BRIDGE3R,m15_bridge3r_fixed_v19,Seam-orientation_deg,19.716873021063652,14.24159937153256,5.475273649531092
aist__gMH_sBM_cAll_d24_mMH4_ch01__mc150-3,aist__gMH_sBM_cAll_d24_mMH4_ch01__mc150-3,,BRIDGE3R,m15_bridge3r_fixed_v19,Camera-rotation_deg,9.183805323932447,4.716253156437393,4.467552167495054
aist__gMH_sBM_cAll_d24_mMH4_ch01__mc150-3,aist__gMH_sBM_cAll_d24_mMH4_ch01__mc150-3,,BRIDGE3R,m15_bridge3r_fixed_v19,Camera-translation_m,2.7903380693441875,0.848142749839715,1.9421953195044726
aist__gMH_sBM_cAll_d24_mMH4_ch01__mc150-3,aist__gMH_sBM_cAll_d24_mMH4_ch01__mc150-3,,BRIDGE3R,m15_bridge3r_fixed_v19,Boundary-camera-rotation_deg,53.61068443944019,4.559773994606047,49.050910444834145
aist__gMH_sBM_cAll_d24_mMH4_ch01__mc150-3,aist__gMH_sBM_cAll_d24_mMH4_ch01__mc150-3,,BRIDGE3R,m15_bridge3r_fixed_v19,Boundary-camera-translation_m,4.789299710328166,1.0886566575853582,3.700643052742808
aist__gMH_sBM_cAll_d24_mMH4_ch01__mc150-3,aist__gMH_sBM_cAll_d24_mMH4_ch01__mc150-3,,BRIDGE3R,m15_bridge3r_fixed_v19,Coverage,0.98,1.0,0.020000000000000018
aist__gMH_sBM_cAll_d24_mMH4_ch02__mc150-3,aist__gMH_sBM_cAll_d24_mMH4_ch02__mc150-3,,Human3R,m0_strict_human3r,PA-MPJPE_mm,55.31207433788895,53.50530175094298,1.806772586945975
aist__gMH_sBM_cAll_d24_mMH4_ch02__mc150-3,aist__gMH_sBM_cAll_d24_mMH4_ch02__mc150-3,,Human3R,m0_strict_human3r,Anchor-MPJPE_mm,1360.090867297396,1167.6583491232952,192.43251817410078
aist__gMH_sBM_cAll_d24_mMH4_ch02__mc150-3,aist__gMH_sBM_cAll_d24_mMH4_ch02__mc150-3,,Human3R,m0_strict_human3r,Anchor-root_mm,1356.5619959423516,1152.002567021896,204.5594289204555
aist__gMH_sBM_cAll_d24_mMH4_ch02__mc150-3,aist__gMH_sBM_cAll_d24_mMH4_ch02__mc150-3,,Human3R,m0_strict_human3r,Orientation_deg,15.80971453271618,12.342195134293437,3.467519398422743
aist__gMH_sBM_cAll_d24_mMH4_ch02__mc150-3,aist__gMH_sBM_cAll_d24_mMH4_ch02__mc150-3,,Human3R,m0_strict_human3r,Seam-root_mm,923.6009485502902,703.9901173602,219.61083119009027
aist__gMH_sBM_cAll_d24_mMH4_ch02__mc150-3,aist__gMH_sBM_cAll_d24_mMH4_ch02__mc150-3,,Human3R,m0_strict_human3r,Seam-orientation_deg,17.060541936663064,12.927035399806067,4.133506536856997
aist__gMH_sBM_cAll_d24_mMH4_ch02__mc150-3,aist__gMH_sBM_cAll_d24_mMH4_ch02__mc150-3,,Human3R,m0_strict_human3r,Camera-rotation_deg,11.679589409332694,8.985020968503965,2.6945684408287285
aist__gMH_sBM_cAll_d24_mMH4_ch02__mc150-3,aist__gMH_sBM_cAll_d24_mMH4_ch02__mc150-3,,Human3R,m0_strict_human3r,Camera-translation_m,1.9932858415335515,2.388692389682818,-0.39540654814926635
aist__gMH_sBM_cAll_d24_mMH4_ch02__mc150-3,aist__gMH_sBM_cAll_d24_mMH4_ch02__mc150-3,,Human3R,m0_strict_human3r,Boundary-camera-rotation_deg,53.61543808432305,4.1834898010357975,49.431948283287255
aist__gMH_sBM_cAll_d24_mMH4_ch02__mc150-3,aist__gMH_sBM_cAll_d24_mMH4_ch02__mc150-3,,Human3R,m0_strict_human3r,Boundary-camera-translation_m,4.490939415187327,1.2854124956406536,3.2055269195466733
aist__gMH_sBM_cAll_d24_mMH4_ch02__mc150-3,aist__gMH_sBM_cAll_d24_mMH4_ch02__mc150-3,,Human3R,m0_strict_human3r,Coverage,0.9933333333333333,1.0,0.00666666666666671
aist__gMH_sBM_cAll_d24_mMH4_ch02__mc150-3,aist__gMH_sBM_cAll_d24_mMH4_ch02__mc150-3,,BRIDGE3R,m15_bridge3r_fixed_v19,PA-MPJPE_mm,55.31207433788895,53.24155900704989,2.070515330839065
aist__gMH_sBM_cAll_d24_mMH4_ch02__mc150-3,aist__gMH_sBM_cAll_d24_mMH4_ch02__mc150-3,,BRIDGE3R,m15_bridge3r_fixed_v19,Anchor-MPJPE_mm,1360.090867297396,520.6023133876087,839.4885539097874
aist__gMH_sBM_cAll_d24_mMH4_ch02__mc150-3,aist__gMH_sBM_cAll_d24_mMH4_ch02__mc150-3,,BRIDGE3R,m15_bridge3r_fixed_v19,Anchor-root_mm,1356.5619959423516,513.0496090635598,843.5123868787917
aist__gMH_sBM_cAll_d24_mMH4_ch02__mc150-3,aist__gMH_sBM_cAll_d24_mMH4_ch02__mc150-3,,BRIDGE3R,m15_bridge3r_fixed_v19,Orientation_deg,15.80971453271618,12.425989195107073,3.383725337609107
aist__gMH_sBM_cAll_d24_mMH4_ch02__mc150-3,aist__gMH_sBM_cAll_d24_mMH4_ch02__mc150-3,,BRIDGE3R,m15_bridge3r_fixed_v19,Seam-root_mm,923.6009485502902,640.8072368043837,282.79371174590653
aist__gMH_sBM_cAll_d24_mMH4_ch02__mc150-3,aist__gMH_sBM_cAll_d24_mMH4_ch02__mc150-3,,BRIDGE3R,m15_bridge3r_fixed_v19,Seam-orientation_deg,17.060541936663064,19.423564948331148,-2.3630230116680835
aist__gMH_sBM_cAll_d24_mMH4_ch02__mc150-3,aist__gMH_sBM_cAll_d24_mMH4_ch02__mc150-3,,BRIDGE3R,m15_bridge3r_fixed_v19,Camera-rotation_deg,11.679589409332694,6.9969632985732035,4.68262611075949
aist__gMH_sBM_cAll_d24_mMH4_ch02__mc150-3,aist__gMH_sBM_cAll_d24_mMH4_ch02__mc150-3,,BRIDGE3R,m15_bridge3r_fixed_v19,Camera-translation_m,1.9932858415335515,0.5976706984705058,1.3956151430630457
aist__gMH_sBM_cAll_d24_mMH4_ch02__mc150-3,aist__gMH_sBM_cAll_d24_mMH4_ch02__mc150-3,,BRIDGE3R,m15_bridge3r_fixed_v19,Boundary-camera-rotation_deg,53.61543808432305,6.925077250077676,46.690360834245375
aist__gMH_sBM_cAll_d24_mMH4_ch02__mc150-3,aist__gMH_sBM_cAll_d24_mMH4_ch02__mc150-3,,BRIDGE3R,m15_bridge3r_fixed_v19,Boundary-camera-translation_m,4.490939415187327,1.0044111628723265,3.4865282523150007
aist__gMH_sBM_cAll_d24_mMH4_ch02__mc150-3,aist__gMH_sBM_cAll_d24_mMH4_ch02__mc150-3,,BRIDGE3R,m15_bridge3r_fixed_v19,Coverage,0.9933333333333333,1.0,0.00666666666666671
aist__gMH_sBM_cAll_d24_mMH5_ch01__mc150-3,aist__gMH_sBM_cAll_d24_mMH5_ch01__mc150-3,,Human3R,m0_strict_human3r,PA-MPJPE_mm,73.82356371111855,70.97500560401849,2.848558107100061
aist__gMH_sBM_cAll_d24_mMH5_ch01__mc150-3,aist__gMH_sBM_cAll_d24_mMH5_ch01__mc150-3,,Human3R,m0_strict_human3r,Anchor-MPJPE_mm,435.33096080586097,475.2348662478316,-39.90390544197061
aist__gMH_sBM_cAll_d24_mMH5_ch01__mc150-3,aist__gMH_sBM_cAll_d24_mMH5_ch01__mc150-3,,Human3R,m0_strict_human3r,Anchor-root_mm,325.35468807145946,409.09702123848945,-83.74233316702998
aist__gMH_sBM_cAll_d24_mMH5_ch01__mc150-3,aist__gMH_sBM_cAll_d24_mMH5_ch01__mc150-3,,Human3R,m0_strict_human3r,Orientation_deg,99.06315629776064,63.39859208065257,35.66456421710807
aist__gMH_sBM_cAll_d24_mMH5_ch01__mc150-3,aist__gMH_sBM_cAll_d24_mMH5_ch01__mc150-3,,Human3R,m0_strict_human3r,Seam-root_mm,413.4322706623322,486.2006055532621,-72.7683348909299
aist__gMH_sBM_cAll_d24_mMH5_ch01__mc150-3,aist__gMH_sBM_cAll_d24_mMH5_ch01__mc150-3,,Human3R,m0_strict_human3r,Seam-orientation_deg,61.69872976237913,66.32619201901558,-4.6274622566364485
aist__gMH_sBM_cAll_d24_mMH5_ch01__mc150-3,aist__gMH_sBM_cAll_d24_mMH5_ch01__mc150-3,,Human3R,m0_strict_human3r,Camera-rotation_deg,135.05271991291858,92.7026992359636,42.35002067695497
aist__gMH_sBM_cAll_d24_mMH5_ch01__mc150-3,aist__gMH_sBM_cAll_d24_mMH5_ch01__mc150-3,,Human3R,m0_strict_human3r,Camera-translation_m,9.541632793960252,7.6961049742932675,1.8455278196669846
aist__gMH_sBM_cAll_d24_mMH5_ch01__mc150-3,aist__gMH_sBM_cAll_d24_mMH5_ch01__mc150-3,,Human3R,m0_strict_human3r,Boundary-camera-rotation_deg,112.4785125311273,47.8715002554127,64.6070122757146
aist__gMH_sBM_cAll_d24_mMH5_ch01__mc150-3,aist__gMH_sBM_cAll_d24_mMH5_ch01__mc150-3,,Human3R,m0_strict_human3r,Boundary-camera-translation_m,8.233238333965872,3.798631460752321,4.434606873213551
aist__gMH_sBM_cAll_d24_mMH5_ch01__mc150-3,aist__gMH_sBM_cAll_d24_mMH5_ch01__mc150-3,,Human3R,m0_strict_human3r,Coverage,0.98,1.0,0.020000000000000018
aist__gMH_sBM_cAll_d24_mMH5_ch01__mc150-3,aist__gMH_sBM_cAll_d24_mMH5_ch01__mc150-3,,BRIDGE3R,m15_bridge3r_fixed_v19,PA-MPJPE_mm,73.82356371111855,70.98028522266051,2.84327848845804
aist__gMH_sBM_cAll_d24_mMH5_ch01__mc150-3,aist__gMH_sBM_cAll_d24_mMH5_ch01__mc150-3,,BRIDGE3R,m15_bridge3r_fixed_v19,Anchor-MPJPE_mm,435.33096080586097,834.1952290814617,-398.8642682756007
aist__gMH_sBM_cAll_d24_mMH5_ch01__mc150-3,aist__gMH_sBM_cAll_d24_mMH5_ch01__mc150-3,,BRIDGE3R,m15_bridge3r_fixed_v19,Anchor-root_mm,325.35468807145946,774.5772557260666,-449.22256765460713
aist__gMH_sBM_cAll_d24_mMH5_ch01__mc150-3,aist__gMH_sBM_cAll_d24_mMH5_ch01__mc150-3,,BRIDGE3R,m15_bridge3r_fixed_v19,Orientation_deg,99.06315629776064,86.43950975834663,12.623646539414011
aist__gMH_sBM_cAll_d24_mMH5_ch01__mc150-3,aist__gMH_sBM_cAll_d24_mMH5_ch01__mc150-3,,BRIDGE3R,m15_bridge3r_fixed_v19,Seam-root_mm,413.4322706623322,1255.6226562941365,-842.1903856318042
aist__gMH_sBM_cAll_d24_mMH5_ch01__mc150-3,aist__gMH_sBM_cAll_d24_mMH5_ch01__mc150-3,,BRIDGE3R,m15_bridge3r_fixed_v19,Seam-orientation_deg,61.69872976237913,130.83311048202748,-69.13438071964835
aist__gMH_sBM_cAll_d24_mMH5_ch01__mc150-3,aist__gMH_sBM_cAll_d24_mMH5_ch01__mc150-3,,BRIDGE3R,m15_bridge3r_fixed_v19,Camera-rotation_deg,135.05271991291858,127.60177152688428,7.450948386034298
aist__gMH_sBM_cAll_d24_mMH5_ch01__mc150-3,aist__gMH_sBM_cAll_d24_mMH5_ch01__mc150-3,,BRIDGE3R,m15_bridge3r_fixed_v19,Camera-translation_m,9.541632793960252,7.567445204129455,1.9741875898307972
aist__gMH_sBM_cAll_d24_mMH5_ch01__mc150-3,aist__gMH_sBM_cAll_d24_mMH5_ch01__mc150-3,,BRIDGE3R,m15_bridge3r_fixed_v19,Boundary-camera-rotation_deg,112.4785125311273,113.60262041718804,-1.1241078860607416
aist__gMH_sBM_cAll_d24_mMH5_ch01__mc150-3,aist__gMH_sBM_cAll_d24_mMH5_ch01__mc150-3,,BRIDGE3R,m15_bridge3r_fixed_v19,Boundary-camera-translation_m,8.233238333965872,6.149797932930029,2.083440401035843
aist__gMH_sBM_cAll_d24_mMH5_ch01__mc150-3,aist__gMH_sBM_cAll_d24_mMH5_ch01__mc150-3,,BRIDGE3R,m15_bridge3r_fixed_v19,Coverage,0.98,1.0,0.020000000000000018
aist__gMH_sBM_cAll_d24_mMH5_ch02__mc150-3,aist__gMH_sBM_cAll_d24_mMH5_ch02__mc150-3,,Human3R,m0_strict_human3r,PA-MPJPE_mm,69.03624978324885,70.34771267165281,-1.311462888403966
aist__gMH_sBM_cAll_d24_mMH5_ch02__mc150-3,aist__gMH_sBM_cAll_d24_mMH5_ch02__mc150-3,,Human3R,m0_strict_human3r,Anchor-MPJPE_mm,477.02704596277374,544.1638974371398,-67.13685147436604
aist__gMH_sBM_cAll_d24_mMH5_ch02__mc150-3,aist__gMH_sBM_cAll_d24_mMH5_ch02__mc150-3,,Human3R,m0_strict_human3r,Anchor-root_mm,428.38169183116236,458.7391677912576,-30.357475960095258
aist__gMH_sBM_cAll_d24_mMH5_ch02__mc150-3,aist__gMH_sBM_cAll_d24_mMH5_ch02__mc150-3,,Human3R,m0_strict_human3r,Orientation_deg,100.00728343951342,97.89645812614398,2.110825313369432
aist__gMH_sBM_cAll_d24_mMH5_ch02__mc150-3,aist__gMH_sBM_cAll_d24_mMH5_ch02__mc150-3,,Human3R,m0_strict_human3r,Seam-root_mm,472.60803658833174,455.96282281906525,16.64521376926649
aist__gMH_sBM_cAll_d24_mMH5_ch02__mc150-3,aist__gMH_sBM_cAll_d24_mMH5_ch02__mc150-3,,Human3R,m0_strict_human3r,Seam-orientation_deg,76.06304898073664,71.53909469390389,4.523954286832748
aist__gMH_sBM_cAll_d24_mMH5_ch02__mc150-3,aist__gMH_sBM_cAll_d24_mMH5_ch02__mc150-3,,Human3R,m0_strict_human3r,Camera-rotation_deg,135.0734487628252,133.8980562059767,1.175392556848493
aist__gMH_sBM_cAll_d24_mMH5_ch02__mc150-3,aist__gMH_sBM_cAll_d24_mMH5_ch02__mc150-3,,Human3R,m0_strict_human3r,Camera-translation_m,9.223142774872434,9.567325803412109,-0.34418302853967475
aist__gMH_sBM_cAll_d24_mMH5_ch02__mc150-3,aist__gMH_sBM_cAll_d24_mMH5_ch02__mc150-3,,Human3R,m0_strict_human3r,Boundary-camera-rotation_deg,112.42542786092761,63.52593794547751,48.899489915450104
aist__gMH_sBM_cAll_d24_mMH5_ch02__mc150-3,aist__gMH_sBM_cAll_d24_mMH5_ch02__mc150-3,,Human3R,m0_strict_human3r,Boundary-camera-translation_m,8.204086395068746,4.544349024101007,3.659737370967739
aist__gMH_sBM_cAll_d24_mMH5_ch02__mc150-3,aist__gMH_sBM_cAll_d24_mMH5_ch02__mc150-3,,Human3R,m0_strict_human3r,Coverage,0.98,1.0,0.020000000000000018
aist__gMH_sBM_cAll_d24_mMH5_ch02__mc150-3,aist__gMH_sBM_cAll_d24_mMH5_ch02__mc150-3,,BRIDGE3R,m15_bridge3r_fixed_v19,PA-MPJPE_mm,69.03624978324885,70.38349766973997,-1.3472478864911182
aist__gMH_sBM_cAll_d24_mMH5_ch02__mc150-3,aist__gMH_sBM_cAll_d24_mMH5_ch02__mc150-3,,BRIDGE3R,m15_bridge3r_fixed_v19,Anchor-MPJPE_mm,477.02704596277374,769.037689518894,-292.01064355612027
aist__gMH_sBM_cAll_d24_mMH5_ch02__mc150-3,aist__gMH_sBM_cAll_d24_mMH5_ch02__mc150-3,,BRIDGE3R,m15_bridge3r_fixed_v19,Anchor-root_mm,428.38169183116236,750.4584979283271,-322.07680609716476
aist__gMH_sBM_cAll_d24_mMH5_ch02__mc150-3,aist__gMH_sBM_cAll_d24_mMH5_ch02__mc150-3,,BRIDGE3R,m15_bridge3r_fixed_v19,Orientation_deg,100.00728343951342,11.064622209428883,88.94266123008452
aist__gMH_sBM_cAll_d24_mMH5_ch02__mc150-3,aist__gMH_sBM_cAll_d24_mMH5_ch02__mc150-3,,BRIDGE3R,m15_bridge3r_fixed_v19,Seam-root_mm,472.60803658833174,1651.8511433675685,-1179.2431067792368
aist__gMH_sBM_cAll_d24_mMH5_ch02__mc150-3,aist__gMH_sBM_cAll_d24_mMH5_ch02__mc150-3,,BRIDGE3R,m15_bridge3r_fixed_v19,Seam-orientation_deg,76.06304898073664,11.921633112751373,64.14141586798527
aist__gMH_sBM_cAll_d24_mMH5_ch02__mc150-3,aist__gMH_sBM_cAll_d24_mMH5_ch02__mc150-3,,BRIDGE3R,m15_bridge3r_fixed_v19,Camera-rotation_deg,135.0734487628252,16.480711897109323,118.59273686571586
aist__gMH_sBM_cAll_d24_mMH5_ch02__mc150-3,aist__gMH_sBM_cAll_d24_mMH5_ch02__mc150-3,,BRIDGE3R,m15_bridge3r_fixed_v19,Camera-translation_m,9.223142774872434,2.038864007613893,7.184278767258541
aist__gMH_sBM_cAll_d24_mMH5_ch02__mc150-3,aist__gMH_sBM_cAll_d24_mMH5_ch02__mc150-3,,BRIDGE3R,m15_bridge3r_fixed_v19,Boundary-camera-rotation_deg,112.42542786092761,15.789851058719684,96.63557680220794
aist__gMH_sBM_cAll_d24_mMH5_ch02__mc150-3,aist__gMH_sBM_cAll_d24_mMH5_ch02__mc150-3,,BRIDGE3R,m15_bridge3r_fixed_v19,Boundary-camera-translation_m,8.204086395068746,2.7479547632251533,5.456131631843593
aist__gMH_sBM_cAll_d24_mMH5_ch02__mc150-3,aist__gMH_sBM_cAll_d24_mMH5_ch02__mc150-3,,BRIDGE3R,m15_bridge3r_fixed_v19,Coverage,0.98,1.0,0.020000000000000018
aist__gMH_sFM_cAll_d24_mMH3_ch18__mc150-3,aist__gMH_sFM_cAll_d24_mMH3_ch18__mc150-3,,Human3R,m0_strict_human3r,PA-MPJPE_mm,57.11033584378817,62.797285877414176,-5.686950033626005
aist__gMH_sFM_cAll_d24_mMH3_ch18__mc150-3,aist__gMH_sFM_cAll_d24_mMH3_ch18__mc150-3,,Human3R,m0_strict_human3r,Anchor-MPJPE_mm,706.482114254908,587.3582637996151,119.12385045529288
aist__gMH_sFM_cAll_d24_mMH3_ch18__mc150-3,aist__gMH_sFM_cAll_d24_mMH3_ch18__mc150-3,,Human3R,m0_strict_human3r,Anchor-root_mm,669.430348259151,570.3321898672601,99.09815839189082
aist__gMH_sFM_cAll_d24_mMH3_ch18__mc150-3,aist__gMH_sFM_cAll_d24_mMH3_ch18__mc150-3,,Human3R,m0_strict_human3r,Orientation_deg,55.002233823129686,50.877231805586305,4.12500201754338
aist__gMH_sFM_cAll_d24_mMH3_ch18__mc150-3,aist__gMH_sFM_cAll_d24_mMH3_ch18__mc150-3,,Human3R,m0_strict_human3r,Seam-root_mm,325.3504714290865,786.3144130409835,-460.963941611897
aist__gMH_sFM_cAll_d24_mMH3_ch18__mc150-3,aist__gMH_sFM_cAll_d24_mMH3_ch18__mc150-3,,Human3R,m0_strict_human3r,Seam-orientation_deg,17.156837254725325,84.68833610165518,-67.53149884692985
aist__gMH_sFM_cAll_d24_mMH3_ch18__mc150-3,aist__gMH_sFM_cAll_d24_mMH3_ch18__mc150-3,,Human3R,m0_strict_human3r,Camera-rotation_deg,69.07887719660394,69.4434689862428,-0.3645917896388653
aist__gMH_sFM_cAll_d24_mMH3_ch18__mc150-3,aist__gMH_sFM_cAll_d24_mMH3_ch18__mc150-3,,Human3R,m0_strict_human3r,Camera-translation_m,5.3339695831308385,4.83699937912653,0.4969702040043087
aist__gMH_sFM_cAll_d24_mMH3_ch18__mc150-3,aist__gMH_sFM_cAll_d24_mMH3_ch18__mc150-3,,Human3R,m0_strict_human3r,Boundary-camera-rotation_deg,85.56752539243003,66.06627863634108,19.501246756088946
aist__gMH_sFM_cAll_d24_mMH3_ch18__mc150-3,aist__gMH_sFM_cAll_d24_mMH3_ch18__mc150-3,,Human3R,m0_strict_human3r,Boundary-camera-translation_m,6.013247645791344,4.524898691946483,1.488348953844861
aist__gMH_sFM_cAll_d24_mMH3_ch18__mc150-3,aist__gMH_sFM_cAll_d24_mMH3_ch18__mc150-3,,Human3R,m0_strict_human3r,Coverage,0.9866666666666667,1.0,0.013333333333333308
aist__gMH_sFM_cAll_d24_mMH3_ch18__mc150-3,aist__gMH_sFM_cAll_d24_mMH3_ch18__mc150-3,,BRIDGE3R,m15_bridge3r_fixed_v19,PA-MPJPE_mm,57.11033584378817,62.201715033859,-5.091379190070832
aist__gMH_sFM_cAll_d24_mMH3_ch18__mc150-3,aist__gMH_sFM_cAll_d24_mMH3_ch18__mc150-3,,BRIDGE3R,m15_bridge3r_fixed_v19,Anchor-MPJPE_mm,706.482114254908,713.7280113009656,-7.245897046057621
aist__gMH_sFM_cAll_d24_mMH3_ch18__mc150-3,aist__gMH_sFM_cAll_d24_mMH3_ch18__mc150-3,,BRIDGE3R,m15_bridge3r_fixed_v19,Anchor-root_mm,669.430348259151,694.8550489170891,-25.42470065793816
aist__gMH_sFM_cAll_d24_mMH3_ch18__mc150-3,aist__gMH_sFM_cAll_d24_mMH3_ch18__mc150-3,,BRIDGE3R,m15_bridge3r_fixed_v19,Orientation_deg,55.002233823129686,55.67058021417802,-0.6683463910483312
aist__gMH_sFM_cAll_d24_mMH3_ch18__mc150-3,aist__gMH_sFM_cAll_d24_mMH3_ch18__mc150-3,,BRIDGE3R,m15_bridge3r_fixed_v19,Seam-root_mm,325.3504714290865,859.3855519931108,-534.0350805640243
aist__gMH_sFM_cAll_d24_mMH3_ch18__mc150-3,aist__gMH_sFM_cAll_d24_mMH3_ch18__mc150-3,,BRIDGE3R,m15_bridge3r_fixed_v19,Seam-orientation_deg,17.156837254725325,97.9861711698557,-80.82933391513038
aist__gMH_sFM_cAll_d24_mMH3_ch18__mc150-3,aist__gMH_sFM_cAll_d24_mMH3_ch18__mc150-3,,BRIDGE3R,m15_bridge3r_fixed_v19,Camera-rotation_deg,69.07887719660394,77.7978050798682,-8.718927883264257
aist__gMH_sFM_cAll_d24_mMH3_ch18__mc150-3,aist__gMH_sFM_cAll_d24_mMH3_ch18__mc150-3,,BRIDGE3R,m15_bridge3r_fixed_v19,Camera-translation_m,5.3339695831308385,4.690594398057751,0.6433751850730873
aist__gMH_sFM_cAll_d24_mMH3_ch18__mc150-3,aist__gMH_sFM_cAll_d24_mMH3_ch18__mc150-3,,BRIDGE3R,m15_bridge3r_fixed_v19,Boundary-camera-rotation_deg,85.56752539243003,79.19393883399323,6.3735865584367986
aist__gMH_sFM_cAll_d24_mMH3_ch18__mc150-3,aist__gMH_sFM_cAll_d24_mMH3_ch18__mc150-3,,BRIDGE3R,m15_bridge3r_fixed_v19,Boundary-camera-translation_m,6.013247645791344,5.167687734538288,0.8455599112530559
aist__gMH_sFM_cAll_d24_mMH3_ch18__mc150-3,aist__gMH_sFM_cAll_d24_mMH3_ch18__mc150-3,,BRIDGE3R,m15_bridge3r_fixed_v19,Coverage,0.9866666666666667,1.0,0.013333333333333308
aist__gPO_sBM_cAll_d12_mPO2_ch01__mc150-3,aist__gPO_sBM_cAll_d12_mPO2_ch01__mc150-3,,Human3R,m0_strict_human3r,PA-MPJPE_mm,48.2630079568397,55.32079997729675,-7.05779202045705
aist__gPO_sBM_cAll_d12_mPO2_ch01__mc150-3,aist__gPO_sBM_cAll_d12_mPO2_ch01__mc150-3,,Human3R,m0_strict_human3r,Anchor-MPJPE_mm,375.0168695175133,388.6417316287333,-13.624862111219954
aist__gPO_sBM_cAll_d12_mPO2_ch01__mc150-3,aist__gPO_sBM_cAll_d12_mPO2_ch01__mc150-3,,Human3R,m0_strict_human3r,Anchor-root_mm,283.506978242129,382.0462740289694,-98.5392957868404
aist__gPO_sBM_cAll_d12_mPO2_ch01__mc150-3,aist__gPO_sBM_cAll_d12_mPO2_ch01__mc150-3,,Human3R,m0_strict_human3r,Orientation_deg,100.43942657341474,19.147622316674425,81.2918042567403
aist__gPO_sBM_cAll_d12_mPO2_ch01__mc150-3,aist__gPO_sBM_cAll_d12_mPO2_ch01__mc150-3,,Human3R,m0_strict_human3r,Seam-root_mm,567.8059473420722,566.5348588898157,1.2710884522564356
aist__gPO_sBM_cAll_d12_mPO2_ch01__mc150-3,aist__gPO_sBM_cAll_d12_mPO2_ch01__mc150-3,,Human3R,m0_strict_human3r,Seam-orientation_deg,40.4423321957333,14.567693291555413,25.874638904177885
aist__gPO_sBM_cAll_d12_mPO2_ch01__mc150-3,aist__gPO_sBM_cAll_d12_mPO2_ch01__mc150-3,,Human3R,m0_strict_human3r,Camera-rotation_deg,157.67853190628716,28.319691254557338,129.35884065172982
aist__gPO_sBM_cAll_d12_mPO2_ch01__mc150-3,aist__gPO_sBM_cAll_d12_mPO2_ch01__mc150-3,,Human3R,m0_strict_human3r,Camera-translation_m,9.286599016099416,3.223180352836658,6.063418663262758
aist__gPO_sBM_cAll_d12_mPO2_ch01__mc150-3,aist__gPO_sBM_cAll_d12_mPO2_ch01__mc150-3,,Human3R,m0_strict_human3r,Boundary-camera-rotation_deg,90.32863155688665,3.4472215940556525,86.881409962831
aist__gPO_sBM_cAll_d12_mPO2_ch01__mc150-3,aist__gPO_sBM_cAll_d12_mPO2_ch01__mc150-3,,Human3R,m0_strict_human3r,Boundary-camera-translation_m,6.276496229576701,1.0215593150299034,5.254936914546797
aist__gPO_sBM_cAll_d12_mPO2_ch01__mc150-3,aist__gPO_sBM_cAll_d12_mPO2_ch01__mc150-3,,Human3R,m0_strict_human3r,Coverage,0.98,1.0,0.020000000000000018
aist__gPO_sBM_cAll_d12_mPO2_ch01__mc150-3,aist__gPO_sBM_cAll_d12_mPO2_ch01__mc150-3,,BRIDGE3R,m15_bridge3r_fixed_v19,PA-MPJPE_mm,48.2630079568397,55.12853154578125,-6.865523588941549
aist__gPO_sBM_cAll_d12_mPO2_ch01__mc150-3,aist__gPO_sBM_cAll_d12_mPO2_ch01__mc150-3,,BRIDGE3R,m15_bridge3r_fixed_v19,Anchor-MPJPE_mm,375.0168695175133,443.86653266889294,-68.84966315137962
aist__gPO_sBM_cAll_d12_mPO2_ch01__mc150-3,aist__gPO_sBM_cAll_d12_mPO2_ch01__mc150-3,,BRIDGE3R,m15_bridge3r_fixed_v19,Anchor-root_mm,283.506978242129,429.4157048630892,-145.90872662096024
aist__gPO_sBM_cAll_d12_mPO2_ch01__mc150-3,aist__gPO_sBM_cAll_d12_mPO2_ch01__mc150-3,,BRIDGE3R,m15_bridge3r_fixed_v19,Orientation_deg,100.43942657341474,11.888751943433308,88.55067462998143
aist__gPO_sBM_cAll_d12_mPO2_ch01__mc150-3,aist__gPO_sBM_cAll_d12_mPO2_ch01__mc150-3,,BRIDGE3R,m15_bridge3r_fixed_v19,Seam-root_mm,567.8059473420722,441.6302641564222,126.17568318564997
aist__gPO_sBM_cAll_d12_mPO2_ch01__mc150-3,aist__gPO_sBM_cAll_d12_mPO2_ch01__mc150-3,,BRIDGE3R,m15_bridge3r_fixed_v19,Seam-orientation_deg,40.4423321957333,18.366606802042064,22.075725393691236
aist__gPO_sBM_cAll_d12_mPO2_ch01__mc150-3,aist__gPO_sBM_cAll_d12_mPO2_ch01__mc150-3,,BRIDGE3R,m15_bridge3r_fixed_v19,Camera-rotation_deg,157.67853190628716,13.166103335582848,144.51242857070432
aist__gPO_sBM_cAll_d12_mPO2_ch01__mc150-3,aist__gPO_sBM_cAll_d12_mPO2_ch01__mc150-3,,BRIDGE3R,m15_bridge3r_fixed_v19,Camera-translation_m,9.286599016099416,1.5690998663243148,7.717499149775101
aist__gPO_sBM_cAll_d12_mPO2_ch01__mc150-3,aist__gPO_sBM_cAll_d12_mPO2_ch01__mc150-3,,BRIDGE3R,m15_bridge3r_fixed_v19,Boundary-camera-rotation_deg,90.32863155688665,9.775942631386513,80.55268892550014
aist__gPO_sBM_cAll_d12_mPO2_ch01__mc150-3,aist__gPO_sBM_cAll_d12_mPO2_ch01__mc150-3,,BRIDGE3R,m15_bridge3r_fixed_v19,Boundary-camera-translation_m,6.276496229576701,1.255772884177242,5.020723345399459
aist__gPO_sBM_cAll_d12_mPO2_ch01__mc150-3,aist__gPO_sBM_cAll_d12_mPO2_ch01__mc150-3,,BRIDGE3R,m15_bridge3r_fixed_v19,Coverage,0.98,1.0,0.020000000000000018
aist__gPO_sBM_cAll_d12_mPO3_ch02__mc150-3,aist__gPO_sBM_cAll_d12_mPO3_ch02__mc150-3,,Human3R,m0_strict_human3r,PA-MPJPE_mm,48.64792308998782,50.00554927726214,-1.3576261872743203
aist__gPO_sBM_cAll_d12_mPO3_ch02__mc150-3,aist__gPO_sBM_cAll_d12_mPO3_ch02__mc150-3,,Human3R,m0_strict_human3r,Anchor-MPJPE_mm,1729.1831509959143,265.54731194038845,1463.6358390555258
aist__gPO_sBM_cAll_d12_mPO3_ch02__mc150-3,aist__gPO_sBM_cAll_d12_mPO3_ch02__mc150-3,,Human3R,m0_strict_human3r,Anchor-root_mm,1734.6478467978025,228.8952403675312,1505.7526064302713
aist__gPO_sBM_cAll_d12_mPO3_ch02__mc150-3,aist__gPO_sBM_cAll_d12_mPO3_ch02__mc150-3,,Human3R,m0_strict_human3r,Orientation_deg,55.21166846762485,35.61562823059437,19.59604023703048
aist__gPO_sBM_cAll_d12_mPO3_ch02__mc150-3,aist__gPO_sBM_cAll_d12_mPO3_ch02__mc150-3,,Human3R,m0_strict_human3r,Seam-root_mm,778.5387073793315,913.6755774784477,-135.1368700991162
aist__gPO_sBM_cAll_d12_mPO3_ch02__mc150-3,aist__gPO_sBM_cAll_d12_mPO3_ch02__mc150-3,,Human3R,m0_strict_human3r,Seam-orientation_deg,43.143666074180025,66.17243637347708,-23.028770299297058
aist__gPO_sBM_cAll_d12_mPO3_ch02__mc150-3,aist__gPO_sBM_cAll_d12_mPO3_ch02__mc150-3,,Human3R,m0_strict_human3r,Camera-rotation_deg,69.160262593765,47.45377305058101,21.706489543183984
aist__gPO_sBM_cAll_d12_mPO3_ch02__mc150-3,aist__gPO_sBM_cAll_d12_mPO3_ch02__mc150-3,,Human3R,m0_strict_human3r,Camera-translation_m,4.980103938952852,4.718797126045185,0.2613068129076668
aist__gPO_sBM_cAll_d12_mPO3_ch02__mc150-3,aist__gPO_sBM_cAll_d12_mPO3_ch02__mc150-3,,Human3R,m0_strict_human3r,Boundary-camera-rotation_deg,103.34304920213276,58.21149643277624,45.131552769356524
aist__gPO_sBM_cAll_d12_mPO3_ch02__mc150-3,aist__gPO_sBM_cAll_d12_mPO3_ch02__mc150-3,,Human3R,m0_strict_human3r,Boundary-camera-translation_m,7.519083816653881,4.065449041434494,3.4536347752193866
aist__gPO_sBM_cAll_d12_mPO3_ch02__mc150-3,aist__gPO_sBM_cAll_d12_mPO3_ch02__mc150-3,,Human3R,m0_strict_human3r,Coverage,0.9933333333333333,1.0,0.00666666666666671
aist__gPO_sBM_cAll_d12_mPO3_ch02__mc150-3,aist__gPO_sBM_cAll_d12_mPO3_ch02__mc150-3,,BRIDGE3R,m15_bridge3r_fixed_v19,PA-MPJPE_mm,48.64792308998782,50.14068216067362,-1.4927590706857998
aist__gPO_sBM_cAll_d12_mPO3_ch02__mc150-3,aist__gPO_sBM_cAll_d12_mPO3_ch02__mc150-3,,BRIDGE3R,m15_bridge3r_fixed_v19,Anchor-MPJPE_mm,1729.1831509959143,606.5524757468916,1122.6306752490227
aist__gPO_sBM_cAll_d12_mPO3_ch02__mc150-3,aist__gPO_sBM_cAll_d12_mPO3_ch02__mc150-3,,BRIDGE3R,m15_bridge3r_fixed_v19,Anchor-root_mm,1734.6478467978025,587.7058035818536,1146.9420432159488
aist__gPO_sBM_cAll_d12_mPO3_ch02__mc150-3,aist__gPO_sBM_cAll_d12_mPO3_ch02__mc150-3,,BRIDGE3R,m15_bridge3r_fixed_v19,Orientation_deg,55.21166846762485,30.435742438520222,24.775926029104625
aist__gPO_sBM_cAll_d12_mPO3_ch02__mc150-3,aist__gPO_sBM_cAll_d12_mPO3_ch02__mc150-3,,BRIDGE3R,m15_bridge3r_fixed_v19,Seam-root_mm,778.5387073793315,1194.8112667528005,-416.272559373469
aist__gPO_sBM_cAll_d12_mPO3_ch02__mc150-3,aist__gPO_sBM_cAll_d12_mPO3_ch02__mc150-3,,BRIDGE3R,m15_bridge3r_fixed_v19,Seam-orientation_deg,43.143666074180025,48.80325181811853,-5.659585743938507
aist__gPO_sBM_cAll_d12_mPO3_ch02__mc150-3,aist__gPO_sBM_cAll_d12_mPO3_ch02__mc150-3,,BRIDGE3R,m15_bridge3r_fixed_v19,Camera-rotation_deg,69.160262593765,48.4741740047542,20.6860885890108
aist__gPO_sBM_cAll_d12_mPO3_ch02__mc150-3,aist__gPO_sBM_cAll_d12_mPO3_ch02__mc150-3,,BRIDGE3R,m15_bridge3r_fixed_v19,Camera-translation_m,4.980103938952852,3.8216741237665484,1.1584298151863037
aist__gPO_sBM_cAll_d12_mPO3_ch02__mc150-3,aist__gPO_sBM_cAll_d12_mPO3_ch02__mc150-3,,BRIDGE3R,m15_bridge3r_fixed_v19,Boundary-camera-rotation_deg,103.34304920213276,42.34762276341629,60.99542643871647
aist__gPO_sBM_cAll_d12_mPO3_ch02__mc150-3,aist__gPO_sBM_cAll_d12_mPO3_ch02__mc150-3,,BRIDGE3R,m15_bridge3r_fixed_v19,Boundary-camera-translation_m,7.519083816653881,3.638792010555088,3.8802918060987928
aist__gPO_sBM_cAll_d12_mPO3_ch02__mc150-3,aist__gPO_sBM_cAll_d12_mPO3_ch02__mc150-3,,BRIDGE3R,m15_bridge3r_fixed_v19,Coverage,0.9933333333333333,1.0,0.00666666666666671
aist__gPO_sBM_cAll_d12_mPO4_ch01__mc150-3,aist__gPO_sBM_cAll_d12_mPO4_ch01__mc150-3,,Human3R,m0_strict_human3r,PA-MPJPE_mm,44.59571435827208,60.45578514165827,-15.860070783386185
aist__gPO_sBM_cAll_d12_mPO4_ch01__mc150-3,aist__gPO_sBM_cAll_d12_mPO4_ch01__mc150-3,,Human3R,m0_strict_human3r,Anchor-MPJPE_mm,795.3038632721133,486.8153709630436,308.48849230906967
aist__gPO_sBM_cAll_d12_mPO4_ch01__mc150-3,aist__gPO_sBM_cAll_d12_mPO4_ch01__mc150-3,,Human3R,m0_strict_human3r,Anchor-root_mm,736.601049496922,451.1945192339058,285.4065302630162
aist__gPO_sBM_cAll_d12_mPO4_ch01__mc150-3,aist__gPO_sBM_cAll_d12_mPO4_ch01__mc150-3,,Human3R,m0_strict_human3r,Orientation_deg,60.784675713717256,40.29052821013845,20.49414750357881
aist__gPO_sBM_cAll_d12_mPO4_ch01__mc150-3,aist__gPO_sBM_cAll_d12_mPO4_ch01__mc150-3,,Human3R,m0_strict_human3r,Seam-root_mm,435.80830822586324,500.0990599328218,-64.29075170695853
aist__gPO_sBM_cAll_d12_mPO4_ch01__mc150-3,aist__gPO_sBM_cAll_d12_mPO4_ch01__mc150-3,,Human3R,m0_strict_human3r,Seam-orientation_deg,57.63281831699911,86.9566765531792,-29.32385823618008
aist__gPO_sBM_cAll_d12_mPO4_ch01__mc150-3,aist__gPO_sBM_cAll_d12_mPO4_ch01__mc150-3,,Human3R,m0_strict_human3r,Camera-rotation_deg,72.99678296085546,50.79489373010662,22.201889230748833
aist__gPO_sBM_cAll_d12_mPO4_ch01__mc150-3,aist__gPO_sBM_cAll_d12_mPO4_ch01__mc150-3,,Human3R,m0_strict_human3r,Camera-translation_m,5.991989534660382,4.658301097690907,1.3336884369694753
aist__gPO_sBM_cAll_d12_mPO4_ch01__mc150-3,aist__gPO_sBM_cAll_d12_mPO4_ch01__mc150-3,,Human3R,m0_strict_human3r,Boundary-camera-rotation_deg,112.4352044859474,88.38168978934641,24.053514696600985
aist__gPO_sBM_cAll_d12_mPO4_ch01__mc150-3,aist__gPO_sBM_cAll_d12_mPO4_ch01__mc150-3,,Human3R,m0_strict_human3r,Boundary-camera-translation_m,8.109767945933253,6.983594711534805,1.1261732343984479
aist__gPO_sBM_cAll_d12_mPO4_ch01__mc150-3,aist__gPO_sBM_cAll_d12_mPO4_ch01__mc150-3,,Human3R,m0_strict_human3r,Coverage,0.98,1.0,0.020000000000000018
aist__gPO_sBM_cAll_d12_mPO4_ch01__mc150-3,aist__gPO_sBM_cAll_d12_mPO4_ch01__mc150-3,,BRIDGE3R,m15_bridge3r_fixed_v19,PA-MPJPE_mm,44.59571435827208,60.42891970667467,-15.833205348402586
aist__gPO_sBM_cAll_d12_mPO4_ch01__mc150-3,aist__gPO_sBM_cAll_d12_mPO4_ch01__mc150-3,,BRIDGE3R,m15_bridge3r_fixed_v19,Anchor-MPJPE_mm,795.3038632721133,332.64092185762684,462.66294141448645
aist__gPO_sBM_cAll_d12_mPO4_ch01__mc150-3,aist__gPO_sBM_cAll_d12_mPO4_ch01__mc150-3,,BRIDGE3R,m15_bridge3r_fixed_v19,Anchor-root_mm,736.601049496922,285.197490382065,451.403559114857
aist__gPO_sBM_cAll_d12_mPO4_ch01__mc150-3,aist__gPO_sBM_cAll_d12_mPO4_ch01__mc150-3,,BRIDGE3R,m15_bridge3r_fixed_v19,Orientation_deg,60.784675713717256,52.09242797725974,8.692247736457517
aist__gPO_sBM_cAll_d12_mPO4_ch01__mc150-3,aist__gPO_sBM_cAll_d12_mPO4_ch01__mc150-3,,BRIDGE3R,m15_bridge3r_fixed_v19,Seam-root_mm,435.80830822586324,511.7719346421617,-75.96362641629844
aist__gPO_sBM_cAll_d12_mPO4_ch01__mc150-3,aist__gPO_sBM_cAll_d12_mPO4_ch01__mc150-3,,BRIDGE3R,m15_bridge3r_fixed_v19,Seam-orientation_deg,57.63281831699911,82.06697967807179,-24.434161361072675
aist__gPO_sBM_cAll_d12_mPO4_ch01__mc150-3,aist__gPO_sBM_cAll_d12_mPO4_ch01__mc150-3,,BRIDGE3R,m15_bridge3r_fixed_v19,Camera-rotation_deg,72.99678296085546,69.15491538671748,3.8418675741379786
aist__gPO_sBM_cAll_d12_mPO4_ch01__mc150-3,aist__gPO_sBM_cAll_d12_mPO4_ch01__mc150-3,,BRIDGE3R,m15_bridge3r_fixed_v19,Camera-translation_m,5.991989534660382,5.619245421885557,0.372744112774825
aist__gPO_sBM_cAll_d12_mPO4_ch01__mc150-3,aist__gPO_sBM_cAll_d12_mPO4_ch01__mc150-3,,BRIDGE3R,m15_bridge3r_fixed_v19,Boundary-camera-rotation_deg,112.4352044859474,84.01178875199244,28.423415733954954
aist__gPO_sBM_cAll_d12_mPO4_ch01__mc150-3,aist__gPO_sBM_cAll_d12_mPO4_ch01__mc150-3,,BRIDGE3R,m15_bridge3r_fixed_v19,Boundary-camera-translation_m,8.109767945933253,6.769035110470096,1.3407328354631574
aist__gPO_sBM_cAll_d12_mPO4_ch01__mc150-3,aist__gPO_sBM_cAll_d12_mPO4_ch01__mc150-3,,BRIDGE3R,m15_bridge3r_fixed_v19,Coverage,0.98,1.0,0.020000000000000018
aist__gPO_sBM_cAll_d12_mPO5_ch01__mc150-3,aist__gPO_sBM_cAll_d12_mPO5_ch01__mc150-3,,Human3R,m0_strict_human3r,PA-MPJPE_mm,51.703041183964494,61.81120098968229,-10.108159805717797
aist__gPO_sBM_cAll_d12_mPO5_ch01__mc150-3,aist__gPO_sBM_cAll_d12_mPO5_ch01__mc150-3,,Human3R,m0_strict_human3r,Anchor-MPJPE_mm,1853.567808245157,269.4419044425198,1584.1259038026374
aist__gPO_sBM_cAll_d12_mPO5_ch01__mc150-3,aist__gPO_sBM_cAll_d12_mPO5_ch01__mc150-3,,Human3R,m0_strict_human3r,Anchor-root_mm,1835.2383659916716,208.20345652001976,1627.0349094716519
aist__gPO_sBM_cAll_d12_mPO5_ch01__mc150-3,aist__gPO_sBM_cAll_d12_mPO5_ch01__mc150-3,,Human3R,m0_strict_human3r,Orientation_deg,57.13562866009119,37.56818071142103,19.567447948670164
aist__gPO_sBM_cAll_d12_mPO5_ch01__mc150-3,aist__gPO_sBM_cAll_d12_mPO5_ch01__mc150-3,,Human3R,m0_strict_human3r,Seam-root_mm,605.7798805060188,907.864808404725,-302.08492789870616
aist__gPO_sBM_cAll_d12_mPO5_ch01__mc150-3,aist__gPO_sBM_cAll_d12_mPO5_ch01__mc150-3,,Human3R,m0_strict_human3r,Seam-orientation_deg,44.935937677045914,62.56725324025411,-17.631315563208197
aist__gPO_sBM_cAll_d12_mPO5_ch01__mc150-3,aist__gPO_sBM_cAll_d12_mPO5_ch01__mc150-3,,Human3R,m0_strict_human3r,Camera-rotation_deg,68.94419106667709,45.809993167563135,23.134197899113957
aist__gPO_sBM_cAll_d12_mPO5_ch01__mc150-3,aist__gPO_sBM_cAll_d12_mPO5_ch01__mc150-3,,Human3R,m0_strict_human3r,Camera-translation_m,5.122293541161001,4.432548410023333,0.6897451311376681
aist__gPO_sBM_cAll_d12_mPO5_ch01__mc150-3,aist__gPO_sBM_cAll_d12_mPO5_ch01__mc150-3,,Human3R,m0_strict_human3r,Boundary-camera-rotation_deg,103.34999074435817,56.51982217963126,46.830168564726904
aist__gPO_sBM_cAll_d12_mPO5_ch01__mc150-3,aist__gPO_sBM_cAll_d12_mPO5_ch01__mc150-3,,Human3R,m0_strict_human3r,Boundary-camera-translation_m,7.524351808717999,4.234165285125078,3.2901865235929204
aist__gPO_sBM_cAll_d12_mPO5_ch01__mc150-3,aist__gPO_sBM_cAll_d12_mPO5_ch01__mc150-3,,Human3R,m0_strict_human3r,Coverage,0.9933333333333333,1.0,0.00666666666666671
aist__gPO_sBM_cAll_d12_mPO5_ch01__mc150-3,aist__gPO_sBM_cAll_d12_mPO5_ch01__mc150-3,,BRIDGE3R,m15_bridge3r_fixed_v19,PA-MPJPE_mm,51.703041183964494,61.79711232203221,-10.094071138067719
aist__gPO_sBM_cAll_d12_mPO5_ch01__mc150-3,aist__gPO_sBM_cAll_d12_mPO5_ch01__mc150-3,,BRIDGE3R,m15_bridge3r_fixed_v19,Anchor-MPJPE_mm,1853.567808245157,749.0941983259851,1104.4736099191718
aist__gPO_sBM_cAll_d12_mPO5_ch01__mc150-3,aist__gPO_sBM_cAll_d12_mPO5_ch01__mc150-3,,BRIDGE3R,m15_bridge3r_fixed_v19,Anchor-root_mm,1835.2383659916716,714.0162286740898,1121.2221373175817
aist__gPO_sBM_cAll_d12_mPO5_ch01__mc150-3,aist__gPO_sBM_cAll_d12_mPO5_ch01__mc150-3,,BRIDGE3R,m15_bridge3r_fixed_v19,Orientation_deg,57.13562866009119,39.107998084007036,18.027630576084157
aist__gPO_sBM_cAll_d12_mPO5_ch01__mc150-3,aist__gPO_sBM_cAll_d12_mPO5_ch01__mc150-3,,BRIDGE3R,m15_bridge3r_fixed_v19,Seam-root_mm,605.7798805060188,1083.299992202859,-477.5201116968401
aist__gPO_sBM_cAll_d12_mPO5_ch01__mc150-3,aist__gPO_sBM_cAll_d12_mPO5_ch01__mc150-3,,BRIDGE3R,m15_bridge3r_fixed_v19,Seam-orientation_deg,44.935937677045914,50.282983415773465,-5.347045738727552
aist__gPO_sBM_cAll_d12_mPO5_ch01__mc150-3,aist__gPO_sBM_cAll_d12_mPO5_ch01__mc150-3,,BRIDGE3R,m15_bridge3r_fixed_v19,Camera-rotation_deg,68.94419106667709,51.01941269959672,17.92477836708037
aist__gPO_sBM_cAll_d12_mPO5_ch01__mc150-3,aist__gPO_sBM_cAll_d12_mPO5_ch01__mc150-3,,BRIDGE3R,m15_bridge3r_fixed_v19,Camera-translation_m,5.122293541161001,4.06806177288187,1.0542317682791316
aist__gPO_sBM_cAll_d12_mPO5_ch01__mc150-3,aist__gPO_sBM_cAll_d12_mPO5_ch01__mc150-3,,BRIDGE3R,m15_bridge3r_fixed_v19,Boundary-camera-rotation_deg,103.34999074435817,45.069633044947764,58.2803576994104
aist__gPO_sBM_cAll_d12_mPO5_ch01__mc150-3,aist__gPO_sBM_cAll_d12_mPO5_ch01__mc150-3,,BRIDGE3R,m15_bridge3r_fixed_v19,Boundary-camera-translation_m,7.524351808717999,3.9809282582714767,3.543423550446522
aist__gPO_sBM_cAll_d12_mPO5_ch01__mc150-3,aist__gPO_sBM_cAll_d12_mPO5_ch01__mc150-3,,BRIDGE3R,m15_bridge3r_fixed_v19,Coverage,0.9933333333333333,1.0,0.00666666666666671
aist__gPO_sBM_cAll_d12_mPO5_ch02__mc150-3,aist__gPO_sBM_cAll_d12_mPO5_ch02__mc150-3,,Human3R,m0_strict_human3r,PA-MPJPE_mm,54.36983574685737,50.768706715712405,3.601129031144964
aist__gPO_sBM_cAll_d12_mPO5_ch02__mc150-3,aist__gPO_sBM_cAll_d12_mPO5_ch02__mc150-3,,Human3R,m0_strict_human3r,Anchor-MPJPE_mm,904.1106615585604,771.0440045300124,133.06665702854798
aist__gPO_sBM_cAll_d12_mPO5_ch02__mc150-3,aist__gPO_sBM_cAll_d12_mPO5_ch02__mc150-3,,Human3R,m0_strict_human3r,Anchor-root_mm,858.3677902358507,763.7286510229342,94.63913921291658
aist__gPO_sBM_cAll_d12_mPO5_ch02__mc150-3,aist__gPO_sBM_cAll_d12_mPO5_ch02__mc150-3,,Human3R,m0_strict_human3r,Orientation_deg,40.884363881629554,15.426239059188834,25.45812482244072
aist__gPO_sBM_cAll_d12_mPO5_ch02__mc150-3,aist__gPO_sBM_cAll_d12_mPO5_ch02__mc150-3,,Human3R,m0_strict_human3r,Seam-root_mm,429.4298240848832,837.331318104428,-407.90149401954477
aist__gPO_sBM_cAll_d12_mPO5_ch02__mc150-3,aist__gPO_sBM_cAll_d12_mPO5_ch02__mc150-3,,Human3R,m0_strict_human3r,Seam-orientation_deg,15.817954109881573,40.19071584953727,-24.372761739655697
aist__gPO_sBM_cAll_d12_mPO5_ch02__mc150-3,aist__gPO_sBM_cAll_d12_mPO5_ch02__mc150-3,,Human3R,m0_strict_human3r,Camera-rotation_deg,51.74739187031789,15.976037181296558,35.77135468902134
aist__gPO_sBM_cAll_d12_mPO5_ch02__mc150-3,aist__gPO_sBM_cAll_d12_mPO5_ch02__mc150-3,,Human3R,m0_strict_human3r,Camera-translation_m,4.707967269077042,1.6916209002860265,3.016346368791016
aist__gPO_sBM_cAll_d12_mPO5_ch02__mc150-3,aist__gPO_sBM_cAll_d12_mPO5_ch02__mc150-3,,Human3R,m0_strict_human3r,Boundary-camera-rotation_deg,85.59357913442702,35.044388536648256,50.54919059777876
aist__gPO_sBM_cAll_d12_mPO5_ch02__mc150-3,aist__gPO_sBM_cAll_d12_mPO5_ch02__mc150-3,,Human3R,m0_strict_human3r,Boundary-camera-translation_m,6.222768383453971,3.0870952228044954,3.1356731606494757
aist__gPO_sBM_cAll_d12_mPO5_ch02__mc150-3,aist__gPO_sBM_cAll_d12_mPO5_ch02__mc150-3,,Human3R,m0_strict_human3r,Coverage,0.98,1.0,0.020000000000000018
aist__gPO_sBM_cAll_d12_mPO5_ch02__mc150-3,aist__gPO_sBM_cAll_d12_mPO5_ch02__mc150-3,,BRIDGE3R,m15_bridge3r_fixed_v19,PA-MPJPE_mm,54.36983574685737,50.582632354513926,3.787203392343443
aist__gPO_sBM_cAll_d12_mPO5_ch02__mc150-3,aist__gPO_sBM_cAll_d12_mPO5_ch02__mc150-3,,BRIDGE3R,m15_bridge3r_fixed_v19,Anchor-MPJPE_mm,904.1106615585604,450.1513803910398,453.9592811675206
aist__gPO_sBM_cAll_d12_mPO5_ch02__mc150-3,aist__gPO_sBM_cAll_d12_mPO5_ch02__mc150-3,,BRIDGE3R,m15_bridge3r_fixed_v19,Anchor-root_mm,858.3677902358507,437.0877386738352,421.28005156201556
aist__gPO_sBM_cAll_d12_mPO5_ch02__mc150-3,aist__gPO_sBM_cAll_d12_mPO5_ch02__mc150-3,,BRIDGE3R,m15_bridge3r_fixed_v19,Orientation_deg,40.884363881629554,20.737361878148732,20.14700200348082
aist__gPO_sBM_cAll_d12_mPO5_ch02__mc150-3,aist__gPO_sBM_cAll_d12_mPO5_ch02__mc150-3,,BRIDGE3R,m15_bridge3r_fixed_v19,Seam-root_mm,429.4298240848832,790.5673988520931,-361.1375747672099
aist__gPO_sBM_cAll_d12_mPO5_ch02__mc150-3,aist__gPO_sBM_cAll_d12_mPO5_ch02__mc150-3,,BRIDGE3R,m15_bridge3r_fixed_v19,Seam-orientation_deg,15.817954109881573,30.761322073878688,-14.943367963997115
aist__gPO_sBM_cAll_d12_mPO5_ch02__mc150-3,aist__gPO_sBM_cAll_d12_mPO5_ch02__mc150-3,,BRIDGE3R,m15_bridge3r_fixed_v19,Camera-rotation_deg,51.74739187031789,23.388623279522093,28.358768590795798
aist__gPO_sBM_cAll_d12_mPO5_ch02__mc150-3,aist__gPO_sBM_cAll_d12_mPO5_ch02__mc150-3,,BRIDGE3R,m15_bridge3r_fixed_v19,Camera-translation_m,4.707967269077042,2.1036283846627892,2.604338884414253
aist__gPO_sBM_cAll_d12_mPO5_ch02__mc150-3,aist__gPO_sBM_cAll_d12_mPO5_ch02__mc150-3,,BRIDGE3R,m15_bridge3r_fixed_v19,Boundary-camera-rotation_deg,85.59357913442702,24.35912245711952,61.2344566773075
aist__gPO_sBM_cAll_d12_mPO5_ch02__mc150-3,aist__gPO_sBM_cAll_d12_mPO5_ch02__mc150-3,,BRIDGE3R,m15_bridge3r_fixed_v19,Boundary-camera-translation_m,6.222768383453971,2.565698165909062,3.6570702175449092
aist__gPO_sBM_cAll_d12_mPO5_ch02__mc150-3,aist__gPO_sBM_cAll_d12_mPO5_ch02__mc150-3,,BRIDGE3R,m15_bridge3r_fixed_v19,Coverage,0.98,1.0,0.020000000000000018
aist__gWA_sBM_cAll_d27_mWA2_ch02__mc150-3,aist__gWA_sBM_cAll_d27_mWA2_ch02__mc150-3,,Human3R,m0_strict_human3r,PA-MPJPE_mm,85.19482002114714,86.56767159231791,-1.37285157117077
aist__gWA_sBM_cAll_d27_mWA2_ch02__mc150-3,aist__gWA_sBM_cAll_d27_mWA2_ch02__mc150-3,,Human3R,m0_strict_human3r,Anchor-MPJPE_mm,1181.421962527096,771.8213774677399,409.60058505935604
aist__gWA_sBM_cAll_d27_mWA2_ch02__mc150-3,aist__gWA_sBM_cAll_d27_mWA2_ch02__mc150-3,,Human3R,m0_strict_human3r,Anchor-root_mm,1158.7315777036017,740.6268683039972,418.10470939960453
aist__gWA_sBM_cAll_d27_mWA2_ch02__mc150-3,aist__gWA_sBM_cAll_d27_mWA2_ch02__mc150-3,,Human3R,m0_strict_human3r,Orientation_deg,40.14443479823678,50.55087808792809,-10.40644328969131
aist__gWA_sBM_cAll_d27_mWA2_ch02__mc150-3,aist__gWA_sBM_cAll_d27_mWA2_ch02__mc150-3,,Human3R,m0_strict_human3r,Seam-root_mm,345.2092919876763,215.46850450384943,129.74078748382686
aist__gWA_sBM_cAll_d27_mWA2_ch02__mc150-3,aist__gWA_sBM_cAll_d27_mWA2_ch02__mc150-3,,Human3R,m0_strict_human3r,Seam-orientation_deg,10.736098141135907,51.70503372523128,-40.96893558409538
aist__gWA_sBM_cAll_d27_mWA2_ch02__mc150-3,aist__gWA_sBM_cAll_d27_mWA2_ch02__mc150-3,,Human3R,m0_strict_human3r,Camera-rotation_deg,50.02196248690213,66.7640840383829,-16.74212155148077
aist__gWA_sBM_cAll_d27_mWA2_ch02__mc150-3,aist__gWA_sBM_cAll_d27_mWA2_ch02__mc150-3,,Human3R,m0_strict_human3r,Camera-translation_m,3.6920829448837806,5.805521997848845,-2.1134390529650644
aist__gWA_sBM_cAll_d27_mWA2_ch02__mc150-3,aist__gWA_sBM_cAll_d27_mWA2_ch02__mc150-3,,Human3R,m0_strict_human3r,Boundary-camera-rotation_deg,99.96933865558573,49.092052149418734,50.877286506166996
aist__gWA_sBM_cAll_d27_mWA2_ch02__mc150-3,aist__gWA_sBM_cAll_d27_mWA2_ch02__mc150-3,,Human3R,m0_strict_human3r,Boundary-camera-translation_m,6.9593860993057195,4.430828334329249,2.528557764976471
aist__gWA_sBM_cAll_d27_mWA2_ch02__mc150-3,aist__gWA_sBM_cAll_d27_mWA2_ch02__mc150-3,,Human3R,m0_strict_human3r,Coverage,0.9666666666666667,1.0,0.033333333333333326
aist__gWA_sBM_cAll_d27_mWA2_ch02__mc150-3,aist__gWA_sBM_cAll_d27_mWA2_ch02__mc150-3,,BRIDGE3R,m15_bridge3r_fixed_v19,PA-MPJPE_mm,85.19482002114714,86.98684547638995,-1.7920254552428077
aist__gWA_sBM_cAll_d27_mWA2_ch02__mc150-3,aist__gWA_sBM_cAll_d27_mWA2_ch02__mc150-3,,BRIDGE3R,m15_bridge3r_fixed_v19,Anchor-MPJPE_mm,1181.421962527096,214.95033679956072,966.4716257275352
aist__gWA_sBM_cAll_d27_mWA2_ch02__mc150-3,aist__gWA_sBM_cAll_d27_mWA2_ch02__mc150-3,,BRIDGE3R,m15_bridge3r_fixed_v19,Anchor-root_mm,1158.7315777036017,146.8609189525351,1011.8706587510667
aist__gWA_sBM_cAll_d27_mWA2_ch02__mc150-3,aist__gWA_sBM_cAll_d27_mWA2_ch02__mc150-3,,BRIDGE3R,m15_bridge3r_fixed_v19,Orientation_deg,40.14443479823678,50.42882389001292,-10.284389091776141
aist__gWA_sBM_cAll_d27_mWA2_ch02__mc150-3,aist__gWA_sBM_cAll_d27_mWA2_ch02__mc150-3,,BRIDGE3R,m15_bridge3r_fixed_v19,Seam-root_mm,345.2092919876763,245.58502308398545,99.62426890369085
aist__gWA_sBM_cAll_d27_mWA2_ch02__mc150-3,aist__gWA_sBM_cAll_d27_mWA2_ch02__mc150-3,,BRIDGE3R,m15_bridge3r_fixed_v19,Seam-orientation_deg,10.736098141135907,58.66806791012196,-47.93196976898606
aist__gWA_sBM_cAll_d27_mWA2_ch02__mc150-3,aist__gWA_sBM_cAll_d27_mWA2_ch02__mc150-3,,BRIDGE3R,m15_bridge3r_fixed_v19,Camera-rotation_deg,50.02196248690213,58.881562304603186,-8.859599817701053
aist__gWA_sBM_cAll_d27_mWA2_ch02__mc150-3,aist__gWA_sBM_cAll_d27_mWA2_ch02__mc150-3,,BRIDGE3R,m15_bridge3r_fixed_v19,Camera-translation_m,3.6920829448837806,4.419321921935446,-0.7272389770516656
aist__gWA_sBM_cAll_d27_mWA2_ch02__mc150-3,aist__gWA_sBM_cAll_d27_mWA2_ch02__mc150-3,,BRIDGE3R,m15_bridge3r_fixed_v19,Boundary-camera-rotation_deg,99.96933865558573,56.26673377894459,43.70260487664114
aist__gWA_sBM_cAll_d27_mWA2_ch02__mc150-3,aist__gWA_sBM_cAll_d27_mWA2_ch02__mc150-3,,BRIDGE3R,m15_bridge3r_fixed_v19,Boundary-camera-translation_m,6.9593860993057195,4.270472699140243,2.688913400165476
aist__gWA_sBM_cAll_d27_mWA2_ch02__mc150-3,aist__gWA_sBM_cAll_d27_mWA2_ch02__mc150-3,,BRIDGE3R,m15_bridge3r_fixed_v19,Coverage,0.9666666666666667,1.0,0.033333333333333326
aist__gWA_sBM_cAll_d27_mWA3_ch02__mc150-3,aist__gWA_sBM_cAll_d27_mWA3_ch02__mc150-3,,Human3R,m0_strict_human3r,PA-MPJPE_mm,74.64106083644668,81.0715313345286,-6.430470498081917
aist__gWA_sBM_cAll_d27_mWA3_ch02__mc150-3,aist__gWA_sBM_cAll_d27_mWA3_ch02__mc150-3,,Human3R,m0_strict_human3r,Anchor-MPJPE_mm,1474.3995807952745,362.5108573498932,1111.8887234453814
aist__gWA_sBM_cAll_d27_mWA3_ch02__mc150-3,aist__gWA_sBM_cAll_d27_mWA3_ch02__mc150-3,,Human3R,m0_strict_human3r,Anchor-root_mm,1450.9170206744811,160.66869521675144,1290.2483254577296
aist__gWA_sBM_cAll_d27_mWA3_ch02__mc150-3,aist__gWA_sBM_cAll_d27_mWA3_ch02__mc150-3,,Human3R,m0_strict_human3r,Orientation_deg,15.581080717947856,20.922621131326363,-5.341540413378507
aist__gWA_sBM_cAll_d27_mWA3_ch02__mc150-3,aist__gWA_sBM_cAll_d27_mWA3_ch02__mc150-3,,Human3R,m0_strict_human3r,Seam-root_mm,815.2068515244713,388.2989345962545,426.90791692821676
aist__gWA_sBM_cAll_d27_mWA3_ch02__mc150-3,aist__gWA_sBM_cAll_d27_mWA3_ch02__mc150-3,,Human3R,m0_strict_human3r,Seam-orientation_deg,29.610741217868412,13.352445768109057,16.258295449759355
aist__gWA_sBM_cAll_d27_mWA3_ch02__mc150-3,aist__gWA_sBM_cAll_d27_mWA3_ch02__mc150-3,,Human3R,m0_strict_human3r,Camera-rotation_deg,12.126061639495505,3.8051179075251276,8.320943731970377
aist__gWA_sBM_cAll_d27_mWA3_ch02__mc150-3,aist__gWA_sBM_cAll_d27_mWA3_ch02__mc150-3,,Human3R,m0_strict_human3r,Camera-translation_m,3.305159522165133,0.8235378856835871,2.481621636481546
aist__gWA_sBM_cAll_d27_mWA3_ch02__mc150-3,aist__gWA_sBM_cAll_d27_mWA3_ch02__mc150-3,,Human3R,m0_strict_human3r,Boundary-camera-rotation_deg,92.0537592235117,7.478795665053761,84.57496355845794
aist__gWA_sBM_cAll_d27_mWA3_ch02__mc150-3,aist__gWA_sBM_cAll_d27_mWA3_ch02__mc150-3,,Human3R,m0_strict_human3r,Boundary-camera-translation_m,6.729369310522172,1.979659924282315,4.749709386239857
aist__gWA_sBM_cAll_d27_mWA3_ch02__mc150-3,aist__gWA_sBM_cAll_d27_mWA3_ch02__mc150-3,,Human3R,m0_strict_human3r,Coverage,0.9933333333333333,1.0,0.00666666666666671
aist__gWA_sBM_cAll_d27_mWA3_ch02__mc150-3,aist__gWA_sBM_cAll_d27_mWA3_ch02__mc150-3,,BRIDGE3R,m15_bridge3r_fixed_v19,PA-MPJPE_mm,74.64106083644668,81.45195621413424,-6.810895377687558
aist__gWA_sBM_cAll_d27_mWA3_ch02__mc150-3,aist__gWA_sBM_cAll_d27_mWA3_ch02__mc150-3,,BRIDGE3R,m15_bridge3r_fixed_v19,Anchor-MPJPE_mm,1474.3995807952745,431.5970792671917,1042.8025015280828
aist__gWA_sBM_cAll_d27_mWA3_ch02__mc150-3,aist__gWA_sBM_cAll_d27_mWA3_ch02__mc150-3,,BRIDGE3R,m15_bridge3r_fixed_v19,Anchor-root_mm,1450.9170206744811,261.6772506996475,1189.2397699748335
aist__gWA_sBM_cAll_d27_mWA3_ch02__mc150-3,aist__gWA_sBM_cAll_d27_mWA3_ch02__mc150-3,,BRIDGE3R,m15_bridge3r_fixed_v19,Orientation_deg,15.581080717947856,20.87899481045527,-5.2979140925074155
aist__gWA_sBM_cAll_d27_mWA3_ch02__mc150-3,aist__gWA_sBM_cAll_d27_mWA3_ch02__mc150-3,,BRIDGE3R,m15_bridge3r_fixed_v19,Seam-root_mm,815.2068515244713,323.04300198543837,492.1638495390329
aist__gWA_sBM_cAll_d27_mWA3_ch02__mc150-3,aist__gWA_sBM_cAll_d27_mWA3_ch02__mc150-3,,BRIDGE3R,m15_bridge3r_fixed_v19,Seam-orientation_deg,29.610741217868412,10.573296798511718,19.037444419356696
aist__gWA_sBM_cAll_d27_mWA3_ch02__mc150-3,aist__gWA_sBM_cAll_d27_mWA3_ch02__mc150-3,,BRIDGE3R,m15_bridge3r_fixed_v19,Camera-rotation_deg,12.126061639495505,5.502455119437661,6.6236065200578444
aist__gWA_sBM_cAll_d27_mWA3_ch02__mc150-3,aist__gWA_sBM_cAll_d27_mWA3_ch02__mc150-3,,BRIDGE3R,m15_bridge3r_fixed_v19,Camera-translation_m,3.305159522165133,1.6143739234870487,1.6907855986780844
aist__gWA_sBM_cAll_d27_mWA3_ch02__mc150-3,aist__gWA_sBM_cAll_d27_mWA3_ch02__mc150-3,,BRIDGE3R,m15_bridge3r_fixed_v19,Boundary-camera-rotation_deg,92.0537592235117,3.999769637360928,88.05398958615078
aist__gWA_sBM_cAll_d27_mWA3_ch02__mc150-3,aist__gWA_sBM_cAll_d27_mWA3_ch02__mc150-3,,BRIDGE3R,m15_bridge3r_fixed_v19,Boundary-camera-translation_m,6.729369310522172,1.1423573852631599,5.587011925259012
aist__gWA_sBM_cAll_d27_mWA3_ch02__mc150-3,aist__gWA_sBM_cAll_d27_mWA3_ch02__mc150-3,,BRIDGE3R,m15_bridge3r_fixed_v19,Coverage,0.9933333333333333,1.0,0.00666666666666671
aist__gWA_sBM_cAll_d27_mWA4_ch01__mc150-3,aist__gWA_sBM_cAll_d27_mWA4_ch01__mc150-3,,Human3R,m0_strict_human3r,PA-MPJPE_mm,,80.46055425749728,
aist__gWA_sBM_cAll_d27_mWA4_ch01__mc150-3,aist__gWA_sBM_cAll_d27_mWA4_ch01__mc150-3,,Human3R,m0_strict_human3r,Anchor-MPJPE_mm,,354.06558605406343,
aist__gWA_sBM_cAll_d27_mWA4_ch01__mc150-3,aist__gWA_sBM_cAll_d27_mWA4_ch01__mc150-3,,Human3R,m0_strict_human3r,Anchor-root_mm,,335.7889719403869,
aist__gWA_sBM_cAll_d27_mWA4_ch01__mc150-3,aist__gWA_sBM_cAll_d27_mWA4_ch01__mc150-3,,Human3R,m0_strict_human3r,Orientation_deg,,19.08341601787291,
aist__gWA_sBM_cAll_d27_mWA4_ch01__mc150-3,aist__gWA_sBM_cAll_d27_mWA4_ch01__mc150-3,,Human3R,m0_strict_human3r,Seam-root_mm,,599.9518578490568,
aist__gWA_sBM_cAll_d27_mWA4_ch01__mc150-3,aist__gWA_sBM_cAll_d27_mWA4_ch01__mc150-3,,Human3R,m0_strict_human3r,Seam-orientation_deg,,26.029222465669818,
aist__gWA_sBM_cAll_d27_mWA4_ch01__mc150-3,aist__gWA_sBM_cAll_d27_mWA4_ch01__mc150-3,,Human3R,m0_strict_human3r,Camera-rotation_deg,,12.47190183274549,
aist__gWA_sBM_cAll_d27_mWA4_ch01__mc150-3,aist__gWA_sBM_cAll_d27_mWA4_ch01__mc150-3,,Human3R,m0_strict_human3r,Camera-translation_m,,1.3761283016010404,
aist__gWA_sBM_cAll_d27_mWA4_ch01__mc150-3,aist__gWA_sBM_cAll_d27_mWA4_ch01__mc150-3,,Human3R,m0_strict_human3r,Boundary-camera-rotation_deg,,37.35792938497639,
aist__gWA_sBM_cAll_d27_mWA4_ch01__mc150-3,aist__gWA_sBM_cAll_d27_mWA4_ch01__mc150-3,,Human3R,m0_strict_human3r,Boundary-camera-translation_m,,2.7213250109516878,
aist__gWA_sBM_cAll_d27_mWA4_ch01__mc150-3,aist__gWA_sBM_cAll_d27_mWA4_ch01__mc150-3,,Human3R,m0_strict_human3r,Coverage,0.0,1.0,1.0
aist__gWA_sBM_cAll_d27_mWA4_ch01__mc150-3,aist__gWA_sBM_cAll_d27_mWA4_ch01__mc150-3,,BRIDGE3R,m15_bridge3r_fixed_v19,PA-MPJPE_mm,,80.61097959850731,
aist__gWA_sBM_cAll_d27_mWA4_ch01__mc150-3,aist__gWA_sBM_cAll_d27_mWA4_ch01__mc150-3,,BRIDGE3R,m15_bridge3r_fixed_v19,Anchor-MPJPE_mm,,721.6539026629829,
aist__gWA_sBM_cAll_d27_mWA4_ch01__mc150-3,aist__gWA_sBM_cAll_d27_mWA4_ch01__mc150-3,,BRIDGE3R,m15_bridge3r_fixed_v19,Anchor-root_mm,,708.6841833432939,
aist__gWA_sBM_cAll_d27_mWA4_ch01__mc150-3,aist__gWA_sBM_cAll_d27_mWA4_ch01__mc150-3,,BRIDGE3R,m15_bridge3r_fixed_v19,Orientation_deg,,17.396539552406956,
aist__gWA_sBM_cAll_d27_mWA4_ch01__mc150-3,aist__gWA_sBM_cAll_d27_mWA4_ch01__mc150-3,,BRIDGE3R,m15_bridge3r_fixed_v19,Seam-root_mm,,605.6260514925079,
aist__gWA_sBM_cAll_d27_mWA4_ch01__mc150-3,aist__gWA_sBM_cAll_d27_mWA4_ch01__mc150-3,,BRIDGE3R,m15_bridge3r_fixed_v19,Seam-orientation_deg,,22.480197786222526,
aist__gWA_sBM_cAll_d27_mWA4_ch01__mc150-3,aist__gWA_sBM_cAll_d27_mWA4_ch01__mc150-3,,BRIDGE3R,m15_bridge3r_fixed_v19,Camera-rotation_deg,,7.887378490176913,
aist__gWA_sBM_cAll_d27_mWA4_ch01__mc150-3,aist__gWA_sBM_cAll_d27_mWA4_ch01__mc150-3,,BRIDGE3R,m15_bridge3r_fixed_v19,Camera-translation_m,,0.9771549303525837,
aist__gWA_sBM_cAll_d27_mWA4_ch01__mc150-3,aist__gWA_sBM_cAll_d27_mWA4_ch01__mc150-3,,BRIDGE3R,m15_bridge3r_fixed_v19,Boundary-camera-rotation_deg,,7.858203356326989,
aist__gWA_sBM_cAll_d27_mWA4_ch01__mc150-3,aist__gWA_sBM_cAll_d27_mWA4_ch01__mc150-3,,BRIDGE3R,m15_bridge3r_fixed_v19,Boundary-camera-translation_m,,0.9803499606969628,
aist__gWA_sBM_cAll_d27_mWA4_ch01__mc150-3,aist__gWA_sBM_cAll_d27_mWA4_ch01__mc150-3,,BRIDGE3R,m15_bridge3r_fixed_v19,Coverage,0.0,1.0,1.0
aist__gWA_sFM_cAll_d27_mWA0_ch15__mc150-3,aist__gWA_sFM_cAll_d27_mWA0_ch15__mc150-3,,Human3R,m0_strict_human3r,PA-MPJPE_mm,78.26891600206541,95.43579194477985,-17.16687594271444
aist__gWA_sFM_cAll_d27_mWA0_ch15__mc150-3,aist__gWA_sFM_cAll_d27_mWA0_ch15__mc150-3,,Human3R,m0_strict_human3r,Anchor-MPJPE_mm,486.8509248468386,393.92012901818504,92.93079582865357
aist__gWA_sFM_cAll_d27_mWA0_ch15__mc150-3,aist__gWA_sFM_cAll_d27_mWA0_ch15__mc150-3,,Human3R,m0_strict_human3r,Anchor-root_mm,422.47353221459787,331.64742194265864,90.82611027193923
aist__gWA_sFM_cAll_d27_mWA0_ch15__mc150-3,aist__gWA_sFM_cAll_d27_mWA0_ch15__mc150-3,,Human3R,m0_strict_human3r,Orientation_deg,65.75355299804662,52.30261738165705,13.450935616389565
aist__gWA_sFM_cAll_d27_mWA0_ch15__mc150-3,aist__gWA_sFM_cAll_d27_mWA0_ch15__mc150-3,,Human3R,m0_strict_human3r,Seam-root_mm,73.3931475658419,163.2567968567066,-89.86364929086469
aist__gWA_sFM_cAll_d27_mWA0_ch15__mc150-3,aist__gWA_sFM_cAll_d27_mWA0_ch15__mc150-3,,Human3R,m0_strict_human3r,Seam-orientation_deg,54.16145165285314,79.27530929415538,-25.11385764130224
aist__gWA_sFM_cAll_d27_mWA0_ch15__mc150-3,aist__gWA_sFM_cAll_d27_mWA0_ch15__mc150-3,,Human3R,m0_strict_human3r,Camera-rotation_deg,70.51037153338105,52.04826075525588,18.462110778125165
aist__gWA_sFM_cAll_d27_mWA0_ch15__mc150-3,aist__gWA_sFM_cAll_d27_mWA0_ch15__mc150-3,,Human3R,m0_strict_human3r,Camera-translation_m,5.019875542369203,3.7888537468580212,1.2310217955111815
aist__gWA_sFM_cAll_d27_mWA0_ch15__mc150-3,aist__gWA_sFM_cAll_d27_mWA0_ch15__mc150-3,,Human3R,m0_strict_human3r,Boundary-camera-rotation_deg,113.10798068350545,93.3189976289953,19.78898305451014
aist__gWA_sFM_cAll_d27_mWA0_ch15__mc150-3,aist__gWA_sFM_cAll_d27_mWA0_ch15__mc150-3,,Human3R,m0_strict_human3r,Boundary-camera-translation_m,8.012789994658561,6.853069653467047,1.1597203411915142
aist__gWA_sFM_cAll_d27_mWA0_ch15__mc150-3,aist__gWA_sFM_cAll_d27_mWA0_ch15__mc150-3,,Human3R,m0_strict_human3r,Coverage,0.9933333333333333,1.0,0.00666666666666671
aist__gWA_sFM_cAll_d27_mWA0_ch15__mc150-3,aist__gWA_sFM_cAll_d27_mWA0_ch15__mc150-3,,BRIDGE3R,m15_bridge3r_fixed_v19,PA-MPJPE_mm,78.26891600206541,95.3231749555167,-17.054258953451296
aist__gWA_sFM_cAll_d27_mWA0_ch15__mc150-3,aist__gWA_sFM_cAll_d27_mWA0_ch15__mc150-3,,BRIDGE3R,m15_bridge3r_fixed_v19,Anchor-MPJPE_mm,486.8509248468386,453.88785991233567,32.96306493450294
aist__gWA_sFM_cAll_d27_mWA0_ch15__mc150-3,aist__gWA_sFM_cAll_d27_mWA0_ch15__mc150-3,,BRIDGE3R,m15_bridge3r_fixed_v19,Anchor-root_mm,422.47353221459787,404.7342709062066,17.739261308391292
aist__gWA_sFM_cAll_d27_mWA0_ch15__mc150-3,aist__gWA_sFM_cAll_d27_mWA0_ch15__mc150-3,,BRIDGE3R,m15_bridge3r_fixed_v19,Orientation_deg,65.75355299804662,68.64884769126442,-2.8952946932178065
aist__gWA_sFM_cAll_d27_mWA0_ch15__mc150-3,aist__gWA_sFM_cAll_d27_mWA0_ch15__mc150-3,,BRIDGE3R,m15_bridge3r_fixed_v19,Seam-root_mm,73.3931475658419,355.8315128430537,-282.4383652772118
aist__gWA_sFM_cAll_d27_mWA0_ch15__mc150-3,aist__gWA_sFM_cAll_d27_mWA0_ch15__mc150-3,,BRIDGE3R,m15_bridge3r_fixed_v19,Seam-orientation_deg,54.16145165285314,56.10618352802827,-1.9447318751751297
aist__gWA_sFM_cAll_d27_mWA0_ch15__mc150-3,aist__gWA_sFM_cAll_d27_mWA0_ch15__mc150-3,,BRIDGE3R,m15_bridge3r_fixed_v19,Camera-rotation_deg,70.51037153338105,76.78051892339572,-6.270147390014671
aist__gWA_sFM_cAll_d27_mWA0_ch15__mc150-3,aist__gWA_sFM_cAll_d27_mWA0_ch15__mc150-3,,BRIDGE3R,m15_bridge3r_fixed_v19,Camera-translation_m,5.019875542369203,5.443867251261999,-0.423991708892796
aist__gWA_sFM_cAll_d27_mWA0_ch15__mc150-3,aist__gWA_sFM_cAll_d27_mWA0_ch15__mc150-3,,BRIDGE3R,m15_bridge3r_fixed_v19,Boundary-camera-rotation_deg,113.10798068350545,67.33313386855559,45.77484681494985
aist__gWA_sFM_cAll_d27_mWA0_ch15__mc150-3,aist__gWA_sFM_cAll_d27_mWA0_ch15__mc150-3,,BRIDGE3R,m15_bridge3r_fixed_v19,Boundary-camera-translation_m,8.012789994658561,5.371485015691102,2.64130497896746
aist__gWA_sFM_cAll_d27_mWA0_ch15__mc150-3,aist__gWA_sFM_cAll_d27_mWA0_ch15__mc150-3,,BRIDGE3R,m15_bridge3r_fixed_v19,Coverage,0.9933333333333333,1.0,0.00666666666666671
