ATE_SE3_m,ATE_Sim3_m,Coverage,IDF1,MPJPE_mm,PA-MPJPE_mm,Precision,W-MPJPE_mm,WA-MPJPE_mm,angle_stratum,case_id,dataset,inference_status,method,seconds,time_access,unit
1.7225368805306451,0.10010345861391705,1.0,0.8474074074074074,119.1453694622482,54.168935829814544,0.8,663.6504201076508,304.5986545233579,extreme,h4d_test_01_hugging_002_hugging_extreme_cam07_cam20_b00151,harmony4d,audited,JOSH,583.501711659017,offline_full_sequence,002_hugging
0.07841977561887627,0.01663931306758327,1.0,0.8355555555555556,141.6924951897806,59.216943387991826,0.8,239.87733364851107,160.72246369484037,small,h4d_test_01_hugging_002_hugging_small_cam19_cam20_b00151,harmony4d,audited,JOSH,586.0664003110141,offline_full_sequence,002_hugging
1.8690530463133155,0.12131721405551199,1.0,0.7263922518159807,74.61205424222906,46.505340363407065,0.5703422053231939,653.4636979112306,267.4793700209863,large,h4d_test_03_grappling2_028_grappling2_large_cam11_cam15_b00076,harmony4d,audited,JOSH,604.9476401540451,offline_full_sequence,028_grappling2
0.920942647496798,0.5059186917570964,0.9666666666666667,0.7134071340713407,104.7030573149227,58.59359962452737,0.5653021442495126,1102.9309684468922,231.52714823048535,large,h4d_test_01_hugging_002_hugging_large_cam11_cam16_b00151,harmony4d,audited,JOSH,649.7655535649974,offline_full_sequence,002_hugging
0.10293504863623208,0.02891320323792952,0.9066666666666666,0.5672575599582899,90.08349364555045,61.1190785273697,0.41274658573596357,502.323621248787,196.2857386787549,small,h4d_test_03_grappling2_028_grappling2_small_cam05_cam08_b00076,harmony4d,audited,JOSH,704.3676617279416,offline_full_sequence,028_grappling2
0.32620209077639745,0.0341155956500414,0.9633333333333334,0.5837837837837838,104.69194768293404,60.97446823445914,0.4624,905.0774024870572,278.88808279295256,medium,h4d_test_01_hugging_002_hugging_medium_cam11_cam14_b00151,harmony4d,audited,JOSH,750.3202026979998,offline_full_sequence,002_hugging
3.054562053703867,0.1722679516984572,0.97,0.24232633279483037,81.5606768045652,57.18322284032991,0.31023454157782515,987.5204406050071,549.3954986503408,extreme,h4d_test_03_grappling2_028_grappling2_extreme_cam14_cam16_b00076,harmony4d,audited,JOSH,849.5541877790238,offline_full_sequence,028_grappling2
0.5768624318854311,0.08083642440440532,1.0,0.3819223424570337,84.19214374752222,53.764732931874505,0.23603461841070023,683.1954501482073,450.7102725396635,medium,h4d_test_03_grappling2_028_grappling2_medium_cam10_cam16_b00076,harmony4d,audited,JOSH,1005.0918980889255,offline_full_sequence,028_grappling2
1.143760543905582,0.11847736299728834,0.5,0.44666666666666666,84.94474487367768,61.419279133322874,0.5,577.2472939344672,351.26490235674993,large,h4d_test_03_grappling2_030_grappling2_large_cam01_cam14_b00151,harmony4d,audited,JOSH,473.89607964706374,offline_full_sequence,030_grappling2
1.8441372903017312,0.11839555399605921,0.52,0.2838283828382838,97.61933403549762,64.75417244160985,0.5098039215686274,550.9335022301232,256.64443636757596,large,h4d_test_03_grappling2_033_grappling2_large_cam01_cam14_b00087,harmony4d,audited,JOSH,506.47166318492964,offline_full_sequence,033_grappling2
0.1690535065940018,0.18714348869545228,0.94,0.5965665236051502,85.43108710601813,59.515366332240355,0.4462025316455696,459.8554684111621,254.83366521590045,small,h4d_test_03_grappling2_030_grappling2_small_cam05_cam08_b00151,harmony4d,audited,JOSH,706.6635605129995,offline_full_sequence,030_grappling2
3.0527903071983844,0.17171950175838385,0.9933333333333333,0.4945878434637802,90.78804035305328,58.794934072475236,0.33074361820199777,1499.017700079192,556.1330208446976,extreme,h4d_test_03_grappling2_030_grappling2_extreme_cam14_cam16_b00151,harmony4d,audited,JOSH,865.979243264941,offline_full_sequence,030_grappling2
0.4801865296793133,0.08103289718372998,1.0,0.3865110246433204,75.26455631866128,52.729257351914285,0.24154589371980675,597.2079763744975,268.32591721403526,medium,h4d_test_03_grappling2_030_grappling2_medium_cam10_cam16_b00151,harmony4d,audited,JOSH,988.4967321069562,offline_full_sequence,030_grappling2
3.2111265987265627,0.1724744851552297,0.99,0.24813895781637718,82.72679546227614,59.3124725143724,0.32673267326732675,658.5327403563663,349.01858052131786,extreme,h4d_test_03_grappling2_033_grappling2_extreme_cam14_cam16_b00087,harmony4d,audited,JOSH,956.5514633739949,offline_full_sequence,033_grappling2
0.06529709554044587,0.028860383424809597,0.97,0.6606129398410897,80.63354210859237,58.55940292278935,0.5008605851979346,343.4779439958602,184.475653149049,small,h4d_test_03_grappling2_033_grappling2_small_cam05_cam08_b00087,harmony4d,audited,JOSH,683.3964074369869,offline_full_sequence,033_grappling2
2.7386253275177492,0.17175825828174984,1.0,0.39636363636363636,86.85631415843507,67.0297892154867,0.375,1478.4729495002969,441.6755327862403,extreme,h4d_test_03_grappling2_038_grappling2_extreme_cam14_cam16_b00148,harmony4d,audited,JOSH,849.1448058530223,offline_full_sequence,038_grappling2
1.8957379721298473,0.12126116802040637,1.0,0.6637069922308546,83.33993655552551,61.35548639349845,0.49916805324459235,443.12826331353676,325.8231052481301,large,h4d_test_03_grappling2_038_grappling2_large_cam11_cam15_b00148,harmony4d,audited,JOSH,715.0937381769763,offline_full_sequence,038_grappling2
0.5674124439075283,0.08098585265282779,1.0,0.37641154328732745,77.66557304430877,59.03658641010564,0.23183925811437403,603.7634768810407,419.67524975471895,medium,h4d_test_03_grappling2_033_grappling2_medium_cam10_cam16_b00087,harmony4d,audited,JOSH,1150.1310355600435,offline_full_sequence,033_grappling2
0.8119914092320109,0.5036789562347078,0.9433333333333334,0.5576354679802956,89.85568889754626,74.78052068592498,0.3958041958041958,1135.4086995661512,540.3479769091215,small,h4d_test_03_grappling2_038_grappling2_small_cam05_cam08_b00148,harmony4d,audited,JOSH,801.1103767660679,offline_full_sequence,038_grappling2
1.9952852023991159,0.11859040842181998,0.98,0.7205882352941176,99.55096314129567,61.15263706199769,0.5697674418604651,969.5211013217519,457.12676533958563,large,h4d_test_03_grappling2_040_grappling2_large_cam01_cam14_b00260,harmony4d,audited,JOSH,789.3768411880592,offline_full_sequence,040_grappling2
0.5427580466685403,0.15304706491412565,1.0,0.38040712468193383,99.73103800103313,76.91623051708,0.2358490566037736,1068.7509607600123,416.20089560785823,medium,h4d_test_03_grappling2_038_grappling2_medium_cam10_cam16_b00148,harmony4d,audited,JOSH,1110.4905532639823,offline_full_sequence,038_grappling2
3.022284782781938,0.17217291195171056,0.9433333333333334,0.2412914188615123,109.16955126989036,71.31408707636274,0.322690992018244,1422.2187478969943,486.0022887312465,extreme,h4d_test_03_grappling2_040_grappling2_extreme_cam14_cam16_b00260,harmony4d,audited,JOSH,891.3112729390268,offline_full_sequence,040_grappling2
2.002542372256528,0.1216846278145022,0.9666666666666667,0.6721120186697783,70.16906196860714,44.326914826689574,0.5206463195691203,468.0584655996759,294.5603649159099,large,h4d_test_03_grappling2_041_grappling2_large_cam11_cam15_b00224,harmony4d,audited,JOSH,673.5868929240387,offline_full_sequence,041_grappling2
0.43035562947417894,0.08086287983011008,0.97,0.38188976377952755,107.02749314166128,61.11602845032287,0.23774509803921567,619.3932882246419,330.9061852537121,medium,h4d_test_03_grappling2_040_grappling2_medium_cam10_cam16_b00260,harmony4d,audited,JOSH,1055.1743691789452,offline_full_sequence,040_grappling2
0.13462221364028776,0.03431580598925935,0.9633333333333334,0.5017361111111112,96.27268330681046,72.22880774872064,0.3392018779342723,582.7081713927988,335.6779801446597,small,h4d_test_03_grappling2_040_grappling2_small_cam05_cam08_b00260,harmony4d,audited,JOSH,882.412668272038,offline_full_sequence,040_grappling2
3.0201697236942042,0.171844611862942,1.0,0.39070567986230637,67.33213338457035,47.32640488912617,0.3480278422273782,723.4333977819899,413.4310850062487,extreme,h4d_test_03_grappling2_041_grappling2_extreme_cam14_cam16_b00224,harmony4d,audited,JOSH,918.6272060999763,offline_full_sequence,041_grappling2
2.155353475337133,0.12164069565215556,1.0,0.6666666666666666,92.96001470082416,65.42687981789358,0.5,489.15834435737014,306.75226578180445,large,h4d_test_03_grappling2_043_grappling2_large_cam11_cam15_b00164,harmony4d,audited,JOSH,710.9871722169919,offline_full_sequence,043_grappling2
0.4887623506728526,0.08091229796812627,1.0,0.4322766570605187,58.959403442335216,47.99671415879785,0.2757352941176471,563.1994591495067,342.28530545811225,medium,h4d_test_03_grappling2_041_grappling2_medium_cam10_cam16_b00224,harmony4d,audited,JOSH,1010.096210581949,offline_full_sequence,041_grappling2
0.1749792103195898,0.17509761040583635,0.9966666666666667,0.38242894056847543,83.3309664792424,61.88674509943231,0.34727061556329847,954.3445445449327,430.1388054223761,extreme,h4d_test_03_grappling2_043_grappling2_extreme_cam14_cam16_b00164,harmony4d,audited,JOSH,899.5724142700783,offline_full_sequence,043_grappling2
0.04367165281625578,0.028812177208172803,1.0,0.5333333333333333,59.59409174456829,42.423325101341,0.36363636363636365,253.9076668002737,139.92744952030174,small,h4d_test_03_grappling2_041_grappling2_small_cam05_cam08_b00224,harmony4d,audited,JOSH,977.763491495105,offline_full_sequence,041_grappling2
2.233547686639318,0.142065344582977,1.0,0.8888888888888888,83.567715387074,38.99136758463255,0.8,672.7327181940389,409.5429570189763,large,h4d_test_05_sword2_009_sword2_large_cam12_cam13_b00521,harmony4d,audited,JOSH,514.0836902539595,offline_full_sequence,009_sword2
3.6166372188668237,0.19807740980420346,0.9333333333333333,0.39400921658986177,95.05057615561114,57.03584978128796,0.49295774647887325,922.66831872627,456.23395300973453,extreme,h4d_test_05_sword2_009_sword2_extreme_cam06_cam18_b00521,harmony4d,audited,JOSH,702.9380496919039,offline_full_sequence,009_sword2
0.13162848085823847,0.028824297803762347,1.0,0.5286343612334802,87.8070642908254,71.80114217056104,0.3592814371257485,405.49477270450024,287.0064243518651,small,h4d_test_03_grappling2_043_grappling2_small_cam05_cam08_b00164,harmony4d,audited,JOSH,839.173321033013,offline_full_sequence,043_grappling2
0.7735785675829885,0.08086627632387043,0.97,0.4098591549295775,84.86871043128113,67.62168419563706,0.2598214285714286,703.4565034674034,547.1334240143551,medium,h4d_test_03_grappling2_043_grappling2_medium_cam10_cam16_b00164,harmony4d,audited,JOSH,1070.5686813899665,offline_full_sequence,043_grappling2
0.12774288907628037,0.033697750753073775,1.0,0.8888888888888888,72.23309543059489,40.79258708801228,0.8,197.5018068074663,122.02001978735275,small,h4d_test_05_sword2_009_sword2_small_cam12_cam15_b00521,harmony4d,audited,JOSH,536.5947656800272,offline_full_sequence,009_sword2
3.6780415311812353,0.20862152963200387,1.0,0.7412935323383084,84.68811948975925,46.358799814429375,0.5952380952380952,1475.2679920967805,535.7182356725692,extreme,h4d_test_05_sword2_010_sword2_extreme_cam02_cam14_b00601,harmony4d,audited,JOSH,635.7162665609503,offline_full_sequence,010_sword2
0.03365922630321407,0.03366188143200111,1.0,0.9584664536741214,91.202637346999,45.93305754730775,0.9202453987730062,412.30279880983295,140.56489111084719,small,h4d_test_05_sword2_010_sword2_small_cam12_cam15_b00601,harmony4d,audited,JOSH,508.19671115500387,offline_full_sequence,010_sword2
0.7702162317299631,0.07548164212976916,1.0,0.7343941248470012,91.72994171750824,46.06472711571036,0.5802707930367504,464.1572738724006,259.5423765211424,medium,h4d_test_05_sword2_010_sword2_medium_cam02_cam07_b00601,harmony4d,audited,JOSH,623.5658315699548,offline_full_sequence,010_sword2
0.13142333587867222,0.07540134971109864,0.82,0.44324324324324327,84.62945830379681,45.546100257453276,0.3037037037037037,287.18597005953967,233.55629748259392,medium,h4d_test_05_sword2_009_sword2_medium_cam02_cam07_b00521,harmony4d,audited,JOSH,862.2341255280189,offline_full_sequence,009_sword2
1.913022407152586,0.14159017869554594,0.9533333333333334,0.7626666666666667,94.99270582908586,46.40048510689728,0.6355555555555555,843.4739464508212,501.2389418713163,large,h4d_test_05_sword2_010_sword2_large_cam12_cam13_b00601,harmony4d,audited,JOSH,707.0691496309591,offline_full_sequence,010_sword2
3.664686721524992,0.20290774525689492,1.0,0.7175757575757575,86.96015434893823,53.66530510346729,0.5714285714285714,1437.3635323077604,654.247495270964,extreme,h4d_test_06_sword3_001_sword3_extreme_cam02_cam14_b00301,harmony4d,audited,JOSH,659.4552839879761,offline_full_sequence,001_sword3
2.4084203940882647,0.14426617254317886,0.9033333333333333,0.7226666666666667,77.68450250744459,49.95412922670157,0.6022222222222222,1454.933164500496,501.86478183884594,large,h4d_test_06_sword3_001_sword3_large_cam18_cam20_b00301,harmony4d,audited,JOSH,631.9319022249547,offline_full_sequence,001_sword3
0.5967037443653006,0.09181649361379575,0.8833333333333333,0.6429447852760736,81.11916688929378,50.327582409714346,0.5145631067961165,1101.5819338899425,263.11287309066796,medium,h4d_test_06_sword3_001_sword3_medium_cam12_cam14_b00301,harmony4d,audited,JOSH,668.9982487309608,offline_full_sequence,001_sword3
0.05974570769229426,0.03201807439155571,0.44666666666666666,0.3413333333333333,82.4737106038225,51.38831582129728,0.29777777777777775,526.2685098786553,158.7114798333454,small,h4d_test_06_sword3_001_sword3_small_cam14_cam20_b00301,harmony4d,audited,JOSH,617.9569234869559,offline_full_sequence,001_sword3
2.473582158557349,0.14503463108354908,0.9766666666666667,0.7813333333333333,85.53868035658736,50.28415779476559,0.6511111111111111,807.5606061034049,481.53654310334775,large,h4d_test_06_sword3_002_sword3_large_cam18_cam20_b00301,harmony4d,audited,JOSH,600.126285728009,offline_full_sequence,002_sword3
0.597392388838245,0.09184430456550627,0.9766666666666667,0.7813333333333333,82.31379106148238,49.70917484442326,0.6511111111111111,431.7177337720216,255.09977340504886,medium,h4d_test_06_sword3_002_sword3_medium_cam12_cam14_b00301,harmony4d,audited,JOSH,587.9172028919565,offline_full_sequence,002_sword3
3.5193512069162343,0.20042099390595916,0.98,0.7047387606318347,88.41019518973556,53.96268639584718,0.5621414913957935,1204.8006781990612,751.8189599246549,extreme,h4d_test_06_sword3_002_sword3_extreme_cam02_cam14_b00301,harmony4d,audited,JOSH,670.2894044530112,offline_full_sequence,002_sword3
0.039930517990266465,0.03211578720541174,0.9733333333333334,0.7786666666666666,79.24892642653977,55.2850222597062,0.6488888888888888,303.8007359142616,184.33661933021708,small,h4d_test_06_sword3_002_sword3_small_cam14_cam20_b00301,harmony4d,audited,JOSH,739.4162541039987,offline_full_sequence,002_sword3
3.7166999315861076,0.2024043822457442,0.9966666666666667,0.5399515738498789,82.67937464007356,47.087980255975815,0.5684410646387833,1269.9301506182683,655.7428478344225,extreme,h4d_test_06_sword3_003_sword3_extreme_cam02_cam14_b00301,harmony4d,audited,JOSH,668.8989047129289,offline_full_sequence,003_sword3
2.4268289778091603,0.14375045101655914,0.99,0.792,80.50121957220927,47.920221432603135,0.66,1013.4805855197735,646.5056945921101,large,h4d_test_06_sword3_003_sword3_large_cam18_cam20_b00301,harmony4d,audited,JOSH,612.9800411889446,offline_full_sequence,003_sword3
0.5931472898412286,0.0917900988455161,1.0,0.8,79.96915853146272,44.6723978786089,0.6666666666666666,582.1885519293567,399.1722055195592,medium,h4d_test_06_sword3_003_sword3_medium_cam12_cam14_b00301,harmony4d,audited,JOSH,597.4475927019375,offline_full_sequence,003_sword3
2.4921969053781305,0.14463086486218987,0.9966666666666667,0.7946666666666666,81.59741385125601,48.1414537043217,0.6644444444444444,1192.7187856165501,813.4820554103774,large,h4d_test_06_sword3_004_sword3_large_cam18_cam20_b00301,harmony4d,audited,JOSH,615.8024206859991,offline_full_sequence,004_sword3
0.15569392235480445,0.0917032324922399,1.0,0.8,79.19380194307314,44.94566410121149,0.6666666666666666,457.99577155060194,181.1480499446472,medium,h4d_test_06_sword3_004_sword3_medium_cam12_cam14_b00301,harmony4d,audited,JOSH,589.1648827900644,offline_full_sequence,004_sword3
0.03837239212829004,0.031941601891722265,0.9833333333333333,0.6570155902004454,77.70744074211575,46.757789241515816,0.49331103678929766,382.15307318551334,129.8798858346903,small,h4d_test_06_sword3_003_sword3_small_cam14_cam20_b00301,harmony4d,audited,JOSH,705.8277990159695,offline_full_sequence,003_sword3
3.2494627002556618,0.20229157199182254,0.9933333333333333,0.5199063231850117,85.41569837946767,51.018048956779346,0.5379061371841155,1255.7592333014074,536.524198442236,extreme,h4d_test_06_sword3_004_sword3_extreme_cam02_cam14_b00301,harmony4d,audited,JOSH,690.6308530350216,offline_full_sequence,004_sword3
3.5503694840040882,0.20131477004031073,1.0,0.7708333333333334,88.9041638638799,48.76531338122323,0.6410256410256411,1323.2011057795346,628.7821350391632,extreme,h4d_test_06_sword3_005_sword3_extreme_cam02_cam14_b00301,harmony4d,audited,JOSH,624.6855923800031,offline_full_sequence,005_sword3
2.4044692380378647,0.14334938897855806,1.0,0.8,80.16452151876798,46.014366600762465,0.6666666666666666,1028.6631534517535,563.4753544230402,large,h4d_test_06_sword3_005_sword3_large_cam18_cam20_b00301,harmony4d,audited,JOSH,599.8042735209456,offline_full_sequence,005_sword3
0.2879299206154855,0.09182098570555834,1.0,0.8,82.42768132711751,47.23832172016385,0.6666666666666666,411.93510960108824,281.3153806745689,medium,h4d_test_06_sword3_005_sword3_medium_cam12_cam14_b00301,harmony4d,audited,JOSH,598.5360896739876,offline_full_sequence,005_sword3
0.06379129504634454,0.031876694930222806,0.9933333333333333,0.6636971046770601,78.30977192512371,44.42277495156013,0.4983277591973244,556.5345885754691,151.6263403168126,small,h4d_test_06_sword3_004_sword3_small_cam14_cam20_b00301,harmony4d,audited,JOSH,873.4096764170099,offline_full_sequence,004_sword3
0.26579158652931806,0.025678241932959825,0.9666666666666667,0.8895705521472392,84.31471228569569,44.60705342163536,0.8238636363636364,293.94079949098943,199.14688582907544,small,h4d_test_06_sword3_005_sword3_small_cam10_cam13_b00301,harmony4d,audited,JOSH,565.0375102530234,offline_full_sequence,005_sword3
2.3027049012642475,0.14336276179682278,0.9566666666666667,0.7723577235772358,78.40394682717395,46.63176157673859,0.6552511415525114,1020.088214142808,531.5903210351106,large,h4d_test_06_sword3_006_sword3_large_cam18_cam20_b00256,harmony4d,audited,JOSH,628.0350353529793,offline_full_sequence,006_sword3
3.585284136662118,0.20246232233610775,0.99,0.5379975874547648,85.49716380609173,45.6480485629379,0.5614366729678639,1342.5720529245193,710.0912972591171,extreme,h4d_test_06_sword3_006_sword3_extreme_cam02_cam14_b00256,harmony4d,audited,JOSH,697.5081786260125,offline_full_sequence,006_sword3
0.09180817119210875,0.09174251701723883,0.9933333333333333,0.6858457997698504,84.65007026555955,54.5045700733187,0.523725834797891,336.7653123676051,250.5611593616369,medium,h4d_test_06_sword3_006_sword3_medium_cam12_cam14_b00256,harmony4d,audited,JOSH,695.1528133549727,offline_full_sequence,006_sword3
0.039757770914395696,0.025726161355164718,0.9766666666666667,0.830028328611898,79.74259420795744,45.118406426289454,0.7216748768472906,465.7354850970368,215.3742590783047,small,h4d_test_06_sword3_006_sword3_small_cam10_cam13_b00256,harmony4d,audited,JOSH,587.1812973310007,offline_full_sequence,006_sword3
5.05546548627548,0.28552595928438546,1.0,0.472,68.29105521729913,44.51031258517444,0.3157894736842105,1041.1601210527758,539.2152963418429,extreme,h4d_test_08_ballroom2_008_ballroom2_extreme_cam06_cam14_b00301,harmony4d,audited,JOSH,1031.5757510369876,offline_full_sequence,008_ballroom2
5.160134284417039,0.2858425909503423,1.0,0.41843971631205673,69.14580994831175,46.04650077245624,0.2702702702702703,907.101017841663,498.3358411974351,extreme,h4d_test_08_ballroom2_007_ballroom2_extreme_cam06_cam14_b00301,harmony4d,audited,JOSH,1151.629269674886,offline_full_sequence,007_ballroom2
0.10632591637093602,0.04253246953604073,0.8733333333333333,0.49952335557673977,78.27881231212639,54.108881644125134,0.34979973297730305,346.31810874776033,171.04011825631233,small,h4d_test_15_mma4_016_mma4_small_cam13_cam15_b00371,harmony4d,audited,JOSH,737.1489134719595,offline_full_sequence,016_mma4
4.989625629755853,0.2856418101151501,0.9733333333333334,0.38975050573162506,66.95374952087812,45.44083900912946,0.24683009298393913,701.7657684140177,432.75166551727006,extreme,h4d_test_08_ballroom2_010_ballroom2_extreme_cam06_cam14_b00162,harmony4d,audited,JOSH,1179.9069559639902,offline_full_sequence,010_ballroom2
4.7324071590169146,0.2853953599403505,0.9,0.3625254582484725,59.83746133575384,41.98241411875935,0.23017902813299232,1622.1620952677833,503.5078182264451,extreme,h4d_test_08_ballroom2_009_ballroom2_extreme_cam06_cam14_b00359,harmony4d,audited,JOSH,1391.6680851550773,offline_full_sequence,009_ballroom2
0.23505700315540135,0.23501783109889643,0.94,0.2938689217758985,89.93469405580149,59.30312394438528,0.1771356783919598,701.2705564516739,370.24848710404484,extreme,h4d_test_15_mma4_016_mma4_extreme_cam03_cam08_b00371,harmony4d,audited,JOSH,1412.727370490029,offline_full_sequence,016_mma4
0.4430852059435568,0.07679928487803457,0.9966666666666667,0.3152345809172377,67.88837708236348,46.905383314573925,0.18722604884157795,435.60255676151996,190.8152730156045,medium,h4d_test_15_mma4_016_mma4_medium_cam10_cam14_b00371,harmony4d,audited,JOSH,1363.845418404031,offline_full_sequence,016_mma4
2.5458732821994006,0.15579118394682137,0.9833333333333333,0.2753149790013999,77.05412425193578,49.62549855524396,0.16006511123168746,983.8000678736937,380.63870690331765,large,h4d_test_15_mma4_016_mma4_large_cam05_cam17_b00371,harmony4d,audited,JOSH,1571.8140020119608,offline_full_sequence,016_mma4
0.1035652801627316,0.04227283610688965,0.99,0.648471615720524,68.9163849920801,44.543607569803164,0.48214285714285715,330.815220802694,140.25567456790594,small,h4d_test_16_mma5_001_mma5_small_cam13_cam15_b00085,harmony4d,audited,JOSH,689.9956334710005,offline_full_sequence,001_mma5
1.2789583816145011,0.22465913306291005,1.0,0.4049247606019152,70.9443315825717,46.354515814026634,0.25817555938037867,1637.890248492326,458.12510602674166,extreme,h4d_test_16_mma5_001_mma5_extreme_cam03_cam08_b00085,harmony4d,audited,JOSH,1133.2384456300642,offline_full_sequence,001_mma5
0.3675974354216014,0.1499852928982518,0.9866666666666667,0.31240105540897095,75.11005191814507,44.220114591076886,0.18557993730407524,832.7380227656861,320.93359639371135,large,h4d_test_16_mma5_001_mma5_large_cam05_cam17_b00085,harmony4d,audited,JOSH,1367.0421953689074,offline_full_sequence,001_mma5
0.8789137908906746,0.07439272174624259,0.95,0.30335284725918044,69.83568292745791,49.29736563967834,0.1804939835338822,586.0690567105578,305.2868909362279,medium,h4d_test_16_mma5_001_mma5_medium_cam10_cam14_b00085,harmony4d,audited,JOSH,1306.0185414350126,offline_full_sequence,001_mma5
0.07585808665353286,0.041494340285446976,1.0,0.5714285714285714,64.32830035448751,40.718104103617236,0.4,247.2544994474018,168.55381486968864,small,h4d_test_16_mma5_002_mma5_small_cam13_cam15_b00103,harmony4d,audited,JOSH,798.3880487700226,offline_full_sequence,002_mma5
0.8761215406833314,0.22466867558410503,1.0,0.2556390977443609,70.59093385130316,42.633542899240446,0.2099370188943317,398.05480074911225,399.7040553201798,extreme,h4d_test_16_mma5_002_mma5_extreme_cam03_cam08_b00103,harmony4d,audited,JOSH,1587.093873212987,offline_full_sequence,002_mma5
0.137154012567199,0.0740277880728875,0.9233333333333333,0.3070953436807095,69.3998644475248,47.05902486764274,0.1841755319148936,235.35342400060804,173.17204507612163,medium,h4d_test_16_mma5_002_mma5_medium_cam10_cam14_b00103,harmony4d,audited,JOSH,1322.052569189982,offline_full_sequence,002_mma5
1.6977651713402417,0.14988624547096735,0.9,0.25960136120563926,77.02901882774127,43.37312226555804,0.15367103016505407,961.3567533684734,424.71475952265445,large,h4d_test_16_mma5_002_mma5_large_cam05_cam17_b00103,harmony4d,audited,JOSH,1503.5806819830323,offline_full_sequence,002_mma5
3.80556899534065,0.22528916914517927,0.9933333333333333,0.35294117647058826,75.28283580819493,41.95904110757862,0.21547360809833696,2197.5949733338107,559.1753011918651,extreme,h4d_test_16_mma5_004_mma5_extreme_cam03_cam08_b00115,harmony4d,audited,JOSH,1266.5718906599795,offline_full_sequence,004_mma5
0.041601225684735225,0.04159954381869349,0.96,0.5485714285714286,65.6880295325631,43.45752407661616,0.384,339.199239433515,180.70945769502103,small,h4d_test_16_mma5_004_mma5_small_cam13_cam15_b00115,harmony4d,audited,JOSH,789.0410074930405,offline_full_sequence,004_mma5
2.489183546011336,0.15029479808749477,0.9966666666666667,0.32408917890157696,71.02197670011522,42.20232666846229,0.19428200129954515,603.0610551979735,368.4721612862126,large,h4d_test_16_mma5_004_mma5_large_cam05_cam17_b00115,harmony4d,audited,JOSH,1363.4009049649467,offline_full_sequence,004_mma5
0.09981587458735357,0.07394808954744311,0.9933333333333333,0.4049079754601227,62.31436886044211,42.5462686334343,0.25535561268209084,298.1617500029653,168.88192971848187,medium,h4d_test_16_mma5_004_mma5_medium_cam10_cam14_b00115,harmony4d,audited,JOSH,1121.1622686249902,offline_full_sequence,004_mma5
0.05584720371727999,0.04031561956425311,0.98,0.6030769230769231,67.46255387468466,42.24984283580467,0.43555555555555553,407.8112986291906,223.6083043806419,small,h4d_test_16_mma5_016_mma5_small_cam13_cam15_b00171,harmony4d,audited,JOSH,750.8559032270568,offline_full_sequence,016_mma5
2.645754452520548,0.22466191513848174,0.9533333333333334,0.32246998284734135,75.8865499639991,48.389118444676335,0.1973775017253278,1664.4841468885572,711.985574053833,extreme,h4d_test_16_mma5_016_mma5_extreme_cam03_cam08_b00171,harmony4d,audited,JOSH,1327.3804100210546,offline_full_sequence,016_mma5
0.3963753960828677,0.07402568525803582,0.9966666666666667,0.35510688836104515,71.04242392757911,47.3380462321628,0.21604046242774566,374.23475340281254,218.45018078985674,medium,h4d_test_16_mma5_016_mma5_medium_cam10_cam14_b00171,harmony4d,audited,JOSH,1240.108025709982,offline_full_sequence,016_mma5
2.5431628865243776,2.144413530545681,1.0,0.322234156820623,76.73734749441236,49.25719918224077,0.19206145966709348,1137.332656947246,648.3078612860878,large,h4d_test_16_mma5_016_mma5_large_cam05_cam17_b00171,harmony4d,audited,JOSH,1546.3980870150262,offline_full_sequence,016_mma5
0.5182818788591655,0.06890353386278361,1.0,0.5,85.70626264666927,57.407227195141886,1.0,422.68724820561414,265.06351216405454,extreme,h4d_test_01_hugging_002_hugging_extreme_cam07_cam20_b00151,harmony4d,existing_paper_result,Human3R,,streaming,002_hugging
0.18883121363123312,0.05572474371265263,0.95,0.38145695364238413,95.18364644264176,63.27196570519375,0.6263736263736264,362.7178749331593,219.46495269711852,large,h4d_test_01_hugging_002_hugging_large_cam11_cam16_b00151,harmony4d,existing_paper_result,Human3R,,streaming,002_hugging
0.06132745909160505,0.04594161082146089,0.8766666666666667,0.719225449515906,91.03984151718717,61.233014000949176,0.6217494089834515,225.41853397903674,116.29713150981668,medium,h4d_test_01_hugging_002_hugging_medium_cam11_cam14_b00151,harmony4d,existing_paper_result,Human3R,,streaming,002_hugging
0.046412580095636,0.045788820272640175,1.0,0.8968609865470852,87.21333159831893,56.25116017557554,0.8130081300813008,183.081566581404,132.36052030326616,small,h4d_test_01_hugging_002_hugging_small_cam19_cam20_b00151,harmony4d,existing_paper_result,Human3R,,streaming,002_hugging
1.4865588665526501,0.3638815438443039,0.9733333333333334,0.5688073394495413,91.86231462594284,62.79031976650737,0.6306695464362851,762.057702858704,447.6955678780966,extreme,h4d_test_03_grappling2_028_grappling2_extreme_cam14_cam16_b00076,harmony4d,existing_paper_result,Human3R,,streaming,028_grappling2
0.2076303317493574,0.1050345497652394,0.98,0.7036144578313253,88.38071836331059,61.12744450517974,0.5547169811320755,382.2694298945659,173.98370260015292,large,h4d_test_03_grappling2_028_grappling2_large_cam11_cam15_b00076,harmony4d,existing_paper_result,Human3R,,streaming,028_grappling2
0.18760314517397422,0.09628628477285306,0.9566666666666667,0.6123778501628665,89.16975283200946,62.70930814915164,0.46215780998389694,252.81614574552952,183.67648979497656,medium,h4d_test_03_grappling2_028_grappling2_medium_cam10_cam16_b00076,harmony4d,existing_paper_result,Human3R,,streaming,028_grappling2
0.12030183228164226,0.08046255980065983,0.8133333333333334,0.7488,113.05417177990869,71.06622355994035,0.7507692307692307,459.91301871123414,191.1884335353443,small,h4d_test_03_grappling2_028_grappling2_small_cam05_cam08_b00076,harmony4d,existing_paper_result,Human3R,,streaming,028_grappling2
0.8040779846772214,0.2288281586965873,0.8766666666666667,0.5689277899343544,127.56509572817086,84.28014553445713,0.42833876221498374,417.5278418512172,279.49579420376676,extreme,h4d_test_03_grappling2_030_grappling2_extreme_cam14_cam16_b00151,harmony4d,existing_paper_result,Human3R,,streaming,030_grappling2
0.2977894739419286,0.2834768111333322,0.9566666666666667,0.7582562747688243,109.91121489960848,78.62570344473649,0.6280087527352297,614.3924485092543,315.6600697607817,large,h4d_test_03_grappling2_030_grappling2_large_cam01_cam14_b00151,harmony4d,existing_paper_result,Human3R,,streaming,030_grappling2
0.053572254270533706,0.03566356466781419,0.9366666666666666,0.5022583559168925,113.14427409491405,76.74477578558266,0.34820322180916974,268.688626857444,160.51913155584705,medium,h4d_test_03_grappling2_030_grappling2_medium_cam10_cam16_b00151,harmony4d,existing_paper_result,Human3R,,streaming,030_grappling2
0.11125728136611396,0.06835914415385784,0.8833333333333333,0.6594761171032357,133.27783943766946,87.96960920836639,0.7593123209169055,685.5722141106038,244.50323351381235,small,h4d_test_03_grappling2_030_grappling2_small_cam05_cam08_b00151,harmony4d,existing_paper_result,Human3R,,streaming,030_grappling2
0.8032937388936925,0.17746932421226194,0.8,0.29239766081871343,133.11217302061488,82.07500007868813,0.43243243243243246,369.9825561385952,259.8754842345092,extreme,h4d_test_03_grappling2_033_grappling2_extreme_cam14_cam16_b00087,harmony4d,existing_paper_result,Human3R,,streaming,033_grappling2
0.33162049495803797,0.20334869363895436,0.83,0.32114882506527415,135.1573805768898,87.92123060249088,0.5343347639484979,1002.0817144803348,275.67119510044336,large,h4d_test_03_grappling2_033_grappling2_large_cam01_cam14_b00087,harmony4d,existing_paper_result,Human3R,,streaming,033_grappling2
0.08972940876425708,0.07996734498513407,0.86,0.43744374437443745,119.28306158564892,80.42586700082141,0.31812577065351416,510.3952675588549,216.350477605159,medium,h4d_test_03_grappling2_033_grappling2_medium_cam10_cam16_b00087,harmony4d,existing_paper_result,Human3R,,streaming,033_grappling2
0.12254767403679301,0.08211043101373434,0.7466666666666667,0.32448377581120946,129.7841705897718,79.36167750360362,0.5925925925925926,324.4038942560849,285.26779258179005,small,h4d_test_03_grappling2_033_grappling2_small_cam05_cam08_b00087,harmony4d,existing_paper_result,Human3R,,streaming,033_grappling2
0.8867189708438086,0.127961634427612,0.9866666666666667,0.4711388455538221,93.05375863091396,66.49705620916767,0.8680351906158358,427.3083831578655,371.0737955341281,extreme,h4d_test_03_grappling2_038_grappling2_extreme_cam14_cam16_b00148,harmony4d,existing_paper_result,Human3R,,streaming,038_grappling2
0.19557792983781236,0.1723716847817395,0.9066666666666666,0.38910505836575876,104.44151358820656,73.42786334553416,0.5774946921443737,551.0191762662681,275.42854058446125,large,h4d_test_03_grappling2_038_grappling2_large_cam11_cam15_b00148,harmony4d,existing_paper_result,Human3R,,streaming,038_grappling2
0.10148700656028291,0.04206908883304571,0.9466666666666667,0.5807770961145194,129.04938207211276,87.50453175849925,0.41887905604719766,223.2495508604978,176.3353608039752,medium,h4d_test_03_grappling2_038_grappling2_medium_cam10_cam16_b00148,harmony4d,existing_paper_result,Human3R,,streaming,038_grappling2
0.1115801723450312,0.06692826356100946,0.8633333333333333,0.9266547406082289,109.50401600915181,73.31074867587267,1.0,199.63134458387344,150.4470388861529,small,h4d_test_03_grappling2_038_grappling2_small_cam05_cam08_b00148,harmony4d,existing_paper_result,Human3R,,streaming,038_grappling2
0.9397157510979143,0.22318053526149745,0.77,0.4714086471408647,171.68231924422756,94.3142261722713,0.5539568345323741,466.10009745536405,379.2293687888111,extreme,h4d_test_03_grappling2_040_grappling2_extreme_cam14_cam16_b00260,harmony4d,existing_paper_result,Human3R,,streaming,040_grappling2
0.25441921408204393,0.12657117241772642,0.8833333333333333,0.46801872074882994,107.58873914563517,71.77524234687688,0.7771260997067448,557.0562011878411,230.8134564063263,large,h4d_test_03_grappling2_040_grappling2_large_cam01_cam14_b00260,harmony4d,existing_paper_result,Human3R,,streaming,040_grappling2
0.17674752002043864,0.05857543787840362,0.89,0.34178610804851156,122.13242903820637,67.20777946905667,0.43986820428336076,366.3266477875896,190.6538931316669,medium,h4d_test_03_grappling2_040_grappling2_medium_cam10_cam16_b00260,harmony4d,existing_paper_result,Human3R,,streaming,040_grappling2
0.10778345475705393,0.0689082696659909,0.8466666666666667,0.9087656529516994,124.81165496520839,85.54019265540244,0.9806949806949807,353.8890855922695,214.0551680513442,small,h4d_test_03_grappling2_040_grappling2_small_cam05_cam08_b00260,harmony4d,existing_paper_result,Human3R,,streaming,040_grappling2
0.7928968839429533,0.13139533824021699,0.9933333333333333,0.6617647058823529,75.3896365474123,49.70673377827193,0.7842105263157895,293.23426027517263,193.82508638218886,extreme,h4d_test_03_grappling2_041_grappling2_extreme_cam14_cam16_b00224,harmony4d,existing_paper_result,Human3R,,streaming,041_grappling2
0.18242316700613478,0.1114302578987258,0.85,0.4358974358974359,78.27580716636486,49.666801499379524,0.53125,194.75011147617482,129.15057643404185,large,h4d_test_03_grappling2_041_grappling2_large_cam11_cam15_b00224,harmony4d,existing_paper_result,Human3R,,streaming,041_grappling2
0.10489600771060027,0.05317226029079901,0.9233333333333333,0.6658653846153846,81.37352337183239,55.55739443966186,0.5206766917293233,292.4389639397103,150.5798683780004,medium,h4d_test_03_grappling2_041_grappling2_medium_cam10_cam16_b00224,harmony4d,existing_paper_result,Human3R,,streaming,041_grappling2
0.11764255359887016,0.07991447278462786,1.0,0.8875739644970414,68.0160264820195,44.86531207776598,0.7978723404255319,305.0808935437124,214.49128286873994,small,h4d_test_03_grappling2_041_grappling2_small_cam05_cam08_b00224,harmony4d,existing_paper_result,Human3R,,streaming,041_grappling2
1.0663930708502036,0.27093998179843787,0.9833333333333333,0.3983849259757739,94.9847641666356,70.89797462859006,0.6659142212189616,502.23437294852386,346.84554953176615,extreme,h4d_test_03_grappling2_043_grappling2_extreme_cam14_cam16_b00164,harmony4d,existing_paper_result,Human3R,,streaming,043_grappling2
0.2470095285190833,0.14571312187808433,0.92,0.3940149625935162,104.17355037494053,76.14453295311266,0.549800796812749,375.6307153593862,214.98801564904332,large,h4d_test_03_grappling2_043_grappling2_large_cam11_cam15_b00164,harmony4d,existing_paper_result,Human3R,,streaming,043_grappling2
0.23506859145390788,0.15550025828412756,0.9266666666666666,0.49159120310478654,104.7048386657007,82.20874289836792,0.587737843551797,450.9928949688964,257.7264421460665,medium,h4d_test_03_grappling2_043_grappling2_medium_cam10_cam16_b00164,harmony4d,existing_paper_result,Human3R,,streaming,043_grappling2
0.09884999876098047,0.065911833306076,0.9433333333333334,0.7977369165487977,102.96054314203468,76.37857507422983,0.6953316953316954,272.508818841396,214.19716186095016,small,h4d_test_03_grappling2_043_grappling2_small_cam05_cam08_b00164,harmony4d,existing_paper_result,Human3R,,streaming,043_grappling2
0.3244429876507081,0.12995590328410733,0.8,0.5571847507331378,115.40277150576169,75.0735385089355,0.6282722513089005,247.0166261600765,199.070416825132,extreme,h4d_test_05_sword2_009_sword2_extreme_cam06_cam18_b00521,harmony4d,existing_paper_result,Human3R,,streaming,009_sword2
0.06221622300629905,0.04457175289617957,1.0,0.4,92.02671974466726,56.8606202271038,0.6666666666666666,347.18725943385573,217.16349392297434,large,h4d_test_05_sword2_009_sword2_large_cam12_cam13_b00521,harmony4d,existing_paper_result,Human3R,,streaming,009_sword2
0.10042221764449893,0.05346251608662393,0.83,0.6364922206506365,93.42331115102323,58.89971244654485,0.6117936117936118,179.10217478132986,137.4976276813562,medium,h4d_test_05_sword2_009_sword2_medium_cam02_cam07_b00521,harmony4d,existing_paper_result,Human3R,,streaming,009_sword2
0.06175674122375471,0.04315243392070445,1.0,0.7633587786259542,90.84345930528039,62.96519887683991,0.6172839506172839,337.93428236694257,197.0742840788852,small,h4d_test_05_sword2_009_sword2_small_cam12_cam15_b00521,harmony4d,existing_paper_result,Human3R,,streaming,009_sword2
0.35902611496508785,0.17361534816871468,1.0,0.45385779122541603,95.94722644673561,58.43857236591407,0.8310249307479224,325.1110444767003,215.69086823097993,extreme,h4d_test_05_sword2_010_sword2_extreme_cam02_cam14_b00601,harmony4d,existing_paper_result,Human3R,,streaming,010_sword2
0.05881928228078481,0.04963699116848872,0.9666666666666667,0.7694369973190348,105.91667952544232,61.96127808280841,0.6502242152466368,308.50258548849007,193.70580858359014,large,h4d_test_05_sword2_010_sword2_large_cam12_cam13_b00601,harmony4d,existing_paper_result,Human3R,,streaming,010_sword2
0.12776514559098776,0.05550461215594547,1.0,0.8777614138438881,100.03192961685488,60.32096250934645,0.7915567282321899,254.7424549169753,153.07944985893104,medium,h4d_test_05_sword2_010_sword2_medium_cam02_cam07_b00601,harmony4d,existing_paper_result,Human3R,,streaming,010_sword2
0.05869351153195246,0.040541391144089826,1.0,0.7785058977719528,98.01637911706908,62.61714710556802,0.6479481641468683,272.6634878897638,165.22548822324632,small,h4d_test_05_sword2_010_sword2_small_cam12_cam15_b00601,harmony4d,existing_paper_result,Human3R,,streaming,010_sword2
0.2930861256707601,0.1872307786389258,0.9633333333333334,0.41418439716312055,113.02471463670888,75.4382637564575,0.7135802469135802,898.7228171991279,432.2585061886447,extreme,h4d_test_06_sword3_001_sword3_extreme_cam02_cam14_b00301,harmony4d,existing_paper_result,Human3R,,streaming,001_sword3
0.1834533365081298,0.10221267312741668,0.9633333333333334,0.8422712933753943,136.34152282374885,76.82140302313454,0.8652694610778443,1820.255443417797,325.1380910925974,large,h4d_test_06_sword3_001_sword3_large_cam18_cam20_b00301,harmony4d,existing_paper_result,Human3R,,streaming,001_sword3
0.07980983592837207,0.06089481555259186,0.93,0.7260083449235049,131.99489336064156,83.79708826833077,0.665871121718377,2667.0797213601154,351.1523609929617,medium,h4d_test_06_sword3_001_sword3_medium_cam12_cam14_b00301,harmony4d,existing_paper_result,Human3R,,streaming,001_sword3
0.1375061169329542,0.0966393736072519,0.98,0.9116279069767442,105.1374764577568,68.03086763195247,0.8521739130434782,783.8483078551035,309.08760886401024,small,h4d_test_06_sword3_001_sword3_small_cam14_cam20_b00301,harmony4d,existing_paper_result,Human3R,,streaming,001_sword3
0.3524982695745488,0.20611963347326667,0.9733333333333334,0.437125748502994,96.77225732549073,62.67934173520316,0.7934782608695652,321.61093778624144,288.7754131634261,extreme,h4d_test_06_sword3_002_sword3_extreme_cam02_cam14_b00301,harmony4d,existing_paper_result,Human3R,,streaming,002_sword3
0.21081006255428172,0.14822673761239405,0.9933333333333333,0.48154093097913325,98.32412834601428,65.75698076186653,0.9226006191950464,348.5044017084413,257.7120339090832,large,h4d_test_06_sword3_002_sword3_large_cam18_cam20_b00301,harmony4d,existing_paper_result,Human3R,,streaming,002_sword3
0.07781473059492891,0.0505518402944723,0.9866666666666667,0.7925033467202142,102.55199607528718,66.9742473506988,0.6621923937360179,350.14173098402085,261.2585335203659,medium,h4d_test_06_sword3_002_sword3_medium_cam12_cam14_b00301,harmony4d,existing_paper_result,Human3R,,streaming,002_sword3
0.12242856288982372,0.08030778959073807,0.9933333333333333,0.8855869242199108,93.75939736321502,68.27400980385451,0.7989276139410187,367.2459467772131,282.5022802904075,small,h4d_test_06_sword3_002_sword3_small_cam14_cam20_b00301,harmony4d,existing_paper_result,Human3R,,streaming,002_sword3
0.3896800716172015,0.1935043593982323,1.0,0.43103448275862066,93.41836116523068,54.09883060230906,0.7575757575757576,417.18897672482143,269.76769223166406,extreme,h4d_test_06_sword3_003_sword3_extreme_cam02_cam14_b00301,harmony4d,existing_paper_result,Human3R,,streaming,003_sword3
0.2604764291683542,0.1937934515007295,0.98,0.9040247678018576,89.07783987823285,56.52812675038065,0.8497109826589595,586.6247214138554,270.52744364418857,large,h4d_test_06_sword3_003_sword3_large_cam18_cam20_b00301,harmony4d,existing_paper_result,Human3R,,streaming,003_sword3
0.07115640984840123,0.044378274826611774,1.0,0.8141112618724559,87.17347483231177,51.32065895764373,0.6864988558352403,464.37359075114347,163.17293834623163,medium,h4d_test_06_sword3_003_sword3_medium_cam12_cam14_b00301,harmony4d,existing_paper_result,Human3R,,streaming,003_sword3
0.10289296505346165,0.06308207863104165,0.9866666666666667,0.8862275449101796,88.03103700571978,57.34461486230467,0.8043478260869565,540.7628837518936,204.94472337938635,small,h4d_test_06_sword3_003_sword3_small_cam14_cam20_b00301,harmony4d,existing_paper_result,Human3R,,streaming,003_sword3
0.3630589374180045,0.22881777673373166,0.9733333333333334,0.42796005706134094,91.96473489287173,59.23902495687003,0.7281795511221946,451.0433339460692,338.3080111164708,extreme,h4d_test_06_sword3_004_sword3_extreme_cam02_cam14_b00301,harmony4d,existing_paper_result,Human3R,,streaming,004_sword3
0.334118756213365,0.19743840491360917,1.0,0.8241758241758241,87.66611046605819,57.254275121685495,0.7009345794392523,555.8611403352131,239.97672546433958,large,h4d_test_06_sword3_004_sword3_large_cam18_cam20_b00301,harmony4d,existing_paper_result,Human3R,,streaming,004_sword3
0.09872953491038565,0.07595688408618188,1.0,0.8275862068965517,89.75360491521243,56.81448610914447,0.7058823529411765,301.53588544172277,212.34629781021383,medium,h4d_test_06_sword3_004_sword3_medium_cam12_cam14_b00301,harmony4d,existing_paper_result,Human3R,,streaming,004_sword3
0.12330697249405165,0.0807293127979704,0.99,0.7625160462130937,83.44952560172678,53.98297376751554,0.6200417536534447,414.51544784707215,239.93394203249326,small,h4d_test_06_sword3_004_sword3_small_cam14_cam20_b00301,harmony4d,existing_paper_result,Human3R,,streaming,004_sword3
0.2565835632491897,0.15699267601036865,0.9866666666666667,0.4219409282700422,90.53859657467788,61.41475641799899,0.7201946472019465,265.85384057818374,226.96896653338655,extreme,h4d_test_06_sword3_005_sword3_extreme_cam02_cam14_b00301,harmony4d,existing_paper_result,Human3R,,streaming,005_sword3
0.11047249946213242,0.07057768895311907,1.0,0.9630818619582665,87.50555513330148,59.57241254513125,0.9287925696594427,453.1412458092261,247.69839988056484,large,h4d_test_06_sword3_005_sword3_large_cam18_cam20_b00301,harmony4d,existing_paper_result,Human3R,,streaming,005_sword3
0.10333841894868359,0.08718188426627484,0.9866666666666667,0.7531806615776081,93.84949140853803,62.04787081761144,0.6090534979423868,331.981089760946,254.64591655050214,medium,h4d_test_06_sword3_005_sword3_medium_cam12_cam14_b00301,harmony4d,existing_paper_result,Human3R,,streaming,005_sword3
0.06718891313217926,0.024406973497732923,0.9766666666666667,0.7785234899328859,94.29776358726319,57.94094043043938,0.6584269662921348,314.53810653100703,203.209851023337,small,h4d_test_06_sword3_005_sword3_small_cam10_cam13_b00301,harmony4d,existing_paper_result,Human3R,,streaming,005_sword3
0.2895757650054366,0.1619229581509059,0.9933333333333333,0.40160642570281124,94.63759829274146,63.26094929453342,0.6666666666666666,401.8133534761668,328.36505749972014,extreme,h4d_test_06_sword3_006_sword3_extreme_cam02_cam14_b00256,harmony4d,existing_paper_result,Human3R,,streaming,006_sword3
0.3220889717491167,0.29170211223610265,0.9633333333333334,0.42962962962962964,90.40140860447856,58.992108523894714,0.7706666666666667,550.3896554286439,346.7259924899543,large,h4d_test_06_sword3_006_sword3_large_cam18_cam20_b00256,harmony4d,existing_paper_result,Human3R,,streaming,006_sword3
0.0663557620344841,0.06257875951309738,0.97,0.7464607464607464,97.78944968647356,67.35508541989813,0.610062893081761,348.7700733548829,259.30170634377885,medium,h4d_test_06_sword3_006_sword3_medium_cam12_cam14_b00256,harmony4d,existing_paper_result,Human3R,,streaming,006_sword3
0.07674584336117997,0.03234301548812443,0.9933333333333333,0.7967914438502673,91.30240036317775,55.62994266576916,0.6651785714285714,358.6769294020411,195.41875804683207,small,h4d_test_06_sword3_006_sword3_small_cam10_cam13_b00256,harmony4d,existing_paper_result,Human3R,,streaming,006_sword3
3.24238938054964,0.5540067421707868,0.54,0.39473684210526316,89.7752170463923,63.55689455997257,0.3521739130434783,995.2304902674927,316.6292818368237,extreme,h4d_test_08_ballroom2_007_ballroom2_extreme_cam06_cam14_b00301,harmony4d,existing_paper_result,Human3R,,streaming,007_ballroom2
3.623615046990599,0.5833432155710627,0.54,0.4179523141654979,93.67131825513732,71.64614395681704,0.3922518159806295,1006.8995407620719,327.82580586750566,extreme,h4d_test_08_ballroom2_008_ballroom2_extreme_cam06_cam14_b00301,harmony4d,existing_paper_result,Human3R,,streaming,008_ballroom2
4.0287908957702845,0.671004286999128,0.31333333333333335,0.2535211267605634,112.18027030805136,71.38192117619658,0.35074626865671643,805.2346497472907,364.46670202833354,extreme,h4d_test_08_ballroom2_009_ballroom2_extreme_cam06_cam14_b00359,harmony4d,existing_paper_result,Human3R,,streaming,009_ballroom2
3.3493393337916144,0.5504551444934981,0.5266666666666666,0.4533333333333333,70.47908967100686,56.39527786993948,0.42133333333333334,799.5693748944329,199.46324202269997,extreme,h4d_test_08_ballroom2_010_ballroom2_extreme_cam06_cam14_b00162,harmony4d,existing_paper_result,Human3R,,streaming,010_ballroom2
0.6103755909645222,0.25264913546171497,0.8033333333333333,0.2765598650927487,108.7705490102,65.86857735924073,0.27200902934537247,709.0566849170699,561.1051132040413,extreme,h4d_test_15_mma4_016_mma4_extreme_cam03_cam08_b00371,harmony4d,existing_paper_result,Human3R,,streaming,016_mma4
0.501855417066651,0.11574170712372452,0.9566666666666667,0.2467948717948718,88.75038351116058,68.3484801079332,0.3027426160337553,580.7323945410144,245.22398062832977,large,h4d_test_15_mma4_016_mma4_large_cam05_cam17_b00371,harmony4d,existing_paper_result,Human3R,,streaming,016_mma4
0.3646712447354674,0.13474161729663545,1.0,0.5895372233400402,84.70900977755605,56.222741235180756,0.4322766570605187,1064.1888553030115,380.9009257672503,medium,h4d_test_15_mma4_016_mma4_medium_cam10_cam14_b00371,harmony4d,existing_paper_result,Human3R,,streaming,016_mma4
0.2524016035227621,0.0797457092572488,0.7433333333333333,0.26681614349775784,118.65311348859659,75.97723564539207,0.3766891891891892,868.5994157717154,290.6174986363837,small,h4d_test_15_mma4_016_mma4_small_cam13_cam15_b00371,harmony4d,existing_paper_result,Human3R,,streaming,016_mma4
0.6654914983053406,0.18193943139849014,0.9866666666666667,0.2425222312045271,81.22482379364229,66.44559866126117,0.31590181430096054,656.6746426579972,451.41961177209936,extreme,h4d_test_16_mma5_001_mma5_extreme_cam03_cam08_b00085,harmony4d,existing_paper_result,Human3R,,streaming,001_mma5
0.2851530038581117,0.10048962473500712,0.9666666666666667,0.19584171696847752,94.88038227728642,68.62083163229312,0.2434928631402183,354.0874838638103,266.9301821296958,large,h4d_test_16_mma5_001_mma5_large_cam05_cam17_b00085,harmony4d,existing_paper_result,Human3R,,streaming,001_mma5
0.27750043233959093,0.11102152656848657,0.83,0.3238095238095238,90.84277778535548,60.22938390728316,0.2912280701754386,346.1717703322692,271.25048173461846,medium,h4d_test_16_mma5_001_mma5_medium_cam10_cam14_b00085,harmony4d,existing_paper_result,Human3R,,streaming,001_mma5
0.22726958695627322,0.10300814576147589,0.9466666666666667,0.6512758201701093,81.52389946689566,56.51261467763332,0.5430210325047801,382.478451558461,225.51208596713943,small,h4d_test_16_mma5_001_mma5_small_cam13_cam15_b00085,harmony4d,existing_paper_result,Human3R,,streaming,001_mma5
1.148962356977941,0.15782862089879568,0.9733333333333334,0.3474903474903475,69.71901654458772,49.94856266014644,0.29346733668341707,851.071309809799,405.22260195312225,extreme,h4d_test_16_mma5_002_mma5_extreme_cam03_cam08_b00103,harmony4d,existing_paper_result,Human3R,,streaming,002_mma5
0.2569202036456124,0.10354651720829955,0.83,0.23584173778122575,82.45207275649793,60.19317165691031,0.2517694641051567,338.174906087473,231.35082115756592,large,h4d_test_16_mma5_002_mma5_large_cam05_cam17_b00103,harmony4d,existing_paper_result,Human3R,,streaming,002_mma5
0.28960540913685784,0.15104194531662202,0.78,0.3871543264942016,100.19513751200451,75.20505156283613,0.2850182704019488,361.8632074716864,316.4014200345536,medium,h4d_test_16_mma5_002_mma5_medium_cam10_cam14_b00103,harmony4d,existing_paper_result,Human3R,,streaming,002_mma5
0.21810199325216242,0.094380217798564,1.0,0.5859375,72.99111990820515,49.39366926822374,0.4143646408839779,365.2454711168886,213.48721853615532,small,h4d_test_16_mma5_002_mma5_small_cam13_cam15_b00103,harmony4d,existing_paper_result,Human3R,,streaming,002_mma5
0.8519297442427998,0.14180908374021256,0.9466666666666667,0.3177004538577912,92.56798145073999,60.216559703646865,0.27788649706457924,471.8011614218353,388.4946795037294,extreme,h4d_test_16_mma5_004_mma5_extreme_cam03_cam08_b00115,harmony4d,existing_paper_result,Human3R,,streaming,004_mma5
0.2848326400074598,0.24188231388906795,0.9966666666666667,0.22404779686333084,77.30928961838693,55.73836858947984,0.287776708373436,429.08120707481464,311.4738330969783,large,h4d_test_16_mma5_004_mma5_large_cam05_cam17_b00115,harmony4d,existing_paper_result,Human3R,,streaming,004_mma5
0.31689966091786137,0.14837119735439008,0.9733333333333334,0.346123727486296,86.24649824978397,62.6597158114967,0.29887410440122825,323.8551191337704,232.6738758994168,medium,h4d_test_16_mma5_004_mma5_medium_cam10_cam14_b00115,harmony4d,existing_paper_result,Human3R,,streaming,004_mma5
0.2522423922486422,0.09262175438419476,0.8033333333333333,0.3821391484942887,93.41197852076458,68.53448117793454,0.363499245852187,357.4745222221269,209.40839943766673,small,h4d_test_16_mma5_004_mma5_small_cam13_cam15_b00115,harmony4d,existing_paper_result,Human3R,,streaming,004_mma5
0.4141433724655155,0.12213360981298574,0.9433333333333334,0.26064291920069504,76.75612142817133,53.83664340345556,0.3325499412455934,469.61746117922115,285.60960102619043,extreme,h4d_test_16_mma5_016_mma5_extreme_cam03_cam08_b00171,harmony4d,existing_paper_result,Human3R,,streaming,016_mma5
0.3357441812953521,0.14989418481610695,0.9566666666666667,0.35347432024169184,82.11728735913884,60.38568062106737,0.2802734375,371.1466808363372,232.3545392968062,large,h4d_test_16_mma5_016_mma5_large_cam05_cam17_b00171,harmony4d,existing_paper_result,Human3R,,streaming,016_mma5
0.37740973985625215,0.15913233987411932,0.98,0.2514668901927913,94.77295364342396,69.04702641428577,0.3292273236282195,557.8612588847686,399.0578709020384,medium,h4d_test_16_mma5_016_mma5_medium_cam10_cam14_b00171,harmony4d,existing_paper_result,Human3R,,streaming,016_mma5
0.24799264830709375,0.08381936628211122,0.9566666666666667,0.45114345114345117,70.94812011576795,55.548863803546325,0.4335347432024169,572.6149631616231,253.97411143573925,small,h4d_test_16_mma5_016_mma5_small_cam13_cam15_b00171,harmony4d,existing_paper_result,Human3R,,streaming,016_mma5
0.23106779665935667,0.018939978495026242,1.0,1.0,84.94441952410146,57.332875320225185,1.0,203.8120127980943,128.42239484830242,extreme,h4d_test_01_hugging_002_hugging_extreme_cam07_cam20_b00151,harmony4d,existing_paper_result,Shot3R,,streaming,002_hugging
0.04343970536642352,0.03233799756160489,0.95,0.5562913907284768,95.2580160802198,62.98367076646251,0.6263736263736264,215.16242234869435,155.89218995242805,large,h4d_test_01_hugging_002_hugging_large_cam11_cam16_b00151,harmony4d,existing_paper_result,Shot3R,,streaming,002_hugging
0.052956715256833625,0.020390998888979328,0.8766666666666667,0.5836791147994468,90.83315662831828,61.06394517815068,0.6217494089834515,248.66647913708402,126.45032229644058,medium,h4d_test_01_hugging_002_hugging_medium_cam11_cam14_b00151,harmony4d,existing_paper_result,Shot3R,,streaming,002_hugging
0.01302794549809397,0.01008367889213381,1.0,0.8968609865470852,86.99742081957302,56.15504209523397,0.8130081300813008,161.13365759326385,118.85769421240778,small,h4d_test_01_hugging_002_hugging_small_cam19_cam20_b00151,harmony4d,existing_paper_result,Shot3R,,streaming,002_hugging
0.567830125103897,0.02043696296063305,0.9733333333333334,0.7522935779816514,92.47576188371195,63.07313785685857,0.6306695464362851,546.0620628668205,206.94563239267353,extreme,h4d_test_03_grappling2_028_grappling2_extreme_cam14_cam16_b00076,harmony4d,existing_paper_result,Shot3R,,streaming,028_grappling2
0.051008193421557116,0.02777970284210519,0.98,0.5349397590361445,87.10188396633896,61.149225979787516,0.5547169811320755,424.08930098634295,189.91792104742953,large,h4d_test_03_grappling2_028_grappling2_large_cam11_cam15_b00076,harmony4d,existing_paper_result,Shot3R,,streaming,028_grappling2
0.24539170089054682,0.013033006879291093,0.9566666666666667,0.4755700325732899,91.07686625529136,62.661511874646955,0.46215780998389694,259.3199247581618,177.30578210584488,medium,h4d_test_03_grappling2_028_grappling2_medium_cam10_cam16_b00076,harmony4d,existing_paper_result,Shot3R,,streaming,028_grappling2
0.03532563355543761,0.011461409295467642,0.8133333333333334,0.7584,112.15566051391016,71.18658804192413,0.7507692307692307,417.79373157594483,152.96100406933715,small,h4d_test_03_grappling2_028_grappling2_small_cam05_cam08_b00076,harmony4d,existing_paper_result,Shot3R,,streaming,028_grappling2
0.6083805643414583,0.011764709550176309,0.8766666666666667,0.5689277899343544,128.01379966176242,84.53549889445068,0.42833876221498374,430.1821325271813,200.3589420334086,extreme,h4d_test_03_grappling2_030_grappling2_extreme_cam14_cam16_b00151,harmony4d,existing_paper_result,Shot3R,,streaming,030_grappling2
0.06757182073284748,0.0182289386429181,0.9566666666666667,0.7582562747688243,110.818380844962,78.68016246743981,0.6280087527352297,560.1994269316647,218.8862534038836,large,h4d_test_03_grappling2_030_grappling2_large_cam01_cam14_b00151,harmony4d,existing_paper_result,Shot3R,,streaming,030_grappling2
0.07576574145437046,0.016756574900831888,0.9366666666666666,0.3974706413730804,115.14688436218866,76.8025712390698,0.34820322180916974,289.36730835253934,179.10121913743478,medium,h4d_test_03_grappling2_030_grappling2_medium_cam10_cam16_b00151,harmony4d,existing_paper_result,Shot3R,,streaming,030_grappling2
0.024236934527192708,0.010030715611530837,0.8833333333333333,0.6594761171032357,134.4187407881817,87.93291425459289,0.7593123209169055,632.6060526332864,185.1024074702817,small,h4d_test_03_grappling2_030_grappling2_small_cam05_cam08_b00151,harmony4d,existing_paper_result,Shot3R,,streaming,030_grappling2
0.4049791564366583,0.010664593289429683,0.7866666666666666,0.3064327485380117,131.95999819999045,81.75471810904594,0.4252252252252252,635.3545298903915,253.3220900256987,extreme,h4d_test_03_grappling2_033_grappling2_extreme_cam14_cam16_b00087,harmony4d,existing_paper_result,Shot3R,,streaming,033_grappling2
0.04550697062432628,0.01590963689768189,0.83,0.32114882506527415,135.1462583486677,87.66815702620038,0.5343347639484979,1081.6316293312482,228.45141638523324,large,h4d_test_03_grappling2_033_grappling2_large_cam01_cam14_b00087,harmony4d,existing_paper_result,Shot3R,,streaming,033_grappling2
0.11382407671566445,0.01393170454500672,0.8466666666666667,0.22862286228622863,119.37321337521271,80.14339850808143,0.31319358816276205,522.7007222248093,275.5597481569321,medium,h4d_test_03_grappling2_033_grappling2_medium_cam10_cam16_b00087,harmony4d,existing_paper_result,Shot3R,,streaming,033_grappling2
0.059324633793698116,0.010233180759260599,0.73,0.32448377581120946,123.99155490034147,78.5303666481052,0.5793650793650794,226.8283446745419,180.57905360809343,small,h4d_test_03_grappling2_033_grappling2_small_cam05_cam08_b00087,harmony4d,existing_paper_result,Shot3R,,streaming,033_grappling2
0.5019555373628236,0.014430916441903271,0.9866666666666667,0.9204368174726989,93.06351549105165,66.3446332269469,0.8680351906158358,362.9261218253068,230.61787359694938,extreme,h4d_test_03_grappling2_038_grappling2_extreme_cam14_cam16_b00148,harmony4d,existing_paper_result,Shot3R,,streaming,038_grappling2
0.10926895885745262,0.02643729351240508,0.9066666666666666,0.7055771725032426,103.87389375707352,73.0199076912886,0.5774946921443737,532.2598814361509,251.21769732862435,large,h4d_test_03_grappling2_038_grappling2_large_cam11_cam15_b00148,harmony4d,existing_paper_result,Shot3R,,streaming,038_grappling2
0.3499387601912301,0.015079701355597731,0.9466666666666667,0.4560327198364008,130.96728211452276,87.17810176412597,0.41887905604719766,297.0846913997278,250.7061342621872,medium,h4d_test_03_grappling2_038_grappling2_medium_cam10_cam16_b00148,harmony4d,existing_paper_result,Shot3R,,streaming,038_grappling2
0.02130336164128571,0.008352857477120557,0.8633333333333333,0.9266547406082289,109.9262012131528,73.2043180513626,1.0,155.78271091095755,126.01793993713494,small,h4d_test_03_grappling2_038_grappling2_small_cam05_cam08_b00148,harmony4d,existing_paper_result,Shot3R,,streaming,038_grappling2
0.7921318244677019,0.013181123129245263,0.7633333333333333,0.3124128312412831,160.9036907633746,93.30609293890413,0.5491606714628298,248.84297668891864,214.5442175392338,extreme,h4d_test_03_grappling2_040_grappling2_extreme_cam14_cam16_b00260,harmony4d,existing_paper_result,Shot3R,,streaming,040_grappling2
0.05529727077601848,0.02521278750236302,0.8833333333333333,0.8205928237129485,110.52294449254296,71.70791871689455,0.7771260997067448,624.5214601702193,276.15223575742453,large,h4d_test_03_grappling2_040_grappling2_large_cam01_cam14_b00260,harmony4d,existing_paper_result,Shot3R,,streaming,040_grappling2
0.07788060320869605,0.0175201850089881,0.8833333333333333,0.4785005512679162,120.15231196976787,66.46963395960634,0.43657331136738053,742.0604633295109,326.5696998615648,medium,h4d_test_03_grappling2_040_grappling2_medium_cam10_cam16_b00260,harmony4d,existing_paper_result,Shot3R,,streaming,040_grappling2
0.10267418283122622,0.010015972083282823,0.8466666666666667,0.7620751341681574,125.0509708413003,85.39676012670772,0.9806949806949807,640.8677892651989,442.06806086824025,small,h4d_test_03_grappling2_040_grappling2_small_cam05_cam08_b00260,harmony4d,existing_paper_result,Shot3R,,streaming,040_grappling2
0.49332345201750455,0.01280535062369062,0.9933333333333333,0.8764705882352941,75.82199493415081,49.80254851508471,0.7842105263157895,496.5600027041668,199.93605874434007,extreme,h4d_test_03_grappling2_041_grappling2_extreme_cam14_cam16_b00224,harmony4d,existing_paper_result,Shot3R,,streaming,041_grappling2
0.09366311166023279,0.025794373593689374,0.85,0.5128205128205128,77.0911586389443,49.20311854003661,0.53125,282.3491340793913,170.06291922876073,large,h4d_test_03_grappling2_041_grappling2_large_cam11_cam15_b00224,harmony4d,existing_paper_result,Shot3R,,streaming,041_grappling2
0.0878300622766527,0.015287197313808697,0.9233333333333333,0.6658653846153846,83.66666976121864,55.56377438753544,0.5206766917293233,388.455679534641,213.24490471179357,medium,h4d_test_03_grappling2_041_grappling2_medium_cam10_cam16_b00224,harmony4d,existing_paper_result,Shot3R,,streaming,041_grappling2
0.024488586173873735,0.01168813451839006,1.0,0.8875739644970414,68.97001342880944,44.956236979954866,0.7978723404255319,207.45449665282817,113.53588443827539,small,h4d_test_03_grappling2_041_grappling2_small_cam05_cam08_b00224,harmony4d,existing_paper_result,Shot3R,,streaming,041_grappling2
1.1395159210065622,0.00954520986040607,0.9833333333333333,0.5975773889636609,94.60002499200003,70.44904557880695,0.6659142212189616,704.1659959600707,334.8438672765091,extreme,h4d_test_03_grappling2_043_grappling2_extreme_cam14_cam16_b00164,harmony4d,existing_paper_result,Shot3R,,streaming,043_grappling2
0.03394104399058199,0.03384630267209799,0.92,0.5411471321695761,103.70158684770942,75.76288218474441,0.549800796812749,473.168240021508,196.31124303743186,large,h4d_test_03_grappling2_043_grappling2_large_cam11_cam15_b00164,harmony4d,existing_paper_result,Shot3R,,streaming,043_grappling2
0.03950658048087807,0.013352840998089359,0.9266666666666666,0.6080206985769728,107.18312864807841,82.10794447619179,0.587737843551797,379.5773255322362,258.6387883539789,medium,h4d_test_03_grappling2_043_grappling2_medium_cam10_cam16_b00164,harmony4d,existing_paper_result,Shot3R,,streaming,043_grappling2
0.03746488606398338,0.011168566042617303,0.9433333333333334,0.7977369165487977,103.43799063341453,76.23566271860471,0.6953316953316954,205.39309070011137,160.4652694424324,small,h4d_test_03_grappling2_043_grappling2_small_cam05_cam08_b00164,harmony4d,existing_paper_result,Shot3R,,streaming,043_grappling2
0.09915897926413587,0.014328731303854928,0.8,0.6129032258064516,118.32615271200763,74.5594524279906,0.6282722513089005,381.95279119900755,239.39929533102756,extreme,h4d_test_05_sword2_009_sword2_extreme_cam06_cam18_b00521,harmony4d,existing_paper_result,Shot3R,,streaming,009_sword2
0.23153791956422676,0.01021297004131111,1.0,0.8,92.17152919631211,56.79989305125114,0.6666666666666666,432.812086691451,253.85977638530662,large,h4d_test_05_sword2_009_sword2_large_cam12_cam13_b00521,harmony4d,existing_paper_result,Shot3R,,streaming,009_sword2
0.07668997232628035,0.013677397125668213,0.83,0.7043847241867044,93.91727289315571,58.960493735898496,0.6117936117936118,174.30145179305237,143.5383501136105,medium,h4d_test_05_sword2_009_sword2_medium_cam02_cam07_b00521,harmony4d,existing_paper_result,Shot3R,,streaming,009_sword2
0.09812235340736193,0.013643902914398778,1.0,0.7633587786259542,91.16838477867272,62.920510323650205,0.6172839506172839,253.39355140248944,157.35545606957822,small,h4d_test_05_sword2_009_sword2_small_cam12_cam15_b00521,harmony4d,existing_paper_result,Shot3R,,streaming,009_sword2
0.17735362568836366,0.014881599994689652,1.0,0.9077155824508321,94.7164718635034,58.401214055711364,0.8310249307479224,480.51479192207296,181.5750593306853,extreme,h4d_test_05_sword2_010_sword2_extreme_cam02_cam14_b00601,harmony4d,existing_paper_result,Shot3R,,streaming,010_sword2
0.21249447581408365,0.01031539366045307,0.9666666666666667,0.7694369973190348,106.41604759951024,61.9453304891521,0.6502242152466368,322.83802049187557,183.02651004602066,large,h4d_test_05_sword2_010_sword2_large_cam12_cam13_b00601,harmony4d,existing_paper_result,Shot3R,,streaming,010_sword2
0.07560302802019962,0.014950789128926617,1.0,0.8777614138438881,101.00444216820453,60.26556099968599,0.7915567282321899,373.56792604335993,192.49431603957015,medium,h4d_test_05_sword2_010_sword2_medium_cam02_cam07_b00601,harmony4d,existing_paper_result,Shot3R,,streaming,010_sword2
0.09821951577177768,0.012984848691774553,1.0,0.7785058977719528,98.36528097741957,62.77218890203146,0.6479481641468683,284.0983033508134,174.74483616792284,small,h4d_test_05_sword2_010_sword2_small_cam12_cam15_b00601,harmony4d,existing_paper_result,Shot3R,,streaming,010_sword2
0.2978648174552401,0.013860875619399365,0.9633333333333334,0.8170212765957446,112.94325914214355,75.27642227449239,0.7135802469135802,759.4055598172517,236.1610160060608,extreme,h4d_test_06_sword3_001_sword3_extreme_cam02_cam14_b00301,harmony4d,existing_paper_result,Shot3R,,streaming,001_sword3
0.0999677383226789,0.022581738823550527,0.9633333333333334,0.6088328075709779,136.44478713883012,76.5664311625949,0.8652694610778443,1773.4968226320968,275.7943223939349,large,h4d_test_06_sword3_001_sword3_large_cam18_cam20_b00301,harmony4d,existing_paper_result,Shot3R,,streaming,001_sword3
0.803189860895043,0.008480173807112653,0.93,0.7260083449235049,132.45847460917045,83.65418430900492,0.665871121718377,2261.0037344336456,737.4274704422103,medium,h4d_test_06_sword3_001_sword3_medium_cam12_cam14_b00301,harmony4d,existing_paper_result,Shot3R,,streaming,001_sword3
0.02185876866470334,0.017385886819451683,0.98,0.6821705426356589,105.3417128065947,67.97462179063572,0.8521739130434782,729.3766552503025,209.87790559590218,small,h4d_test_06_sword3_001_sword3_small_cam14_cam20_b00301,harmony4d,existing_paper_result,Shot3R,,streaming,001_sword3
0.24908665914031597,0.014527718376800896,0.9733333333333334,0.874251497005988,96.41333355981492,62.739913182433384,0.7934782608695652,290.4571335094885,225.91141139581623,extreme,h4d_test_06_sword3_002_sword3_extreme_cam02_cam14_b00301,harmony4d,existing_paper_result,Shot3R,,streaming,002_sword3
0.15647084263969926,0.016106031874620282,0.9933333333333333,0.956661316211878,99.2594905763619,65.8832005535605,0.9226006191950464,400.94094013698793,256.18882289507644,large,h4d_test_06_sword3_002_sword3_large_cam18_cam20_b00301,harmony4d,existing_paper_result,Shot3R,,streaming,002_sword3
0.215833911117792,0.014534378189199568,0.9866666666666667,0.7925033467202142,103.66234364785221,67.05645594310234,0.6621923937360179,434.0789787757784,291.0481982397799,medium,h4d_test_06_sword3_002_sword3_medium_cam12_cam14_b00301,harmony4d,existing_paper_result,Shot3R,,streaming,002_sword3
0.0465829626285625,0.015586954401018727,0.9933333333333333,0.8855869242199108,94.45922026950885,68.30094632823663,0.7989276139410187,319.06682037425304,216.01529465228373,small,h4d_test_06_sword3_002_sword3_small_cam14_cam20_b00301,harmony4d,existing_paper_result,Shot3R,,streaming,002_sword3
0.15709656939782146,0.011886195842343482,1.0,0.8620689655172413,91.94522182777497,54.028179046670274,0.7575757575757576,391.7963192289782,171.59623533905892,extreme,h4d_test_06_sword3_003_sword3_extreme_cam02_cam14_b00301,harmony4d,existing_paper_result,Shot3R,,streaming,003_sword3
0.15836190073378573,0.014041009371415702,0.98,0.9040247678018576,89.15321143691276,56.59199935939644,0.8497109826589595,603.71106273108,270.23364292199955,large,h4d_test_06_sword3_003_sword3_large_cam18_cam20_b00301,harmony4d,existing_paper_result,Shot3R,,streaming,003_sword3
0.17948317450399537,0.01348557025856584,1.0,0.8141112618724559,87.88730652141096,51.401768621442535,0.6864988558352403,518.2846380425673,199.74935519188747,medium,h4d_test_06_sword3_003_sword3_medium_cam12_cam14_b00301,harmony4d,existing_paper_result,Shot3R,,streaming,003_sword3
0.03618724375537149,0.014304522809108792,0.9866666666666667,0.8862275449101796,88.50604721400809,57.35977961528494,0.8043478260869565,521.2555926125524,174.8583818575947,small,h4d_test_06_sword3_003_sword3_small_cam14_cam20_b00301,harmony4d,existing_paper_result,Shot3R,,streaming,003_sword3
0.21752743688419,0.011164591495548094,0.9733333333333334,0.833095577746077,91.18535125160254,59.08807207986332,0.7281795511221946,552.4491506033743,216.5644069066106,extreme,h4d_test_06_sword3_004_sword3_extreme_cam02_cam14_b00301,harmony4d,existing_paper_result,Shot3R,,streaming,004_sword3
0.20070461780645632,0.012686143640504284,1.0,0.8241758241758241,88.16474817179233,57.40851274187871,0.7009345794392523,560.8691689270864,211.53905078428764,large,h4d_test_06_sword3_004_sword3_large_cam18_cam20_b00301,harmony4d,existing_paper_result,Shot3R,,streaming,004_sword3
0.16663013721427275,0.013711905379111222,1.0,0.8275862068965517,90.72198750589934,56.94077477842193,0.7058823529411765,310.134127325837,183.69568959618732,medium,h4d_test_06_sword3_004_sword3_medium_cam12_cam14_b00301,harmony4d,existing_paper_result,Shot3R,,streaming,004_sword3
0.061780838769855274,0.012596653535694917,0.99,0.7625160462130937,84.03958472346729,54.11655996236522,0.6200417536534447,387.0232370251445,147.42694906252777,small,h4d_test_06_sword3_004_sword3_small_cam14_cam20_b00301,harmony4d,existing_paper_result,Shot3R,,streaming,004_sword3
0.22457345551753444,0.012191260761819412,0.9866666666666667,0.8326300984528833,89.95181985204046,61.58532700098889,0.7201946472019465,334.688457154199,210.99723359014789,extreme,h4d_test_06_sword3_005_sword3_extreme_cam02_cam14_b00301,harmony4d,existing_paper_result,Shot3R,,streaming,005_sword3
0.15573046592716366,0.014428475679419442,1.0,0.9630818619582665,87.92764002589428,59.501380098910715,0.9287925696594427,507.67065973099534,249.9333330129248,large,h4d_test_06_sword3_005_sword3_large_cam18_cam20_b00301,harmony4d,existing_paper_result,Shot3R,,streaming,005_sword3
0.1675072931131685,0.012594728615950193,0.9866666666666667,0.7531806615776081,94.42517239984231,61.848502797724535,0.6090534979423868,314.18395511182354,218.9946400691853,medium,h4d_test_06_sword3_005_sword3_medium_cam12_cam14_b00301,harmony4d,existing_paper_result,Shot3R,,streaming,005_sword3
0.07653365731288098,0.010560648878549909,0.9766666666666667,0.7838926174496644,94.46185849755231,57.872694443744315,0.6584269662921348,230.88258680111718,135.9549851149856,small,h4d_test_06_sword3_005_sword3_small_cam10_cam13_b00301,harmony4d,existing_paper_result,Shot3R,,streaming,005_sword3
0.2340156856029199,0.010412899937217173,0.9933333333333333,0.7978580990629184,93.89384561993492,63.42905013950628,0.6666666666666666,319.59890833797044,171.1862169740973,extreme,h4d_test_06_sword3_006_sword3_extreme_cam02_cam14_b00256,harmony4d,existing_paper_result,Shot3R,,streaming,006_sword3
0.1349389601855583,0.016360714121847364,0.9633333333333334,0.8503703703703703,90.97936248125099,58.68386288642197,0.7706666666666667,493.0482335332459,281.1619968440597,large,h4d_test_06_sword3_006_sword3_large_cam18_cam20_b00256,harmony4d,existing_paper_result,Shot3R,,streaming,006_sword3
0.18328011105281333,0.011481509359316997,0.97,0.7464607464607464,98.91813427181494,67.26686366749884,0.610062893081761,337.65961858437805,228.85126502759312,medium,h4d_test_06_sword3_006_sword3_medium_cam12_cam14_b00256,harmony4d,existing_paper_result,Shot3R,,streaming,006_sword3
0.07854796618342505,0.010526230276028852,0.9933333333333333,0.7967914438502673,91.56163511423571,55.6042069533087,0.6651785714285714,273.2165268425799,153.6778136527172,small,h4d_test_06_sword3_006_sword3_small_cam10_cam13_b00256,harmony4d,existing_paper_result,Shot3R,,streaming,006_sword3
0.5017292571135524,0.02394425487850995,0.5,0.39473684210526316,91.56131451165302,64.86855851191963,0.32608695652173914,1008.3459074618795,302.6928409680939,extreme,h4d_test_08_ballroom2_007_ballroom2_extreme_cam06_cam14_b00301,harmony4d,existing_paper_result,Shot3R,,streaming,007_ballroom2
0.33429804920694567,0.024355582426680598,0.49666666666666665,0.4179523141654979,94.2795379370291,73.28320626089751,0.36077481840193704,1003.5366051908346,309.61119120747486,extreme,h4d_test_08_ballroom2_008_ballroom2_extreme_cam06_cam14_b00301,harmony4d,existing_paper_result,Shot3R,,streaming,008_ballroom2
0.0489118537263741,0.018134914322425224,0.26666666666666666,0.2535211267605634,122.66716568831575,77.5157073749851,0.29850746268656714,784.524156122038,328.52289523761794,extreme,h4d_test_08_ballroom2_009_ballroom2_extreme_cam06_cam14_b00359,harmony4d,existing_paper_result,Shot3R,,streaming,009_ballroom2
0.3832798689155412,0.02295795516335988,0.49333333333333335,0.43851851851851853,71.35821932185539,56.7009310903498,0.39466666666666667,777.8421907585326,191.0724870230251,extreme,h4d_test_08_ballroom2_010_ballroom2_extreme_cam06_cam14_b00162,harmony4d,existing_paper_result,Shot3R,,streaming,010_ballroom2
0.0646602317555217,0.020493454064946282,0.8033333333333333,0.3996627318718381,80.42173718126725,58.83353810305,0.27200902934537247,494.35290998694717,333.7429911976686,extreme,h4d_test_15_mma4_016_mma4_extreme_cam03_cam08_b00371,harmony4d,existing_paper_result,Shot3R,,streaming,016_mma4
0.5890832811530887,0.026252555499059693,0.9566666666666667,0.33814102564102566,89.04956113681268,68.5166368159905,0.3027426160337553,526.4952529012817,211.53953012148048,large,h4d_test_15_mma4_016_mma4_large_cam05_cam17_b00371,harmony4d,existing_paper_result,Shot3R,,streaming,016_mma4
0.28213912437816013,0.012084776405937114,1.0,0.5895372233400402,84.7021827778818,56.30871060801166,0.4322766570605187,1068.566512625971,445.5692296574511,medium,h4d_test_15_mma4_016_mma4_medium_cam10_cam14_b00371,harmony4d,existing_paper_result,Shot3R,,streaming,016_mma4
0.03835604976074229,0.01170193294125666,0.7433333333333333,0.2645739910313901,118.36877056734596,75.95134740900438,0.3766891891891892,890.1928076797827,342.43243242031485,small,h4d_test_15_mma4_016_mma4_small_cam13_cam15_b00371,harmony4d,existing_paper_result,Shot3R,,streaming,016_mma4
0.5099554996804773,0.02274734816578728,0.9866666666666667,0.4106709781729992,81.28662903298209,66.65732611531755,0.31590181430096054,889.1474488616014,576.1813597728027,extreme,h4d_test_16_mma5_001_mma5_extreme_cam03_cam08_b00085,harmony4d,existing_paper_result,Shot3R,,streaming,001_mma5
0.4336081189237738,0.017660730840007317,0.9666666666666667,0.37424547283702214,95.0467499340768,68.55628335469727,0.2434928631402183,427.848774021426,258.18650117389166,large,h4d_test_16_mma5_001_mma5_large_cam05_cam17_b00085,harmony4d,existing_paper_result,Shot3R,,streaming,001_mma5
0.6204428420219676,0.010428198544094255,0.8266666666666667,0.3238095238095238,89.55435968394133,60.367282117325225,0.29005847953216374,1019.8487858310186,484.2119889396305,medium,h4d_test_16_mma5_001_mma5_medium_cam10_cam14_b00085,harmony4d,existing_paper_result,Shot3R,,streaming,001_mma5
0.15531153319941088,0.026332379465235103,0.9466666666666667,0.6512758201701093,82.062358841397,56.67318244825499,0.5430210325047801,372.48827323302675,202.21275801896414,small,h4d_test_16_mma5_001_mma5_small_cam13_cam15_b00085,harmony4d,existing_paper_result,Shot3R,,streaming,001_mma5
0.3651876648437081,0.02870039925317786,0.9733333333333334,0.450965250965251,69.90430730934072,50.16131112551855,0.29346733668341707,522.1139182777215,316.8536939097276,extreme,h4d_test_16_mma5_002_mma5_extreme_cam03_cam08_b00103,harmony4d,existing_paper_result,Shot3R,,streaming,002_mma5
0.40586739602593164,0.023200242127287083,0.83,0.3847944142746315,81.17347021060858,59.99315909680785,0.2517694641051567,468.96834636329635,209.4328241750346,large,h4d_test_16_mma5_002_mma5_large_cam05_cam17_b00103,harmony4d,existing_paper_result,Shot3R,,streaming,002_mma5
0.13699512980921943,0.015420664361455992,0.7833333333333333,0.3871543264942016,99.45363664935294,75.22471380692595,0.2862362971985384,686.4919250103329,440.12300830044285,medium,h4d_test_16_mma5_002_mma5_medium_cam10_cam14_b00103,harmony4d,existing_paper_result,Shot3R,,streaming,002_mma5
0.09332989131184886,0.026299729469331387,1.0,0.5859375,73.50884791740425,49.510883606639716,0.4143646408839779,288.1440536574033,162.13620297313622,small,h4d_test_16_mma5_002_mma5_small_cam13_cam15_b00103,harmony4d,existing_paper_result,Shot3R,,streaming,002_mma5
0.5990323281323481,0.021908336304910857,0.9466666666666667,0.4296520423600605,80.11101816030022,57.67065005733749,0.27788649706457924,607.5738235247237,412.0012103682324,extreme,h4d_test_16_mma5_004_mma5_extreme_cam03_cam08_b00115,harmony4d,existing_paper_result,Shot3R,,streaming,004_mma5
0.3947023009607138,0.02565663568314578,0.9966666666666667,0.4421209858103062,77.81331817543396,55.699981214022564,0.287776708373436,578.56511068272,314.78326954168733,large,h4d_test_16_mma5_004_mma5_large_cam05_cam17_b00115,harmony4d,existing_paper_result,Shot3R,,streaming,004_mma5
0.23490576469080196,0.016864127189959204,0.9733333333333334,0.4573218480814409,85.50242301027575,62.51314041864887,0.29887410440122825,523.253449240159,367.1706651857366,medium,h4d_test_16_mma5_004_mma5_medium_cam10_cam14_b00115,harmony4d,existing_paper_result,Shot3R,,streaming,004_mma5
0.08352451588822243,0.012409149630185912,0.8033333333333333,0.34890965732087226,92.22038211592776,68.46633435928011,0.363499245852187,342.0099668200447,208.70673184412325,small,h4d_test_16_mma5_004_mma5_small_cam13_cam15_b00115,harmony4d,existing_paper_result,Shot3R,,streaming,004_mma5
0.4810889078818144,0.02956816321869829,0.9433333333333334,0.4882710686359687,77.28295189328334,53.9903581645028,0.3325499412455934,587.7608075910842,323.2500938529021,extreme,h4d_test_16_mma5_016_mma5_extreme_cam03_cam08_b00171,harmony4d,existing_paper_result,Shot3R,,streaming,016_mma5
0.4589761763924588,0.02604246850009485,0.9566666666666667,0.42900302114803623,83.05368102135715,60.332501688408776,0.2802734375,578.5775436016958,336.78786841034395,large,h4d_test_16_mma5_016_mma5_large_cam05_cam17_b00171,harmony4d,existing_paper_result,Shot3R,,streaming,016_mma5
0.29049721391663924,0.03721382532964203,0.9566666666666667,0.47778709136630343,86.97885063481893,64.97288427944596,0.3213885778275476,791.072501167888,481.70457256972753,medium,h4d_test_16_mma5_016_mma5_medium_cam10_cam14_b00171,harmony4d,existing_paper_result,Shot3R,,streaming,016_mma5
0.15154054273428316,0.021844551142322116,0.9566666666666667,0.45114345114345117,71.2060513718517,55.575427501204075,0.4335347432024169,558.8956079283655,232.00681524299125,small,h4d_test_16_mma5_016_mma5_small_cam13_cam15_b00171,harmony4d,existing_paper_result,Shot3R,,streaming,016_mma5
1.9021860325000841,1.4372636859951884,0.9733333333333334,0.40863309352517985,175.04704578648546,77.439885368774,0.739240506329114,509.6361012360489,315.30906845245727,extreme,h4d_test_01_hugging_002_hugging_extreme_cam07_cam20_b00151,harmony4d,success,OnlineHMR,,semi_online_tracking_global_camera,002_hugging
1.1761464968233861,0.984313636206836,0.91,0.38282208588957056,147.27544843015104,68.01968495590664,0.5300970873786408,583.5616158400759,339.6449186277559,large,h4d_test_01_hugging_002_hugging_large_cam11_cam16_b00151,harmony4d,success,OnlineHMR,,semi_online_tracking_global_camera,002_hugging
0.643484997389781,0.5425593931392211,0.81,0.42105263157894735,151.08539306928682,68.83860174561167,0.42334494773519166,433.41948847788404,302.29327373561,medium,h4d_test_01_hugging_002_hugging_medium_cam11_cam14_b00151,harmony4d,success,OnlineHMR,,semi_online_tracking_global_camera,002_hugging
0.03560159508400222,0.034701241745023335,0.9866666666666667,0.4449489216799092,176.5532945535867,65.87228239117798,0.5094664371772806,378.12094950267783,256.44488030462617,small,h4d_test_01_hugging_002_hugging_small_cam19_cam20_b00151,harmony4d,success,OnlineHMR,,semi_online_tracking_global_camera,002_hugging
3.3052989807589492,2.7841179264093237,0.4,0.15288611544461778,128.4291111244371,72.18857991481595,0.12219959266802444,438.74221953932374,310.25918743965775,extreme,h4d_test_03_grappling2_028_grappling2_extreme_cam14_cam16_b00076,harmony4d,success,OnlineHMR,,semi_online_tracking_global_camera,028_grappling2
2.328087032058173,1.594930987934567,0.03,0.01861427094105481,110.42815675235543,44.22592130285725,0.013493253373313344,,,large,h4d_test_03_grappling2_028_grappling2_large_cam11_cam15_b00076,harmony4d,success,OnlineHMR,,semi_online_tracking_global_camera,028_grappling2
1.544249140621008,1.37898044357185,0.21666666666666667,0.09339774557165861,116.27599185564642,67.5827302922783,0.06900212314225053,,,medium,h4d_test_03_grappling2_028_grappling2_medium_cam10_cam16_b00076,harmony4d,success,OnlineHMR,,semi_online_tracking_global_camera,028_grappling2
0.1236692396256033,0.06799740286910459,0.53,0.293007769145394,171.32564673401345,83.70185287720555,0.26455906821963393,564.2109674993525,252.58323318301166,small,h4d_test_03_grappling2_028_grappling2_small_cam05_cam08_b00076,harmony4d,success,OnlineHMR,,semi_online_tracking_global_camera,028_grappling2
3.2752302292445603,0.9904549972550566,0.3333333333333333,0.06419400855920114,226.16241522839874,127.61242134452576,0.09074410163339383,609.6619159041655,515.9347507995457,extreme,h4d_test_03_grappling2_030_grappling2_extreme_cam14_cam16_b00151,harmony4d,success,OnlineHMR,,semi_online_tracking_global_camera,030_grappling2
2.271923852576947,1.8026924482929652,0.37,0.2013685239491691,117.34827257897213,72.51235509047642,0.15352697095435686,,,large,h4d_test_03_grappling2_030_grappling2_large_cam01_cam14_b00151,harmony4d,success,OnlineHMR,,semi_online_tracking_global_camera,030_grappling2
1.5387456013334364,1.0908681701390726,0.03,0.008762322015334063,86.82519138241918,44.366035233713404,0.005897771952817824,,,medium,h4d_test_03_grappling2_030_grappling2_medium_cam10_cam16_b00151,harmony4d,success,OnlineHMR,,semi_online_tracking_global_camera,030_grappling2
0.14720812075151163,0.049880737877514444,0.23666666666666666,0.07502467917077986,309.7757384077163,161.08791410976997,0.09957924263674614,,,small,h4d_test_03_grappling2_030_grappling2_small_cam05_cam08_b00151,harmony4d,success,OnlineHMR,,semi_online_tracking_global_camera,030_grappling2
3.3004871125422857,1.7820601617632164,0.32666666666666666,0.13783403656821377,140.9581232843506,82.00561667789307,0.0873440285204991,,,extreme,h4d_test_03_grappling2_033_grappling2_extreme_cam14_cam16_b00087,harmony4d,success,OnlineHMR,,semi_online_tracking_global_camera,033_grappling2
2.2738370565791612,1.9665582094858594,0.43666666666666665,0.12305025996533796,146.12415992538445,82.85865170402903,0.15339578454332553,660.1635480468733,318.2990832012729,large,h4d_test_03_grappling2_033_grappling2_large_cam01_cam14_b00087,harmony4d,success,OnlineHMR,,semi_online_tracking_global_camera,033_grappling2
1.543939123843547,1.171733727356993,0.013333333333333334,0.002472187886279357,466.68267464921354,166.1586792690168,0.0030349013657056147,,,medium,h4d_test_03_grappling2_033_grappling2_medium_cam10_cam16_b00087,harmony4d,success,OnlineHMR,,semi_online_tracking_global_camera,033_grappling2
0.08086036061331199,0.04183671363592836,0.19,0.11353711790393013,167.27775172825795,89.72312347424166,0.09253246753246754,,,small,h4d_test_03_grappling2_033_grappling2_small_cam05_cam08_b00087,harmony4d,success,OnlineHMR,,semi_online_tracking_global_camera,033_grappling2
3.290218014365787,1.656765630130404,0.02666666666666667,0.008908685968819599,267.62865170228235,98.59389628404173,0.013377926421404682,504.3876092531809,389.5409298937267,extreme,h4d_test_03_grappling2_038_grappling2_extreme_cam14_cam16_b00148,harmony4d,success,OnlineHMR,,semi_online_tracking_global_camera,038_grappling2
2.3260936484013492,1.979820470749847,0.54,0.17301038062283736,240.3706056426725,87.51002615749742,0.2857142857142857,,,large,h4d_test_03_grappling2_038_grappling2_large_cam11_cam15_b00148,harmony4d,success,OnlineHMR,,semi_online_tracking_global_camera,038_grappling2
1.5370367810011465,1.0230464196016111,0.05,0.009702009702009701,353.3293407357702,126.51550495715728,0.013123359580052493,552.8154983955772,403.8799642082061,medium,h4d_test_03_grappling2_038_grappling2_medium_cam10_cam16_b00148,harmony4d,success,OnlineHMR,,semi_online_tracking_global_camera,038_grappling2
0.08108756337984536,0.04459186717152656,0.1,0.05158264947245018,433.9206549033975,158.9134002781262,0.054249547920433995,,,small,h4d_test_03_grappling2_038_grappling2_small_cam05_cam08_b00148,harmony4d,success,OnlineHMR,,semi_online_tracking_global_camera,038_grappling2
3.298720921183111,2.569418110231251,0.5133333333333333,0.16446124763705103,341.9284232271545,124.31668444233614,0.20316622691292877,947.5960284180568,478.91970793667315,extreme,h4d_test_03_grappling2_040_grappling2_extreme_cam14_cam16_b00260,harmony4d,success,OnlineHMR,,semi_online_tracking_global_camera,040_grappling2
2.263657117039059,1.3311476946813332,0.44333333333333336,0.15445544554455445,299.726444369837,101.54135334921534,0.18732394366197183,,,large,h4d_test_03_grappling2_040_grappling2_large_cam01_cam14_b00260,harmony4d,success,OnlineHMR,,semi_online_tracking_global_camera,040_grappling2
1.50490110025282,0.7927392272363246,0.2733333333333333,0.06196213425129088,285.46708592346465,102.43228557165683,0.05682605682605683,668.7084929141035,399.4569064648922,medium,h4d_test_03_grappling2_040_grappling2_medium_cam10_cam16_b00260,harmony4d,success,OnlineHMR,,semi_online_tracking_global_camera,040_grappling2
0.5506503466639033,0.5405574080143882,0.6366666666666667,0.4004329004329004,174.87745915920854,98.41633674418027,0.3060897435897436,498.4493683653879,340.6025483046963,small,h4d_test_03_grappling2_040_grappling2_small_cam05_cam08_b00260,harmony4d,success,OnlineHMR,,semi_online_tracking_global_camera,040_grappling2
3.306485939134889,3.236416164372853,0.19333333333333333,0.10546500479386385,130.4973834962395,57.71807538799961,0.07806191117092867,1287.162350285223,205.86756983299708,extreme,h4d_test_03_grappling2_041_grappling2_extreme_cam14_cam16_b00224,harmony4d,success,OnlineHMR,,semi_online_tracking_global_camera,041_grappling2
2.318048142352403,1.8005810555460289,0.05333333333333334,0.024363233665559248,384.1450027488403,106.54338887179883,0.026533996683250415,334.0461530589074,193.95917866237977,large,h4d_test_03_grappling2_041_grappling2_large_cam11_cam15_b00224,harmony4d,success,OnlineHMR,,semi_online_tracking_global_camera,041_grappling2
1.5402946192924916,1.203659931485693,0.37666666666666665,0.10252100840336134,125.1939917116596,57.817400223680934,0.12696629213483146,,,medium,h4d_test_03_grappling2_041_grappling2_medium_cam10_cam16_b00224,harmony4d,success,OnlineHMR,,semi_online_tracking_global_camera,041_grappling2
0.23935262938559496,0.2220430157154421,0.08333333333333333,0.04018264840182648,150.43481193010885,90.70787582578733,0.031446540880503145,266.52199608756314,200.9347007178562,small,h4d_test_03_grappling2_041_grappling2_small_cam05_cam08_b00224,harmony4d,success,OnlineHMR,,semi_online_tracking_global_camera,041_grappling2
3.3062003010106302,2.927119115056517,0.28,0.10535405872193437,235.61492439985687,108.81914741314007,0.0979020979020979,,,extreme,h4d_test_03_grappling2_043_grappling2_extreme_cam14_cam16_b00164,harmony4d,success,OnlineHMR,,semi_online_tracking_global_camera,043_grappling2
2.314385455980041,1.3619612577552187,0.07,0.04208416833667335,186.54718469917813,92.55994643302213,0.03008595988538682,,,large,h4d_test_03_grappling2_043_grappling2_large_cam11_cam15_b00164,harmony4d,success,OnlineHMR,,semi_online_tracking_global_camera,043_grappling2
1.5539926989162174,1.4927563700665563,0.44,0.15622895622895622,137.41153735628052,84.80512295787415,0.11139240506329114,507.2947957681262,411.5607508988817,medium,h4d_test_03_grappling2_043_grappling2_medium_cam10_cam16_b00164,harmony4d,success,OnlineHMR,,semi_online_tracking_global_camera,043_grappling2
0.5358798695524812,0.25776903282204294,0.14333333333333334,0.04473902236951118,227.51919417512164,110.1389206854247,0.047409040793825796,,,small,h4d_test_03_grappling2_043_grappling2_small_cam05_cam08_b00164,harmony4d,success,OnlineHMR,,semi_online_tracking_global_camera,043_grappling2
3.7785688937445987,2.557443783916448,0.17666666666666667,0.05249343832020997,327.5762618948999,131.4047991621089,0.06287069988137604,2099.8516406562608,466.769738140614,extreme,h4d_test_05_sword2_009_sword2_extreme_cam06_cam18_b00521,harmony4d,success,OnlineHMR,,semi_online_tracking_global_camera,009_sword2
2.7186866651914254,2.2874831167152188,0.0,0.0,,,0.0,,,large,h4d_test_05_sword2_009_sword2_large_cam12_cam13_b00521,harmony4d,success,OnlineHMR,,semi_online_tracking_global_camera,009_sword2
1.44724280473433,1.2984906122187572,0.31333333333333335,0.11902897415818324,145.5079549549783,70.38537077360321,0.09621289662231321,428.56309467522425,280.0844140363984,medium,h4d_test_05_sword2_009_sword2_medium_cam02_cam07_b00521,harmony4d,success,OnlineHMR,,semi_online_tracking_global_camera,009_sword2
0.09219524090189557,0.05041779939006273,0.0,0.0,,,0.0,,,small,h4d_test_05_sword2_009_sword2_small_cam12_cam15_b00521,harmony4d,success,OnlineHMR,,semi_online_tracking_global_camera,009_sword2
3.8191440538607577,3.248499323739696,0.0,0.0,,,0.0,,,extreme,h4d_test_05_sword2_010_sword2_extreme_cam02_cam14_b00601,harmony4d,success,OnlineHMR,,semi_online_tracking_global_camera,010_sword2
2.7221613516331886,2.6218758597666003,0.03,0.026124818577648767,323.82204175693124,132.8891915294573,0.02313624678663239,,,large,h4d_test_05_sword2_010_sword2_large_cam12_cam13_b00601,harmony4d,success,OnlineHMR,,semi_online_tracking_global_camera,010_sword2
1.4433117524597183,1.2324591594166205,0.0,0.0,,,0.0,,,medium,h4d_test_05_sword2_010_sword2_medium_cam02_cam07_b00601,harmony4d,success,OnlineHMR,,semi_online_tracking_global_camera,010_sword2
0.1530898453407166,0.04903680255949792,0.0,0.0,,,0.0,,,small,h4d_test_05_sword2_010_sword2_small_cam12_cam15_b00601,harmony4d,success,OnlineHMR,,semi_online_tracking_global_camera,010_sword2
3.87770444559886,2.898215353044808,0.08333333333333333,0.060191518467852256,133.87532163236935,63.08334886756111,0.058004640371229696,,,extreme,h4d_test_06_sword3_001_sword3_extreme_cam02_cam14_b00301,harmony4d,success,OnlineHMR,,semi_online_tracking_global_camera,001_sword3
2.7554729893245877,2.4959141185817164,0.07,0.05188067444876784,541.4455604660778,236.47426523968556,0.044585987261146494,,,large,h4d_test_06_sword3_001_sword3_large_cam18_cam20_b00301,harmony4d,success,OnlineHMR,,semi_online_tracking_global_camera,001_sword3
1.7637872197221873,1.5320771733749774,0.0,0.0,,,0.0,,,medium,h4d_test_06_sword3_001_sword3_medium_cam12_cam14_b00301,harmony4d,success,OnlineHMR,,semi_online_tracking_global_camera,001_sword3
0.05374978704296519,0.05123726551866747,0.006666666666666667,0.0045662100456621,234.8137001451624,97.03097305353404,0.003472222222222222,,,small,h4d_test_06_sword3_001_sword3_small_cam14_cam20_b00301,harmony4d,success,OnlineHMR,,semi_online_tracking_global_camera,001_sword3
3.8714185471411042,3.1830975125724605,0.15666666666666668,0.12278308321964529,128.47257177356525,74.9472937239998,0.10854503464203233,,,extreme,h4d_test_06_sword3_002_sword3_extreme_cam02_cam14_b00301,harmony4d,success,OnlineHMR,,semi_online_tracking_global_camera,002_sword3
2.7383581875322016,1.1365567986473017,0.0,0.0,,,0.0,,,large,h4d_test_06_sword3_002_sword3_large_cam18_cam20_b00301,harmony4d,success,OnlineHMR,,semi_online_tracking_global_camera,002_sword3
1.7622930413939757,1.5943779784317937,0.0,0.0,,,0.0,,,medium,h4d_test_06_sword3_002_sword3_medium_cam12_cam14_b00301,harmony4d,success,OnlineHMR,,semi_online_tracking_global_camera,002_sword3
0.05958409355255879,0.05156906080117526,0.01,0.0069605568445475635,356.29271538504923,158.73632801493375,0.005338078291814947,,,small,h4d_test_06_sword3_002_sword3_small_cam14_cam20_b00301,harmony4d,success,OnlineHMR,,semi_online_tracking_global_camera,002_sword3
3.8703105948752135,1.9151118183487725,0.04666666666666667,0.03018867924528302,195.54896003786126,74.77499156399544,0.028282828282828285,3655.581177791683,278.43075903775997,extreme,h4d_test_06_sword3_003_sword3_extreme_cam02_cam14_b00301,harmony4d,success,OnlineHMR,,semi_online_tracking_global_camera,003_sword3
2.742708743176878,1.7439268981714395,0.06666666666666667,0.043596730245231606,166.9951504996262,71.34530585308003,0.04608294930875576,,,large,h4d_test_06_sword3_003_sword3_large_cam18_cam20_b00301,harmony4d,success,OnlineHMR,,semi_online_tracking_global_camera,003_sword3
1.759914528699554,1.4531951737762505,0.043333333333333335,0.03537414965986395,161.87666389582458,72.53841493454959,0.029885057471264367,112.3250703414204,85.88857732926786,medium,h4d_test_06_sword3_003_sword3_medium_cam12_cam14_b00301,harmony4d,success,OnlineHMR,,semi_online_tracking_global_camera,003_sword3
0.05232278563602983,0.052191905594514455,0.18666666666666668,0.11325028312570781,120.72087752826656,65.18998686052076,0.09605488850771869,332.86961003659036,164.77989609790984,small,h4d_test_06_sword3_003_sword3_small_cam14_cam20_b00301,harmony4d,success,OnlineHMR,,semi_online_tracking_global_camera,003_sword3
3.8695426102624895,1.5699989168557926,0.06666666666666667,0.018907563025210083,382.10826093200404,129.05903485554683,0.03067484662576687,2055.5954545703744,1203.832874917674,extreme,h4d_test_06_sword3_004_sword3_extreme_cam02_cam14_b00301,harmony4d,success,OnlineHMR,,semi_online_tracking_global_camera,004_sword3
2.7376343466751805,1.5584818280212183,0.03,0.016216216216216217,150.95115062902033,79.93129548830096,0.020454545454545454,1244.666824607154,451.2404952497812,large,h4d_test_06_sword3_004_sword3_large_cam18_cam20_b00301,harmony4d,success,OnlineHMR,,semi_online_tracking_global_camera,004_sword3
1.7638968781770568,1.7308233113819873,0.03,0.024324324324324326,146.54796348995808,77.22161012009099,0.020454545454545454,134.87269685917175,106.22754349516146,medium,h4d_test_06_sword3_004_sword3_medium_cam12_cam14_b00301,harmony4d,success,OnlineHMR,,semi_online_tracking_global_camera,004_sword3
0.05129361889188545,0.050980793819157724,0.17333333333333334,0.11136363636363636,109.02476863819432,64.89070975308705,0.0896551724137931,490.0216879032623,155.47743581969834,small,h4d_test_06_sword3_004_sword3_small_cam14_cam20_b00301,harmony4d,success,OnlineHMR,,semi_online_tracking_global_camera,004_sword3
3.8748378439893374,3.1680776191532765,0.17333333333333334,0.13454075032341525,110.8551950611931,61.95135072202242,0.10993657505285412,,,extreme,h4d_test_06_sword3_005_sword3_extreme_cam02_cam14_b00301,harmony4d,success,OnlineHMR,,semi_online_tracking_global_camera,005_sword3
2.7415733825742032,1.370624936734744,0.006666666666666667,0.005420054200542005,249.94595912227675,122.6705131867196,0.0045662100456621,,,large,h4d_test_06_sword3_005_sword3_large_cam18_cam20_b00301,harmony4d,success,OnlineHMR,,semi_online_tracking_global_camera,005_sword3
1.7584548609842334,1.4385033516571186,0.0,0.0,,,0.0,,,medium,h4d_test_06_sword3_005_sword3_medium_cam12_cam14_b00301,harmony4d,success,OnlineHMR,,semi_online_tracking_global_camera,005_sword3
0.06520019239311925,0.04530999214686606,0.07,0.03197674418604651,226.95921717110593,92.32490361039689,0.05412371134020619,295.22409380753504,231.43438185850087,small,h4d_test_06_sword3_005_sword3_small_cam10_cam13_b00301,harmony4d,success,OnlineHMR,,semi_online_tracking_global_camera,005_sword3
3.8631414014675247,2.019336279213624,0.08,0.06408544726301736,85.18041450380734,72.22301740272515,0.053452115812917596,,,extreme,h4d_test_06_sword3_006_sword3_extreme_cam02_cam14_b00256,harmony4d,success,OnlineHMR,,semi_online_tracking_global_camera,006_sword3
2.740869065569174,1.7494941559613335,0.09666666666666666,0.07901907356948229,93.50236153766782,73.7354878435286,0.06682027649769585,,,large,h4d_test_06_sword3_006_sword3_large_cam18_cam20_b00256,harmony4d,success,OnlineHMR,,semi_online_tracking_global_camera,006_sword3
1.7624253927543747,1.5936410142342554,0.09333333333333334,0.07397622192866579,98.19854614230978,78.20854075044076,0.061269146608315096,,,medium,h4d_test_06_sword3_006_sword3_medium_cam12_cam14_b00256,harmony4d,success,OnlineHMR,,semi_online_tracking_global_camera,006_sword3
0.06231787625148115,0.03947041032087122,0.0033333333333333335,0.00333889816360601,290.58208512677754,178.20548751837947,0.0033444816053511705,,,small,h4d_test_06_sword3_006_sword3_small_cam10_cam13_b00256,harmony4d,success,OnlineHMR,,semi_online_tracking_global_camera,006_sword3
0.41629100963440363,0.4008496977680718,0.0,0.0,,,0.0,,,extreme,h4d_test_08_ballroom2_007_ballroom2_extreme_cam06_cam14_b00301,harmony4d,success,OnlineHMR,,semi_online_tracking_global_camera,007_ballroom2
5.48283792009126,2.3723916942888885,0.0,0.0,,,0.0,,,extreme,h4d_test_08_ballroom2_008_ballroom2_extreme_cam06_cam14_b00301,harmony4d,success,OnlineHMR,,semi_online_tracking_global_camera,008_ballroom2
5.482134158710559,2.0671006876941016,0.0,0.0,,,0.0,,,extreme,h4d_test_08_ballroom2_009_ballroom2_extreme_cam06_cam14_b00359,harmony4d,success,OnlineHMR,,semi_online_tracking_global_camera,009_ballroom2
5.484239471545193,2.2259876636321123,0.0,0.0,,,0.0,,,extreme,h4d_test_08_ballroom2_010_ballroom2_extreme_cam06_cam14_b00162,harmony4d,success,OnlineHMR,,semi_online_tracking_global_camera,010_ballroom2
4.511377732205598,2.5184287004304444,0.08666666666666667,0.0141718334809566,481.3436199875389,169.21028388524377,0.013278855975485188,537.30104922351,299.72076901693936,extreme,h4d_test_15_mma4_016_mma4_extreme_cam03_cam08_b00371,harmony4d,success,OnlineHMR,,semi_online_tracking_global_camera,016_mma4
2.99474982945924,2.937043455863496,0.06,0.005095541401273885,360.5275577145143,148.96190011532008,0.008759124087591242,1260.169575437862,583.471540374638,large,h4d_test_15_mma4_016_mma4_large_cam05_cam17_b00371,harmony4d,success,OnlineHMR,,semi_online_tracking_global_camera,016_mma4
1.4466890886058683,0.5445467154062337,0.0,0.0,,,0.0,,,medium,h4d_test_15_mma4_016_mma4_medium_cam10_cam14_b00371,harmony4d,success,OnlineHMR,,semi_online_tracking_global_camera,016_mma4
0.2818939602397514,0.06595591185421436,0.07,0.03770028275212064,333.2484386383979,171.5110277255721,0.02759526938239159,,,small,h4d_test_15_mma4_016_mma4_small_cam13_cam15_b00371,harmony4d,success,OnlineHMR,,semi_online_tracking_global_camera,016_mma4
3.8584692410872874,0.7065725581559908,0.006666666666666667,0.0008916629514043691,364.2795136297559,94.25512799544862,0.001029336078229542,,,extreme,h4d_test_16_mma5_001_mma5_extreme_cam03_cam08_b00085,harmony4d,success,OnlineHMR,,semi_online_tracking_global_camera,001_mma5
2.882746062894752,2.630665142529207,0.03333333333333333,0.0036117381489841984,372.6305438871582,132.62812985481688,0.005221932114882507,,,large,h4d_test_16_mma5_001_mma5_large_cam05_cam17_b00085,harmony4d,success,OnlineHMR,,semi_online_tracking_global_camera,001_mma5
1.4044576922189405,0.9767302220185623,0.09666666666666666,0.022350674373795763,364.7397883130976,130.30723348378302,0.012636165577342049,,,medium,h4d_test_16_mma5_001_mma5_medium_cam10_cam14_b00085,harmony4d,success,OnlineHMR,,semi_online_tracking_global_camera,001_mma5
0.23912594910100637,0.06650008977943196,0.0033333333333333335,0.002336448598130841,304.008487324065,201.78481342923806,0.0017985611510791368,,,small,h4d_test_16_mma5_001_mma5_small_cam13_cam15_b00085,harmony4d,success,OnlineHMR,,semi_online_tracking_global_camera,001_mma5
4.070213782469303,2.749185773619712,0.0033333333333333335,0.0008572653236176596,324.4756430873362,55.71232014130924,0.0004918839153959665,,,extreme,h4d_test_16_mma5_002_mma5_extreme_cam03_cam08_b00103,harmony4d,success,OnlineHMR,,semi_online_tracking_global_camera,002_mma5
2.880399847202921,2.5321902868074435,0.22666666666666666,0.030197444831591175,427.8773748560396,117.32478528244758,0.029785370127025843,,,large,h4d_test_16_mma5_002_mma5_large_cam05_cam17_b00103,harmony4d,success,OnlineHMR,,semi_online_tracking_global_camera,002_mma5
1.4213044081384123,1.3973398026049961,0.01,0.0012949174490126255,371.4207013129257,148.2167232433931,0.0010756543564001434,,,medium,h4d_test_16_mma5_002_mma5_medium_cam10_cam14_b00103,harmony4d,success,OnlineHMR,,semi_online_tracking_global_camera,002_mma5
0.32504377245564314,0.06713588405014978,0.006666666666666667,0.0038684719535783366,307.60917700402376,129.84045024609463,0.0027247956403269754,133.22154069099588,133.22154069099588,small,h4d_test_16_mma5_002_mma5_small_cam13_cam15_b00103,harmony4d,success,OnlineHMR,,semi_online_tracking_global_camera,002_mma5
1.6824645855848719,0.298807192345998,0.0033333333333333335,0.0010309278350515464,328.72578957544255,92.0050959516429,0.0006097560975609756,,,extreme,h4d_test_16_mma5_004_mma5_extreme_cam03_cam08_b00115,harmony4d,success,OnlineHMR,,semi_online_tracking_global_camera,004_mma5
2.867500488028031,2.1351427215037777,0.0,0.0,,,0.0,,,large,h4d_test_16_mma5_004_mma5_large_cam05_cam17_b00115,harmony4d,success,OnlineHMR,,semi_online_tracking_global_camera,004_mma5
1.4059536122216272,1.0835285269544974,0.0,0.0,,,0.0,,,medium,h4d_test_16_mma5_004_mma5_medium_cam10_cam14_b00115,harmony4d,success,OnlineHMR,,semi_online_tracking_global_camera,004_mma5
0.2657712094554924,0.062468022795992784,0.0,0.0,,,0.0,,,small,h4d_test_16_mma5_004_mma5_small_cam13_cam15_b00115,harmony4d,success,OnlineHMR,,semi_online_tracking_global_camera,004_mma5
1.1215763696524623,0.29661544189200045,0.13,0.018961253091508656,363.7994862656237,156.3993592227546,0.018344308560677328,,,extreme,h4d_test_16_mma5_016_mma5_extreme_cam03_cam08_b00171,harmony4d,success,OnlineHMR,,semi_online_tracking_global_camera,016_mma5
2.884093040311312,2.6846253846452353,0.18666666666666668,0.022388059701492536,325.10955017833396,166.0990761464181,0.03036876355748373,,,large,h4d_test_16_mma5_016_mma5_large_cam05_cam17_b00171,harmony4d,success,OnlineHMR,,semi_online_tracking_global_camera,016_mma5
1.4145526766916048,1.2310358368325143,0.0,0.0,,,0.0,,,medium,h4d_test_16_mma5_016_mma5_medium_cam10_cam14_b00171,harmony4d,success,OnlineHMR,,semi_online_tracking_global_camera,016_mma5
0.3154100387422772,0.06145639498266692,0.0,0.0,,,0.0,,,small,h4d_test_16_mma5_016_mma5_small_cam13_cam15_b00171,harmony4d,success,OnlineHMR,,semi_online_tracking_global_camera,016_mma5
