dataset,case_id,method,recording,capture,angle_stratum,angle_deg,person_count,status,w_mpjpe_mm,wa_mpjpe_mm,mpjpe_mm,mpvpe_mm,accel_mm_frame2,ate_sim3_m,ate_se3_m,ate_m,idf1,coverage,ids,boundary_camera_translation_m,boundary_camera_rotation_deg,fixed_root_m,post_root_m,seam_root_m,seam_camera_translation_m,seam_camera_rotation_deg,fit_runtime_seconds,world_alignment_available,metric_unavailability_reason
egobody,egobody_recording_20210907_S03_S04_01_extreme_kinect_13_kinect_11_b01801,r0,recording_20210907_S03_S04_01,recording_20210907_S03_S04_01,extreme,91.48307749587892,2,ok,942.9564535267696,915.4017942903175,108.92686360067366,104.48761195380794,33.67866142873447,1.8508939237354873,2.0604640484131447,1.8508939237354873,0.5,1.0,2.0,4.130548154142869,90.75052081205925,0.9677360901186419,1.8416967790815677,1.7813248049883408,4.129486511112707,90.75036020932279,0.0,True,
egobody,egobody_recording_20210907_S03_S04_01_extreme_kinect_13_kinect_11_b01801,r1,recording_20210907_S03_S04_01,recording_20210907_S03_S04_01,extreme,91.48307749587892,2,ok,919.3855467379062,893.7918941525477,108.92686118298514,104.48760991127097,34.06169493695871,0.04090706818585986,1.7487297397559143,0.04090706818585986,0.75,1.0,1.0,3.6465082463393483,90.75052081205925,0.9612773452077943,1.8287792892598724,1.7654581942618364,3.6306623352940117,90.75036020932279,0.002439758000036818,True,
egobody,egobody_recording_20210907_S03_S04_01_extreme_kinect_13_kinect_11_b01801,r2,recording_20210907_S03_S04_01,recording_20210907_S03_S04_01,extreme,91.48307749587892,2,ok,135.33184535343398,120.0057534622128,108.92685180289482,104.48759964065988,15.402295414790968,0.007101779696696847,0.2409287338624129,0.007101779696696847,0.75,1.0,1.0,0.49277863378440745,4.208091167103157,0.12515933657189077,0.15654327198806572,0.05145724195970399,0.4454446562343238,4.35918563335831,0.07509511900025245,True,
egobody,egobody_recording_20210907_S03_S04_01_extreme_kinect_13_kinect_11_b01801,r3,recording_20210907_S03_S04_01,recording_20210907_S03_S04_01,extreme,91.48307749587892,2,ok,1613.751476468552,1217.3924622054146,108.92686008241387,104.48760874203772,50.413051348236145,0.005219913809216515,0.4177993761719039,0.005219913809216515,0.5,1.0,2.0,5.009065388740543,140.1580745587381,1.6539271864791656,3.214078971802615,3.181051019346948,5.0063774089740125,140.14070920243614,2.0411427030003324,True,
egobody,egobody_recording_20210907_S03_S04_01_medium_kinect_12_kinect_13_b01801,r0,recording_20210907_S03_S04_01,recording_20210907_S03_S04_01,medium,49.696641199786015,2,ok,674.503070535711,572.8415776195786,100.28990000935524,95.78590379349679,31.560823861239545,0.9603592753519278,1.6355828474723177,0.9603592753519278,1.0,1.0,0.0,3.290266359573225,49.0890632300884,0.6327092641226195,1.1977264289332619,1.1523182824263303,3.2898715734834925,49.08906137880939,0.0,True,
egobody,egobody_recording_20210907_S03_S04_01_medium_kinect_12_kinect_13_b01801,r1,recording_20210907_S03_S04_01,recording_20210907_S03_S04_01,medium,49.696641199786015,2,ok,585.4452168195479,508.1782793632037,100.28990117055092,95.78590086432892,29.439566955401904,0.02684526944717519,1.3271505258372729,0.02684526944717519,1.0,1.0,0.0,2.64149056281421,49.0890632300884,0.5692533088361877,1.070814518360398,1.0389432318839493,2.634693307164147,49.08906137880939,0.003336748999572592,True,
egobody,egobody_recording_20210907_S03_S04_01_medium_kinect_12_kinect_13_b01801,r2,recording_20210907_S03_S04_01,recording_20210907_S03_S04_01,medium,49.696641199786015,2,ok,136.54365480511058,122.46513998759593,100.28989923616001,95.78590294635642,18.46526007473762,0.006057071607587444,0.2456705716718281,0.006057071607587444,1.0,1.0,0.0,0.32545384054371784,5.454747622070017,0.07669883415728128,0.08570556900258533,0.04507613803281589,0.2508255686647552,5.4547294820047725,0.10848715199972503,True,
egobody,egobody_recording_20210907_S03_S04_01_medium_kinect_12_kinect_13_b01801,r3,recording_20210907_S03_S04_01,recording_20210907_S03_S04_01,medium,49.696641199786015,2,ok,344.67279516141735,270.8458221895989,100.28989983322366,95.78590341511791,24.102630858677205,0.005042905726523487,0.0354732343273034,0.005042905726523487,1.0,1.0,0.0,0.7103527011018954,7.206041145948096,0.31959202918457297,0.5714919590571687,0.5939777452154925,0.5527132030658637,7.206027402654523,1.7114181200004168,True,
egobody,egobody_recording_20210907_S03_S04_01_small_kinect_11_kinect_12_b01801,r0,recording_20210907_S03_S04_01,recording_20210907_S03_S04_01,small,42.14973883873915,2,ok,676.2572112869407,585.9405843439696,88.07779878107732,87.87044286101283,29.35211383245261,0.598042669136313,0.9401850902983563,0.598042669136313,0.7234726688102894,1.0,1.0,1.9256722158706014,41.8032450419999,0.7101380763477179,1.3453356327009263,1.3208920841646377,1.9257691859784427,41.80324449974986,0.0,True,
egobody,egobody_recording_20210907_S03_S04_01_small_kinect_11_kinect_12_b01801,r1,recording_20210907_S03_S04_01,recording_20210907_S03_S04_01,small,42.14973883873915,2,ok,534.3287718414037,486.3881847770967,88.07780005483832,87.87044398677389,26.065712588107946,0.015189282445472374,0.4520550100621184,0.015189282445472374,0.9646302250803859,1.0,0.0,2.487999847258957,41.8032450419999,0.5627751567049755,1.0506097934154415,1.0075430202085687,2.4508795561202428,41.80324449974986,0.0023837890003051143,True,
egobody,egobody_recording_20210907_S03_S04_01_small_kinect_11_kinect_12_b01801,r2,recording_20210907_S03_S04_01,recording_20210907_S03_S04_01,small,42.14973883873915,2,ok,124.50377238986594,99.68193070020418,88.07779951550518,87.87044426636075,15.809497308500289,0.008252239522751465,0.03299502004578605,0.008252239522751465,0.9646302250803859,1.0,0.0,0.39448971042825914,7.606390618760535,0.09361159855354462,0.11228267711257987,0.045968994903913006,0.3111192007350665,7.606382294426583,0.07348483400073746,True,
egobody,egobody_recording_20210907_S03_S04_01_small_kinect_11_kinect_12_b01801,r3,recording_20210907_S03_S04_01,recording_20210907_S03_S04_01,small,42.14973883873915,2,ok,252.70363095603904,201.13371553029108,88.07780140066765,87.87044421584444,19.195924037453032,0.00943516335290128,0.1475697491040704,0.00943516335290128,0.7234726688102894,1.0,1.0,0.19404653679949216,6.306863181111133,0.23803045704072376,0.4011203940869381,0.37337207320007243,0.2051380525004988,6.306853066712615,1.7581691249997675,True,
egobody,egobody_recording_20210911_S03_S08_01_extreme_kinect_13_kinect_11_b02141,r0,recording_20210911_S03_S08_01,recording_20210911_S03_S08_01,extreme,46.47292452247161,2,ok,1208.8515071783952,694.6649393042168,58.9245165750992,61.72271236023264,44.439260369261696,1.525062250204043,2.0848984577287553,1.525062250204043,1.0,1.0,0.0,4.185222310416141,46.677936974608826,1.19122329834367,2.309248194867777,2.275274193091926,4.184548552001954,46.67794022916947,0.0,True,
egobody,egobody_recording_20210911_S03_S08_01_extreme_kinect_13_kinect_11_b02141,r1,recording_20210911_S03_S08_01,recording_20210911_S03_S08_01,extreme,46.47292452247161,2,ok,406.9498128858829,361.5628631900643,58.92451482425922,61.72271127666572,25.86774517028691,0.010578322004550524,1.083957857071178,0.010578322004550524,1.0,1.0,0.0,2.4476107538169485,46.677936974608826,0.3911755358622724,0.7091526699049819,0.7121156683400786,2.3412033931541885,46.67794022916947,0.0057756400001380825,True,
egobody,egobody_recording_20210911_S03_S08_01_extreme_kinect_13_kinect_11_b02141,r2,recording_20210911_S03_S08_01,recording_20210911_S03_S08_01,extreme,46.47292452247161,2,ok,113.51892521891365,94.58655913126509,58.92451597239418,61.72271177125297,18.12652129354484,0.005984773040567485,0.3127443827105105,0.005984773040567485,1.0,1.0,0.0,0.4459499398153241,7.976592142268681,0.08889907026189091,0.10459973870421903,0.029225431092670562,0.39888221706169336,7.97661396425061,0.07566786499955924,True,
egobody,egobody_recording_20210911_S03_S08_01_extreme_kinect_13_kinect_11_b02141,r3,recording_20210911_S03_S08_01,recording_20210911_S03_S08_01,extreme,46.47292452247161,2,ok,189.05163627240177,158.71457024365114,58.924515625087366,61.72271131172488,20.313170747700507,0.005483911396573792,0.15054021349425264,0.005483911396573792,1.0,1.0,0.0,0.10050762645190696,6.052245425786556,0.1674414361331541,0.2616844704467455,0.29702318252691806,0.28037925236676886,6.05227423047721,2.0862082639996515,True,
egobody,egobody_recording_20210911_S03_S08_01_medium_kinect_11_kinect_12_b02141,r0,recording_20210911_S03_S08_01,recording_20210911_S03_S08_01,medium,26.815569616801337,2,ok,486.12683240179246,372.8040098892085,64.25492133407938,64.39735744871287,23.611498127815867,0.2952606613516009,0.8031711497823096,0.2952606613516009,1.0,1.0,0.0,1.6447604296255351,26.689020746236675,0.4832111216639753,0.8764323708217083,0.7540744109829476,1.6447765838520148,26.689014093860077,0.0,True,
egobody,egobody_recording_20210911_S03_S08_01_medium_kinect_11_kinect_12_b02141,r1,recording_20210911_S03_S08_01,recording_20210911_S03_S08_01,medium,26.815569616801337,2,ok,305.79801535216507,246.61975422782717,64.25492535424702,64.39736135989246,19.778473121172905,0.016004133669144202,0.49906476681268086,0.016004133669144202,1.0,1.0,0.0,1.1678107623814775,26.689020746236675,0.3026181641601163,0.5152464558139902,0.44430735110614483,1.1693014571471374,26.689014093860077,0.003303059999780089,True,
egobody,egobody_recording_20210911_S03_S08_01_medium_kinect_11_kinect_12_b02141,r2,recording_20210911_S03_S08_01,recording_20210911_S03_S08_01,medium,26.815569616801337,2,ok,127.06544013674949,87.21307227025609,64.25492155998442,64.3973579729948,15.889299709542373,0.008214436076860508,0.19593230345655896,0.008214436076860508,1.0,1.0,0.0,0.38138806578877954,3.468546837185334,0.122820240999759,0.15565060949327567,0.1386937604027616,0.3806553380633841,3.468494702768048,0.10885194200000115,True,
egobody,egobody_recording_20210911_S03_S08_01_medium_kinect_11_kinect_12_b02141,r3,recording_20210911_S03_S08_01,recording_20210911_S03_S08_01,medium,26.815569616801337,2,ok,171.57094207398148,148.79892279361832,64.25492043527848,64.39735742348712,18.194381547789245,0.006422958615790086,0.023276063133318464,0.006422958615790086,1.0,1.0,0.0,0.05665282065824835,1.7755902936003263,0.16563231853325508,0.24127476456026775,0.30775839344105393,0.054425414115605794,1.7754884221294824,2.0005400589998317,True,
egobody,egobody_recording_20210911_S03_S08_01_small_kinect_13_kinect_12_b02141,r0,recording_20210911_S03_S08_01,recording_20210911_S03_S08_01,small,19.844222642454152,2,ok,981.2347117718266,592.6483478903851,61.144845272217665,62.48877507418991,36.95354121388761,1.0307572613272378,1.267579802267098,1.0307572613272378,1.0,1.0,0.0,2.5499267820105684,20.040723453996165,0.9671151099946945,1.8610318181698262,1.832553195796161,2.549250666029004,20.0407319690975,0.0,True,
egobody,egobody_recording_20210911_S03_S08_01_small_kinect_13_kinect_12_b02141,r1,recording_20210911_S03_S08_01,recording_20210911_S03_S08_01,small,19.844222642454152,2,ok,205.00618861011307,161.42516915552307,61.14484785894017,62.48877748248451,18.37884342081133,0.01013525543945239,0.42001773547306104,0.01013525543945239,1.0,1.0,0.0,0.7814068663179284,20.040723453996165,0.18456685414544374,0.2959353064713247,0.2762324401567122,0.760165626158271,20.0407319690975,0.0033191100001204177,True,
egobody,egobody_recording_20210911_S03_S08_01_small_kinect_13_kinect_12_b02141,r2,recording_20210911_S03_S08_01,recording_20210911_S03_S08_01,small,19.844222642454152,2,ok,120.36279284489356,95.89445452405957,61.14484271380005,62.48877359520412,15.956511567453054,0.007831744449762505,0.16931574641759814,0.007831744449762505,1.0,1.0,0.0,0.2413569129640346,6.165361277510952,0.10089437689140567,0.12859035196324858,0.07388711307899598,0.2217935356270446,6.165389551186769,0.09883242199975939,True,
egobody,egobody_recording_20210911_S03_S08_01_small_kinect_13_kinect_12_b02141,r3,recording_20210911_S03_S08_01,recording_20210911_S03_S08_01,small,19.844222642454152,2,ok,626.7761638630611,451.76201127438077,61.144844365297615,62.4887750673995,28.788757579315448,0.014796429991396956,0.6885900383556289,0.014796429991396956,1.0,1.0,0.0,1.3119642711134005,5.56706335765127,0.6133561412722202,1.1535138807248775,1.1476269367625167,1.3178825185414587,5.567094683750149,2.0378594779995183,True,
egobody,egobody_recording_20210911_S03_S08_02_extreme_kinect_11_kinect_13_b03471,r0,recording_20210911_S03_S08_02,recording_20210911_S03_S08_02,extreme,46.47292452247161,2,ok,1114.677345665952,715.5118710052257,59.100625429739885,62.805927471641674,39.53994918667096,0.7785399814476425,2.077935391713294,0.7785399814476425,1.0,1.0,0.0,4.178476874283416,46.36293423816785,1.1058855296017038,2.096065617142805,2.085202701443648,4.179450859165872,46.362935688148696,0.0,True,
egobody,egobody_recording_20210911_S03_S08_02_extreme_kinect_11_kinect_13_b03471,r1,recording_20210911_S03_S08_02,recording_20210911_S03_S08_02,extreme,46.47292452247161,2,ok,416.1736202961565,364.9358286877997,59.10062341573668,62.80592611031259,22.76806871169754,0.011358024594722495,1.14668026982307,0.011358024594722495,1.0,1.0,0.0,2.4257930732372857,46.36293423816785,0.41173198204107603,0.7077585220215493,0.7188509014366362,2.349714145733147,46.362935688148696,0.002440977999867755,True,
egobody,egobody_recording_20210911_S03_S08_02_extreme_kinect_11_kinect_13_b03471,r2,recording_20210911_S03_S08_02,recording_20210911_S03_S08_02,extreme,46.47292452247161,2,ok,151.90857738784482,98.29045004295791,59.10062784625123,62.805930414975776,14.412655276057151,0.005973840374561726,0.2974745354637299,0.005973840374561726,1.0,1.0,0.0,0.5730297582828657,5.307782541949898,0.15327393038976042,0.19084241871891816,0.07785229200034964,0.46406561624941195,5.307798053737198,0.07859375099997123,True,
egobody,egobody_recording_20210911_S03_S08_02_extreme_kinect_11_kinect_13_b03471,r3,recording_20210911_S03_S08_02,recording_20210911_S03_S08_02,extreme,46.47292452247161,2,ok,150.5385678093942,111.05065045467529,59.10062657336884,62.8059294589283,14.956516034297865,0.005706377537064527,0.21351160949942383,0.005706377537064527,1.0,1.0,0.0,0.41254356773586787,4.2037393710526745,0.15276438787101168,0.1898233336814207,0.14636864342793265,0.29297738983458116,4.203758974096559,0.5354037369997968,True,
egobody,egobody_recording_20210911_S03_S08_02_medium_kinect_12_kinect_11_b03471,r0,recording_20210911_S03_S08_02,recording_20210911_S03_S08_02,medium,26.815569616801337,2,ok,479.54900172827206,291.18164060825626,64.44348619707064,73.56195582196254,21.15378190821169,0.4179228436951737,0.8061851827569914,0.4179228436951737,0.907103825136612,0.83,0.0,1.6376431421955593,26.873524316940205,0.45069835529869384,0.6935272290646382,0.5191031884462377,1.6374326895021496,26.87352483039274,0.0,True,
egobody,egobody_recording_20210911_S03_S08_02_medium_kinect_12_kinect_11_b03471,r1,recording_20210911_S03_S08_02,recording_20210911_S03_S08_02,medium,26.815569616801337,2,ok,260.36560096704187,163.94654545428946,64.44348805600573,73.56195755264184,17.856916302451197,0.021827423979114316,0.5520636380179718,0.021827423979114316,0.907103825136612,0.83,0.0,1.4009424304462703,26.873524316940205,0.2372238257111733,0.339159509949354,0.006959552530844032,1.3816753143828537,26.87352483039274,0.001720550999380066,True,
egobody,egobody_recording_20210911_S03_S08_02_medium_kinect_12_kinect_11_b03471,r2,recording_20210911_S03_S08_02,recording_20210911_S03_S08_02,medium,26.815569616801337,2,ok,268.93385889464605,160.96911026950042,64.4434860146116,73.56195631207545,17.44258189556516,0.006690080818433198,0.05392321815831798,0.006690080818433198,0.907103825136612,0.83,0.0,0.13622784264321106,6.284843610255213,0.26991946419713087,0.3934342698360436,0.008522324742983324,0.197658346410393,6.284844331636583,0.07169737000003806,True,
egobody,egobody_recording_20210911_S03_S08_02_medium_kinect_12_kinect_11_b03471,r3,recording_20210911_S03_S08_02,recording_20210911_S03_S08_02,medium,26.815569616801337,2,ok,210.99957231199346,149.6909059185254,64.44348727869084,73.56195786586385,18.257246082359607,0.007376480245184614,0.02844131367791957,0.007376480245184614,0.907103825136612,0.83,0.0,0.09797242812669474,1.4827284683611732,0.21457054406627096,0.30155506241881624,0.1293237426401249,0.07657027877922917,1.4827312545522038,0.5400992140002927,True,
egobody,egobody_recording_20210911_S03_S08_02_small_kinect_13_kinect_12_b03471,r0,recording_20210911_S03_S08_02,recording_20210911_S03_S08_02,small,19.844222642454152,2,ok,857.9890675187751,669.5852203278242,60.18422401530521,64.31214008602079,26.412981869624613,0.8384747555141709,1.264958644394451,0.8384747555141709,0.9417989417989417,0.89,0.0,2.5492553763357644,19.66586176889851,0.852825583285202,1.8068131508263263,1.5798334558105782,2.5489646059828845,19.665855080490154,0.0,True,
egobody,egobody_recording_20210911_S03_S08_02_small_kinect_13_kinect_12_b03471,r1,recording_20210911_S03_S08_02,recording_20210911_S03_S08_02,small,19.844222642454152,2,ok,234.47383838262007,212.5810771838443,60.18422120287154,64.31213818572807,15.31324126572851,0.010829724290492565,0.5260329487253738,0.010829724290492565,0.9417989417989417,0.89,0.0,0.9760074716448484,19.66586176889851,0.2196178304113046,0.3618005865756372,0.004195012055833467,0.9863093608305376,19.665855080490154,0.0016410980006185127,True,
egobody,egobody_recording_20210911_S03_S08_02_small_kinect_13_kinect_12_b03471,r2,recording_20210911_S03_S08_02,recording_20210911_S03_S08_02,small,19.844222642454152,2,ok,195.01272391997477,139.563450854882,60.18422346667971,64.31213943209556,14.910729272599916,0.00624701956502304,0.02317481579989291,0.00624701956502304,0.9417989417989417,0.89,0.0,0.21787857123792462,7.89027074953532,0.19438676444465097,0.304222000138915,0.011526914179924208,0.2187775982025329,7.890253847667516,0.07622955299939349,True,
egobody,egobody_recording_20210911_S03_S08_02_small_kinect_13_kinect_12_b03471,r3,recording_20210911_S03_S08_02,recording_20210911_S03_S08_02,small,19.844222642454152,2,ok,406.52683454248756,356.97359568431216,60.1842224276121,64.3121387083402,18.782203211561217,0.010839607046390937,0.5265654379187696,0.010839607046390937,0.9417989417989417,0.89,0.0,0.970261081686845,6.182895477986964,0.40047119788584135,0.7745172456841956,0.569042773476775,0.9688879112714494,6.18287388638348,0.507826453999769,True,
egobody,egobody_recording_20210921_S05_S12_01_extreme_kinect_11_kinect_13_b02281,r0,recording_20210921_S05_S12_01,recording_20210921_S05_S12_01,extreme,30.70533604440771,2,ok,729.7017513588637,484.35403127265056,65.96557761645748,74.53897605617925,35.114097607654614,0.6893865768651986,1.292041225305552,0.6893865768651986,0.5,1.0,2.0,2.645933645177703,30.56189484974533,0.7232770134689105,1.3017907837767755,1.216632581680565,2.6469118007463046,30.56192392070182,0.0,True,
egobody,egobody_recording_20210921_S05_S12_01_extreme_kinect_11_kinect_13_b02281,r1,recording_20210921_S05_S12_01,recording_20210921_S05_S12_01,extreme,30.70533604440771,2,ok,281.67785578554714,201.05101306193498,65.96557703626124,74.53897578611816,24.311371411684025,0.02934717119794473,0.7407301877028878,0.02934717119794473,0.75,1.0,1.0,1.552310889163681,30.56189484974533,0.2643001969078244,0.3838371506546034,0.32613376667687094,1.54843689019864,30.56192392070182,0.002393025999481324,True,
egobody,egobody_recording_20210921_S05_S12_01_extreme_kinect_11_kinect_13_b02281,r2,recording_20210921_S05_S12_01,recording_20210921_S05_S12_01,extreme,30.70533604440771,2,ok,163.2151857459803,99.47403758697035,65.965579469733,74.53897760561517,21.311259188286964,0.014419692355425177,0.14955350985861873,0.014419692355425177,0.75,1.0,1.0,0.2611203586147679,4.757247304443891,0.15555926551846777,0.1663552878758901,0.059574541897334674,0.3169491725438092,4.757453539088178,0.09009806399990339,True,
egobody,egobody_recording_20210921_S05_S12_01_extreme_kinect_11_kinect_13_b02281,r3,recording_20210921_S05_S12_01,recording_20210921_S05_S12_01,extreme,30.70533604440771,2,ok,213.13512107645883,144.59454513810968,65.9655815316233,74.53897748307918,23.628176900305476,0.012213176700178815,0.06273374843078278,0.012213176700178815,0.5,1.0,2.0,0.3166062968679991,7.384640456016951,0.21250497020633777,0.28024669725163015,0.3006231765803532,0.3133836903522363,7.384773342654948,0.2401520690000325,True,
egobody,egobody_recording_20210921_S05_S12_01_medium_kinect_12_kinect_11_b02281,r0,recording_20210921_S05_S12_01,recording_20210921_S05_S12_01,medium,26.229418630719106,2,ok,262.9480000151074,249.25797590373384,60.12600648448491,65.98583788031245,24.490609151217843,0.5915263173606776,0.7336253640059027,0.5915263173606776,0.4966887417218543,1.0,2.0,1.4346764321660266,25.740412480660243,0.25088306272062244,0.4468726267626789,0.40199446275914263,1.4383769764997143,25.740405430222996,0.0,True,
egobody,egobody_recording_20210921_S05_S12_01_medium_kinect_12_kinect_11_b02281,r1,recording_20210921_S05_S12_01,recording_20210921_S05_S12_01,medium,26.229418630719106,2,ok,226.20514921244225,215.6151279932822,60.126007482139755,65.98583831293523,23.57738091546193,0.08735564328320836,0.627684306930005,0.08735564328320836,0.7450331125827815,1.0,1.0,1.3539752594186905,25.740412480660243,0.21659162189247178,0.37828974510637753,0.33853740918750463,1.3634130595151774,25.740405430222996,0.00288763799926528,True,
egobody,egobody_recording_20210921_S05_S12_01_medium_kinect_12_kinect_11_b02281,r2,recording_20210921_S05_S12_01,recording_20210921_S05_S12_01,medium,26.229418630719106,2,ok,128.44143267098096,106.86855986258776,60.12601047254002,65.98583930035714,20.4138409442785,0.01374621524003299,0.018578406393408606,0.01374621524003299,0.7450331125827815,1.0,1.0,0.09233245195779094,1.9435767133409896,0.11810268915043845,0.1813118796223109,0.0754715383913582,0.19072116538930345,1.943480782360308,0.08437770000000455,True,
egobody,egobody_recording_20210921_S05_S12_01_medium_kinect_12_kinect_11_b02281,r3,recording_20210921_S05_S12_01,recording_20210921_S05_S12_01,medium,26.229418630719106,2,ok,214.55488670822297,191.25067738041975,60.12600656578914,65.98583764536359,23.909440324002492,0.015895327715386518,0.11009339985981505,0.015895327715386518,0.4966887417218543,1.0,2.0,0.5280819861361701,11.691450325637705,0.2101279140702005,0.36536232946183506,0.35890668579150253,0.6019458147689525,11.691434499645661,0.22988771099971927,True,
egobody,egobody_recording_20210921_S05_S12_01_small_kinect_13_kinect_12_b02281,r0,recording_20210921_S05_S12_01,recording_20210921_S05_S12_01,small,4.618278041803539,2,ok,556.7340246566746,405.2039984970422,63.233311081598295,70.10627654186601,34.28829333930887,0.5258135946509399,0.5877714812245299,0.5258135946509399,0.4909983633387889,1.0,2.0,1.1942919055428407,4.301982013303089,0.5424602079634727,1.0072214962752826,0.9492455724929358,1.1924389555284811,4.301959170806527,0.0,True,
egobody,egobody_recording_20210921_S05_S12_01_small_kinect_13_kinect_12_b02281,r1,recording_20210921_S05_S12_01,recording_20210921_S05_S12_01,small,4.618278041803539,2,ok,111.36699721559626,99.40618474811451,63.2333094585389,70.10627694750208,23.392141103663498,0.028113157863294807,0.14610071356988824,0.028113157863294807,0.7364975450081833,1.0,1.0,0.29587078434409114,4.301982013303089,0.08768184537159887,0.09766477109153508,0.04745015386117266,0.30897504756852673,4.301959170806527,0.004146428999774798,True,
egobody,egobody_recording_20210921_S05_S12_01_small_kinect_13_kinect_12_b02281,r2,recording_20210921_S05_S12_01,recording_20210921_S05_S12_01,small,4.618278041803539,2,ok,111.142178974074,99.06824491933189,63.23331117840735,70.1062764703194,23.363263999814528,0.027799105671917297,0.14102846665938978,0.027799105671917297,0.7364975450081833,1.0,1.0,0.28172976745734374,4.03085679357695,0.08712406300326539,0.09654920635486813,0.04808678800059986,0.2824558228984004,4.030832396790122,0.07627495399992767,True,
egobody,egobody_recording_20210921_S05_S12_01_small_kinect_13_kinect_12_b02281,r3,recording_20210921_S05_S12_01,recording_20210921_S05_S12_01,small,4.618278041803539,2,ok,134.71345511205345,111.93175170477446,63.2333091643494,70.10627411744012,24.30133246904683,0.020031345408799625,0.04205717751866377,0.020031345408799625,0.4909983633387889,1.0,2.0,0.1983203469913112,2.209719582563142,0.11338407667469705,0.14906923369773145,0.1657719112665889,0.14855632225783963,2.2096744862226867,0.21621170100024756,True,
egobody,egobody_recording_20210921_S05_S12_02_extreme_kinect_13_kinect_11_b01916,r0,recording_20210921_S05_S12_02,recording_20210921_S05_S12_02,extreme,31.032654192611474,2,ok,633.10555767846,483.97890474414794,69.78296681897267,74.76969810883874,44.02457439887555,0.8256990393476416,1.2867207111020427,0.8256990393476416,0.5,1.0,2.0,2.645736971278699,31.044586998317204,0.621453539427655,1.1439826606005326,1.1467219635632817,2.65654484906366,31.044586018465345,0.0,True,
egobody,egobody_recording_20210921_S05_S12_02_extreme_kinect_13_kinect_11_b01916,r1,recording_20210921_S05_S12_02,recording_20210921_S05_S12_02,extreme,31.032654192611474,2,ok,286.4059316397235,251.57638086508484,69.78296712864758,74.76969862810769,36.18745630378807,0.05291075292779459,0.8041869101401897,0.05291075292779459,0.75,1.0,1.0,1.7564000557048565,31.044586998317204,0.27034255774972826,0.4417606972446784,0.5214870606483452,1.8245402178388799,31.044586018465345,0.0024165730001186603,True,
egobody,egobody_recording_20210921_S05_S12_02_extreme_kinect_13_kinect_11_b01916,r2,recording_20210921_S05_S12_02,recording_20210921_S05_S12_02,extreme,31.032654192611474,2,ok,194.36979929435765,153.33832891223983,69.78296898978174,74.76969901263085,30.77939030619856,0.02019974268803919,0.027375496803274887,0.02019974268803919,0.75,1.0,1.0,0.11002018148086272,3.526644390562511,0.18107834788890198,0.26323227752302597,0.0823172010237885,0.3521416963170359,3.5266313003780856,0.07286027100053616,True,
egobody,egobody_recording_20210921_S05_S12_02_extreme_kinect_13_kinect_11_b01916,r3,recording_20210921_S05_S12_02,recording_20210921_S05_S12_02,extreme,31.032654192611474,2,ok,877.2863251826053,832.6752807058241,69.78296888735383,74.76970083785368,52.25276305212712,0.010389398147590873,1.268172144164158,0.010389398147590873,0.5,1.0,2.0,6.660190664729989,144.28258217429936,0.8572783074739594,1.6156321966931408,1.8119124607649202,6.475580588634824,144.28257241902244,0.31750693199956004,True,
egobody,egobody_recording_20210921_S05_S12_02_medium_kinect_12_kinect_11_b01916,r0,recording_20210921_S05_S12_02,recording_20210921_S05_S12_02,medium,26.566357478139803,2,ok,315.17216757820916,284.5003327769012,67.3505796650251,71.96434792253326,34.07496220114484,0.561703653930798,0.729801837767996,0.561703653930798,0.5,1.0,2.0,1.422685306482446,26.07658421232707,0.2950256928621647,0.5165853758449903,0.5247174524405956,1.4405649929916668,26.07658473389204,0.0,True,
egobody,egobody_recording_20210921_S05_S12_02_medium_kinect_12_kinect_11_b01916,r1,recording_20210921_S05_S12_02,recording_20210921_S05_S12_02,medium,26.566357478139803,2,ok,289.33933088980234,262.93032188468,67.35057827170753,71.96434699300532,33.26813622060731,0.11935190383946787,0.6166518822282422,0.11935190383946787,0.75,1.0,1.0,1.426765189635258,26.07658421232707,0.2684860322514869,0.4635060546236347,0.464328146587497,1.4621987953991062,26.07658473389204,0.002218801999333664,True,
egobody,egobody_recording_20210921_S05_S12_02_medium_kinect_12_kinect_11_b01916,r2,recording_20210921_S05_S12_02,recording_20210921_S05_S12_02,medium,26.566357478139803,2,ok,194.09937659077468,181.40796527137147,67.35057935272692,71.96434735371093,28.311026637548697,0.019445349579963103,0.06443468451752526,0.019445349579963103,0.75,1.0,1.0,0.24315324754218187,4.421295472411616,0.17528554250920528,0.27710507513907146,0.0632318481691359,0.4742296465828897,4.421296986766509,0.07307813399984298,True,
egobody,egobody_recording_20210921_S05_S12_02_medium_kinect_12_kinect_11_b01916,r3,recording_20210921_S05_S12_02,recording_20210921_S05_S12_02,medium,26.566357478139803,2,ok,244.77678280568904,219.42786804525588,67.35058022982668,71.96434892540186,29.91289309049269,0.02362860889674643,0.08401031340424116,0.02362860889674643,0.5,1.0,2.0,0.2886645696161413,4.042736295387557,0.22495017513276688,0.37643434038619455,0.18794096699769916,0.5882057869137284,4.042737961531757,0.21902737300024455,True,
egobody,egobody_recording_20210921_S05_S12_02_small_kinect_13_kinect_12_b01916,r0,recording_20210921_S05_S12_02,recording_20210921_S05_S12_02,small,4.618278041803539,2,ok,544.335312414994,404.41188931099236,67.66461131487085,72.17297254339303,37.8092700786056,0.49606931009109295,0.5766602147033945,0.49606931009109295,0.49261083743842365,1.0,2.0,1.1934185486554325,4.667138786285316,0.5349754286246813,0.9710264389945845,0.8887084184241059,1.2045055154755577,4.667128938914103,0.0,True,
egobody,egobody_recording_20210921_S05_S12_02_small_kinect_13_kinect_12_b01916,r1,recording_20210921_S05_S12_02,recording_20210921_S05_S12_02,small,4.618278041803539,2,ok,136.46198979007195,98.8379921529899,67.66461129508599,72.17297304700782,27.958719472239697,0.044601256669334524,0.17407600830410483,0.044601256669334524,0.7389162561576355,1.0,1.0,0.32115359559561985,4.667138786285316,0.11563972222478318,0.13235502619478828,0.08930683932425838,0.36059890044443693,4.667128938914103,0.0023486190002586227,True,
egobody,egobody_recording_20210921_S05_S12_02_small_kinect_13_kinect_12_b01916,r2,recording_20210921_S05_S12_02,recording_20210921_S05_S12_02,small,4.618278041803539,2,ok,139.97659519427518,104.71032614086019,67.66461178475248,72.17297294761627,27.353876118559004,0.03546435014407861,0.06638831684352826,0.03546435014407861,0.7389162561576355,1.0,1.0,0.10154063078071637,0.8343683121856255,0.11935501358436577,0.13978560891395345,0.014038973561974432,0.17823447515408516,0.834311663434781,0.07717310699990776,True,
egobody,egobody_recording_20210921_S05_S12_02_small_kinect_13_kinect_12_b01916,r3,recording_20210921_S05_S12_02,recording_20210921_S05_S12_02,small,4.618278041803539,2,ok,123.94775426715088,117.3537848439657,67.66461230142271,72.17297505957409,28.77374828756073,0.029521487087718228,0.057695275830978145,0.029521487087718228,0.49261083743842365,1.0,2.0,0.13902443526185748,1.4100997403084043,0.10510670763150744,0.11128899700823683,0.15590932262106122,0.15033684240005424,1.4100661635667444,0.18101418200058106,True,
egobody,egobody_recording_20210921_S05_S12_03_extreme_kinect_11_kinect_13_b03356,r0,recording_20210921_S05_S12_03,recording_20210921_S05_S12_03,extreme,31.032654192611474,2,ok,721.2435499280215,489.4795509094543,124.18751562843154,131.68618272740815,56.437134330248064,0.9321336257862481,1.301384449145892,0.9321336257862481,0.9830508474576272,0.9666666666666667,0.0,2.667497614338607,31.294293730895443,0.691791250580626,1.1132921497320172,1.0693674131285957,2.6685540156653103,31.29431925421739,0.0,True,
egobody,egobody_recording_20210921_S05_S12_03_extreme_kinect_11_kinect_13_b03356,r1,recording_20210921_S05_S12_03,recording_20210921_S05_S12_03,extreme,31.032654192611474,2,ok,452.68343775851355,308.0240551417483,124.18751527707771,131.68618249257494,48.87150679369367,0.03691004496696817,0.8469832483855568,0.03691004496696817,0.9830508474576272,0.9666666666666667,0.0,1.7427569040658926,31.294293730895443,0.39812175448928677,0.504976764971386,0.41848606460347837,1.8215412641066204,31.29431925421739,0.0027968519998466945,True,
egobody,egobody_recording_20210921_S05_S12_03_extreme_kinect_11_kinect_13_b03356,r2,recording_20210921_S05_S12_03,recording_20210921_S05_S12_03,extreme,31.032654192611474,2,ok,385.7471110690528,195.3869757561379,124.18751455117707,131.68618212532098,45.81742238904051,0.013950072514549668,0.08048100239429601,0.013950072514549668,0.9830508474576272,0.9666666666666667,0.0,0.1041169461675008,3.165453278230002,0.3533771136041794,0.41229143742366353,0.0856627538655449,0.44426300649888084,3.1657323244847198,0.07619635599985486,True,
egobody,egobody_recording_20210921_S05_S12_03_extreme_kinect_11_kinect_13_b03356,r3,recording_20210921_S05_S12_03,recording_20210921_S05_S12_03,extreme,31.032654192611474,2,ok,1084.2401155686275,713.9838161445115,124.18751198433053,131.6861777136531,65.16265171709452,0.01987613191797809,0.4492573934273767,0.01987613191797809,0.9830508474576272,0.9666666666666667,0.0,3.54886996619803,104.3921198374572,1.0923143475047967,1.9429471362177997,1.664934245545316,3.4713556101829854,104.39211708834883,0.33343967699966015,True,
egobody,egobody_recording_20210921_S05_S12_03_medium_kinect_11_kinect_12_b03356,r0,recording_20210921_S05_S12_03,recording_20210921_S05_S12_03,medium,26.566357478139803,2,ok,445.7645639237232,320.0202834219951,140.10180602845065,146.29665807333444,86.17717315398514,0.6255026490480867,0.7294943731769189,0.6255026490480867,1.0,1.0,0.0,1.5292721250573182,26.819869494646504,0.41834647619677595,0.5383025410208911,0.5445733311233363,1.5312903677181486,26.819900139650635,0.0,True,
egobody,egobody_recording_20210921_S05_S12_03_medium_kinect_11_kinect_12_b03356,r1,recording_20210921_S05_S12_03,recording_20210921_S05_S12_03,medium,26.566357478139803,2,ok,438.4954407130859,308.67789995105767,140.10180695727888,146.29665867275574,85.78588580473857,0.1362294632092661,0.6057506378005644,0.1362294632092661,1.0,1.0,0.0,1.519064859202742,26.819869494646504,0.3997262624984529,0.5010621136242449,0.5028901002141063,1.5552030524201428,26.819900139650635,0.0025120609998339205,True,
egobody,egobody_recording_20210921_S05_S12_03_medium_kinect_11_kinect_12_b03356,r2,recording_20210921_S05_S12_03,recording_20210921_S05_S12_03,medium,26.566357478139803,2,ok,354.93943254243584,172.82504403218726,140.1018045753034,146.29665552310118,81.23187572975911,0.020513825332259882,0.1915228254206223,0.020513825332259882,1.0,1.0,0.0,0.43872125706351367,7.4881175992031075,0.33576739290608754,0.3731443744395141,0.1024375388864074,0.4588040927107641,7.488235067869592,0.07695648200024152,True,
egobody,egobody_recording_20210921_S05_S12_03_medium_kinect_11_kinect_12_b03356,r3,recording_20210921_S05_S12_03,recording_20210921_S05_S12_03,medium,26.566357478139803,2,ok,1292.189837650582,815.2738026026076,140.10180343085105,146.29665484846106,112.06327945926421,0.004885427022784248,3.1693822273077177,0.004885427022784248,1.0,1.0,0.0,7.6978606059717976,173.52126555411584,1.2840158444230205,2.2696412774733803,2.580818057604499,7.614559496372735,173.52121936340507,0.3471889669999655,True,
egobody,egobody_recording_20210921_S05_S12_03_small_kinect_12_kinect_13_b03356,r0,recording_20210921_S05_S12_03,recording_20210921_S05_S12_03,small,4.618278041803539,2,ok,571.3556757874254,478.72480415889754,173.1971138101256,175.82833894317136,78.86608349149388,0.45167578588501056,0.576198507601878,0.45167578588501056,0.9830508474576272,0.9666666666666667,0.0,1.3182077851392977,5.656767985725884,0.49890737810957164,0.8738765081966519,1.018792791400883,1.3146885900936491,5.656747929144078,0.0,True,
egobody,egobody_recording_20210921_S05_S12_03_small_kinect_12_kinect_13_b03356,r1,recording_20210921_S05_S12_03,recording_20210921_S05_S12_03,small,4.618278041803539,2,ok,299.89442744855455,223.32860965738504,173.19711231456282,175.82833648950577,68.14655991237044,0.0304376883879358,0.09797986034714516,0.0304376883879358,0.9830508474576272,0.9666666666666667,0.0,0.5076665842624856,5.656767985725884,0.18613484979105668,0.22599055667972792,0.2281381070537341,0.6950954305635783,5.656747929144078,0.0025305849994765595,True,
egobody,egobody_recording_20210921_S05_S12_03_small_kinect_12_kinect_13_b03356,r2,recording_20210921_S05_S12_03,recording_20210921_S05_S12_03,small,4.618278041803539,2,ok,319.14214474513534,252.03351185966238,173.19711321102872,175.82833753574965,69.29853065875685,0.019780267078418862,0.17655897255094302,0.019780267078418862,0.9830508474576272,0.9666666666666667,0.0,0.22652780197879938,7.42019597439135,0.21991391060414214,0.29596146836397635,0.3069183079800617,0.5436967238830318,7.420180695391659,0.07489785699999629,True,
egobody,egobody_recording_20210921_S05_S12_03_small_kinect_12_kinect_13_b03356,r3,recording_20210921_S05_S12_03,recording_20210921_S05_S12_03,small,4.618278041803539,2,ok,326.9851108373075,258.2410163001427,173.1971104314326,175.82833668085644,69.67676448478842,0.026489015637146247,0.03301925300842971,0.026489015637146247,0.9830508474576272,0.9666666666666667,0.0,0.1987329665496021,4.015933773297956,0.2289946990345134,0.31477167296974534,0.3440527518060647,0.4493615984737113,4.015905480803734,0.18400781200034544,True,
egobody,egobody_recording_20210929_S05_S16_01_extreme_kinect_11_kinect_13_b02576,r0,recording_20210929_S05_S16_01,recording_20210929_S05_S16_01,extreme,52.5256414985483,2,ok,916.515592558908,768.3438726524724,54.843943391623654,66.01196722797343,44.924400308078404,1.0661079231427621,1.529176725184755,1.0661079231427621,1.0,1.0,0.0,3.071259450795198,51.916831112116164,0.9039715817036725,1.6967791928895648,1.730393529215704,3.0798656750759683,51.91683715582985,0.0,True,
egobody,egobody_recording_20210929_S05_S16_01_extreme_kinect_11_kinect_13_b02576,r1,recording_20210929_S05_S16_01,recording_20210929_S05_S16_01,extreme,52.5256414985483,2,ok,717.7569565643353,656.5379583588957,54.84394414916175,66.01196560448743,38.30413836352125,0.045264519320143075,0.9212467103096613,0.045264519320143075,1.0,1.0,0.0,4.289432606035955,51.916831112116164,0.7010457917028247,1.2909276128878693,1.2378715028442207,4.19293885697142,51.91683715582985,0.0024004910001167445,True,
egobody,egobody_recording_20210929_S05_S16_01_extreme_kinect_11_kinect_13_b02576,r2,recording_20210929_S05_S16_01,recording_20210929_S05_S16_01,extreme,52.5256414985483,2,ok,205.56309037222638,178.513665281516,54.843947210315235,66.0119691157604,23.43976647091271,0.013165738373768396,0.6389409590810313,0.013165738373768396,1.0,1.0,0.0,1.5317083606497126,23.49867473987939,0.18738318784425323,0.26360240517072636,0.0958792876755047,1.479498273954716,23.498694190226797,0.0728703900003893,True,
egobody,egobody_recording_20210929_S05_S16_01_extreme_kinect_11_kinect_13_b02576,r3,recording_20210929_S05_S16_01,recording_20210929_S05_S16_01,extreme,52.5256414985483,2,ok,591.8239175246493,553.148617078827,54.84394450343881,66.0119674801638,35.56186063010103,0.016681502737657634,0.17958170236389534,0.016681502737657634,1.0,1.0,0.0,0.7165402593112601,2.9185730094454296,0.5779144251891174,1.0446648798604545,1.0088410488819002,1.990700554134683,2.9187418545565844,0.6084090260001176,True,
egobody,egobody_recording_20210929_S05_S16_01_medium_kinect_11_kinect_12_b02576,r0,recording_20210929_S05_S16_01,recording_20210929_S05_S16_01,medium,31.179027558816564,2,ok,751.7573328326228,596.1065361117603,56.459573415065506,67.97834459969923,37.291939725058526,0.34878654487279864,0.7008300072357808,0.34878654487279864,1.0,1.0,0.0,1.3997241928676283,30.563651184985314,0.7383106926667502,1.3654574148157204,1.3079990017088488,1.4059033987764429,30.5636654106713,0.0,True,
egobody,egobody_recording_20210929_S05_S16_01_medium_kinect_11_kinect_12_b02576,r1,recording_20210929_S05_S16_01,recording_20210929_S05_S16_01,medium,31.179027558816564,2,ok,457.67799958658463,342.48039545072487,56.45957791816775,67.97834962076354,27.62230230400611,0.010793099758698218,0.12930110374321407,0.010793099758698218,1.0,1.0,0.0,2.5786340155752465,30.563651184985314,0.4398038954306642,0.7684438203435483,0.5640387278581376,2.5605198960115505,30.5636654106713,0.002466711000124633,True,
egobody,egobody_recording_20210929_S05_S16_01_medium_kinect_11_kinect_12_b02576,r2,recording_20210929_S05_S16_01,recording_20210929_S05_S16_01,medium,31.179027558816564,2,ok,201.21528474339507,114.63794175198758,56.45957518360527,67.97834529494581,21.416380886204678,0.01012702116630104,0.08799058427344793,0.01012702116630104,1.0,1.0,0.0,0.2247163995266409,0.9819990100702564,0.17938149148143148,0.24759901244508284,0.03154461703981345,0.7213774856821012,0.982501328122023,0.07729586999994353,True,
egobody,egobody_recording_20210929_S05_S16_01_medium_kinect_11_kinect_12_b02576,r3,recording_20210929_S05_S16_01,recording_20210929_S05_S16_01,medium,31.179027558816564,2,ok,258.8438192863811,239.0189020160148,56.459570454150814,67.97834350040078,27.325060451116283,0.00825147959006313,0.055373439540267584,0.00825147959006313,1.0,1.0,0.0,0.5674402425058018,4.7498952170844895,0.23801768039351656,0.36487139026925297,0.4811785388160318,1.1410410133395874,4.749999199535876,0.4998118319999776,True,
egobody,egobody_recording_20210929_S05_S16_01_small_kinect_12_kinect_13_b02576,r0,recording_20210929_S05_S16_01,recording_20210929_S05_S16_01,small,21.369319060800606,2,ok,374.86473428642006,348.3943774285499,56.08493476878206,65.65888330174931,37.39376769304165,0.5194519823240479,0.8422483358272866,0.5194519823240479,1.0,1.0,0.0,1.74662459752362,21.617933623916613,0.3563954655697156,0.5951057075879072,0.792089587159269,1.745718114183481,21.617938630214592,0.0,True,
egobody,egobody_recording_20210929_S05_S16_01_small_kinect_12_kinect_13_b02576,r1,recording_20210929_S05_S16_01,recording_20210929_S05_S16_01,small,21.369319060800606,2,ok,371.77139932936535,362.94156717597605,56.08493573923519,65.65888290609857,37.31738067545723,0.21496912833385817,0.787570615566463,0.21496912833385817,1.0,1.0,0.0,1.8102443738405407,21.617933623916613,0.352140932454053,0.5865966413565821,0.7877592285726109,1.8126188905678964,21.617938630214592,0.0023935960007293033,True,
egobody,egobody_recording_20210929_S05_S16_01_small_kinect_12_kinect_13_b02576,r2,recording_20210929_S05_S16_01,recording_20210929_S05_S16_01,small,21.369319060800606,2,ok,334.07877649769466,296.1554781471392,56.08493697373883,65.6588839143124,28.76920795062357,0.011082401079661323,0.7731319372798329,0.011082401079661323,1.0,1.0,0.0,1.825054425391057,22.24391512028854,0.3124860359976155,0.507286848443707,0.06409781700567287,1.7996137341405003,22.24391997174133,0.07744606400046905,True,
egobody,egobody_recording_20210929_S05_S16_01_small_kinect_12_kinect_13_b02576,r3,recording_20210929_S05_S16_01,recording_20210929_S05_S16_01,small,21.369319060800606,2,ok,445.0596334101842,408.7695671184614,56.08493819157411,65.65888500441203,35.362746597234626,0.021917972305175865,0.04415645610265509,0.021917972305175865,1.0,1.0,0.0,0.23057128089381992,4.4040731419797154,0.42830356253293406,0.7389219015143442,0.6200977489994894,0.302581194053831,4.404097339538214,0.4714168199998312,True,
egobody,egobody_recording_20210929_S05_S16_02_extreme_kinect_13_kinect_11_b02316,r0,recording_20210929_S05_S16_02,recording_20210929_S05_S16_02,extreme,52.5256414985483,2,ok,514.6742735141041,486.0308143073074,75.10924460683538,84.50329474650935,24.720068116276515,1.1436761348876,1.5339850887086228,1.1436761348876,1.0,1.0,0.0,3.1254900102458207,52.79516165327109,0.49881177407839666,0.8923836027612208,0.8360800461662045,3.1212384756592724,52.795144189650635,0.0,True,
egobody,egobody_recording_20210929_S05_S16_02_extreme_kinect_13_kinect_11_b02316,r1,recording_20210929_S05_S16_02,recording_20210929_S05_S16_02,extreme,52.5256414985483,2,ok,513.7252462459794,484.73136134693397,75.10924534704853,84.50329522678102,24.721459347402465,0.39801141225337444,1.4858780575624084,0.39801141225337444,1.0,1.0,0.0,3.1708473604576075,52.79516165327109,0.49835403366914477,0.8914681219427166,0.8352787777490247,3.1610810063696846,52.795144189650635,0.002451817999826744,True,
egobody,egobody_recording_20210929_S05_S16_02_extreme_kinect_13_kinect_11_b02316,r2,recording_20210929_S05_S16_02,recording_20210929_S05_S16_02,extreme,52.5256414985483,2,ok,201.71523458526158,144.43043497165456,75.10924483917103,84.50329415210484,15.386509451394794,0.01902300918968576,0.09260624606534937,0.01902300918968576,1.0,1.0,0.0,0.373391592947918,1.2710539043945364,0.18552724422409705,0.26581454305262137,0.09812940629561047,0.4139664101204276,1.2699919682148455,0.08656279899969377,True,
egobody,egobody_recording_20210929_S05_S16_02_extreme_kinect_13_kinect_11_b02316,r3,recording_20210929_S05_S16_02,recording_20210929_S05_S16_02,extreme,52.5256414985483,2,ok,342.5170935996887,308.8542082907776,75.10924743033506,84.50329728018288,23.533236111500525,0.015860087090163368,0.20074423709570685,0.015860087090163368,1.0,1.0,0.0,0.5523483610537784,3.7066241314429305,0.32923942999946815,0.5532389146033635,0.7477903721245027,0.3652878481812781,3.706260300642223,0.36357229099940014,True,
egobody,egobody_recording_20210929_S05_S16_02_medium_kinect_11_kinect_12_b02316,r0,recording_20210929_S05_S16_02,recording_20210929_S05_S16_02,medium,31.179027558816564,2,ok,510.9600933712641,407.1071718248099,71.38261466268733,80.52463542581751,23.537473573385483,0.423486974081643,0.7017452545391484,0.423486974081643,1.0,1.0,0.0,1.3855688463434193,29.882270627356796,0.4887218670144664,0.9087358624240782,0.9110405811823423,1.384802454666015,29.88229556410351,0.0,True,
egobody,egobody_recording_20210929_S05_S16_02_medium_kinect_11_kinect_12_b02316,r1,recording_20210929_S05_S16_02,recording_20210929_S05_S16_02,medium,31.179027558816564,2,ok,397.11767042277046,336.65218575172196,71.38261035949094,80.52463174939157,20.925071907250672,0.026621763211697447,0.43504596077104984,0.026621763211697447,1.0,1.0,0.0,1.9994376443067208,29.882270627356796,0.37077705925027965,0.6728462468957048,0.6881349566194179,1.996754355692665,29.88229556410351,0.0022410210003727116,True,
egobody,egobody_recording_20210929_S05_S16_02_medium_kinect_11_kinect_12_b02316,r2,recording_20210929_S05_S16_02,recording_20210929_S05_S16_02,medium,31.179027558816564,2,ok,158.7926205363053,124.07711576009632,71.38261495619898,80.52463629453848,15.33008513912814,0.009535981781345721,0.07474043113399136,0.009535981781345721,1.0,1.0,0.0,0.3084110760938641,5.183939642428166,0.1125873016014278,0.15646673159800115,0.17831428008241182,0.2870874163017938,5.184096084408533,0.07751866899980087,True,
egobody,egobody_recording_20210929_S05_S16_02_medium_kinect_11_kinect_12_b02316,r3,recording_20210929_S05_S16_02,recording_20210929_S05_S16_02,medium,31.179027558816564,2,ok,392.2755468186638,304.01651451915313,71.38261681212808,80.52463727354731,19.70085060788774,0.009171789001168724,0.10580514464451213,0.009171789001168724,1.0,1.0,0.0,0.762023009748035,4.2338232613372435,0.37176867787960444,0.6748294841543544,0.5793450447310359,0.6806429709281558,4.234015261683008,0.5178713779996542,True,
egobody,egobody_recording_20210929_S05_S16_02_small_kinect_12_kinect_13_b02316,r0,recording_20210929_S05_S16_02,recording_20210929_S05_S16_02,small,21.369319060800606,2,ok,317.8197365158725,266.62162939039644,80.71879338935572,92.01812553737416,19.74948768408959,0.5551363661291582,0.8480507453519864,0.5551363661291582,1.0,1.0,0.0,1.7378176977480506,21.358670745283213,0.29847403176898185,0.5284444620166084,0.507346088130689,1.7398758030867927,21.3586647376264,0.0,True,
egobody,egobody_recording_20210929_S05_S16_02_small_kinect_12_kinect_13_b02316,r1,recording_20210929_S05_S16_02,recording_20210929_S05_S16_02,small,21.369319060800606,2,ok,226.08041866249758,191.416784292277,80.71879620179023,92.01813050768227,17.103349866329456,0.07884754888963781,0.6649179997329884,0.07884754888963781,1.0,1.0,0.0,1.4032705549894056,21.358670745283213,0.2130287698181447,0.3575539381149341,0.29881901411721,1.3788359103921142,21.3586647376264,0.0025617960000090534,True,
egobody,egobody_recording_20210929_S05_S16_02_small_kinect_12_kinect_13_b02316,r2,recording_20210929_S05_S16_02,recording_20210929_S05_S16_02,small,21.369319060800606,2,ok,159.89023170005993,126.79297265793434,80.71879522823767,92.01812980037813,13.724497657464019,0.023021456099440563,0.16680196700097932,0.023021456099440563,1.0,1.0,0.0,0.4405019694968923,4.7426679075439235,0.14045471887473482,0.21240583622811432,0.01628759047456209,0.4039188307960367,4.742640665840225,0.07425299900023674,True,
egobody,egobody_recording_20210929_S05_S16_02_small_kinect_12_kinect_13_b02316,r3,recording_20210929_S05_S16_02,recording_20210929_S05_S16_02,small,21.369319060800606,2,ok,138.857958631741,123.05804528774883,80.71879375768182,92.01812713140626,15.514535696995694,0.020450440931989628,0.07946962873926715,0.020450440931989628,1.0,1.0,0.0,0.26771669664611625,4.685252384223624,0.11567047110186589,0.16283734068237643,0.16944697430766614,0.2801070308157746,4.685224812770885,0.4418419929997981,True,
egobody,egobody_recording_20210929_S05_S16_03_extreme_kinect_11_kinect_13_b01076,r0,recording_20210929_S05_S16_03,recording_20210929_S05_S16_03,extreme,52.5256414985483,2,ok,962.560629782078,704.7515013162586,50.91149343895832,59.93327765885722,46.38561244339285,1.0761602638494037,1.5317696968263639,1.0761602638494037,0.5,1.0,2.0,3.0689158960051826,51.87040875236148,0.9512889009994047,1.8515386004976373,1.930721005860851,3.0755954456899706,51.87041836451195,0.0,True,
egobody,egobody_recording_20210929_S05_S16_03_extreme_kinect_11_kinect_13_b01076,r1,recording_20210929_S05_S16_03,recording_20210929_S05_S16_03,extreme,52.5256414985483,2,ok,661.5006503446053,614.3088197828682,50.91149710956285,59.93328054401725,38.174542982393184,0.03848620931735945,0.8366039428519686,0.03848620931735945,0.75,1.0,1.0,4.571654653975355,51.87040875236148,0.651795416820166,1.2525516321391599,1.2604378745361653,4.509635425839653,51.87041836451195,0.0020993360003558337,True,
egobody,egobody_recording_20210929_S05_S16_03_extreme_kinect_11_kinect_13_b01076,r2,recording_20210929_S05_S16_03,recording_20210929_S05_S16_03,extreme,52.5256414985483,2,ok,166.3687757198114,134.96917220471536,50.91149146981314,59.93327698237403,24.215313668143768,0.011354153404880123,0.889454545221204,0.011354153404880123,0.75,1.0,1.0,2.3378062314081247,28.76440517315192,0.13489011007442964,0.21874101864768733,0.027069240952085384,2.2475666735041524,28.76442797970986,0.07260626700008288,True,
egobody,egobody_recording_20210929_S05_S16_03_extreme_kinect_11_kinect_13_b01076,r3,recording_20210929_S05_S16_03,recording_20210929_S05_S16_03,extreme,52.5256414985483,2,ok,590.9067016303749,445.26617975040347,50.91149649102775,59.933279799758445,35.78363777594073,0.016325926864358443,0.14873011365599095,0.016325926864358443,0.5,1.0,2.0,0.932737603567107,3.9696165161404946,0.5681451695037635,1.085251137506355,1.029090949768559,2.022720315362634,3.9697980545988982,0.556110966000233,True,
egobody,egobody_recording_20210929_S05_S16_03_medium_kinect_11_kinect_12_b01076,r0,recording_20210929_S05_S16_03,recording_20210929_S05_S16_03,medium,31.179027558816564,2,ok,855.7587819415755,591.3241928143576,52.563276697977315,61.46021900057884,42.350975444869775,0.3443286653640063,0.696868630183701,0.3443286653640063,1.0,1.0,0.0,1.3977234284553324,30.519354428825554,0.8369168989927823,1.6227945964843924,1.6253786905271856,1.4018410590158612,30.519375693938592,0.0,True,
egobody,egobody_recording_20210929_S05_S16_03_medium_kinect_11_kinect_12_b01076,r1,recording_20210929_S05_S16_03,recording_20210929_S05_S16_03,medium,31.179027558816564,2,ok,459.4335064081952,410.74590401820143,52.56327638129405,61.46021923683056,32.53211462389138,0.012586737952322537,0.07232609583416598,0.012586737952322537,1.0,1.0,0.0,2.7667718695382972,30.519354428825554,0.4474715763592973,0.8439039512174225,0.8334143171366917,2.8035510551610403,30.519375693938592,0.0024452269999528653,True,
egobody,egobody_recording_20210929_S05_S16_03_medium_kinect_11_kinect_12_b01076,r2,recording_20210929_S05_S16_03,recording_20210929_S05_S16_03,medium,31.179027558816564,2,ok,105.79703922427346,92.76177221203363,52.56327848350629,61.46022064850345,23.80235191910623,0.005437217960548385,0.7819578288878213,0.005437217960548385,1.0,1.0,0.0,1.8032954687728726,21.341537092252533,0.06949066237169212,0.0879421232422122,0.028419001436397487,1.8616674423170363,21.341569213207016,0.07368304100054957,True,
egobody,egobody_recording_20210929_S05_S16_03_medium_kinect_11_kinect_12_b01076,r3,recording_20210929_S05_S16_03,recording_20210929_S05_S16_03,medium,31.179027558816564,2,ok,260.31126682151773,214.8065928169233,52.56327300802672,61.460214525658714,27.697742829866936,0.011592329191615168,0.016189760465213306,0.011592329191615168,1.0,1.0,0.0,0.6174815950727484,4.514067895173885,0.2389709070999141,0.4269026126986562,0.4181001543693893,1.0959950849077214,4.514227699764549,0.5454428109997025,True,
egobody,egobody_recording_20210929_S05_S16_03_small_kinect_13_kinect_12_b01076,r0,recording_20210929_S05_S16_03,recording_20210929_S05_S16_03,small,21.369319060800606,2,ok,336.91777552756054,274.8828686560471,54.409768991788475,62.33271825327688,34.46853140828075,0.5274058842933197,0.8404713816005738,0.5274058842933197,0.5,1.0,2.0,1.8155795238850652,21.46349598917055,0.3243490229208611,0.4952540079342157,0.5441338131363357,1.8030907929425615,21.463433635746505,0.0,True,
egobody,egobody_recording_20210929_S05_S16_03_small_kinect_13_kinect_12_b01076,r1,recording_20210929_S05_S16_03,recording_20210929_S05_S16_03,small,21.369319060800606,2,ok,327.801283010257,261.66345260601906,54.409768737339846,62.332718144821676,34.21391809663444,0.14448689233300618,0.7361385707611816,0.14448689233300618,0.75,1.0,1.0,1.878025102814351,21.46349598917055,0.31159539319472873,0.4697467484819509,0.5212913449992012,1.9029560764688842,21.463433635746505,0.0024745179998717504,True,
egobody,egobody_recording_20210929_S05_S16_03_small_kinect_13_kinect_12_b01076,r2,recording_20210929_S05_S16_03,recording_20210929_S05_S16_03,small,21.369319060800606,2,ok,221.97264746763992,112.53050561254864,54.40977189955102,62.33272013208433,28.778648993445383,0.015183132006040113,0.43738153784979666,0.015183132006040113,0.75,1.0,1.0,0.9401146145886394,10.8796256268689,0.2042122260737896,0.2549804142400727,0.046290534849285477,0.9898530519505241,10.879498364680623,0.07673365400023613,True,
egobody,egobody_recording_20210929_S05_S16_03_small_kinect_13_kinect_12_b01076,r3,recording_20210929_S05_S16_03,recording_20210929_S05_S16_03,small,21.369319060800606,2,ok,320.7292332197652,261.60520921748775,54.40976861067841,62.33271595333537,34.24302775022471,0.02473299549524464,0.07019003148447517,0.02473299549524464,0.5,1.0,2.0,0.20775133560307132,4.83099661313761,0.3079333693488444,0.4624227007901823,0.5506683893785994,0.11653345462688564,4.830707315587751,0.42499993599994923,True,
egobody,egobody_recording_20210929_S05_S16_04_extreme_kinect_13_kinect_11_b02616,r0,recording_20210929_S05_S16_04,recording_20210929_S05_S16_04,extreme,52.5256414985483,2,ok,891.0231086334584,689.605885357548,61.282146645080644,71.84442879848437,47.12280498357006,1.0940758341193466,1.5303733755307838,1.0940758341193466,0.5,1.0,2.0,3.148023632684445,52.855242514238945,0.8667655645543029,1.6111194368064934,1.59482336621461,3.124129973986381,52.855221877921984,0.0,True,
egobody,egobody_recording_20210929_S05_S16_04_extreme_kinect_13_kinect_11_b02616,r1,recording_20210929_S05_S16_04,recording_20210929_S05_S16_04,extreme,52.5256414985483,2,ok,688.2930400646651,598.1648258057735,61.282145221934215,71.8444272583338,41.00760148100583,0.04971378849766528,0.976193897779454,0.04971378849766528,0.75,1.0,1.0,4.142053987776092,52.855242514238945,0.6604682252525158,1.1985247582029195,1.113791220454316,3.9673917752393204,52.855221877921984,0.002430194000226038,True,
egobody,egobody_recording_20210929_S05_S16_04_extreme_kinect_13_kinect_11_b02616,r2,recording_20210929_S05_S16_04,recording_20210929_S05_S16_04,extreme,52.5256414985483,2,ok,145.07560889547187,128.315475310058,61.282148848260576,71.8444332478171,27.928374399549813,0.012566878037739496,0.7454192573819248,0.012566878037739496,0.75,1.0,1.0,1.7344059146892021,24.636303234196856,0.11099713976435316,0.09958258722659416,0.01619726133222517,1.6033939964442232,24.636244946134088,0.07523289299933822,True,
egobody,egobody_recording_20210929_S05_S16_04_extreme_kinect_13_kinect_11_b02616,r3,recording_20210929_S05_S16_04,recording_20210929_S05_S16_04,extreme,52.5256414985483,2,ok,679.9886629010082,558.446962695379,61.28214794509702,71.84443156458333,41.68177880308174,0.01730911921744631,0.12010590676092273,0.01730911921744631,0.5,1.0,2.0,0.4829596403021633,6.7531042691375065,0.6622981761791652,1.2021846600562178,1.1523471188558585,0.5631358894253525,6.752879398777705,0.4104023719992256,True,
egobody,egobody_recording_20210929_S05_S16_04_medium_kinect_12_kinect_11_b02616,r0,recording_20210929_S05_S16_04,recording_20210929_S05_S16_04,medium,31.179027558816564,2,ok,797.8523827708043,559.9102349989946,62.06763673571843,71.00890580367631,40.40484053140158,0.36450226245877576,0.7005797633039443,0.36450226245877576,1.0,1.0,0.0,1.4191702448911072,31.162227062454196,0.7765761690706847,1.3955156431704687,1.3675662356500036,1.4195135080536259,31.162226767972623,0.0,True,
egobody,egobody_recording_20210929_S05_S16_04_medium_kinect_12_kinect_11_b02616,r1,recording_20210929_S05_S16_04,recording_20210929_S05_S16_04,medium,31.179027558816564,2,ok,444.1860229236639,303.88629083365544,62.06764338613652,71.0089119066615,31.558258987316353,0.012035028529414531,0.14596800624254455,0.012035028529414531,1.0,1.0,0.0,2.515975246314708,31.162227062454196,0.4174788796429318,0.6773210643149628,0.652118259011899,2.524535056043964,31.162226767972623,0.002592241999991529,True,
egobody,egobody_recording_20210929_S05_S16_04_medium_kinect_12_kinect_11_b02616,r2,recording_20210929_S05_S16_04,recording_20210929_S05_S16_04,medium,31.179027558816564,2,ok,153.22355305993875,125.18135956073999,62.067643908305875,71.00891130874925,24.47067836441355,0.0062101355801927605,0.39270712990600515,0.0062101355801927605,1.0,1.0,0.0,0.8909168592922672,11.778054035966264,0.12042027311190805,0.08320385125291538,0.040445063265259505,0.9001215012296301,11.778053820446981,0.08472816700032126,True,
egobody,egobody_recording_20210929_S05_S16_04_medium_kinect_12_kinect_11_b02616,r3,recording_20210929_S05_S16_04,recording_20210929_S05_S16_04,medium,31.179027558816564,2,ok,294.2090758041884,250.16786838783446,62.067643772690715,71.00891237422053,29.01934304568206,0.010545441790724383,0.06320101778758411,0.010545441790724383,1.0,1.0,0.0,0.5847823631305376,6.105450478343038,0.28604564609179645,0.4144545972126923,0.4742481735811481,0.6289938993523013,6.105450241109303,0.35480037500019534,True,
egobody,egobody_recording_20210929_S05_S16_04_small_kinect_12_kinect_13_b02616,r0,recording_20210929_S05_S16_04,recording_20210929_S05_S16_04,small,21.369319060800606,2,ok,379.4135227932617,354.63191480813646,57.11989034655408,67.86112105676366,32.752467430489915,0.54053060950597,0.8450034286516588,0.54053060950597,0.5,1.0,2.0,1.7418573137601088,21.391072328172193,0.36819808534967496,0.5787594757284492,0.5358112251277256,1.7411729213638698,21.391072089231777,0.0,True,
egobody,egobody_recording_20210929_S05_S16_04_small_kinect_12_kinect_13_b02616,r1,recording_20210929_S05_S16_04,recording_20210929_S05_S16_04,small,21.369319060800606,2,ok,380.93576795633254,355.1519149873918,57.11988978237292,67.86111959634106,32.4837167970182,0.221510283331624,0.791306662698532,0.221510283331624,0.75,1.0,1.0,1.8228617510331107,21.391072328172193,0.3712236698366148,0.5848106447023288,0.5192353338544873,1.820491901556821,21.391072089231777,0.0025127090002570185,True,
egobody,egobody_recording_20210929_S05_S16_04_small_kinect_12_kinect_13_b02616,r2,recording_20210929_S05_S16_04,recording_20210929_S05_S16_04,small,21.369319060800606,2,ok,177.56479520351402,136.60797059533056,57.11988923803544,67.86111930244789,27.78372049014665,0.014014788769980387,0.41080231133801487,0.014014788769980387,0.75,1.0,1.0,1.0133796296224742,12.646021526809047,0.15065703409899528,0.14367737322708984,0.05707838202504606,0.9997031118379888,12.646021315538109,0.07427617400026065,True,
egobody,egobody_recording_20210929_S05_S16_04_small_kinect_12_kinect_13_b02616,r3,recording_20210929_S05_S16_04,recording_20210929_S05_S16_04,small,21.369319060800606,2,ok,332.9312976501224,269.66732994319415,57.11989471386228,67.86112412365364,33.196249553668196,0.020392595803125003,0.022962688289176893,0.020392595803125003,0.5,1.0,2.0,0.18571494095155358,3.217289093779117,0.314174693895656,0.47071269282041117,0.5168813070212294,0.2174159078755889,3.2172886156659075,0.49855387800016615,True,
egobody,egobody_recording_20211002_S17_S15_01_extreme_kinect_11_kinect_13_b02701,r0,recording_20211002_S17_S15_01,recording_20211002_S17_S15_01,extreme,70.68115481500743,2,ok,574.6735699098507,529.8319895452304,69.59032589736545,76.83010676660427,60.79647431110463,1.0192965322668366,1.543831556197722,1.0192965322668366,0.5,1.0,2.0,3.1294636758681285,71.14732786042019,0.5468085612223222,0.9059151616685058,1.182907342877785,3.128283090640845,71.14732585164705,0.0,True,
egobody,egobody_recording_20211002_S17_S15_01_extreme_kinect_11_kinect_13_b02701,r1,recording_20211002_S17_S15_01,recording_20211002_S17_S15_01,extreme,70.68115481500743,2,ok,496.64777738607063,466.13131600728053,69.59032425781005,76.83010578712793,57.931004536301515,0.0498378287367177,1.2186081266654396,0.0498378287367177,0.75,1.0,1.0,3.8473513818633465,71.14732786042019,0.47169354679321185,0.7556851328102852,0.9315161458729475,3.802961776113979,71.14732585164705,0.0030057350004426553,True,
egobody,egobody_recording_20211002_S17_S15_01_extreme_kinect_11_kinect_13_b02701,r2,recording_20211002_S17_S15_01,recording_20211002_S17_S15_01,extreme,70.68115481500743,2,ok,294.0474279648271,160.05063434005586,69.59032468050542,76.83010674158338,47.64296561027213,0.014541724410742288,0.4050943574980606,0.014541724410742288,0.75,1.0,1.0,0.7373640747713537,10.055035042477593,0.2619079567952603,0.3361139528143818,0.043823117067061275,0.5947580529410075,10.055023163867935,0.08328720699955738,True,
egobody,egobody_recording_20211002_S17_S15_01_extreme_kinect_11_kinect_13_b02701,r3,recording_20211002_S17_S15_01,recording_20211002_S17_S15_01,extreme,70.68115481500743,2,ok,1202.194758233428,997.4013979950415,69.5903278786276,76.83010804674464,73.49688162106948,0.009515787875531085,0.2025334057557104,0.009515787875531085,0.5,1.0,2.0,4.6186243509762654,164.7381070716922,1.0955902527889565,2.0034785448017747,2.0181854431413395,4.604140559051569,164.73810902163626,1.1438990530004958,True,
egobody,egobody_recording_20211002_S17_S15_01_medium_kinect_12_kinect_13_b02701,r0,recording_20211002_S17_S15_01,recording_20211002_S17_S15_01,medium,45.59407765444697,2,ok,687.1750866548177,551.5295031306165,65.36294954212167,70.7558571573813,45.59756590587804,0.6358270412774676,0.6545697224814978,0.6358270412774676,0.5,1.0,2.0,1.3614482799321594,45.91427651548677,0.6849312395320194,1.2037709294910466,1.3261757533528986,1.3586553411051723,45.91427827949536,0.0,True,
egobody,egobody_recording_20211002_S17_S15_01_medium_kinect_12_kinect_13_b02701,r1,recording_20211002_S17_S15_01,recording_20211002_S17_S15_01,medium,45.59407765444697,2,ok,378.9795403122765,376.9703583864153,65.36295063350471,70.75585853143681,37.3541444131483,0.01688689580579514,0.09027338939235476,0.01688689580579514,0.75,1.0,1.0,2.3925256228797047,45.91427651548677,0.3774904957770793,0.5888894419811663,0.7146985215012479,2.350296114721544,45.91427827949536,0.0021981239997330704,True,
egobody,egobody_recording_20211002_S17_S15_01_medium_kinect_12_kinect_13_b02701,r2,recording_20211002_S17_S15_01,recording_20211002_S17_S15_01,medium,45.59407765444697,2,ok,221.9317630457688,160.98199878396522,65.36294911127354,70.75585849910289,29.25838872648277,0.015582102290039573,0.04385319633216062,0.015582102290039573,0.75,1.0,1.0,0.24263718913016236,4.769094154458544,0.21880474728209767,0.27151794499120313,0.11504417697550853,0.31347824060014684,4.769113689213722,0.072312717999921,True,
egobody,egobody_recording_20211002_S17_S15_01_medium_kinect_12_kinect_13_b02701,r3,recording_20211002_S17_S15_01,recording_20211002_S17_S15_01,medium,45.59407765444697,2,ok,2125.57422147407,1044.7783133055705,65.36294602089504,70.75585519382034,78.44532930352213,0.002468760270979972,3.228887257909669,0.002468760270979972,0.5,1.0,2.0,7.971978159979014,158.77988492321037,2.143345262534296,4.1205989754956,3.725365756890528,7.852430757057769,158.77988343094648,0.8042955379996783,True,
egobody,egobody_recording_20211002_S17_S15_01_small_kinect_12_kinect_11_b02701,r0,recording_20211002_S17_S15_01,recording_20211002_S17_S15_01,small,25.563800965418604,2,ok,556.969420131907,357.6113942575086,73.54329933908153,77.78591102632325,37.14577000634607,0.8094682425001046,1.0568367904636569,0.8094682425001046,1.0,1.0,0.0,2.100274371998261,25.214807489353237,0.5547142702991666,0.9433369910253413,0.7541649086857191,2.097973708832891,25.214811045530045,0.0,True,
egobody,egobody_recording_20211002_S17_S15_01_small_kinect_12_kinect_11_b02701,r1,recording_20211002_S17_S15_01,recording_20211002_S17_S15_01,small,25.563800965418604,2,ok,282.5483312521028,187.1236066845374,73.5433007474248,77.7859127464419,30.619991146222617,0.060220195501452536,0.691545072881032,0.060220195501452536,1.0,1.0,0.0,1.3361658563312635,25.214807489353237,0.2789741565400669,0.39185676350714166,0.23321780413350027,1.3459511771742594,25.214811045530045,0.002214144000390661,True,
egobody,egobody_recording_20211002_S17_S15_01_small_kinect_12_kinect_11_b02701,r2,recording_20211002_S17_S15_01,recording_20211002_S17_S15_01,small,25.563800965418604,2,ok,197.54205353049645,126.00668491320161,73.54329992348652,77.78591201431637,28.794152185017328,0.03360050009403852,0.3894265940532206,0.03360050009403852,1.0,1.0,0.0,0.7337411460139324,10.849882237804534,0.19096673585492283,0.21584192213685355,0.01579618407235333,0.7213373153638389,10.849890775472725,0.07760826800040377,True,
egobody,egobody_recording_20211002_S17_S15_01_small_kinect_12_kinect_11_b02701,r3,recording_20211002_S17_S15_01,recording_20211002_S17_S15_01,small,25.563800965418604,2,ok,437.7454056466917,295.5268390856692,73.54329994821668,77.78591053684507,33.93457896573474,0.04646359505042615,0.5784096908073667,0.04646359505042615,1.0,1.0,0.0,1.2932651296776345,11.485386733036275,0.43731016825389957,0.7085287869348068,0.5573522560082005,1.2136841921788246,11.48539478983951,0.9445828099997016,True,
egobody,egobody_recording_20211002_S17_S15_02_extreme_kinect_13_kinect_11_b01321,r0,recording_20211002_S17_S15_02,recording_20211002_S17_S15_02,extreme,70.68115481500743,2,ok,811.5171192277334,580.6087239867488,80.27208913324243,86.20264060903831,50.14750028659661,1.3358241368601587,1.5457987582542507,1.3358241368601587,0.9690721649484536,0.94,0.0,3.0962423285485845,70.15743649059097,0.8012648714990407,1.397794958591457,1.2250960816872376,3.0961475863805097,70.15743756521381,0.0,True,
egobody,egobody_recording_20211002_S17_S15_02_extreme_kinect_13_kinect_11_b01321,r1,recording_20211002_S17_S15_02,recording_20211002_S17_S15_02,extreme,70.68115481500743,2,ok,724.0327618417728,508.23198114170697,80.27209065952903,86.2026427940116,49.738219842320895,0.06083462291919055,1.201126038626611,0.06083462291919055,0.9690721649484536,0.94,0.0,3.4788132149304007,70.15743649059097,0.7149243932260393,1.2354748594382143,1.197190902623411,3.480419551244219,70.15743756521381,0.0026964209992001997,True,
egobody,egobody_recording_20211002_S17_S15_02_extreme_kinect_13_kinect_11_b01321,r2,recording_20211002_S17_S15_02,recording_20211002_S17_S15_02,extreme,70.68115481500743,2,ok,157.2962267896086,145.96683065431017,80.27208769004906,86.2026409565783,34.64587330687601,0.016532969880931246,0.25214220008649735,0.016532969880931246,0.9690721649484536,0.94,0.0,0.3507318324440591,2.4394412888130743,0.13756631172194375,0.15004166621051482,0.08375473245895133,0.34720050967872534,2.439473046101883,0.08360557800006063,True,
egobody,egobody_recording_20211002_S17_S15_02_extreme_kinect_13_kinect_11_b01321,r3,recording_20211002_S17_S15_02,recording_20211002_S17_S15_02,extreme,70.68115481500743,2,ok,1179.1324609863052,721.3362808887997,80.27208911160939,86.20264028484307,60.174132252964704,0.024402431854993998,0.6729688392362315,0.024402431854993998,0.9690721649484536,0.94,0.0,3.0651152310403975,69.78931487943495,1.1592445702507717,2.0707967922447112,1.9679226056986938,3.065745926605759,69.78931523839776,1.8702723129999868,True,
egobody,egobody_recording_20211002_S17_S15_02_medium_kinect_13_kinect_12_b01321,r0,recording_20211002_S17_S15_02,recording_20211002_S17_S15_02,medium,45.59407765444697,2,ok,959.1785443382513,639.4306888360566,79.44487289648734,91.0369606690934,61.38506290951877,0.32579193494516206,0.6407763119081529,0.32579193494516206,0.9690721649484536,0.94,0.0,1.28854574519598,45.08309568655322,0.9407750026225291,1.6600740051036151,1.4737968704337587,1.2884528120598233,45.08309715082274,0.0,True,
egobody,egobody_recording_20211002_S17_S15_02_medium_kinect_13_kinect_12_b01321,r1,recording_20211002_S17_S15_02,recording_20211002_S17_S15_02,medium,45.59407765444697,2,ok,537.8220602033224,387.01697991091186,79.44487077171344,91.03695813520329,52.35711367324875,0.01187819347557091,0.020766616411628244,0.01187819347557091,0.9690721649484536,0.94,0.0,2.6261970661860503,45.08309568655322,0.5295786906865806,0.8870249386640319,0.8189996885170416,2.627509532943306,45.08309715082274,0.0022394609995899373,True,
egobody,egobody_recording_20211002_S17_S15_02_medium_kinect_13_kinect_12_b01321,r2,recording_20211002_S17_S15_02,recording_20211002_S17_S15_02,medium,45.59407765444697,2,ok,155.87931745092362,150.88217339020025,79.44487236557526,91.03696018722094,42.551903964766204,0.012802074261881128,0.06664904926231481,0.012802074261881128,0.9690721649484536,0.94,0.0,0.07883403291974438,2.0633069194080673,0.14542795244694498,0.1648215507735171,0.04973431587469575,0.07412305794960532,2.0633445068283076,0.07568631300000561,True,
egobody,egobody_recording_20211002_S17_S15_02_medium_kinect_13_kinect_12_b01321,r3,recording_20211002_S17_S15_02,recording_20211002_S17_S15_02,medium,45.59407765444697,2,ok,930.0419896244505,571.2017633683993,79.4448724206072,91.03695883928555,60.398184222159635,0.016944217446343068,0.20889290021594287,0.016944217446343068,0.9690721649484536,0.94,0.0,1.9976275106740315,53.36770324492935,0.9079441143560589,1.5983519351626516,1.4071623139842266,2.0004826234405297,53.36770417692062,1.095389167000576,True,
egobody,egobody_recording_20211002_S17_S15_02_small_kinect_12_kinect_11_b01321,r0,recording_20211002_S17_S15_02,recording_20211002_S17_S15_02,small,25.563800965418604,2,ok,474.49894566021095,368.3138466705541,81.80540231532096,88.53616456336191,38.43626753722761,0.9382016883123248,1.0657183876938845,0.9382016883123248,1.0,1.0,0.0,2.1339920754962853,25.234339509214905,0.4670877272296019,0.8073050606599088,0.8407112484103152,2.133672799463634,25.23433599085283,0.0,True,
egobody,egobody_recording_20211002_S17_S15_02_small_kinect_12_kinect_11_b01321,r1,recording_20211002_S17_S15_02,recording_20211002_S17_S15_02,small,25.563800965418604,2,ok,312.5906028509173,205.04853112995912,81.80540247956405,88.53616471247342,33.355376846126866,0.039116083898200066,0.7208494879037632,0.039116083898200066,1.0,1.0,0.0,1.3996795679494858,25.234339509214905,0.299729639474359,0.4725888851494229,0.4393590173281323,1.399242164030277,25.23433599085283,0.0030855439999868395,True,
egobody,egobody_recording_20211002_S17_S15_02_small_kinect_12_kinect_11_b01321,r2,recording_20211002_S17_S15_02,recording_20211002_S17_S15_02,small,25.563800965418604,2,ok,160.60372141649782,135.86572421584165,81.80540251380204,88.53616599880012,28.27671584915889,0.015579260368879196,0.1895939997051025,0.015579260368879196,1.0,1.0,0.0,0.3069922256349779,2.1456356549849014,0.13332171395882297,0.1397730341183509,0.04619944547122176,0.3087734978956704,2.145590537496763,0.08651174700025877,True,
egobody,egobody_recording_20211002_S17_S15_02_small_kinect_12_kinect_11_b01321,r3,recording_20211002_S17_S15_02,recording_20211002_S17_S15_02,small,25.563800965418604,2,ok,2415.0037168392323,938.7774921717127,81.80540552368873,88.53616695500557,90.10247035089162,0.004874766237583676,1.746995772620931,0.004874766237583676,1.0,1.0,0.0,7.775569024649953,67.2858445592412,2.428730737877052,4.73059108195481,4.914035061039137,7.75832327624828,67.28584389448775,1.2576679169997078,True,
egobody,egobody_recording_20211002_S17_S15_03_extreme_kinect_13_kinect_11_b02531,r0,recording_20211002_S17_S15_03,recording_20211002_S17_S15_03,extreme,70.68115481500743,2,ok,685.5847734221119,623.2432358848182,91.1785113600437,100.20500047683954,50.59628736012933,1.2593781850045909,1.5324607664066094,1.2593781850045909,0.9847715736040609,0.97,0.0,3.0707291952592506,69.7989994300213,0.6547564382011573,1.2212509236850557,1.2163449239920663,3.068945579851935,69.79899947954658,0.0,True,
egobody,egobody_recording_20211002_S17_S15_03_extreme_kinect_13_kinect_11_b02531,r1,recording_20211002_S17_S15_03,recording_20211002_S17_S15_03,extreme,70.68115481500743,2,ok,726.3278031251346,654.7014097344703,91.17851050527389,100.20500113524358,50.24079686999756,0.17865769919037588,1.2911216527717146,0.17865769919037588,0.9847715736040609,0.97,0.0,2.5658931094349327,69.7989994300213,0.687626107396173,1.2890883260662587,1.1627217458290742,2.5738566436180688,69.79899947954658,0.002193302000705444,True,
egobody,egobody_recording_20211002_S17_S15_03_extreme_kinect_13_kinect_11_b02531,r2,recording_20211002_S17_S15_03,recording_20211002_S17_S15_03,extreme,70.68115481500743,2,ok,176.44753935938473,164.4281589397822,91.17851051935321,100.20500030594559,36.749131066414805,0.03741306350757021,0.31343262861414495,0.03741306350757021,0.9847715736040609,0.97,0.0,0.3768100344051018,1.6882219188987655,0.13738309714104693,0.15348041128440248,0.16056136874592455,0.429404001954859,1.6882919261347238,0.07250712099994416,True,
egobody,egobody_recording_20211002_S17_S15_03_extreme_kinect_13_kinect_11_b02531,r3,recording_20211002_S17_S15_03,recording_20211002_S17_S15_03,extreme,70.68115481500743,2,ok,1522.8016553672517,1239.3937419399947,91.17850952344757,100.20499882714344,68.32531545498347,0.024842659945013053,0.31473216312939534,0.024842659945013053,0.9847715736040609,0.97,0.0,3.8719170473222513,166.8347500259772,1.4379419744229145,2.8376125622703845,2.6302493473067106,4.016914152731953,166.83474907480002,1.6402316940002493,True,
egobody,egobody_recording_20211002_S17_S15_03_medium_kinect_13_kinect_12_b02531,r0,recording_20211002_S17_S15_03,recording_20211002_S17_S15_03,medium,45.59407765444697,2,ok,763.9190139251992,598.0814232149435,92.14031828099058,102.8061289366815,50.30151422571808,0.6347236362531686,0.6540413377120028,0.6347236362531686,1.0,1.0,0.0,1.2640247536149611,44.72395644154006,0.7325230497390773,1.3427944776318619,1.1388053145374244,1.263355199339829,44.72395791900833,0.0,True,
egobody,egobody_recording_20211002_S17_S15_03_medium_kinect_13_kinect_12_b02531,r1,recording_20211002_S17_S15_03,recording_20211002_S17_S15_03,medium,45.59407765444697,2,ok,551.6109365733946,466.7616465001935,92.14031513457934,102.80612628535607,45.60395691216446,0.02532389283249563,0.2480249836021765,0.02532389283249563,1.0,1.0,0.0,2.0404647935540123,44.72395644154006,0.5318738228639255,0.9414960238815585,0.7993263653004968,2.044390029886439,44.72395791900833,0.0023077510004441137,True,
egobody,egobody_recording_20211002_S17_S15_03_medium_kinect_13_kinect_12_b02531,r2,recording_20211002_S17_S15_03,recording_20211002_S17_S15_03,medium,45.59407765444697,2,ok,168.24109974864794,160.66370441565903,92.1403185737671,102.8061274469547,37.706869080218134,0.01964816530971863,0.1298949136578195,0.01964816530971863,1.0,1.0,0.0,0.16535438035869723,2.311216235116898,0.13112908359909664,0.14000654535190057,0.17476719454817413,0.1300384351784092,2.311267307767998,0.07229692599958071,True,
egobody,egobody_recording_20211002_S17_S15_03_medium_kinect_13_kinect_12_b02531,r3,recording_20211002_S17_S15_03,recording_20211002_S17_S15_03,medium,45.59407765444697,2,ok,1432.5441458622145,1254.7949939830144,92.14031887774838,102.80612816751838,64.60616438868597,0.005383378785785801,1.2719009881950705,0.005383378785785801,1.0,1.0,0.0,4.152786964830299,177.39073524728676,1.3403271148494456,2.558402607852598,2.30343525253645,4.193394105869066,177.3907339075327,0.9949820410001848,True,
egobody,egobody_recording_20211002_S17_S15_03_small_kinect_11_kinect_12_b02531,r0,recording_20211002_S17_S15_03,recording_20211002_S17_S15_03,small,25.563800965418604,2,ok,641.2020338105018,486.645998231905,108.79254104618853,114.60204667366895,54.59773347119754,0.950014480871601,1.0631116347696397,0.950014480871601,1.0,1.0,0.0,2.1532473356637327,25.43162808034871,0.6426384705713194,1.1264246098909239,1.1486778692687472,2.155348975544172,25.431625820760278,0.0,True,
egobody,egobody_recording_20211002_S17_S15_03_small_kinect_11_kinect_12_b02531,r1,recording_20211002_S17_S15_03,recording_20211002_S17_S15_03,small,25.563800965418604,2,ok,369.35688780671705,311.6001105410468,108.79254035919271,114.60204542911136,44.78544091371742,0.028214486931168032,0.5132699836638369,0.028214486931168032,1.0,1.0,0.0,1.2702015833914948,25.43162808034871,0.3464290183186164,0.5340057053855177,0.4001509750732297,1.366755498886314,25.431625820760278,0.0028005429994664155,True,
egobody,egobody_recording_20211002_S17_S15_03_small_kinect_11_kinect_12_b02531,r2,recording_20211002_S17_S15_03,recording_20211002_S17_S15_03,small,25.563800965418604,2,ok,214.79414188769005,165.49463009982497,108.79253864126306,114.60204406479878,40.72609999848455,0.0177687083961522,0.18511004033298917,0.0177687083961522,1.0,1.0,0.0,0.4218270108700981,4.567494419078513,0.19119756559640128,0.22354279994108747,0.04663095285340004,0.5830787340054681,4.567481733509079,0.102672302999963,True,
egobody,egobody_recording_20211002_S17_S15_03_small_kinect_11_kinect_12_b02531,r3,recording_20211002_S17_S15_03,recording_20211002_S17_S15_03,small,25.563800965418604,2,ok,2694.1148621823204,1177.4089079822747,108.79254077628639,114.60204507538229,119.05320810634065,0.004796370821166449,2.207429620949024,0.004796370821166449,1.0,1.0,0.0,8.041252958701623,97.30213208608465,2.742151758179985,5.325451185108255,5.6777893317565535,7.991110412737553,97.30213153316551,1.660119037000186,True,
egobody,egobody_recording_20211004_S12_S20_01_extreme_kinect_11_kinect_13_b02556,r0,recording_20211004_S12_S20_01,recording_20211004_S12_S20_01,extreme,22.455810455946107,2,ok,1034.5134655731028,712.5567964822104,60.43101071676938,70.30287121752303,52.18782469675055,0.7994156362736042,1.6139873301186465,0.7994156362736042,1.0,1.0,0.0,3.258632616752437,22.533414923026456,0.9952008879999168,1.9297979218390622,1.9553438682945319,3.2603276002585173,22.53356796447253,0.0,True,
egobody,egobody_recording_20211004_S12_S20_01_extreme_kinect_11_kinect_13_b02556,r1,recording_20211004_S12_S20_01,recording_20211004_S12_S20_01,extreme,22.455810455946107,2,ok,194.74930455054266,157.81739377401456,60.43101259377402,70.30287343654116,32.53984707063639,0.012314933154962949,0.7803169543590008,0.012314933154962949,1.0,1.0,0.0,1.3778267560620323,22.533414923026456,0.14065011007331155,0.22069636598585154,0.23116951801923086,1.603180290104585,22.53356796447253,0.0027973609994660364,True,
egobody,egobody_recording_20211004_S12_S20_01_extreme_kinect_11_kinect_13_b02556,r2,recording_20211004_S12_S20_01,recording_20211004_S12_S20_01,extreme,22.455810455946107,2,ok,150.86553733243073,123.9821807719204,60.431014418663274,70.30287386016627,31.879954095351557,0.010447924491078276,0.6291238984009629,0.010447924491078276,1.0,1.0,0.0,0.9628865023987909,16.11327232711945,0.09271670687748249,0.12482955959419341,0.15038558717893885,1.2139470144499331,16.11349507268794,0.08925615499993,True,
egobody,egobody_recording_20211004_S12_S20_01_extreme_kinect_11_kinect_13_b02556,r3,recording_20211004_S12_S20_01,recording_20211004_S12_S20_01,extreme,22.455810455946107,2,ok,524.3792203887218,412.0433346255395,60.4310112295235,70.30287118990042,40.81313613867717,0.005623881940244304,0.22607988558915235,0.005623881940244304,1.0,1.0,0.0,1.0291121791872193,0.7706420251551338,0.48425116925918826,0.9078984843576052,0.9300741811669535,1.3933962382915341,0.7754709043439825,0.2505549659999815,True,
egobody,egobody_recording_20211004_S12_S20_01_medium_kinect_13_kinect_12_b02556,r0,recording_20211004_S12_S20_01,recording_20211004_S12_S20_01,medium,20.661167950912848,2,ok,324.6421219000531,249.73419661279573,55.1819534579359,61.85537884257198,29.94269814864067,0.5955589904401808,0.7653762255614223,0.5955589904401808,1.0,1.0,0.0,1.5737028028798137,20.429715670849205,0.3086227157025017,0.5220977552286353,0.4611941010158721,1.5740727614409884,20.424452681673273,0.0,True,
egobody,egobody_recording_20211004_S12_S20_01_medium_kinect_13_kinect_12_b02556,r1,recording_20211004_S12_S20_01,recording_20211004_S12_S20_01,medium,20.661167950912848,2,ok,261.65591625205695,178.70471967954043,55.18195546446156,61.85538215638711,26.920116494912886,0.042869563047159366,0.5738076470431931,0.042869563047159366,1.0,1.0,0.0,1.3058058654992972,20.429715670849205,0.24670589020089068,0.39826410422541336,0.21688837886387397,1.3139077028448527,20.424452681673273,0.002099690999784798,True,
egobody,egobody_recording_20211004_S12_S20_01_medium_kinect_13_kinect_12_b02556,r2,recording_20211004_S12_S20_01,recording_20211004_S12_S20_01,medium,20.661167950912848,2,ok,173.02999083913363,125.08417975871157,55.181953544920724,61.85537926005988,25.134090536016142,0.020642310752816802,0.35625429276842424,0.020642310752816802,1.0,1.0,0.0,0.754300745339214,11.285454815815344,0.153161338999483,0.21117500182259794,0.05196531020308208,0.771849469795671,11.275683436249714,0.07461301600051229,True,
egobody,egobody_recording_20211004_S12_S20_01_medium_kinect_13_kinect_12_b02556,r3,recording_20211004_S12_S20_01,recording_20211004_S12_S20_01,medium,20.661167950912848,2,ok,323.4172231478964,268.3966347841447,55.18195297514005,61.85537959214234,29.88923974741079,0.010334452714789133,0.06294926538258039,0.010334452714789133,1.0,1.0,0.0,0.2614520513990887,1.3153327820367493,0.30727800651271164,0.5194083368490554,0.4701395222301695,0.22086591806125766,1.2276976069159504,0.15466109400040295,True,
egobody,egobody_recording_20211004_S12_S20_01_small_kinect_11_kinect_12_b02556,r0,recording_20211004_S12_S20_01,recording_20211004_S12_S20_01,small,3.2418854744037855,2,ok,925.7210184662147,649.3731375081654,57.860978498159334,67.15152134980123,48.32306263361746,0.5296075657654665,0.8752867414259401,0.5296075657654665,1.0,1.0,0.0,1.787305367772869,3.249253922856065,0.891320140808665,1.7220364274565585,1.640671517740075,1.7892974464997518,3.2504021126262894,0.0,True,
egobody,egobody_recording_20211004_S12_S20_01_small_kinect_11_kinect_12_b02556,r1,recording_20211004_S12_S20_01,recording_20211004_S12_S20_01,small,3.2418854744037855,2,ok,189.08065210863077,152.98562825796355,57.86098071613274,67.1515231373718,32.604468396065776,0.013887972532649926,0.18581449599819494,0.013887972532649926,1.0,1.0,0.0,0.16041635217956107,3.249253922856065,0.13828828316142075,0.21597271216206992,0.2306848744104596,0.39117435466326106,3.2504021126262894,0.0023008099997241516,True,
egobody,egobody_recording_20211004_S12_S20_01_small_kinect_11_kinect_12_b02556,r2,recording_20211004_S12_S20_01,recording_20211004_S12_S20_01,small,3.2418854744037855,2,ok,173.46772030025105,145.56117475462645,57.86098137426656,67.15152507404991,32.086741724563716,0.016316049632413364,0.2908398029463599,0.016316049632413364,1.0,1.0,0.0,0.45772425534676336,7.4832503368516115,0.1239158743482742,0.18722789453577685,0.1848334533176209,0.7006615332833344,7.4837457682582285,0.0745461129999967,True,
egobody,egobody_recording_20211004_S12_S20_01_small_kinect_11_kinect_12_b02556,r3,recording_20211004_S12_S20_01,recording_20211004_S12_S20_01,small,3.2418854744037855,2,ok,403.27358154737436,314.3321040025779,57.86097415062495,67.15152001196356,38.481510997601404,0.009749023589405463,0.1140992639381617,0.009749023589405463,1.0,1.0,0.0,0.5732594898324714,2.0666156625301975,0.35915680871598377,0.6577097632711959,0.7437513748822038,0.8405753378129084,2.068420288409423,0.19034232000012707,True,
egobody,egobody_recording_20211004_S12_S20_02_extreme_kinect_13_kinect_11_b01776,r0,recording_20211004_S12_S20_02,recording_20211004_S12_S20_02,extreme,22.455810455946107,2,ok,827.600806092482,650.1408436827962,61.305955245758696,71.88733784748379,54.27446792011525,0.972865809843621,1.6117144707109747,0.972865809843621,1.0,1.0,0.0,3.3003257206373586,22.244496112221714,0.8077166856837288,1.4789406481635907,1.5546694671080965,3.3003140349339106,22.239709643060728,0.0,True,
egobody,egobody_recording_20211004_S12_S20_02_extreme_kinect_13_kinect_11_b01776,r1,recording_20211004_S12_S20_02,recording_20211004_S12_S20_02,extreme,22.455810455946107,2,ok,305.25584364479846,284.2715435756087,61.30595302744606,71.88733560706724,40.800897284921085,0.02342065385439334,0.9290306185556131,0.02342065385439334,1.0,1.0,0.0,2.158501772610516,22.244496112221714,0.28620833686241137,0.43592395052095584,0.36171895388757097,2.2270384195135478,22.239709643060728,0.00228757599961682,True,
egobody,egobody_recording_20211004_S12_S20_02_extreme_kinect_13_kinect_11_b01776,r2,recording_20211004_S12_S20_02,recording_20211004_S12_S20_02,extreme,22.455810455946107,2,ok,510.72745912843743,537.4322369824066,61.3059546674613,71.88733788416212,46.62031754326333,0.00912303606479644,0.16608105131658196,0.00912303606479644,1.0,1.0,0.0,1.907602003485238,16.428636257674288,0.4964148973552282,0.8563370715065894,0.8999744162300436,1.753564357222514,16.422041775953478,0.07238369199967565,True,
egobody,egobody_recording_20211004_S12_S20_02_extreme_kinect_13_kinect_11_b01776,r3,recording_20211004_S12_S20_02,recording_20211004_S12_S20_02,extreme,22.455810455946107,2,ok,715.9958604021261,604.4584840005723,61.30595209172072,71.88733573084933,50.07487942233783,0.008759476517413945,0.23965757372910854,0.008759476517413945,1.0,1.0,0.0,0.8588481708841051,0.693226888517718,0.7021644469588618,1.2678361707138563,1.1774076731541054,0.8979943838101926,0.5077458590733359,0.21123285299927375,True,
egobody,egobody_recording_20211004_S12_S20_02_medium_kinect_13_kinect_12_b01776,r0,recording_20211004_S12_S20_02,recording_20211004_S12_S20_02,medium,20.661167950912848,2,ok,313.39642940495054,239.04331257111656,60.525087349132406,69.53142070697507,33.30323484703134,0.6913332505075299,0.7666975466016736,0.6913332505075299,1.0,1.0,0.0,1.5964556752192813,20.429886245736647,0.29083741993917783,0.44518211667448865,0.42323108999979225,1.595641940151696,20.424625977780128,0.0,True,
egobody,egobody_recording_20211004_S12_S20_02_medium_kinect_13_kinect_12_b01776,r1,recording_20211004_S12_S20_02,recording_20211004_S12_S20_02,medium,20.661167950912848,2,ok,266.1426412396859,177.67797908030673,60.52508597700489,69.53141853323483,30.706874256908872,0.06745679648166572,0.6034989901439118,0.06745679648166572,1.0,1.0,0.0,1.4934165323583724,20.429886245736647,0.24209218940375546,0.3476916556036438,0.2022461615526245,1.4890779778705603,20.424625977780128,0.002253402999485843,True,
egobody,egobody_recording_20211004_S12_S20_02_medium_kinect_13_kinect_12_b01776,r2,recording_20211004_S12_S20_02,recording_20211004_S12_S20_02,medium,20.661167950912848,2,ok,221.70297485603578,145.47801810335793,60.525086699128686,69.53141927500212,30.277534898860242,0.04093362847085469,0.49326726977818264,0.04093362847085469,1.0,1.0,0.0,1.0041558124904764,13.903712765238817,0.193767401231586,0.25104207925930505,0.13882392218601386,1.002559841480321,13.895824619540077,0.0762215130007462,True,
egobody,egobody_recording_20211004_S12_S20_02_medium_kinect_13_kinect_12_b01776,r3,recording_20211004_S12_S20_02,recording_20211004_S12_S20_02,medium,20.661167950912848,2,ok,356.351737105152,274.99771013009746,60.52508745608728,69.53142053907351,34.00283299481465,0.014024332142437122,0.04915912741707989,0.014024332142437122,1.0,1.0,0.0,0.25812066701119857,1.6749253811705718,0.34054802785952953,0.5446033325151922,0.49087524459480425,0.22471377186138264,1.607070675770166,0.2620825440008048,True,
egobody,egobody_recording_20211004_S12_S20_02_small_kinect_12_kinect_11_b01776,r0,recording_20211004_S12_S20_02,recording_20211004_S12_S20_02,small,3.2418854744037855,2,ok,791.3761063458217,631.8844747008723,68.48145955316865,80.09880609039372,55.04442140645191,0.5509806014655946,0.8769975792188612,0.5509806014655946,1.0,1.0,0.0,1.812352343810024,3.7149762216905047,0.774479883202959,1.4212915299895903,1.5573991720182454,1.8125590037850667,3.714954579771935,0.0,True,
egobody,egobody_recording_20211004_S12_S20_02_small_kinect_12_kinect_11_b01776,r1,recording_20211004_S12_S20_02,recording_20211004_S12_S20_02,small,3.2418854744037855,2,ok,298.9509688319394,288.3992449540241,68.4814576682193,80.09880328411772,41.86720888959077,0.013353427877068681,0.19829666082627126,0.013353427877068681,1.0,1.0,0.0,0.35394437331532635,3.7149762216905047,0.27226931078740546,0.41687038515848335,0.39780124837702435,0.649496627950096,3.714954579771935,0.0025073749993680394,True,
egobody,egobody_recording_20211004_S12_S20_02_small_kinect_12_kinect_11_b01776,r2,recording_20211004_S12_S20_02,recording_20211004_S12_S20_02,small,3.2418854744037855,2,ok,307.0877172156599,291.1885655387408,68.48145989687609,80.0988050501714,42.123446950495136,0.015387077941749035,0.28990693709822857,0.015387077941749035,1.0,1.0,0.0,0.5638300724625801,2.2005578470889082,0.27850661188256526,0.42934498734880283,0.43704892375873117,0.48432849065189004,2.2005212671791288,0.07549291899977106,True,
egobody,egobody_recording_20211004_S12_S20_02_small_kinect_12_kinect_11_b01776,r3,recording_20211004_S12_S20_02,recording_20211004_S12_S20_02,small,3.2418854744037855,2,ok,625.2570058768104,577.3128370469992,68.48145773945117,80.09880441103596,47.651854696810474,0.008294904192954658,0.22548798623446364,0.008294904192954658,1.0,1.0,0.0,0.7388718868048701,0.5891470072026297,0.6108306683648377,1.0939931003133476,0.9062606397960213,1.0567069458614806,0.5890103987044362,0.2850931009998021,True,
egobody,egobody_recording_20211004_S12_S20_03_extreme_kinect_11_kinect_13_b01986,r0,recording_20211004_S12_S20_03,recording_20211004_S12_S20_03,extreme,22.455810455946107,2,ok,1076.5659685807739,689.7140497682744,60.76315323719966,70.01956067173577,50.2331841235688,1.0120895275048616,1.6139817788962532,1.0120895275048616,1.0,1.0,0.0,3.260811585224982,22.403333985046473,1.0343331676965637,1.8462249416450838,1.6960061553050365,3.265092107877452,22.403493893105992,0.0,True,
egobody,egobody_recording_20211004_S12_S20_03_extreme_kinect_11_kinect_13_b01986,r1,recording_20211004_S12_S20_03,recording_20211004_S12_S20_03,extreme,22.455810455946107,2,ok,410.12241415165073,284.663937247473,60.763152889214375,70.01955919587985,38.921407177504925,0.022557622598565398,1.0090797514541592,0.022557622598565398,1.0,1.0,0.0,1.6927575035624407,22.403333985046473,0.33713034709181167,0.4518193004355798,0.4965856223116706,2.038085497553187,22.403493893105992,0.0023528930005340953,True,
egobody,egobody_recording_20211004_S12_S20_03_extreme_kinect_11_kinect_13_b01986,r2,recording_20211004_S12_S20_03,recording_20211004_S12_S20_03,extreme,22.455810455946107,2,ok,656.7330456775177,463.0397354355933,60.76315570446054,70.01956205112455,40.903350230580884,0.013615858321130438,0.6039146065799745,0.013615858321130438,1.0,1.0,0.0,1.231055688662011,7.647966502012168,0.5930890434955771,0.963736693243111,0.6909930806650882,1.2954150355964233,7.648474732546702,0.07649963499989099,True,
egobody,egobody_recording_20211004_S12_S20_03_extreme_kinect_11_kinect_13_b01986,r3,recording_20211004_S12_S20_03,recording_20211004_S12_S20_03,extreme,22.455810455946107,2,ok,931.7457603696658,621.6711722478082,60.76315158497655,70.01955880447301,50.83420349034501,0.007637148277624641,0.19545933050346329,0.007637148277624641,1.0,1.0,0.0,1.7046356519841261,1.3639380732256041,0.8591828659471372,1.4959243381462308,1.6755379452943555,3.0226654551854226,1.3667784018053395,0.2591619439999704,True,
egobody,egobody_recording_20211004_S12_S20_03_medium_kinect_13_kinect_12_b01986,r0,recording_20211004_S12_S20_03,recording_20211004_S12_S20_03,medium,20.661167950912848,2,ok,295.5283083907498,261.3379313990595,60.22538509507706,67.03549178947947,32.56011326937596,0.7606603764195637,0.7710026572423176,0.7606603764195637,1.0,1.0,0.0,1.603042628512708,20.627236655790618,0.2718275956689862,0.43094675462239235,0.5030828364369352,1.602756313049987,20.62203421070124,0.0,True,
egobody,egobody_recording_20211004_S12_S20_03_medium_kinect_13_kinect_12_b01986,r1,recording_20211004_S12_S20_03,recording_20211004_S12_S20_03,medium,20.661167950912848,2,ok,202.55234985353377,170.06124717574926,60.225385060473926,67.03549228833509,30.045699136861458,0.06060805525860122,0.5852716800001115,0.06060805525860122,1.0,1.0,0.0,1.431547397191828,20.627236655790618,0.1903481087297118,0.26798778074384366,0.3082794769348478,1.4183061344282917,20.62203421070124,0.002565900999798032,True,
egobody,egobody_recording_20211004_S12_S20_03_medium_kinect_13_kinect_12_b01986,r2,recording_20211004_S12_S20_03,recording_20211004_S12_S20_03,medium,20.661167950912848,2,ok,158.46563384595964,138.05008186989792,60.22538322227788,67.0354909536645,27.800074136072897,0.025799787965994143,0.32883277035394115,0.025799787965994143,1.0,1.0,0.0,0.6371420898032301,8.755417747728039,0.1385190077761015,0.16432957883662297,0.06297232739236489,0.6374903434807125,8.742779605996596,0.08683967199976905,True,
egobody,egobody_recording_20211004_S12_S20_03_medium_kinect_13_kinect_12_b01986,r3,recording_20211004_S12_S20_03,recording_20211004_S12_S20_03,medium,20.661167950912848,2,ok,336.05391466432394,266.7290552472343,60.2253851906203,67.03549249900044,32.03871753281954,0.013713910720775898,0.06608327375465806,0.013713910720775898,1.0,1.0,0.0,0.257564434335375,1.201235464525862,0.32422186623465377,0.5357352957537275,0.41547771140500156,0.2291414561661337,1.1046874061615575,0.20257780100018863,True,
egobody,egobody_recording_20211004_S12_S20_03_small_kinect_11_kinect_12_b01986,r0,recording_20211004_S12_S20_03,recording_20211004_S12_S20_03,small,3.2418854744037855,2,ok,1058.4434460905643,681.6859519206836,63.93835642588543,70.93643003388075,46.01939520681423,0.4949696522962872,0.8749730441522727,0.4949696522962872,1.0,1.0,0.0,1.7888019754538274,3.24454131584185,1.0260398723798843,1.8296383510117251,1.6122311864619874,1.7945229580200843,3.2457360559503896,0.0,True,
egobody,egobody_recording_20211004_S12_S20_03_small_kinect_11_kinect_12_b01986,r1,recording_20211004_S12_S20_03,recording_20211004_S12_S20_03,small,3.2418854744037855,2,ok,459.1302872981562,312.5352994506034,63.93835907786231,70.93643210363662,35.54873386698352,0.015733867447311825,0.3072255707759436,0.015733867447311825,1.0,1.0,0.0,0.29705056813960184,3.24454131584185,0.3883086271234472,0.5541758604988509,0.5090841156120063,0.7865959733161193,3.2457360559503896,0.002858769000340544,True,
egobody,egobody_recording_20211004_S12_S20_03_small_kinect_11_kinect_12_b01986,r2,recording_20211004_S12_S20_03,recording_20211004_S12_S20_03,small,3.2418854744037855,2,ok,576.0270156023396,412.4741255820363,63.93835679231954,70.93643117315922,35.89459910567678,0.01840766373045126,0.3914087483042175,0.01840766373045126,1.0,1.0,0.0,0.8447266225604277,4.495441658081064,0.5136207616104669,0.8048001294728901,0.5394661860264004,0.8100026665743578,4.496305872992094,0.09185944699947868,True,
egobody,egobody_recording_20211004_S12_S20_03_small_kinect_11_kinect_12_b01986,r3,recording_20211004_S12_S20_03,recording_20211004_S12_S20_03,small,3.2418854744037855,2,ok,724.4592726381859,522.5324765440454,63.93835777888869,70.93643130087156,43.1015850564117,0.008775881888702267,0.15597110544387693,0.008775881888702267,1.0,1.0,0.0,1.084915071685813,1.5430319767310616,0.6609493871961797,1.099457380644316,1.3385794821768324,1.8627027772456857,1.5455429715947862,0.2209362970006623,True,
egobody,egobody_recording_20211004_S12_S20_04_extreme_kinect_13_kinect_11_b03381,r0,recording_20211004_S12_S20_04,recording_20211004_S12_S20_04,extreme,22.455810455946107,2,ok,863.3369590643665,650.4798343332882,68.90249695711833,81.50234728731307,55.11683960808825,1.0354556242699255,1.612917259601139,1.0354556242699255,1.0,1.0,0.0,3.292137750102527,22.3532058909182,0.8359912257402485,1.4761725083146575,1.3941629386979884,3.2930473616513702,22.348445375823903,0.0,True,
egobody,egobody_recording_20211004_S12_S20_04_extreme_kinect_13_kinect_11_b03381,r1,recording_20211004_S12_S20_04,recording_20211004_S12_S20_04,extreme,22.455810455946107,2,ok,338.0805219366711,253.38769673792248,68.90249803129501,81.50234871142231,45.644172300030135,0.025527262762292516,0.9918914982915121,0.025527262762292516,1.0,1.0,0.0,2.00424515257898,22.3532058909182,0.31021164160291903,0.42461334003999873,0.5083205741136266,2.0364182438608553,22.348445375823903,0.002588764999927662,True,
egobody,egobody_recording_20211004_S12_S20_04_extreme_kinect_13_kinect_11_b03381,r2,recording_20211004_S12_S20_04,recording_20211004_S12_S20_04,extreme,22.455810455946107,2,ok,644.7562260517592,535.8738784048877,68.90249926819779,81.50234724838606,48.75894650077374,0.012929715376785002,0.3751443230731197,0.012929715376785002,1.0,1.0,0.0,1.428190475356626,4.279150167492174,0.6222842686379937,1.0487585941101478,0.8213084971093554,1.273567846737146,4.253107722568143,0.07454057699942496,True,
egobody,egobody_recording_20211004_S12_S20_04_extreme_kinect_13_kinect_11_b03381,r3,recording_20211004_S12_S20_04,recording_20211004_S12_S20_04,extreme,22.455810455946107,2,ok,670.885022187036,567.7604834555328,68.90249946040649,81.50234826684601,55.343655674086996,0.009212656691589362,0.12911029221306966,0.009212656691589362,1.0,1.0,0.0,0.5959675543568682,2.913907443616024,0.6636487560555844,1.1314875689453296,1.25221275033826,0.6982194164597051,2.8754478333631766,0.21989148700049554,True,
egobody,egobody_recording_20211004_S12_S20_04_medium_kinect_13_kinect_12_b03381,r0,recording_20211004_S12_S20_04,recording_20211004_S12_S20_04,medium,20.661167950912848,2,ok,356.6132794966433,291.9083856629651,67.45978497822192,77.6217054267202,35.56910559887342,0.7615043306678599,0.7714245511828086,0.7615043306678599,1.0,1.0,0.0,1.593047171385257,20.53271892938102,0.3299312291299421,0.46405251509404477,0.5519620817426003,1.5933329806540686,20.52748719678824,0.0,True,
egobody,egobody_recording_20211004_S12_S20_04_medium_kinect_13_kinect_12_b03381,r1,recording_20211004_S12_S20_04,recording_20211004_S12_S20_04,medium,20.661167950912848,2,ok,305.444113669148,195.46848139739944,67.45978327949757,77.6217045980404,31.290818519331417,0.04080460112554909,0.5305017440498659,0.04080460112554909,1.0,1.0,0.0,1.3865771217290874,20.53271892938102,0.2751046146543554,0.3543992861428713,0.18432297495321642,1.36578600047175,20.52748719678824,0.0022681840000586817,True,
egobody,egobody_recording_20211004_S12_S20_04_medium_kinect_13_kinect_12_b03381,r2,recording_20211004_S12_S20_04,recording_20211004_S12_S20_04,medium,20.661167950912848,2,ok,287.5946533179325,158.3829832772592,67.45978257818783,77.62170378309635,30.93812474012672,0.032420100071398596,0.4671107768901019,0.032420100071398596,1.0,1.0,0.0,1.0141008653437742,14.799718322530964,0.2623249759660437,0.3288400087662481,0.13755401376377493,0.9934915252437999,14.79234234045396,0.07658508899930894,True,
egobody,egobody_recording_20211004_S12_S20_04_medium_kinect_13_kinect_12_b03381,r3,recording_20211004_S12_S20_04,recording_20211004_S12_S20_04,medium,20.661167950912848,2,ok,351.9256161300019,206.63999513850837,67.45978408574571,77.62170516735948,34.90512759804658,0.011982389822991454,0.05803449570372431,0.011982389822991454,1.0,1.0,0.0,0.2748212694880907,0.9925107163526813,0.3359543434268341,0.47609874368782895,0.4565103649225176,0.23288012824599968,0.873102931216171,0.2018591739997646,True,
egobody,egobody_recording_20211004_S12_S20_04_small_kinect_11_kinect_12_b03381,r0,recording_20211004_S12_S20_04,recording_20211004_S12_S20_04,small,3.2418854744037855,2,ok,1044.82025525089,648.2214694018177,66.37442325405986,76.50680066716576,48.62947978517046,0.4447540375597589,0.8735934744291004,0.4447540375597589,1.0,1.0,0.0,1.7934448932926854,3.203593273349838,0.9975637050771468,1.7557707888424996,1.6908937609504195,1.8001754955114466,3.204779627663956,0.0,True,
egobody,egobody_recording_20211004_S12_S20_04_small_kinect_11_kinect_12_b03381,r1,recording_20211004_S12_S20_04,recording_20211004_S12_S20_04,small,3.2418854744037855,2,ok,478.74123267776235,334.8352010333769,66.3744187075635,76.50679665199449,37.32149966830086,0.014988163498323522,0.2881408447072234,0.014988163498323522,1.0,1.0,0.0,0.15652939808805635,3.203593273349838,0.40864666450228737,0.5779367076927807,0.5078253395202678,0.8139810127282823,3.204779627663956,0.002467985000293993,True,
egobody,egobody_recording_20211004_S12_S20_04_small_kinect_11_kinect_12_b03381,r2,recording_20211004_S12_S20_04,recording_20211004_S12_S20_04,small,3.2418854744037855,2,ok,577.2005890475738,406.818426314519,66.37442203444344,76.50679835385027,38.11499534032599,0.01593142415393263,0.3236594686083557,0.01593142415393263,1.0,1.0,0.0,0.6029621789850165,3.3506582467025163,0.5024847231796273,0.7656128250474605,0.5891277477846378,0.4360430380829884,3.351791177903208,0.08294644099987636,True,
egobody,egobody_recording_20211004_S12_S20_04_small_kinect_11_kinect_12_b03381,r3,recording_20211004_S12_S20_04,recording_20211004_S12_S20_04,small,3.2418854744037855,2,ok,792.3842246471881,578.9263323167307,66.37442127210439,76.50680094445767,44.73753737870444,0.008501431765856904,0.1722462565502013,0.008501431765856904,1.0,1.0,0.0,1.19022164835716,1.4603630331464343,0.726177630881633,1.2129986404514723,1.2981356436550227,1.8575680037560314,1.4629642285690019,0.2031279729999369,True,
egobody,egobody_recording_20211004_S20_S12_01_extreme_kinect_13_kinect_11_b02766,r0,recording_20211004_S20_S12_01,recording_20211004_S20_S12_01,extreme,22.455810455946107,2,ok,838.3237229866313,604.3294642461235,61.900436302385096,68.14103956042588,51.534564795745894,1.0949364573181033,1.6162139019691784,1.0949364573181033,1.0,1.0,0.0,3.283604565097788,22.41487951942744,0.8020228919819183,1.5124868940569245,1.6275203013228734,3.283609620089047,22.410135045954792,0.0,True,
egobody,egobody_recording_20211004_S20_S12_01_extreme_kinect_13_kinect_11_b02766,r1,recording_20211004_S20_S12_01,recording_20211004_S20_S12_01,extreme,22.455810455946107,2,ok,273.7802152355598,238.5772435926735,61.9004352152719,68.14103786561112,37.384015864374575,0.018573570237298852,0.9247441254573886,0.018573570237298852,1.0,1.0,0.0,1.8384245720962016,22.41487951942744,0.2133387081717525,0.3351185264365927,0.34826529457316213,1.7930211246971761,22.410135045954792,0.0024281809992316994,True,
egobody,egobody_recording_20211004_S20_S12_01_extreme_kinect_13_kinect_11_b02766,r2,recording_20211004_S20_S12_01,recording_20211004_S20_S12_01,extreme,22.455810455946107,2,ok,214.9033740879731,181.33764293588973,61.900434983251316,68.14103668742428,35.220026299390916,0.041567400651557056,1.311996765907617,0.041567400651557056,1.0,1.0,0.0,3.1507121397752393,39.19375263573699,0.13442859578212082,0.17729830165732935,0.08272873771946994,3.1093243149889407,39.19137899525606,0.07699620099992899,True,
egobody,egobody_recording_20211004_S20_S12_01_extreme_kinect_13_kinect_11_b02766,r3,recording_20211004_S20_S12_01,recording_20211004_S20_S12_01,extreme,22.455810455946107,2,ok,744.7863426505181,547.4315706214666,61.900436571944105,68.14103971954852,46.12901155774473,0.007320662986611367,0.15152547043258777,0.007320662986611367,1.0,1.0,0.0,0.7829467271014547,1.6650933125468752,0.7083624692030752,1.325166048499238,1.2013709110461326,0.8055071897314623,1.5968133256434445,0.18892286099980993,True,
egobody,egobody_recording_20211004_S20_S12_01_medium_kinect_12_kinect_13_b02766,r0,recording_20211004_S20_S12_01,recording_20211004_S20_S12_01,medium,20.661167950912848,2,ok,294.5110452485375,270.9428040238996,58.72677942160969,68.33931199904653,29.10971880881262,0.6367172241056288,0.7674348008315248,0.6367172241056288,0.9966555183946488,0.9933333333333333,0.0,1.5160144582696966,20.7897675360661,0.27311972727516226,0.49363418567798717,0.4234835071584963,1.5144659484919623,20.78976853402093,0.0,True,
egobody,egobody_recording_20211004_S20_S12_01_medium_kinect_12_kinect_13_b02766,r1,recording_20211004_S20_S12_01,recording_20211004_S20_S12_01,medium,20.661167950912848,2,ok,165.37028122620356,149.83356938118013,58.726779883437025,68.33931226796673,25.81478042872106,0.0377956373250726,0.5800718879026192,0.0377956373250726,0.9966555183946488,0.9933333333333333,0.0,1.4324146877851556,20.7897675360661,0.1449466872818389,0.23555603758332258,0.16625446820439466,1.3994207071461229,20.78976853402093,0.002283144000102766,True,
egobody,egobody_recording_20211004_S20_S12_01_medium_kinect_12_kinect_13_b02766,r2,recording_20211004_S20_S12_01,recording_20211004_S20_S12_01,medium,20.661167950912848,2,ok,157.26649730808901,141.09501605210798,58.72677810465111,68.3393102630551,25.6112879314477,0.048426402927386064,0.6235843039112524,0.048426402927386064,0.9966555183946488,0.9933333333333333,0.0,1.3043255977271184,18.48480855149819,0.13168051875344217,0.20884442797884803,0.14787940769932298,1.2749776800242227,18.484809688013968,0.07362710100005643,True,
egobody,egobody_recording_20211004_S20_S12_01_medium_kinect_12_kinect_13_b02766,r3,recording_20211004_S20_S12_01,recording_20211004_S20_S12_01,medium,20.661167950912848,2,ok,244.32253190408454,226.50636254763518,58.72677891381389,68.33931330626272,30.073972644616195,0.008668420010568665,0.07272647280719576,0.008668420010568665,0.9966555183946488,0.9933333333333333,0.0,0.2651089257899565,1.1714442444987938,0.23585941460128518,0.4186100425913969,0.524719811199151,0.20411995442355424,1.1714628473302464,0.1322632009996596,True,
egobody,egobody_recording_20211004_S20_S12_01_small_kinect_12_kinect_11_b02766,r0,recording_20211004_S20_S12_01,recording_20211004_S20_S12_01,small,3.2418854744037855,2,ok,645.4620497827693,548.3276043381982,57.897869087965255,62.560708784840074,45.58739489374149,0.46055807564676654,0.8761287029847861,0.46055807564676654,1.0,1.0,0.0,1.802751115654754,3.6321238848976662,0.631345050561019,1.207144639470996,1.3077963139962525,1.8058861582800867,3.6321298795004964,0.0,True,
egobody,egobody_recording_20211004_S20_S12_01_small_kinect_12_kinect_11_b02766,r1,recording_20211004_S20_S12_01,recording_20211004_S20_S12_01,small,3.2418854744037855,2,ok,266.684201865036,235.36594159362483,57.89786744173506,62.56070738294266,33.26819732789518,0.012248020176994784,0.2576736897755948,0.012248020176994784,1.0,1.0,0.0,0.5393145833590302,3.6321238848976662,0.24117772787952801,0.42680999410801423,0.3488907637471802,0.5738808282666846,3.6321298795004964,0.0022942089999560267,True,
egobody,egobody_recording_20211004_S20_S12_01_small_kinect_12_kinect_11_b02766,r2,recording_20211004_S20_S12_01,recording_20211004_S20_S12_01,small,3.2418854744037855,2,ok,148.7240107388963,138.5236812930857,57.89786884627419,62.56070765037626,30.250585732161525,0.019347567968467486,0.49091466703668707,0.019347567968467486,1.0,1.0,0.0,1.7970774103559661,21.697784319830046,0.09584428252472378,0.13614310339840585,0.043902932831621264,1.9056742849359123,21.697785270152725,0.08250163399952726,True,
egobody,egobody_recording_20211004_S20_S12_01_small_kinect_12_kinect_11_b02766,r3,recording_20211004_S20_S12_01,recording_20211004_S20_S12_01,small,3.2418854744037855,2,ok,503.77812145373747,441.8751110115834,57.89787093705484,62.56070881080307,38.65718957505297,0.007339333990323745,0.1653778229053757,0.007339333990323745,1.0,1.0,0.0,0.3776766083754008,2.282839127570355,0.4858623998723137,0.9161793380935858,0.7945319400263042,0.5345941007985019,2.282848661099139,0.17174983599943516,True,
egobody,egobody_recording_20211004_S20_S12_02_extreme_kinect_13_kinect_11_b01446,r0,recording_20211004_S20_S12_02,recording_20211004_S20_S12_02,extreme,22.455810455946107,2,ok,997.537325398315,652.673950883853,62.62057011276988,71.15045298332167,48.25652657403174,1.1036041712460214,1.6152330935053654,1.1036041712460214,1.0,1.0,0.0,3.2865571611215123,22.182493567391564,0.9740222879431503,1.8451697185036717,1.807536194697007,3.2873782087885868,22.177691799643526,0.0,True,
egobody,egobody_recording_20211004_S20_S12_02_extreme_kinect_13_kinect_11_b01446,r1,recording_20211004_S20_S12_02,recording_20211004_S20_S12_02,extreme,22.455810455946107,2,ok,155.28073856566976,117.21090904570165,62.620574934263765,71.15045836825959,27.542107772161437,0.015116612014829717,0.7313415749546011,0.015116612014829717,1.0,1.0,0.0,1.7958309185897952,22.182493567391564,0.1342349065825416,0.16559495578245415,0.09225091826197537,1.8618766096583337,22.177691799643526,0.0021710480004912824,True,
egobody,egobody_recording_20211004_S20_S12_02_extreme_kinect_13_kinect_11_b01446,r2,recording_20211004_S20_S12_02,recording_20211004_S20_S12_02,extreme,22.455810455946107,2,ok,158.79295140614005,118.44281712386682,62.620571375648666,71.15045438569915,27.130010653638884,0.016902135095063588,0.8257119679059677,0.016902135095063588,1.0,1.0,0.0,2.1093247842682197,26.13713932052923,0.13863901557110392,0.17440317375957876,0.054241312478052514,2.164192194678883,26.133185852316874,0.07203052699969703,True,
egobody,egobody_recording_20211004_S20_S12_02_extreme_kinect_13_kinect_11_b01446,r3,recording_20211004_S20_S12_02,recording_20211004_S20_S12_02,extreme,22.455810455946107,2,ok,432.2775619152478,342.01089219876826,62.62057103203677,71.1504544327307,36.09009251825103,0.007504115352864362,0.176472454654055,0.007504115352864362,1.0,1.0,0.0,0.3850760215555387,0.8258128751401537,0.4289078942241728,0.7549409310657164,0.818050790744443,0.43132100134492424,0.6776331149845103,0.24930280999979004,True,
egobody,egobody_recording_20211004_S20_S12_02_medium_kinect_12_kinect_13_b01446,r0,recording_20211004_S20_S12_02,recording_20211004_S20_S12_02,medium,20.661167950912848,2,ok,407.3245126042975,249.35287651956367,62.76775648225807,65.60630583993184,26.917480468648193,0.6314419812996748,0.7633468742065613,0.6314419812996748,1.0,1.0,0.0,1.4758117378714137,20.418941608797716,0.3904039046353403,0.5771415602988066,0.5246309992835752,1.4778968893573563,20.418939771433703,0.0,True,
egobody,egobody_recording_20211004_S20_S12_02_medium_kinect_12_kinect_13_b01446,r1,recording_20211004_S20_S12_02,recording_20211004_S20_S12_02,medium,20.661167950912848,2,ok,246.0562139295055,117.56851086465157,62.76775615439388,65.60630545675089,22.71691645721945,0.05293762498509641,0.5305301019673911,0.05293762498509641,1.0,1.0,0.0,1.0725862329357387,20.418941608797716,0.2182628890747093,0.23285952917754477,0.16706968537676725,1.0616577565406706,20.418939771433703,0.002075012000204879,True,
egobody,egobody_recording_20211004_S20_S12_02_medium_kinect_12_kinect_13_b01446,r2,recording_20211004_S20_S12_02,recording_20211004_S20_S12_02,medium,20.661167950912848,2,ok,230.0656511238196,112.35102786437062,62.76775679263507,65.6063056109382,21.609766277495957,0.02487583197198538,0.2528035605371043,0.02487583197198538,1.0,1.0,0.0,0.40494937227372124,8.153044435812387,0.19607537535613526,0.18848450174039663,0.03597411495344442,0.3766939637717026,8.153039889729701,0.07261774499966123,True,
egobody,egobody_recording_20211004_S20_S12_02_medium_kinect_12_kinect_13_b01446,r3,recording_20211004_S20_S12_02,recording_20211004_S20_S12_02,medium,20.661167950912848,2,ok,315.61238621318296,183.08221334782283,62.7677571781021,65.60630612519715,24.89359553018237,0.014265768947872414,0.13738896934656084,0.014265768947872414,1.0,1.0,0.0,0.49246878938387256,2.45219203273361,0.29556909324464975,0.38747193751742554,0.3395195764977794,0.48746090625627686,2.4521769626717553,0.2091387049995319,True,
egobody,egobody_recording_20211004_S20_S12_02_small_kinect_12_kinect_11_b01446,r0,recording_20211004_S20_S12_02,recording_20211004_S20_S12_02,small,3.2418854744037855,2,ok,967.4419351613109,578.0722930264175,65.04433777828682,73.12847676138583,42.21086987116287,0.5924173744085042,0.8731274848652126,0.5924173744085042,1.0,1.0,0.0,1.8489589604975039,3.7160369711814307,0.9440001764704595,1.6843341039690454,1.5188772559234691,1.8527374133286907,3.7160270332356946,0.0,True,
egobody,egobody_recording_20211004_S20_S12_02_small_kinect_12_kinect_11_b01446,r1,recording_20211004_S20_S12_02,recording_20211004_S20_S12_02,small,3.2418854744037855,2,ok,240.3816110272403,126.73269965903984,65.0443439893978,73.12848314245315,27.128024151055687,0.018265181980315577,0.1953538551273186,0.018265181980315577,1.0,1.0,0.0,0.37097360524576406,3.7160369711814307,0.2168988071756203,0.23013136537936674,0.17168531781947735,0.4778226933091173,3.7160270332356946,0.002483391999703599,True,
egobody,egobody_recording_20211004_S20_S12_02_small_kinect_12_kinect_11_b01446,r2,recording_20211004_S20_S12_02,recording_20211004_S20_S12_02,small,3.2418854744037855,2,ok,231.06302984903226,125.31442223032509,65.04434058436325,73.12847851240403,25.593712040328924,0.02276710004444131,0.33371327079168617,0.02276710004444131,1.0,1.0,0.0,1.1815318738623677,13.96269905174348,0.19610126675903053,0.1885362845461872,0.027314732862508448,1.3557351645972988,13.962696384393603,0.07962468899950181,True,
egobody,egobody_recording_20211004_S20_S12_02_small_kinect_12_kinect_11_b01446,r3,recording_20211004_S20_S12_02,recording_20211004_S20_S12_02,small,3.2418854744037855,2,ok,397.4893175882996,321.311642225005,65.04433899786203,73.1284791723142,33.42106225301165,0.01276268464730357,0.1053802770964391,0.01276268464730357,1.0,1.0,0.0,0.5248398191614552,3.783033654941375,0.39503246528270736,0.5863986815935408,0.7452190988587378,0.7807590452667813,3.783023881375936,0.2474472620006054,True,
egobody,egobody_recording_20211004_S20_S12_03_extreme_kinect_11_kinect_13_b01396,r0,recording_20211004_S20_S12_03,recording_20211004_S20_S12_03,extreme,22.455810455946107,2,ok,1264.025134929605,633.8902687047711,81.71916636967406,85.80071696605428,47.29280445967579,0.789693985754667,1.6145255081818444,0.789693985754667,1.0,1.0,0.0,3.264650450331473,22.675745179846043,1.2041926164170818,2.245229956505105,2.177761738762271,3.269017955837217,22.675906624552013,0.0,True,
egobody,egobody_recording_20211004_S20_S12_03_extreme_kinect_11_kinect_13_b01396,r1,recording_20211004_S20_S12_03,recording_20211004_S20_S12_03,extreme,22.455810455946107,2,ok,360.04638202740557,257.41520452056614,81.71916619695726,85.8007175391066,31.88526650199557,0.012183664748928322,0.7814736265422859,0.012183664748928322,1.0,1.0,0.0,1.3554751334653325,22.675745179846043,0.3223724599007847,0.4815896434725112,0.6586993548093538,1.1536036161009835,22.675906624552013,0.0021122790003573755,True,
egobody,egobody_recording_20211004_S20_S12_03_extreme_kinect_11_kinect_13_b01396,r2,recording_20211004_S20_S12_03,recording_20211004_S20_S12_03,extreme,22.455810455946107,2,ok,707.8901833879569,493.23966206965287,81.71916658381723,85.80071677752416,35.75913261616511,0.007399098830166073,0.235937923845856,0.007399098830166073,1.0,1.0,0.0,1.0230023401560353,8.399356195124126,0.6267379155156753,1.0903205547022923,0.9740006254773675,0.3820463007319331,8.399823271179223,0.07866228999955638,True,
egobody,egobody_recording_20211004_S20_S12_03_extreme_kinect_11_kinect_13_b01396,r3,recording_20211004_S20_S12_03,recording_20211004_S20_S12_03,extreme,22.455810455946107,2,ok,707.2586855747176,489.7101377968149,81.71916305833909,85.8007141024399,38.04842666409064,0.007101296489496228,0.17845724874986804,0.007101296489496228,1.0,1.0,0.0,0.46911186663944676,14.796117542462389,0.665114659808261,1.1670740432874638,1.2957593009678794,1.0476072897210364,14.796376505865029,0.2842022690001613,True,
egobody,egobody_recording_20211004_S20_S12_03_medium_kinect_13_kinect_12_b01396,r0,recording_20211004_S20_S12_03,recording_20211004_S20_S12_03,medium,20.661167950912848,2,ok,406.88377176485676,352.54320206870705,78.93034959526801,87.16363462310987,32.74344983485911,0.604575455935914,0.7642108779233553,0.604575455935914,1.0,1.0,0.0,1.5793841396751853,20.548212675185,0.37810494202897066,0.6742948765900472,0.7640921541353975,1.5792513569927766,20.54298951235843,0.0,True,
egobody,egobody_recording_20211004_S20_S12_03_medium_kinect_13_kinect_12_b01396,r1,recording_20211004_S20_S12_03,recording_20211004_S20_S12_03,medium,20.661167950912848,2,ok,208.94388145732617,177.25746267593397,78.93034873935358,87.16363522774186,26.143817818790684,0.027051482621182708,0.40111215965999536,0.027051482621182708,1.0,1.0,0.0,1.0183293295071694,20.548212675185,0.20623447184300006,0.3305539362181059,0.33306399111175283,1.0077947017318745,20.54298951235843,0.0022119699997347197,True,
egobody,egobody_recording_20211004_S20_S12_03_medium_kinect_13_kinect_12_b01396,r2,recording_20211004_S20_S12_03,recording_20211004_S20_S12_03,medium,20.661167950912848,2,ok,127.7362752697367,107.82688250260043,78.93034692809066,87.16363220672378,24.198109766158094,0.014791734450009818,0.08971031184986321,0.014791734450009818,1.0,1.0,0.0,0.3323978602887839,6.279651964933605,0.10743261362430452,0.1329502197807148,0.07706881462959442,0.31113119886553625,6.261867162756969,0.07751542599999084,True,
egobody,egobody_recording_20211004_S20_S12_03_medium_kinect_13_kinect_12_b01396,r3,recording_20211004_S20_S12_03,recording_20211004_S20_S12_03,medium,20.661167950912848,2,ok,224.99751505308654,171.69796092678192,78.93035162193293,87.16363926398114,26.039935937330853,0.01157911403337237,0.10233051032174134,0.01157911403337237,1.0,1.0,0.0,0.25823828858788606,0.829158462766186,0.2164734736168624,0.35103193976583047,0.2581733578927512,0.25091284711855666,0.6819156148985771,0.26199152499975753,True,
egobody,egobody_recording_20211004_S20_S12_03_small_kinect_12_kinect_11_b01396,r0,recording_20211004_S20_S12_03,recording_20211004_S20_S12_03,small,3.2418854744037855,2,ok,685.7177909069422,602.2892835531645,81.72692743300105,86.17954139930548,48.07170042949464,0.45934187990507885,0.8756931623451026,0.45934187990507885,1.0,1.0,0.0,1.807485440020296,3.600960782023123,0.6707975256890328,1.2388420051150362,1.3702461062361326,1.80800737843638,3.600957500633299,0.0,True,
egobody,egobody_recording_20211004_S20_S12_03_small_kinect_12_kinect_11_b01396,r1,recording_20211004_S20_S12_03,recording_20211004_S20_S12_03,small,3.2418854744037855,2,ok,325.99502891824903,314.79802787627517,81.7269285676745,86.17954165607574,36.057934753169796,0.012417969728886516,0.2250414896887247,0.012417969728886516,1.0,1.0,0.0,0.49687749155137995,3.600960782023123,0.32312470396702986,0.5434963616710301,0.4364915990664153,0.4871886183520647,3.600957500633299,0.0023349499997493695,True,
egobody,egobody_recording_20211004_S20_S12_03_small_kinect_12_kinect_11_b01396,r2,recording_20211004_S20_S12_03,recording_20211004_S20_S12_03,small,3.2418854744037855,2,ok,465.2796835469223,499.05815297700735,81.72692566598651,86.17953943742934,38.75762962122717,0.006712417345067189,0.34073437095721826,0.006712417345067189,1.0,1.0,0.0,0.8231915154870167,14.48648061576628,0.46821991814738,0.8336867900317303,0.6138814664900831,0.8540552540544766,14.4864798671766,0.07356898899979569,True,
egobody,egobody_recording_20211004_S20_S12_03_small_kinect_12_kinect_11_b01396,r3,recording_20211004_S20_S12_03,recording_20211004_S20_S12_03,small,3.2418854744037855,2,ok,483.6148607884099,474.13395014498104,81.72692793981098,86.17954146975381,39.809342038986266,0.008052083214661233,0.13623133178112345,0.008052083214661233,1.0,1.0,0.0,0.2653727848773319,0.9407063310833222,0.47668164877511354,0.8506102512871976,0.6945446399400325,0.25336430239131535,0.940693766965395,0.23559078400012368,True,
egobody,egobody_recording_20211004_S20_S12_04_extreme_kinect_13_kinect_11_b03056,r0,recording_20211004_S20_S12_04,recording_20211004_S20_S12_04,extreme,22.455810455946107,2,ok,1044.5464377926064,768.056768936153,68.16188365988968,77.28714599998604,57.95434057786322,0.8860064112157473,1.6132505789115994,0.8860064112157473,1.0,1.0,0.0,3.2775184945872597,21.880272074526676,1.0245920075879544,1.9479611096145706,2.0130745354887116,3.278355427495639,21.87540245217148,0.0,True,
egobody,egobody_recording_20211004_S20_S12_04_extreme_kinect_13_kinect_11_b03056,r1,recording_20211004_S20_S12_04,recording_20211004_S20_S12_04,extreme,22.455810455946107,2,ok,284.4699505244016,210.6246604894472,68.16188520911659,77.28714663936455,37.64813683483896,0.01278402809025565,0.6612644364569114,0.01278402809025565,1.0,1.0,0.0,1.6195289099363759,21.880272074526676,0.26806349846357824,0.4349040913658179,0.360027978712887,1.694672672644843,21.87540245217148,0.0022327369997583446,True,
egobody,egobody_recording_20211004_S20_S12_04_extreme_kinect_13_kinect_11_b03056,r2,recording_20211004_S20_S12_04,recording_20211004_S20_S12_04,extreme,22.455810455946107,2,ok,189.73128315687228,167.4768745701518,68.1618852865641,77.28714662715898,34.88401695014026,0.009256310216980588,0.29384833107743,0.009256310216980588,1.0,1.0,0.0,0.6125883569417486,7.7203106268539905,0.17070823850068056,0.24019357144002257,0.12485809507476342,0.6943940845393698,7.70597862300516,0.07772640500024863,True,
egobody,egobody_recording_20211004_S20_S12_04_extreme_kinect_13_kinect_11_b03056,r3,recording_20211004_S20_S12_04,recording_20211004_S20_S12_04,extreme,22.455810455946107,2,ok,441.1315363512675,374.93707706803167,68.16188571801231,77.28714676743473,40.78924827456565,0.0071309786152539915,0.10310301446101905,0.0071309786152539915,1.0,1.0,0.0,0.35862133734793716,2.854372578240604,0.42833166471999057,0.7554404238786426,0.5850474521154103,0.4800892574442529,2.8151590512397626,0.38025873599963234,True,
egobody,egobody_recording_20211004_S20_S12_04_medium_kinect_12_kinect_13_b03056,r0,recording_20211004_S20_S12_04,recording_20211004_S20_S12_04,medium,20.661167950912848,2,ok,464.99857307475145,337.17946856214587,68.42093573381682,75.6155484188968,30.699892407966292,0.5840806916560872,0.764491677866138,0.5840806916560872,0.5016722408026756,0.9933333333333333,2.0,1.5029572299806686,20.755924919376337,0.4466153283878928,0.7243078425360445,0.7095271222074697,1.5010452763270739,20.755915104004984,0.0,True,
egobody,egobody_recording_20211004_S20_S12_04_medium_kinect_12_kinect_13_b03056,r1,recording_20211004_S20_S12_04,recording_20211004_S20_S12_04,medium,20.661167950912848,2,ok,281.03465198273085,210.766861644041,68.42093577486814,75.61554850994163,27.226785656356544,0.034267336376807386,0.50752305005896,0.034267336376807386,0.745819397993311,0.9933333333333333,1.0,1.0519925471839766,20.755924919376337,0.2613620746062561,0.3562713783565263,0.4333667514089853,1.0419657092385528,20.755915104004984,0.002240566000182298,True,
egobody,egobody_recording_20211004_S20_S12_04_medium_kinect_12_kinect_13_b03056,r2,recording_20211004_S20_S12_04,recording_20211004_S20_S12_04,medium,20.661167950912848,2,ok,228.53046692799285,114.73175521933544,68.42093879102376,75.61554954154074,22.672628944624456,0.013566219482855706,0.10004631967576055,0.013566219482855706,0.745819397993311,0.9933333333333333,1.0,0.0780620658299769,3.146414210386208,0.19508161816545255,0.22459420489412987,0.011572132234839874,0.2371019797130816,3.146348211755791,0.07252438999967126,True,
egobody,egobody_recording_20211004_S20_S12_04_medium_kinect_12_kinect_13_b03056,r3,recording_20211004_S20_S12_04,recording_20211004_S20_S12_04,medium,20.661167950912848,2,ok,310.0039461154245,179.2333996767666,68.42093609234033,75.61554990850846,26.938248463131412,0.010655046467147898,0.08466930172246398,0.010655046467147898,0.5016722408026756,0.9933333333333333,2.0,0.3962408205145041,1.443914799591315,0.28878014785841427,0.4107419505508138,0.3876090435686653,0.36127923523797906,1.443770930694698,0.29730735599969194,True,
egobody,egobody_recording_20211004_S20_S12_04_small_kinect_12_kinect_11_b03056,r0,recording_20211004_S20_S12_04,recording_20211004_S20_S12_04,small,3.2418854744037855,2,ok,951.479670030032,658.2079454400024,71.35109272263573,79.79818511069035,50.444693139351294,0.42517360440925434,0.8709276013683547,0.42517360440925434,0.5016722408026756,0.9933333333333333,2.0,1.8122320719838343,3.582406232957745,0.928708983896338,1.6820672381461559,1.650270151687044,1.8166066758816743,3.5823482799765696,0.0,True,
egobody,egobody_recording_20211004_S20_S12_04_small_kinect_12_kinect_11_b03056,r1,recording_20211004_S20_S12_04,recording_20211004_S20_S12_04,small,3.2418854744037855,2,ok,201.53651689639264,167.49759919057314,71.35109130355217,79.79818507584987,33.06197425743471,0.012472520213170055,0.1426624080762986,0.012472520213170055,0.745819397993311,0.9933333333333333,1.0,0.21765578795812313,3.582406232957745,0.16934996950284648,0.1734739962177524,0.16348955367017964,0.29347063518069744,3.5823482799765696,0.002431019000141532,True,
egobody,egobody_recording_20211004_S20_S12_04_small_kinect_12_kinect_11_b03056,r2,recording_20211004_S20_S12_04,recording_20211004_S20_S12_04,small,3.2418854744037855,2,ok,190.53042776631418,160.09545487730995,71.351094406927,79.79818638526582,32.87624017947779,0.013044892499110868,0.17554531872595266,0.013044892499110868,0.745819397993311,0.9933333333333333,1.0,0.3301652681739119,5.064654030800312,0.15324029514387985,0.14146944315793875,0.1475165877736895,0.42874077726145476,5.064613067307283,0.08455165699979261,True,
egobody,egobody_recording_20211004_S20_S12_04_small_kinect_12_kinect_11_b03056,r3,recording_20211004_S20_S12_04,recording_20211004_S20_S12_04,small,3.2418854744037855,2,ok,350.7843636115911,312.0254118916826,71.351091818384,79.798182935283,37.642370755683785,0.009832684355112293,0.059624250925507785,0.009832684355112293,0.5016722408026756,0.9933333333333333,2.0,0.3616949145393891,2.6170185338199414,0.3349545621197958,0.5024751202167582,0.5194368631867837,0.5250526430234816,2.616939173617917,0.39075062899974,True,
egobody,egobody_recording_20220225_S24_S25_01_extreme_kinect_14_kinect_15_b02966,r0,recording_20220225_S24_S25_01,recording_20220225_S24_S25_01,extreme,120.07581528789707,2,ok,892.8365205111285,951.4375391734063,63.173376792255674,74.25027150986217,34.484275460039456,2.473520175823673,3.301661446598147,2.473520175823673,0.5,1.0,2.0,6.704253027017387,120.24148728569361,0.8701554337306279,1.6658304220619171,1.7280272775348426,6.704270445135293,120.24150416108029,0.0,True,
egobody,egobody_recording_20220225_S24_S25_01_extreme_kinect_14_kinect_15_b02966,r1,recording_20220225_S24_S25_01,recording_20220225_S24_S25_01,extreme,120.07581528789707,2,ok,851.8540384889415,895.412593035521,63.173381796703254,74.25027834225209,34.4645016009612,0.18206632004999504,2.7864238618123705,0.18206632004999504,0.75,1.0,1.0,7.7032109223893865,120.24148728569361,0.8492381726345619,1.6239958998697852,1.7113993354365782,7.7036122501626325,120.24150416108029,0.0022844129998702556,True,
egobody,egobody_recording_20220225_S24_S25_01_extreme_kinect_14_kinect_15_b02966,r2,recording_20220225_S24_S25_01,recording_20220225_S24_S25_01,extreme,120.07581528789707,2,ok,222.50134332355626,181.49756139460777,63.17337445791088,74.2502702641092,16.496415806767274,0.031501492454125805,0.20579499706726412,0.031501492454125805,0.75,1.0,1.0,0.4293227423221795,7.0006949685836855,0.19757733055989674,0.3206742157204546,0.23575627240040764,0.4909374921533104,7.0006512489101915,0.08613717899970652,True,
egobody,egobody_recording_20220225_S24_S25_01_extreme_kinect_14_kinect_15_b02966,r3,recording_20220225_S24_S25_01,recording_20220225_S24_S25_01,extreme,120.07581528789707,2,ok,2521.022343614256,1012.2080084435339,63.17338229184226,74.25027696941417,74.5688783041245,0.025584083996815932,0.5161529499111972,0.025584083996815932,0.5,1.0,2.0,3.616626972710507,67.6778844688091,2.5071455678966883,4.9398106903940375,4.92305145838198,3.6873695942000575,67.67788750675503,0.41424080100023275,True,
egobody,egobody_recording_20220225_S24_S25_01_medium_kinect_15_kinect_12_b02966,r0,recording_20220225_S24_S25_01,recording_20220225_S24_S25_01,medium,59.4765867158535,2,ok,646.4357541162367,566.3636119786239,58.286247039437285,65.75002946312961,27.76270135486738,1.9230136496873895,2.1870826396221137,1.9230136496873895,1.0,1.0,0.0,4.582481735303427,60.68066272831406,0.6359307751568251,1.138737992556684,1.1974077191261419,4.583359947004947,60.68077025813898,0.0,True,
egobody,egobody_recording_20220225_S24_S25_01_medium_kinect_15_kinect_12_b02966,r1,recording_20220225_S24_S25_01,recording_20220225_S24_S25_01,medium,59.4765867158535,2,ok,600.8451308838426,523.5330682750351,58.28624409114673,65.7500282740965,25.95970898554719,0.30120794657754874,1.9364866532290619,0.30120794657754874,1.0,1.0,0.0,4.061142909120802,60.68066272831406,0.5950511968064421,1.0569788358559182,1.0539445231163787,4.092342535293225,60.68077025813898,0.0026989739999407902,True,
egobody,egobody_recording_20220225_S24_S25_01_medium_kinect_15_kinect_12_b02966,r2,recording_20220225_S24_S25_01,recording_20220225_S24_S25_01,medium,59.4765867158535,2,ok,161.13576152004626,109.71301663285543,58.286249643873546,65.75002973144679,15.271065533739847,0.03884332002234483,0.08614306798289616,0.03884332002234483,1.0,1.0,0.0,0.42308003655331494,3.451006605141928,0.13818337656218285,0.14324319536739968,0.089711244283506,0.48644908886554394,3.4532735932123813,0.07987757299997611,True,
egobody,egobody_recording_20220225_S24_S25_01_medium_kinect_15_kinect_12_b02966,r3,recording_20220225_S24_S25_01,recording_20220225_S24_S25_01,medium,59.4765867158535,2,ok,397.1657211857124,356.07183547938564,58.28624821836957,65.75002689197866,22.611250163724666,0.056839045140497264,0.7573888354808567,0.056839045140497264,1.0,1.0,0.0,1.8187860196854937,22.97453968858008,0.3726509217711795,0.612178285785393,0.72520576277358,1.6456530007788097,22.97487414030477,0.5401676359997509,True,
egobody,egobody_recording_20220225_S24_S25_01_small_kinect_13_kinect_14_b02966,r0,recording_20220225_S24_S25_01,recording_20220225_S24_S25_01,small,20.71390052913915,2,ok,458.420264263516,397.3043460065016,70.04963196006706,81.75591790710895,27.977943369465095,0.6173502065182191,0.7820172795213897,0.6173502065182191,1.0,1.0,0.0,1.5952365568054376,20.57444574156492,0.43535758866542823,0.8124525920303518,0.8942749395701388,1.5918105389138955,20.57497458987033,0.0,True,
egobody,egobody_recording_20220225_S24_S25_01_small_kinect_13_kinect_14_b02966,r1,recording_20220225_S24_S25_01,recording_20220225_S24_S25_01,small,20.71390052913915,2,ok,220.30380608229584,176.26901399039556,70.0496297720678,81.75591302136239,20.741399432739716,0.029076199200495558,0.359768069869803,0.029076199200495558,1.0,1.0,0.0,1.1239180478187447,20.57444574156492,0.19735840459802656,0.3364542238955485,0.3129478831285738,1.1915563389493886,20.57497458987033,0.0022622229998887633,True,
egobody,egobody_recording_20220225_S24_S25_01_small_kinect_13_kinect_14_b02966,r2,recording_20220225_S24_S25_01,recording_20220225_S24_S25_01,small,20.71390052913915,2,ok,108.56467694026566,80.33430661956372,70.04963052268967,81.75591372245803,17.52864334560312,0.01826887707989559,0.10230457845177232,0.01826887707989559,1.0,1.0,0.0,0.234854279907026,4.043691840139656,0.07677930870331047,0.09529603210611638,0.03148846140328916,0.32052215235210163,4.046452520460259,0.07406989999981306,True,
egobody,egobody_recording_20220225_S24_S25_01_small_kinect_13_kinect_14_b02966,r3,recording_20220225_S24_S25_01,recording_20220225_S24_S25_01,small,20.71390052913915,2,ok,261.45420761503505,227.6832737185581,70.04963227243401,81.75591983869104,23.155936457498132,0.019138120134296464,0.13375375110236404,0.019138120134296464,1.0,1.0,0.0,0.4936608652771121,3.0153049824706133,0.239968131166626,0.42167367703274744,0.4944776872112151,0.4167784116738941,3.0190073953392154,0.42559079300008307,True,
egobody,egobody_recording_20220225_S24_S25_02_extreme_kinect_14_kinect_15_b03501,r0,recording_20220225_S24_S25_02,recording_20220225_S24_S25_02,extreme,120.16422565023468,2,ok,1163.490132141699,1230.6684146573452,56.831451690538394,67.02765430050292,73.52422279120796,2.433318967497727,3.3007802646459368,2.433318967497727,0.5415162454873647,0.8466666666666667,2.0,6.687276568105028,119.44582319734634,1.1638022926083231,2.6780811887992257,2.3358923549810537,6.69276882357264,119.44584206553739,0.0,True,
egobody,egobody_recording_20220225_S24_S25_02_extreme_kinect_14_kinect_15_b03501,r1,recording_20220225_S24_S25_02,recording_20220225_S24_S25_02,extreme,120.16422565023468,2,ok,1054.4993502364603,1154.338772964529,56.83145077686789,67.02765216690386,68.9158504860802,0.24357522484528352,2.732189296459441,0.24357522484528352,0.8122743682310469,0.8466666666666667,1.0,6.915125913239207,119.44582319734634,1.06133233236832,2.4278180166746015,2.1161046863554756,6.994942615269253,119.44584206553739,0.0022056060006434564,True,
egobody,egobody_recording_20220225_S24_S25_02_extreme_kinect_14_kinect_15_b03501,r2,recording_20220225_S24_S25_02,recording_20220225_S24_S25_02,extreme,120.16422565023468,2,ok,254.36954185089937,212.45244557636647,56.83145657044765,67.02765696424127,37.066834805502864,0.046591608493590245,0.1752260363058675,0.046591608493590245,0.8122743682310469,0.8466666666666667,1.0,0.5841083561498933,1.728515094963834,0.23824876111647658,0.4175946791941381,0.11133712617168887,0.7009789953937401,1.728352707559134,0.07210848300019279,True,
egobody,egobody_recording_20220225_S24_S25_02_extreme_kinect_14_kinect_15_b03501,r3,recording_20220225_S24_S25_02,recording_20220225_S24_S25_02,extreme,120.16422565023468,2,ok,1655.5378084771992,1014.3800010279581,56.83144826861988,67.02765033839803,108.79539288139156,0.038425578823779,0.49796296008780794,0.038425578823779,0.5415162454873647,0.8466666666666667,2.0,4.267739532350015,80.786080347792,1.6452315748819317,3.853879628198231,4.607951753845958,4.696734193856031,80.78608671794244,0.8761820519994217,True,
egobody,egobody_recording_20220225_S24_S25_02_medium_kinect_12_kinect_15_b03501,r0,recording_20220225_S24_S25_02,recording_20220225_S24_S25_02,medium,59.47387894673275,2,ok,963.5627723413035,917.1777396554239,59.78093294602676,68.20308933875596,55.690831928567405,1.4420256345397515,2.1575329724953374,1.4420256345397515,0.5415162454873647,0.8466666666666667,2.0,4.304042569616165,58.367896300246585,0.9534267628885122,2.189223124849846,1.731526285517449,4.30933988077393,58.3678976366073,0.0,True,
egobody,egobody_recording_20220225_S24_S25_02_medium_kinect_12_kinect_15_b03501,r1,recording_20220225_S24_S25_02,recording_20220225_S24_S25_02,medium,59.47387894673275,2,ok,738.6084688757013,739.026659702692,59.78093238711858,68.20308770243146,49.821346784384566,0.2150953855918067,1.7295208289024884,0.2150953855918067,0.8122743682310469,0.8466666666666667,1.0,3.9771113941112293,58.367896300246585,0.7328030392243446,1.6503921074392829,1.3451586444372312,4.099885968807465,58.3678976366073,0.002242275999378762,True,
egobody,egobody_recording_20220225_S24_S25_02_medium_kinect_12_kinect_15_b03501,r2,recording_20220225_S24_S25_02,recording_20220225_S24_S25_02,medium,59.47387894673275,2,ok,231.8727570432447,200.92547536569984,59.780931534131945,68.20308923092568,32.80074374490452,0.0511666610456085,0.19467315594031542,0.0511666610456085,0.8122743682310469,0.8466666666666667,1.0,0.1129038128199475,1.742079151620106,0.21091662772967174,0.3757849101349855,0.11106340735300821,0.5214183862479332,1.74211475721757,0.07334876000004442,True,
egobody,egobody_recording_20220225_S24_S25_02_medium_kinect_12_kinect_15_b03501,r3,recording_20220225_S24_S25_02,recording_20220225_S24_S25_02,medium,59.47387894673275,2,ok,401.07815098773085,458.78933037798976,59.78093264150671,68.20308830554801,47.60492813929652,0.07566266944756234,0.8451670061153248,0.07566266944756234,0.5415162454873647,0.8466666666666667,2.0,1.7526592536235381,40.34202986816561,0.38749084793408245,0.8070334864034501,1.2248400338308363,2.0247436327288466,40.34203158482931,0.6736035339999944,True,
egobody,egobody_recording_20220225_S24_S25_02_small_kinect_13_kinect_14_b03501,r0,recording_20220225_S24_S25_02,recording_20220225_S24_S25_02,small,20.806914694474326,2,ok,406.32905295155626,340.4988109882379,60.68560134557726,71.62015027174868,41.33602760469457,0.5994744389113271,0.7725327330007229,0.5994744389113271,1.0,1.0,0.0,1.6678865692231353,21.269872998751747,0.3960375975869594,0.6815195587291876,0.7452023257798724,1.6673983298306716,21.270379738951764,0.0,True,
egobody,egobody_recording_20220225_S24_S25_02_small_kinect_13_kinect_14_b03501,r1,recording_20220225_S24_S25_02,recording_20220225_S24_S25_02,small,20.806914694474326,2,ok,310.7998391720688,263.1666891290706,60.685600925719434,71.62015200066058,38.15280169950614,0.0759701758428539,0.4731097878333361,0.0759701758428539,1.0,1.0,0.0,1.1190250161387523,21.269872998751747,0.2992183145607804,0.4878809926768296,0.49717178427808023,1.1761746628040826,21.270379738951764,0.0025736560000950703,True,
egobody,egobody_recording_20220225_S24_S25_02_small_kinect_13_kinect_14_b03501,r2,recording_20220225_S24_S25_02,recording_20220225_S24_S25_02,small,20.806914694474326,2,ok,147.35692272266908,99.3460091843097,60.68560013139472,71.62015053294229,33.03728958622389,0.03206395506378234,0.03695737249149358,0.03206395506378234,1.0,1.0,0.0,0.13204625474162487,1.9213803965580953,0.11634783196799087,0.12214002749125051,0.06371536197415219,0.23560042477107274,1.9271497755502072,0.08256757100025425,True,
egobody,egobody_recording_20220225_S24_S25_02_small_kinect_13_kinect_14_b03501,r3,recording_20220225_S24_S25_02,recording_20220225_S24_S25_02,small,20.806914694474326,2,ok,230.79836036609618,204.77723487512048,60.6856017217,71.62014838248403,36.667426002674375,0.041365295371663266,0.20179106373302752,0.041365295371663266,1.0,1.0,0.0,0.5783401018787646,7.256934820983064,0.21134178547128263,0.312127934497834,0.38316271884763853,0.5021690554583667,7.258458166776216,0.8602461989994481,True,
egobody,egobody_recording_20220225_S25_S24_01_extreme_kinect_15_kinect_14_b03341,r0,recording_20220225_S25_S24_01,recording_20220225_S25_S24_01,extreme,120.2698186712955,2,ok,1348.719168785765,1114.2302149176553,54.253428106519785,64.81801602314505,60.43825554203522,3.1867955016193745,3.3295632846590273,3.1867955016193745,0.5,1.0,2.0,6.802647505760825,121.29429192368663,1.3612027732448724,2.6455470980225972,2.347001564728433,6.802416031621891,121.29431698158798,0.0,True,
egobody,egobody_recording_20220225_S25_S24_01_extreme_kinect_15_kinect_14_b03341,r1,recording_20220225_S25_S24_01,recording_20220225_S25_S24_01,extreme,120.2698186712955,2,ok,1220.8114711874807,1094.4322212152545,54.253429542711004,64.81801455092157,58.18899135824255,0.1799433664667227,2.7832705909389266,0.1799433664667227,0.75,1.0,1.0,5.62960356983414,121.29429192368663,1.2327408355349887,2.38862322260283,2.2038651266190827,5.634524022458265,121.29431698158798,0.0026215019997835043,True,
egobody,egobody_recording_20220225_S25_S24_01_extreme_kinect_15_kinect_14_b03341,r2,recording_20220225_S25_S24_01,recording_20220225_S25_S24_01,extreme,120.2698186712955,2,ok,124.25638880358048,98.93541450752181,54.25343073518309,64.81801597800968,32.67557084590588,0.031024579550609943,0.09896901308673885,0.031024579550609943,0.75,1.0,1.0,0.3315587149133959,3.1017471559804033,0.09606280780898682,0.11526716715082592,0.08352110639996507,0.43551039787800694,3.104263253139199,0.08020117300020502,True,
egobody,egobody_recording_20220225_S25_S24_01_extreme_kinect_15_kinect_14_b03341,r3,recording_20220225_S25_S24_01,recording_20220225_S25_S24_01,extreme,120.2698186712955,2,ok,1787.300203893131,1312.1264746807115,54.25343234503152,64.81801917743091,75.40700373627874,0.11110097479818397,2.431020460372681,0.11110097479818397,0.5,1.0,2.0,8.675680943222007,179.30465330092508,1.7973780240208832,3.5178975995746185,3.5277684301158128,8.674162000850377,179.29692849941992,0.842109177000566,True,
egobody,egobody_recording_20220225_S25_S24_01_medium_kinect_15_kinect_12_b03341,r0,recording_20220225_S25_S24_01,recording_20220225_S25_S24_01,medium,59.493406479491085,2,ok,886.1903571759475,720.7419880897522,63.626366835833835,74.67269426588861,49.401288798372335,1.9055914386928205,2.1901293015971044,1.9055914386928205,0.5,1.0,2.0,4.539351531373096,60.49128419718072,0.8873317046219875,1.6978049607768275,1.4969005182578026,4.538802264561406,60.49139165799919,0.0,True,
egobody,egobody_recording_20220225_S25_S24_01_medium_kinect_15_kinect_12_b03341,r1,recording_20220225_S25_S24_01,recording_20220225_S25_S24_01,medium,59.493406479491085,2,ok,710.031987638478,627.2599880080228,63.62636583258056,74.67269423578759,45.520948630065256,0.1856692893569225,1.8072071188006331,0.1856692893569225,0.75,1.0,1.0,3.6555749354721754,60.49128419718072,0.7101744878753121,1.3434905272834767,1.1966227821717887,3.656052176413842,60.49139165799919,0.002120004000062181,True,
egobody,egobody_recording_20220225_S25_S24_01_medium_kinect_15_kinect_12_b03341,r2,recording_20220225_S25_S24_01,recording_20220225_S25_S24_01,medium,59.493406479491085,2,ok,128.22917897381103,101.12963492190403,63.62637072282914,74.67269789602896,31.994478339814645,0.03514453627057801,0.07897237108661435,0.03514453627057801,0.75,1.0,1.0,0.18706661752773993,1.878713001253331,0.10611404749659137,0.135369646526035,0.03421589915165559,0.14851369469739392,1.8828699053051623,0.08347894800044742,True,
egobody,egobody_recording_20220225_S25_S24_01_medium_kinect_15_kinect_12_b03341,r3,recording_20220225_S25_S24_01,recording_20220225_S25_S24_01,medium,59.493406479491085,2,ok,640.3531978030314,588.1850043255578,63.62636659362663,74.67269404205445,45.876412068591236,0.058132716033633486,0.9199615664616712,0.058132716033633486,0.5,1.0,2.0,2.5868447869929345,43.13176809755187,0.6068983596933589,1.1369382709195701,1.1589346262131386,2.5557208636694626,43.1319330345154,0.6376477089997934,True,
egobody,egobody_recording_20220225_S25_S24_01_small_kinect_13_kinect_14_b03341,r0,recording_20220225_S25_S24_01,recording_20220225_S25_S24_01,small,20.87329839801906,2,ok,389.9734822455217,345.51207691523007,52.33436946006061,63.88105016926185,43.49960033681366,0.6213177951585985,0.7820157598209664,0.6213177951585985,1.0,1.0,0.0,1.6003343402693972,20.696518424297743,0.37939410394089784,0.688774102962037,0.7695846052094226,1.5967834935071996,20.697033344564357,0.0,True,
egobody,egobody_recording_20220225_S25_S24_01_small_kinect_13_kinect_14_b03341,r1,recording_20220225_S25_S24_01,recording_20220225_S25_S24_01,small,20.87329839801906,2,ok,264.0340380759273,213.72974297151086,52.334368007123324,63.88104955399774,39.11775036256866,0.05232782483888433,0.4340896161056486,0.05232782483888433,1.0,1.0,0.0,1.1243487219223456,20.696518424297743,0.26254282865159273,0.4550715523834268,0.4406100304941976,1.1536933730606538,20.697033344564357,0.0023763290000715642,True,
egobody,egobody_recording_20220225_S25_S24_01_small_kinect_13_kinect_14_b03341,r2,recording_20220225_S25_S24_01,recording_20220225_S25_S24_01,small,20.87329839801906,2,ok,112.17384506781421,89.53222413278758,52.33437052422825,63.88105079285442,34.54473623412686,0.024006408045749453,0.025176210854421798,0.024006408045749453,1.0,1.0,0.0,0.1783433797814611,3.0169962224234106,0.09449786663370328,0.11898162834764783,0.04860341439147295,0.1940616751708498,3.0206252190594713,0.07375959299952228,True,
egobody,egobody_recording_20220225_S25_S24_01_small_kinect_13_kinect_14_b03341,r3,recording_20220225_S25_S24_01,recording_20220225_S25_S24_01,small,20.87329839801906,2,ok,172.78341948116122,149.06500512610864,52.3343707102471,63.88105125746615,37.56129242319241,0.035057965808764455,0.2495527007816407,0.035057965808764455,1.0,1.0,0.0,0.539915100191609,5.88659901688052,0.16333743582247814,0.2566607667251976,0.3076210139787887,0.5140958545956712,5.88845405149261,0.7442239769998196,True,
egobody,egobody_recording_20220225_S27_S26_01_extreme_kinect_15_kinect_14_b02876,r0,recording_20220225_S27_S26_01,recording_20220225_S27_S26_01,extreme,120.11809022820123,2,ok,1158.8758812538981,1014.6217157393894,95.09824997441224,118.66914857335102,64.37471212951367,2.5255726810333483,3.3096767711045803,2.5255726810333483,0.5025125628140703,0.99,2.0,6.752830867971969,120.70885519397129,1.1105738837107313,2.1297920080616666,2.0989184763424396,6.753888782518711,120.70888016456625,0.0,True,
egobody,egobody_recording_20220225_S27_S26_01_extreme_kinect_15_kinect_14_b02876,r1,recording_20220225_S27_S26_01,recording_20220225_S27_S26_01,extreme,120.11809022820123,2,ok,1096.4543780781255,1003.9938069375181,95.09824947882407,118.66914869699698,63.22783967085604,0.24378304274109902,3.0163989407289726,0.24378304274109902,0.7537688442211056,0.99,1.0,6.354319973132546,120.70885519397129,1.0499854240438802,2.0073785895510894,1.971939275223247,6.339564485729002,120.70888016456625,0.002315144999556651,True,
egobody,egobody_recording_20220225_S27_S26_01_extreme_kinect_15_kinect_14_b02876,r2,recording_20220225_S27_S26_01,recording_20220225_S27_S26_01,extreme,120.11809022820123,2,ok,212.97405176110124,161.97756906226746,95.0982482911031,118.66914738171718,41.1139543439932,0.02395322364828012,0.13075672168529928,0.02395322364828012,0.7537688442211056,0.99,1.0,0.5450471917718791,4.178131623890302,0.1641114345100338,0.2175515494725016,0.21367659481427118,0.6746542913342448,4.18000577681263,0.07236649100013892,True,
egobody,egobody_recording_20220225_S27_S26_01_extreme_kinect_15_kinect_14_b02876,r3,recording_20220225_S27_S26_01,recording_20220225_S27_S26_01,extreme,120.11809022820123,2,ok,2216.1095690840607,990.2057255818046,95.09824830448727,118.66914835764833,93.7966763432031,0.019157042794010416,0.6704628645389378,0.019157042794010416,0.5025125628140703,0.99,2.0,5.127441772792056,53.94392553921093,2.1899078450492233,4.310487154439434,4.316376468915883,4.90858655616744,53.944054483895464,0.6726023050005097,True,
egobody,egobody_recording_20220225_S27_S26_01_medium_kinect_15_kinect_12_b02876,r0,recording_20220225_S27_S26_01,recording_20220225_S27_S26_01,medium,59.452379394418536,2,ok,810.9936820177995,670.8746542403986,95.53912346264838,120.6624005053447,51.228500806874926,1.3299614885198132,2.1829232947058883,1.3299614885198132,1.0,1.0,0.0,4.511435588093787,60.00877724589039,0.7627259696252886,1.4137118174037622,1.4182271041582843,4.511137612730775,60.00888576972925,0.0,True,
egobody,egobody_recording_20220225_S27_S26_01_medium_kinect_15_kinect_12_b02876,r1,recording_20220225_S27_S26_01,recording_20220225_S27_S26_01,medium,59.452379394418536,2,ok,656.9323698053425,586.0310060228155,95.53912325397756,120.66239899149747,47.53320516931122,0.09529572949374937,1.7818034462039913,0.09529572949374937,1.0,1.0,0.0,3.594030449200272,60.00877724589039,0.6134676923221584,1.1151952627975015,1.0497240176534537,3.581648010068749,60.00888576972925,0.0020925329999954556,True,
egobody,egobody_recording_20220225_S27_S26_01_medium_kinect_15_kinect_12_b02876,r2,recording_20220225_S27_S26_01,recording_20220225_S27_S26_01,medium,59.452379394418536,2,ok,194.98291310385022,123.10655970029346,95.539123617949,120.66240124071199,35.55637022352441,0.018538176820260568,0.031530603488026276,0.018538176820260568,1.0,1.0,0.0,0.43028090604975106,3.1528110434850114,0.15137953712248664,0.191018952398158,0.04674558308675207,0.5005952461773122,3.1552924525187134,0.07279141700018954,True,
egobody,egobody_recording_20220225_S27_S26_01_medium_kinect_15_kinect_12_b02876,r3,recording_20220225_S27_S26_01,recording_20220225_S27_S26_01,medium,59.452379394418536,2,ok,404.58971804660524,358.1009217523765,95.53912348669134,120.66240098550843,42.64862605187419,0.031982175379744016,0.9437709601182181,0.031982175379744016,1.0,1.0,0.0,2.052660520413567,26.623268222240238,0.36485283540314395,0.6179655489594726,0.6954242436695117,1.9850799368339063,26.623554513526976,0.3919952199994441,True,
egobody,egobody_recording_20220225_S27_S26_01_small_kinect_14_kinect_13_b02876,r0,recording_20220225_S27_S26_01,recording_20220225_S27_S26_01,small,20.74358390434935,2,ok,448.2421607377716,357.9389169779587,79.52749568602451,99.53394220384308,46.293519467680525,0.7697955850511632,0.7907073370241394,0.7697955850511632,1.0,1.0,0.0,1.5665177566412383,20.665023440639576,0.41901108164041667,0.7107710781408804,0.5654721529432397,1.5672551408371205,20.665006546848062,0.0,True,
egobody,egobody_recording_20220225_S27_S26_01_small_kinect_14_kinect_13_b02876,r1,recording_20220225_S27_S26_01,recording_20220225_S27_S26_01,small,20.74358390434935,2,ok,286.61703445326435,243.5422442499569,79.52749639373869,99.53394245245242,43.360726205948694,0.06353092650773932,0.5629578938335882,0.06353092650773932,1.0,1.0,0.0,1.4750006165981235,20.665023440639576,0.25493285849648584,0.38261463185301864,0.3445005928863817,1.4928715698201198,20.665006546848062,0.0024849390001691063,True,
egobody,egobody_recording_20220225_S27_S26_01_small_kinect_14_kinect_13_b02876,r2,recording_20220225_S27_S26_01,recording_20220225_S27_S26_01,small,20.74358390434935,2,ok,194.31018968364606,141.31538237551268,79.52749739526502,99.53394563991073,40.20912788992419,0.02226532776778495,0.12789230690271305,0.02226532776778495,1.0,1.0,0.0,0.19332116771060362,3.079021118850053,0.16566049997247564,0.2040699148049983,0.07516639491566057,0.19309197672672887,3.0788950761959013,0.0881537400000525,True,
egobody,egobody_recording_20220225_S27_S26_01_small_kinect_14_kinect_13_b02876,r3,recording_20220225_S27_S26_01,recording_20220225_S27_S26_01,small,20.74358390434935,2,ok,322.20223692244946,230.31396509073727,79.5274960621061,99.53394259121913,44.069212831643654,0.022174030516101673,0.1253685236341366,0.022174030516101673,1.0,1.0,0.0,0.2777774962526757,6.320508590912002,0.30204047776117854,0.4768298703824041,0.4123138608864556,0.2529792112422306,6.320448046489231,0.7196583960003409,True,
egobody,egobody_recording_20220225_S27_S26_02_extreme_kinect_15_kinect_14_b03911,r0,recording_20220225_S27_S26_02,recording_20220225_S27_S26_02,extreme,120.11809022820123,2,ok,1112.468604250136,981.390614331143,69.98647147860449,78.85666547403784,69.73393699333784,2.775271191000556,3.318215504468225,2.775271191000556,0.5008347245409015,0.9966666666666667,2.0,6.730061520618662,120.21767024676066,1.1149664623740272,2.147417285748137,2.2510762571401246,6.7293673787857715,120.21769564325548,0.0,True,
egobody,egobody_recording_20220225_S27_S26_02_extreme_kinect_15_kinect_14_b03911,r1,recording_20220225_S27_S26_02,recording_20220225_S27_S26_02,extreme,120.11809022820123,2,ok,1060.4914752635984,976.9534153309877,69.9864719967539,78.85666611183187,68.26919679990641,0.2629390345642917,3.077242698319133,0.2629390345642917,0.7479131886477463,0.9966666666666667,1.0,6.312936388796273,120.21767024676066,1.0711453500778851,2.0600672019044937,2.203366702346018,6.317517102829313,120.21769564325548,0.002145342000403616,True,
egobody,egobody_recording_20220225_S27_S26_02_extreme_kinect_15_kinect_14_b03911,r2,recording_20220225_S27_S26_02,recording_20220225_S27_S26_02,extreme,120.11809022820123,2,ok,150.41422309457565,130.67139559646768,69.98647512991242,78.85666849160386,44.11774888620361,0.020908587305370065,0.1347026727381445,0.020908587305370065,0.7479131886477463,0.9966666666666667,1.0,0.3187792903491543,3.7257108577731954,0.12134224008432982,0.16679300265067387,0.08528377854240415,0.42574076864209076,3.7277808729912745,0.08103742499952205,True,
egobody,egobody_recording_20220225_S27_S26_02_extreme_kinect_15_kinect_14_b03911,r3,recording_20220225_S27_S26_02,recording_20220225_S27_S26_02,extreme,120.11809022820123,2,ok,2296.6994542137436,994.6573121762822,69.98646974058742,78.85666617021178,100.67260436465355,0.015779930202296105,0.9048322914348108,0.015779930202296105,0.5008347245409015,0.9966666666666667,2.0,4.949315099617499,50.395622175252605,2.3042271137520993,4.518010184161763,4.669497832502245,4.886634912962192,50.395759210607565,0.8930590619993382,True,
egobody,egobody_recording_20220225_S27_S26_02_medium_kinect_12_kinect_15_b03911,r0,recording_20220225_S27_S26_02,recording_20220225_S27_S26_02,medium,59.452379394418536,2,ok,777.2179874613508,660.3267415110475,91.86517773755307,105.13852505090395,77.35417969730126,1.272154744826922,2.1746076891779897,1.272154744826922,0.49174917491749176,0.9966666666666667,5.0,4.361478720638701,59.008014359886786,0.7670001560291655,1.4451312441368713,1.2189461121506933,4.361327611051163,59.00801400897493,0.0,True,
egobody,egobody_recording_20220225_S27_S26_02_medium_kinect_12_kinect_15_b03911,r1,recording_20220225_S27_S26_02,recording_20220225_S27_S26_02,medium,59.452379394418536,2,ok,606.7100819794209,577.2096874223308,91.86517886112853,105.13852489282188,73.62721940729911,0.15066737448080963,1.8610837341346413,0.15066737448080963,0.5016501650165016,0.9966666666666667,4.0,3.985590069124871,59.008014359886786,0.6082991322570688,1.126664089050584,0.9601811493081412,3.9937042306374035,59.00801400897493,0.002312593000169727,True,
egobody,egobody_recording_20220225_S27_S26_02_medium_kinect_12_kinect_15_b03911,r2,recording_20220225_S27_S26_02,recording_20220225_S27_S26_02,medium,59.452379394418536,2,ok,200.25342637189243,162.52993336662814,91.86518304635939,105.1385281662072,62.886059278900134,0.021721517927193144,0.17262535165929652,0.021721517927193144,0.5016501650165016,0.9966666666666667,4.0,1.0741360569915108,11.863977304659986,0.17696585027676767,0.2611026708485026,0.49324079382002084,1.0415106073731082,11.863973094669326,0.08134278499983338,True,
egobody,egobody_recording_20220225_S27_S26_02_medium_kinect_12_kinect_15_b03911,r3,recording_20220225_S27_S26_02,recording_20220225_S27_S26_02,medium,59.452379394418536,2,ok,338.7248309801503,307.002838714891,91.86517942015183,105.13852558378247,67.06381013609234,0.0376429778745842,0.8315045961230237,0.0376429778745842,0.49174917491749176,0.9966666666666667,5.0,1.5099448518299086,22.97855686854926,0.32605905877573954,0.5602897134068422,0.3924001219021354,1.5275205399711291,22.97855482853443,0.5401592949992846,True,
egobody,egobody_recording_20220225_S27_S26_02_small_kinect_14_kinect_13_b03911,r0,recording_20220225_S27_S26_02,recording_20220225_S27_S26_02,small,20.74358390434935,2,ok,403.68242275625215,333.63457264878696,61.43807501170932,67.18791651952051,54.53239974916382,0.7030947192472757,0.7832110722597942,0.7030947192472757,1.0,1.0,0.0,1.585049102345005,20.840444617567464,0.3856635654077134,0.6615092281074143,0.6668417581974563,1.5859795989214958,20.840427223962717,0.0,True,
egobody,egobody_recording_20220225_S27_S26_02_small_kinect_14_kinect_13_b03911,r1,recording_20220225_S27_S26_02,recording_20220225_S27_S26_02,small,20.74358390434935,2,ok,265.47824326245154,238.4852804988836,61.43807851016339,67.1879194714475,52.68091545653017,0.08562703755967234,0.5668799972074682,0.08562703755967234,1.0,1.0,0.0,1.4924992381224664,20.840444617567464,0.2584795003915395,0.4071410980750664,0.5112601065499991,1.506039348956233,20.840427223962717,0.002222719000201323,True,
egobody,egobody_recording_20220225_S27_S26_02_small_kinect_14_kinect_13_b03911,r2,recording_20220225_S27_S26_02,recording_20220225_S27_S26_02,small,20.74358390434935,2,ok,166.54148391203722,130.10563795533457,61.43807427564898,67.18791538262306,47.451894428530366,0.022605249590282737,0.0833849744838597,0.022605249590282737,1.0,1.0,0.0,0.3353695718536227,5.721468843352184,0.14126302075494016,0.17270813880186775,0.06048928318904684,0.3356473116142866,5.721399148979733,0.07607284000005166,True,
egobody,egobody_recording_20220225_S27_S26_02_small_kinect_14_kinect_13_b03911,r3,recording_20220225_S27_S26_02,recording_20220225_S27_S26_02,small,20.74358390434935,2,ok,342.88184424686614,272.26276288175137,61.4380749100259,67.18791531288603,54.19222246158626,0.02118260245106454,0.14152718940434095,0.02118260245106454,1.0,1.0,0.0,0.4561181710909425,2.378365870504923,0.3329728550518688,0.5561278073957251,0.6123889532524169,0.4398504065615142,2.378196970712119,0.6459011509996344,True,
egobody,egobody_recording_20220225_S27_S26_03_extreme_kinect_14_kinect_15_b02455,r0,recording_20220225_S27_S26_03,recording_20220225_S27_S26_03,extreme,120.03136874972999,2,ok,234.4334557861578,237.68972749770143,77.95798969384451,85.4437470861787,19.09072457944339,2.325182784673349,3.2937426011167803,2.325182784673349,0.8571428571428571,0.75,0.0,6.67206461658152,120.12191638476364,0.2381856521594659,0.5955018945124314,0.679067490684847,6.677155410784061,120.12193506302027,0.0,True,
egobody,egobody_recording_20220225_S27_S26_03_extreme_kinect_14_kinect_15_b02455,r1,recording_20220225_S27_S26_03,recording_20220225_S27_S26_03,extreme,120.03136874972999,2,ok,247.431725360959,242.5326969642937,77.9579889284786,85.44374593245878,18.184957366848636,0.2610666472700845,2.899823274738502,0.2610666472700845,0.8571428571428571,0.75,0.0,6.791053391506514,120.12191638476364,0.10388100617041927,0.19258795654529162,0.061736390722333834,6.6591192327758,120.12193506302027,0.0012635900002351264,True,
egobody,egobody_recording_20220225_S27_S26_03_extreme_kinect_14_kinect_15_b02455,r2,recording_20220225_S27_S26_03,recording_20220225_S27_S26_03,extreme,120.03136874972999,2,ok,129.12951287951344,109.1200432748409,77.95799251747647,85.44374848959926,14.915587497944916,0.038189669520648485,0.40273714088562607,0.038189669520648485,0.8571428571428571,0.75,0.0,1.3266967099903308,13.658847547180125,0.07961857684564606,0.11980066857097199,0.023053568121475226,1.9916782020718986,13.658828997072048,0.07400897500065184,True,
egobody,egobody_recording_20220225_S27_S26_03_extreme_kinect_14_kinect_15_b02455,r3,recording_20220225_S27_S26_03,recording_20220225_S27_S26_03,extreme,120.03136874972999,2,ok,1241.1207853713167,474.6911051299027,77.95798788761387,85.4437453666358,47.55323948450082,0.041004009891926894,0.6038929999982507,0.041004009891926894,0.8571428571428571,0.75,0.0,4.721028279567674,91.13347245625219,1.3001413524330943,3.7813689953333163,3.8488275672204373,5.63747496254124,91.13348225111822,0.374072212000101,True,
egobody,egobody_recording_20220225_S27_S26_03_medium_kinect_15_kinect_12_b02455,r0,recording_20220225_S27_S26_03,recording_20220225_S27_S26_03,medium,59.4400979150341,2,ok,509.49881878587286,310.78212206978793,107.2679941025767,124.80738436769425,19.648843226846367,1.3878852289914843,2.157180134785352,1.3878852289914843,0.8571428571428571,0.75,0.0,4.593720630697452,60.57856609662286,0.4378055731775989,0.6163975060399332,0.482872501679515,4.5823380395611535,60.578672543348645,0.0,True,
egobody,egobody_recording_20220225_S27_S26_03_medium_kinect_15_kinect_12_b02455,r1,recording_20220225_S27_S26_03,recording_20220225_S27_S26_03,medium,59.4400979150341,2,ok,470.3138019600354,168.3276016580209,107.2679935697655,124.8073848981015,16.511832934787183,0.3568690620602393,1.9714975044697909,0.3568690620602393,0.8571428571428571,0.75,0.0,4.406032355633948,60.57856609662286,0.40732296652758454,0.5706735960649116,0.04895301887427756,4.306052153398036,60.578672543348645,0.001388394000059634,True,
egobody,egobody_recording_20220225_S27_S26_03_medium_kinect_15_kinect_12_b02455,r2,recording_20220225_S27_S26_03,recording_20220225_S27_S26_03,medium,59.4400979150341,2,ok,149.37210068819954,120.0180326694113,107.26799768915187,124.80739177638432,14.902100693073306,0.04038189739691338,0.16090592681820154,0.04038189739691338,0.8571428571428571,0.75,0.0,0.7042532896576212,9.951651279769639,0.08522191069703372,0.08752201231908552,0.019048025407390066,0.9230207370675795,9.952432341346134,0.07117892200039933,True,
egobody,egobody_recording_20220225_S27_S26_03_medium_kinect_15_kinect_12_b02455,r3,recording_20220225_S27_S26_03,recording_20220225_S27_S26_03,medium,59.4400979150341,2,ok,237.42992486114994,184.00904683880566,107.26798930381696,124.80737738343464,16.970053339699945,0.04258892934968956,0.26648783963085343,0.04258892934968956,0.8571428571428571,0.75,0.0,0.7123860440781157,3.805860060866318,0.2316764813518517,0.30720386830131247,0.3177984226291157,1.0934764075558854,3.807887117971266,0.429191037000237,True,
egobody,egobody_recording_20220225_S27_S26_03_small_kinect_14_kinect_13_b02455,r0,recording_20220225_S27_S26_03,recording_20220225_S27_S26_03,small,20.688272059067994,2,ok,451.7967040730564,342.20664632861104,96.13782607587711,104.95397824764514,22.853525672858847,0.691359686188851,0.786032660808431,0.691359686188851,1.0,1.0,0.0,1.5631556968791873,20.721634886257117,0.4437209214607673,0.8279143119385515,0.7479967514752566,1.569954000119117,20.721623318473977,0.0,True,
egobody,egobody_recording_20220225_S27_S26_03_small_kinect_14_kinect_13_b02455,r1,recording_20220225_S27_S26_03,recording_20220225_S27_S26_03,small,20.688272059067994,2,ok,167.32504888208484,145.69087795097653,96.13782552600055,104.95397701571298,16.680299460986348,0.031584801719929674,0.3864044738890622,0.031584801719929674,1.0,1.0,0.0,1.5743963718317493,20.721634886257117,0.14068676178676068,0.22184599259053825,0.2615578564836055,1.7100857418477104,20.721623318473977,0.00213708699993731,True,
egobody,egobody_recording_20220225_S27_S26_03_small_kinect_14_kinect_13_b02455,r2,recording_20220225_S27_S26_03,recording_20220225_S27_S26_03,small,20.688272059067994,2,ok,124.09568876974097,98.31955605025091,96.13782392006908,104.95397658249911,14.405445172667104,0.01608317016646254,0.0171367126505015,0.01608317016646254,1.0,1.0,0.0,0.6387783262184658,9.466066340470261,0.082848615040423,0.10616969909786289,0.07080786686804383,0.6840665344151047,9.466034628638331,0.08899436200044875,True,
egobody,egobody_recording_20220225_S27_S26_03_small_kinect_14_kinect_13_b02455,r3,recording_20220225_S27_S26_03,recording_20220225_S27_S26_03,small,20.688272059067994,2,ok,442.9997830813253,321.6662956008268,96.13782685646899,104.95397490983336,23.238119147898136,0.016864940267793324,0.03367778839419076,0.016864940267793324,1.0,1.0,0.0,0.5801417350601595,3.895700276476778,0.4367271665976116,0.8139268022122401,0.760010443769699,0.32721037960217175,3.8956290198141583,0.4120504209995488,True,
egobody,egobody_recording_20220225_S27_S26_04_extreme_kinect_15_kinect_14_b03731,r0,recording_20220225_S27_S26_04,recording_20220225_S27_S26_04,extreme,120.03136874972999,2,ok,921.9865086202267,261.7169674912422,82.88428005079939,95.01998337994779,24.949505409733245,2.2728757903423125,3.295545736666527,2.2728757903423125,0.8571428571428571,0.75,0.0,6.79002458382792,120.89274859434744,0.9842748458305111,1.423918961758352,0.7325998013193431,6.794361135548312,120.89277313685704,0.0,True,
egobody,egobody_recording_20220225_S27_S26_04_extreme_kinect_15_kinect_14_b03731,r1,recording_20220225_S27_S26_04,recording_20220225_S27_S26_04,extreme,120.03136874972999,2,ok,884.5070680968339,211.32762304236553,82.88428581342892,95.01998684882578,23.659169046334547,0.24260813261275616,2.8949374671557946,0.24260813261275616,0.8571428571428571,0.75,0.0,7.369717583942514,120.89274859434744,0.7926339674285922,1.1364576441554735,0.06551996009798809,7.437959317953807,120.89277313685704,0.0014675490001536673,True,
egobody,egobody_recording_20220225_S27_S26_04_extreme_kinect_15_kinect_14_b03731,r2,recording_20220225_S27_S26_04,recording_20220225_S27_S26_04,extreme,120.03136874972999,2,ok,193.11441450285446,93.91427530035257,82.88428187033608,95.01998496820305,20.104265199131074,0.03496437850551456,0.32166480284819843,0.03496437850551456,0.8571428571428571,0.75,0.0,1.0994668809297596,10.93235518340963,0.17490995830143555,0.2098716304647388,0.019517403527137354,0.8917160551303743,10.933068229854495,0.07794640400061326,True,
egobody,egobody_recording_20220225_S27_S26_04_extreme_kinect_15_kinect_14_b03731,r3,recording_20220225_S27_S26_04,recording_20220225_S27_S26_04,extreme,120.03136874972999,2,ok,2504.367119376727,472.5528231040995,82.88427595637971,95.01998424500133,50.66415275294513,0.029259150248101697,0.2644475325339588,0.029259150248101697,0.8571428571428571,0.75,0.0,3.498629480746139,57.77224275758177,2.5432543831780814,3.762388267779708,3.58107919570104,2.6153326458247275,57.772360023858425,0.44735946800028614,True,
egobody,egobody_recording_20220225_S27_S26_04_medium_kinect_15_kinect_12_b03731,r0,recording_20220225_S27_S26_04,recording_20220225_S27_S26_04,medium,59.4400979150341,2,ok,508.31312676615346,280.2082647827304,99.66470027455541,121.96167983642097,21.805580747770648,1.2599422382679537,2.1626480105730916,1.2599422382679537,0.5714285714285714,0.75,1.0,4.557826215726615,60.274905554269445,0.4593168339428922,0.6364819439269237,0.4585982576523467,4.554101955955157,60.27501325876828,0.0,True,
egobody,egobody_recording_20220225_S27_S26_04_medium_kinect_15_kinect_12_b03731,r1,recording_20220225_S27_S26_04,recording_20220225_S27_S26_04,medium,59.4400979150341,2,ok,525.7207805180225,176.08782030759897,99.66469940239458,121.96167899316671,19.475524680568075,0.26285146034134094,1.9682690259030535,0.26285146034134094,0.5714285714285714,0.75,0.0,4.495781476360858,60.274905554269445,0.46490813752037374,0.644868899293146,0.044087257127978605,4.435502436436475,60.27501325876828,0.0017151729998658993,True,
egobody,egobody_recording_20220225_S27_S26_04_medium_kinect_15_kinect_12_b03731,r2,recording_20220225_S27_S26_04,recording_20220225_S27_S26_04,medium,59.4400979150341,2,ok,182.15468923170894,118.1627796883411,99.66468990839458,121.96167033745624,17.625950702719738,0.03142708266794735,0.2420033295524569,0.03142708266794735,0.5714285714285714,0.75,0.0,0.7228812633259373,7.914123449983401,0.12983655407221864,0.14226152412091347,0.013206980469389845,0.7152731188768152,7.9151095900600925,0.08695939199969871,True,
egobody,egobody_recording_20220225_S27_S26_04_medium_kinect_15_kinect_12_b03731,r3,recording_20220225_S27_S26_04,recording_20220225_S27_S26_04,medium,59.4400979150341,2,ok,880.9395458218052,311.68727656617295,99.66469439047347,121.96167641020891,24.81506807265335,0.051809418706804555,1.014201417862711,0.051809418706804555,0.5714285714285714,0.75,1.0,2.739606109090088,44.06107694742588,0.8965062907066491,1.2922661290725592,0.9352659966004995,2.5074359372725112,44.06124229181653,0.5634939190003934,True,
egobody,egobody_recording_20220225_S27_S26_04_small_kinect_14_kinect_13_b03731,r0,recording_20220225_S27_S26_04,recording_20220225_S27_S26_04,small,20.688272059067994,2,ok,404.542102527003,318.4817656632632,102.49431576464032,112.64106530856719,24.28104014016953,0.685388309938196,0.7851834299049635,0.685388309938196,1.0,1.0,0.0,1.5576117368283,20.714430254145174,0.40649772264293604,0.7351724410850942,0.6431966512129366,1.5673264512796656,20.71441826993704,0.0,True,
egobody,egobody_recording_20220225_S27_S26_04_small_kinect_14_kinect_13_b03731,r1,recording_20220225_S27_S26_04,recording_20220225_S27_S26_04,small,20.688272059067994,2,ok,169.46475980615014,142.82115747852464,102.4943159213779,112.64106477910718,18.58735546496054,0.03545424231658848,0.4250247930147149,0.03545424231658848,1.0,1.0,0.0,1.6035507623813996,20.714430254145174,0.14719132734036455,0.21655965047995104,0.2013650067338949,1.7441530252724107,20.71441826993704,0.002365370999541483,True,
egobody,egobody_recording_20220225_S27_S26_04_small_kinect_14_kinect_13_b03731,r2,recording_20220225_S27_S26_04,recording_20220225_S27_S26_04,small,20.688272059067994,2,ok,126.13964220364608,103.28816066460614,102.49431617752158,112.64106502859387,16.731434790176653,0.020759574392566062,0.1634744270196411,0.020759574392566062,1.0,1.0,0.0,0.5108411056207857,3.8602006789743046,0.08518071784225793,0.09253843148373787,0.036999592261135986,0.6774619533046072,3.860126021306986,0.07418250499995338,True,
egobody,egobody_recording_20220225_S27_S26_04_small_kinect_14_kinect_13_b03731,r3,recording_20220225_S27_S26_04,recording_20220225_S27_S26_04,small,20.688272059067994,2,ok,451.6924923315787,336.8934830614152,102.49431814057085,112.64106765641094,26.240102001705466,0.016675998012383897,0.018098954176286396,0.016675998012383897,1.0,1.0,0.0,0.6865683382100741,3.529642301908323,0.45170755459338996,0.8255921049860019,0.7580488685281674,0.4181642941988126,3.5295615411260814,0.37666176299990184,True,
egobody,egobody_recording_20220312_S29_S28_01_extreme_kinect_15_kinect_14_b03231,r0,recording_20220312_S29_S28_01,recording_20220312_S29_S28_01,extreme,115.13902477352097,2,ok,1470.8099486243254,964.0774341137143,63.49301656435695,72.68533198024895,61.94397603376475,1.67592038196174,2.8094453452832666,1.67592038196174,0.49916805324459235,0.9966666666666667,3.0,5.643828930222402,115.3619424813703,1.4363092414805079,2.8175744480903657,2.708564477893323,5.644008900389816,115.3617819997325,0.0,True,
egobody,egobody_recording_20220312_S29_S28_01_extreme_kinect_15_kinect_14_b03231,r1,recording_20220312_S29_S28_01,recording_20220312_S29_S28_01,extreme,115.13902477352097,2,ok,940.0888122221619,883.9771763758076,63.49301545898201,72.68533088476659,50.44410485424996,0.02057823814708804,1.9019085150120707,0.02057823814708804,0.7487520798668885,0.9966666666666667,2.0,4.610338530578797,115.3619424813703,0.9197698280317169,1.7810289137199735,1.7443954701249202,4.584321843265677,115.3617819997325,0.0021600000000034925,True,
egobody,egobody_recording_20220312_S29_S28_01_extreme_kinect_15_kinect_14_b03231,r2,recording_20220312_S29_S28_01,recording_20220312_S29_S28_01,extreme,115.13902477352097,2,ok,132.44577349890537,123.53325080122042,63.49301762381648,72.68533249133698,32.00354882580319,0.0070396412395792515,0.13985360198094682,0.0070396412395792515,0.7487520798668885,0.9966666666666667,2.0,0.47741819761121895,2.616823474000957,0.07717614033251677,0.09018654712896093,0.0874775490099457,0.4900242371008044,2.6145115238093286,0.07321876300011354,True,
egobody,egobody_recording_20220312_S29_S28_01_extreme_kinect_15_kinect_14_b03231,r3,recording_20220312_S29_S28_01,recording_20220312_S29_S28_01,extreme,115.13902477352097,2,ok,1592.7589470431537,1089.2842015918382,63.49301487131615,72.68533186943746,65.29489796086953,0.01039501484136278,1.0041326503710788,0.01039501484136278,0.49916805324459235,0.9966666666666667,3.0,6.2268133362336116,149.82747869156236,1.589638975320904,3.125262974387536,3.0124819484159824,6.218120067151136,149.8266112783634,0.32544514700020954,True,
egobody,egobody_recording_20220312_S29_S28_01_medium_kinect_12_kinect_15_b03231,r0,recording_20220312_S29_S28_01,recording_20220312_S29_S28_01,medium,51.06385423091083,2,ok,918.7564223790926,654.2627371822231,70.71577900339047,76.4294116256292,40.05400444639086,1.3151139500165425,1.7989218173071735,1.3151139500165425,0.5,1.0,2.0,3.6442675549896135,51.24644038890482,0.921904463455531,1.6943421805513177,1.6817178551513927,3.647924639444234,51.24644232304573,0.0,True,
egobody,egobody_recording_20220312_S29_S28_01_medium_kinect_12_kinect_15_b03231,r1,recording_20220312_S29_S28_01,recording_20220312_S29_S28_01,medium,51.06385423091083,2,ok,478.65742802741676,424.08740005349614,70.71577576382448,76.42941094664808,28.656363178199957,0.06770673277872746,1.1224821412536061,0.06770673277872746,0.75,1.0,1.0,2.743008485890824,51.24644038890482,0.4896038719811647,0.8297409976025849,0.7509964609822098,2.7288509085017143,51.24644232304573,0.002490715000021737,True,
egobody,egobody_recording_20220312_S29_S28_01_medium_kinect_12_kinect_15_b03231,r2,recording_20220312_S29_S28_01,recording_20220312_S29_S28_01,medium,51.06385423091083,2,ok,204.11522038208363,127.52798114294802,70.71578055141613,76.42941460964886,20.527929957241984,0.02931665773808317,0.19801190405244312,0.02931665773808317,0.75,1.0,1.0,0.3553144987548604,5.565973935634868,0.20189074187081457,0.2543147373818846,0.038505624058380344,0.4111969527069785,5.565991366385944,0.0838404209998771,True,
egobody,egobody_recording_20220312_S29_S28_01_medium_kinect_12_kinect_15_b03231,r3,recording_20220312_S29_S28_01,recording_20220312_S29_S28_01,medium,51.06385423091083,2,ok,314.48452747843896,233.99902817299153,70.715780016105,76.42941311775517,24.422639970678407,0.03473294813641437,0.4518049866892608,0.03473294813641437,0.5,1.0,2.0,1.236508501501832,23.064565765638424,0.3184057784626438,0.4873448105655429,0.3904821105019848,1.1666187925786835,23.06456999263657,0.29515600000013364,True,
egobody,egobody_recording_20220312_S29_S28_01_small_kinect_11_kinect_15_b03231,r0,recording_20220312_S29_S28_01,recording_20220312_S29_S28_01,small,19.168336335397417,2,ok,537.6966550454595,455.4320806245271,71.90199250258576,76.81939996500846,30.18262294158012,0.6506488431952065,0.8897698285935144,0.6506488431952065,1.0,1.0,0.0,1.8887861916527786,19.734434123039442,0.5220938648783535,0.9893200355441737,0.9842658764811945,1.8888476944796502,19.734421210623967,0.0,True,
egobody,egobody_recording_20220312_S29_S28_01_small_kinect_11_kinect_15_b03231,r1,recording_20220312_S29_S28_01,recording_20220312_S29_S28_01,small,19.168336335397417,2,ok,209.8807705164446,189.34927875920155,71.901995625937,76.81940131077783,21.98390028445811,0.03837376728316695,0.4666370113148567,0.03837376728316695,1.0,1.0,0.0,0.9927827494793569,19.734434123039442,0.1931536168939396,0.3314395395753458,0.3015716982582458,1.0167312012557608,19.734421210623967,0.0022686269994665054,True,
egobody,egobody_recording_20220312_S29_S28_01_small_kinect_11_kinect_15_b03231,r2,recording_20220312_S29_S28_01,recording_20220312_S29_S28_01,small,19.168336335397417,2,ok,100.86229117855194,99.55592056698536,71.9019923885493,76.81939935035008,18.973196032106614,0.01935502482304307,0.037122803548756945,0.01935502482304307,1.0,1.0,0.0,0.1470362173943401,2.4013676270690656,0.05701996770552583,0.059172241198518306,0.026473996000727685,0.2460824761030613,2.4012575723143303,0.07648780699946656,True,
egobody,egobody_recording_20220312_S29_S28_01_small_kinect_11_kinect_15_b03231,r3,recording_20220312_S29_S28_01,recording_20220312_S29_S28_01,small,19.168336335397417,2,ok,145.9797299270089,129.2298995844926,71.90199509854052,76.81940101062293,20.49838326855114,0.020296811021245576,0.07605717735155401,0.020296811021245576,1.0,1.0,0.0,0.2099167029215182,3.1819742335744645,0.12119119681966595,0.18751469942679852,0.16981779179743095,0.22899650191762488,3.18189119671009,0.26335194100010995,True,
egobody,egobody_recording_20220312_S29_S28_02_extreme_kinect_14_kinect_15_b01761,r0,recording_20220312_S29_S28_02,recording_20220312_S29_S28_02,extreme,115.13399034269364,2,ok,1163.0389371543774,957.546380827666,55.43503561962314,59.92350617355134,37.49920965003368,2.3871290220083887,2.8124380875170663,2.3871290220083887,0.5,1.0,2.0,5.63843387374075,114.73140230930753,1.1354490151637318,2.2088456162439463,2.2369466017055974,5.638237762517544,114.7314034620997,0.0,True,
egobody,egobody_recording_20220312_S29_S28_02_extreme_kinect_14_kinect_15_b01761,r1,recording_20220312_S29_S28_02,recording_20220312_S29_S28_02,extreme,115.13399034269364,2,ok,1025.2794952533645,936.9509415554205,55.435036295044945,59.92350658536723,34.059736420894545,0.049609177168968684,2.322280367620435,0.049609177168968684,0.5,1.0,2.0,4.952608629993957,114.73140230930753,0.9958864245935914,1.9297204351036656,1.9292817622991953,4.959983760144934,114.7314034620997,0.002376421000008122,True,
egobody,egobody_recording_20220312_S29_S28_02_extreme_kinect_14_kinect_15_b01761,r2,recording_20220312_S29_S28_02,recording_20220312_S29_S28_02,extreme,115.13399034269364,2,ok,1193.133086125313,1132.7617408162578,55.43503418238249,59.92350559560102,37.98681162887651,0.021729562838155494,1.6866035777149395,0.021729562838155494,0.5,1.0,2.0,5.944357024652608,178.53085757371403,1.1646558081006058,2.2672592021176947,2.2724366367569266,5.935789350352545,178.53091173837637,0.0788212220004425,True,
egobody,egobody_recording_20220312_S29_S28_02_extreme_kinect_14_kinect_15_b01761,r3,recording_20220312_S29_S28_02,recording_20220312_S29_S28_02,extreme,115.13399034269364,2,ok,1425.6211811686057,891.110113009753,55.43503851382447,59.923506590304726,42.84009525372274,0.011706148509495438,0.7173070235829262,0.011706148509495438,0.5,1.0,2.0,4.062088533553143,87.602984900052,1.4007980083963882,2.7395436027092592,2.693231797738089,4.080589375832975,87.60298635630393,0.30195299799925124,True,
egobody,egobody_recording_20220312_S29_S28_02_medium_kinect_15_kinect_12_b01761,r0,recording_20220312_S29_S28_02,recording_20220312_S29_S28_02,medium,51.090667008210325,2,ok,721.3415687073439,606.0510036678957,58.41864119522839,59.66756378213051,28.41804921694856,1.3393787118540645,1.80721939153532,1.3393787118540645,1.0,1.0,0.0,3.643836750877347,50.70228878298869,0.7144569788293281,1.3830383938761233,1.3866655485621244,3.6443378184743334,50.70214357105201,0.0,True,
egobody,egobody_recording_20220312_S29_S28_02_medium_kinect_15_kinect_12_b01761,r1,recording_20220312_S29_S28_02,recording_20220312_S29_S28_02,medium,51.090667008210325,2,ok,461.56295571345595,452.07785056855414,58.418641661787866,59.667564526265096,21.879112861207645,0.05775942823016356,1.2594257708137002,0.05775942823016356,1.0,1.0,0.0,2.794425343066945,50.70228878298869,0.4555189676290721,0.8651623714756113,0.8579153380900784,2.8399322790053816,50.70214357105201,0.0020060890001332154,True,
egobody,egobody_recording_20220312_S29_S28_02_medium_kinect_15_kinect_12_b01761,r2,recording_20220312_S29_S28_02,recording_20220312_S29_S28_02,medium,51.090667008210325,2,ok,89.10106765225844,84.10794456357102,58.41864247228082,59.6675642726741,12.031968974257639,0.019531440563606943,0.15753925864052454,0.019531440563606943,1.0,1.0,0.0,0.288311248401323,3.2326953851946185,0.08143796526726071,0.11700036675198819,0.07744852876210616,0.381765241748198,3.230795710015511,0.07422808600040298,True,
egobody,egobody_recording_20220312_S29_S28_02_medium_kinect_15_kinect_12_b01761,r3,recording_20220312_S29_S28_02,recording_20220312_S29_S28_02,medium,51.090667008210325,2,ok,141.9568739125487,133.41243716178167,58.41863832966557,59.66756112952741,14.298175891256253,0.019661013210417994,0.1687445853989246,0.019661013210417994,1.0,1.0,0.0,0.36880692947709787,2.3722662307618334,0.12921345326876796,0.21255134275500268,0.27196874764811374,0.311691431500919,2.3696791834483686,0.26434033700024884,True,
egobody,egobody_recording_20220312_S29_S28_02_small_kinect_11_kinect_15_b01761,r0,recording_20220312_S29_S28_02,recording_20220312_S29_S28_02,small,19.202425575395196,2,ok,470.58823827114645,418.91620115900184,57.70383313716142,61.27507496736501,25.59595344440348,0.5886791537801399,0.8896392493463992,0.5886791537801399,1.0,1.0,0.0,1.8797872409282104,19.426093001676985,0.46441251378476883,0.8776393432351203,0.884661270333239,1.8802065192321413,19.426082024426915,0.0,True,
egobody,egobody_recording_20220312_S29_S28_02_small_kinect_11_kinect_15_b01761,r1,recording_20220312_S29_S28_02,recording_20220312_S29_S28_02,small,19.202425575395196,2,ok,178.77666598576442,157.11110109789536,57.70383180484714,61.27507442912989,18.195476842091928,0.03192188683199227,0.4929143921256118,0.03192188683199227,1.0,1.0,0.0,1.038493054720919,19.426093001676985,0.16597007852694798,0.2807544727194785,0.3040317285616153,1.0521951161660208,19.426082024426915,0.0021083639994685655,True,
egobody,egobody_recording_20220312_S29_S28_02_small_kinect_11_kinect_15_b01761,r2,recording_20220312_S29_S28_02,recording_20220312_S29_S28_02,small,19.202425575395196,2,ok,84.0355592072684,67.12633286768633,57.70383180765116,61.27507392486932,14.664121734931975,0.01645714002887878,0.1062706887872945,0.01645714002887878,1.0,1.0,0.0,0.24575807355590684,3.1344995633544155,0.06542825815662019,0.07967083197882298,0.01092431420393214,0.2563738597537705,3.1344287059547553,0.07399593900026957,True,
egobody,egobody_recording_20220312_S29_S28_02_small_kinect_11_kinect_15_b01761,r3,recording_20220312_S29_S28_02,recording_20220312_S29_S28_02,small,19.202425575395196,2,ok,107.84979677119773,83.33241737114915,57.703832358224716,61.27507486257515,15.162807137738573,0.016131908155065756,0.09034032917367943,0.016131908155065756,1.0,1.0,0.0,0.2511102777803453,2.3875129583500465,0.09385435918026423,0.13652303402611105,0.058731294904802014,0.21429082492577062,2.387419895954581,0.13505945899942162,True,
egobody,egobody_recording_20220312_S29_S28_03_extreme_kinect_15_kinect_14_b03281,r0,recording_20220312_S29_S28_03,recording_20220312_S29_S28_03,extreme,115.13399034269364,2,ok,1106.538669876775,932.906959478202,58.28800707389513,61.68988030261475,35.474683174824115,1.776703098617133,2.8101598336580715,1.776703098617133,0.5,1.0,2.0,5.629480440080374,114.59854926730476,1.0994133021378836,2.152014650364715,2.1493318876672274,5.629844129040728,114.59838939845707,0.0,True,
egobody,egobody_recording_20220312_S29_S28_03_extreme_kinect_15_kinect_14_b03281,r1,recording_20220312_S29_S28_03,recording_20220312_S29_S28_03,extreme,115.13399034269364,2,ok,866.6760717327174,888.9704340921593,58.28800721564022,61.68987967035775,29.62252589689899,0.03012609943347651,2.1232805823500316,0.03012609943347651,0.75,1.0,1.0,5.3038228477254625,114.59854926730476,0.8616821594832493,1.6765523650554464,1.6680235789043323,5.325180811375182,114.59838939845707,0.002247450000140816,True,
egobody,egobody_recording_20220312_S29_S28_03_extreme_kinect_15_kinect_14_b03281,r2,recording_20220312_S29_S28_03,recording_20220312_S29_S28_03,extreme,115.13399034269364,2,ok,99.56217975521528,94.16716718810078,58.288007650668234,61.68987939208556,10.068867891729832,0.007831774158976854,0.14518074136655024,0.007831774158976854,0.75,1.0,1.0,0.2017758193306328,1.276990249082865,0.08571822589068191,0.12462449787031181,0.08051693171308114,0.21893127130468823,1.2721675924337175,0.07491370600018854,True,
egobody,egobody_recording_20220312_S29_S28_03_extreme_kinect_15_kinect_14_b03281,r3,recording_20220312_S29_S28_03,recording_20220312_S29_S28_03,extreme,115.13399034269364,2,ok,1197.9967081152834,843.6583830483826,58.28800460868314,61.68987926741029,38.012892667511004,0.009352486431198107,0.5798397774096622,0.009352486431198107,0.5,1.0,2.0,3.9781413022266436,87.14778054460666,1.1956024009255644,2.3443928479400773,2.3370557967681145,4.0305045573891425,87.14761617850873,0.18459181299931515,True,
egobody,egobody_recording_20220312_S29_S28_03_medium_kinect_15_kinect_12_b03281,r0,recording_20220312_S29_S28_03,recording_20220312_S29_S28_03,medium,51.090667008210325,2,ok,784.1045995019666,628.1515948042728,67.41805442800552,69.16130057253064,28.134203112864412,1.3431111508758435,1.8089525963946373,1.3431111508758435,1.0,1.0,0.0,3.630728734794439,50.55265890701328,0.7711464747715375,1.4954809956320232,1.4707824693599434,3.63105738547959,50.552512303632305,0.0,True,
egobody,egobody_recording_20220312_S29_S28_03_medium_kinect_15_kinect_12_b03281,r1,recording_20220312_S29_S28_03,recording_20220312_S29_S28_03,medium,51.090667008210325,2,ok,444.70959710449205,419.3921855460656,67.418053170662,69.16129934843376,20.071820625602463,0.04767605660128916,1.1738047415202035,0.04767605660128916,1.0,1.0,0.0,2.591447898874489,50.55265890701328,0.4315781236503804,0.8163442933897087,0.8020825030411844,2.6218543553726152,50.552512303632305,0.002283726999849023,True,
egobody,egobody_recording_20220312_S29_S28_03_medium_kinect_15_kinect_12_b03281,r2,recording_20220312_S29_S28_03,recording_20220312_S29_S28_03,medium,51.090667008210325,2,ok,91.89470792093016,86.24289976514612,67.41805087851957,69.16129689112505,10.662634095389421,0.019098442514617595,0.1986290361313219,0.019098442514617595,1.0,1.0,0.0,0.41585950997375104,6.182088165446453,0.07822003921031227,0.10962812450957254,0.03257279078029527,0.5313199638905967,6.181114964655836,0.07247789399934845,True,
egobody,egobody_recording_20220312_S29_S28_03_medium_kinect_15_kinect_12_b03281,r3,recording_20220312_S29_S28_03,recording_20220312_S29_S28_03,medium,51.090667008210325,2,ok,164.44304647976523,144.6471365093302,67.41805432987593,69.1612998168813,13.721449643376685,0.01858158953438976,0.15384177028402907,0.01858158953438976,1.0,1.0,0.0,0.27097542042796363,5.101194565563132,0.1509409692297481,0.2550699845484441,0.3101685695582612,0.26892207846581684,5.09999979244246,0.19393066500015266,True,
egobody,egobody_recording_20220312_S29_S28_03_small_kinect_11_kinect_15_b03281,r0,recording_20220312_S29_S28_03,recording_20220312_S29_S28_03,small,19.202425575395196,2,ok,483.36505941214847,436.0371704125356,60.46494058453998,61.921951569297576,21.8791342624984,0.5522662228660066,0.8850003829014611,0.5522662228660066,1.0,1.0,0.0,1.8939935522914224,19.84780359704366,0.4768057695920527,0.9022280766443782,0.9233067884458863,1.8947797382103595,19.84779292292038,0.0,True,
egobody,egobody_recording_20220312_S29_S28_03_small_kinect_11_kinect_15_b03281,r1,recording_20220312_S29_S28_03,recording_20220312_S29_S28_03,small,19.202425575395196,2,ok,189.6914619306679,170.09545999009052,60.46494277435634,61.92195302756018,13.996487733194538,0.02911508972013646,0.4665483128809761,0.02911508972013646,1.0,1.0,0.0,1.007098703448947,19.84780359704366,0.17738645309978743,0.30338944365984793,0.30850404672028664,1.0296150993715112,19.84779292292038,0.0024969879996206146,True,
egobody,egobody_recording_20220312_S29_S28_03_small_kinect_11_kinect_15_b03281,r2,recording_20220312_S29_S28_03,recording_20220312_S29_S28_03,small,19.202425575395196,2,ok,75.67554723576511,63.44412498540684,60.464938968959586,61.921950394577436,10.291855590586119,0.015208188902668531,0.06646377140770085,0.015208188902668531,1.0,1.0,0.0,0.18897092057935058,2.397815968228298,0.05706210581854078,0.06274074909735458,0.012089924057370551,0.2696983255072132,2.397724328142842,0.0781060110002727,True,
egobody,egobody_recording_20220312_S29_S28_03_small_kinect_11_kinect_15_b03281,r3,recording_20220312_S29_S28_03,recording_20220312_S29_S28_03,small,19.202425575395196,2,ok,111.47839868064914,80.6589981067622,60.464942162495085,61.92195279229466,11.245394580446606,0.015338650903890727,0.0735128147160656,0.015338650903890727,1.0,1.0,0.0,0.23475156393860963,3.4790412646264395,0.09704483983082485,0.14270621712192275,0.10030182337075194,0.24425511522522736,3.478978138054032,0.214387820000411,True,
egobody,egobody_recording_20220312_S29_S28_04_extreme_kinect_14_kinect_15_b04816,r0,recording_20220312_S29_S28_04,recording_20220312_S29_S28_04,extreme,115.13399034269364,2,ok,1234.4747332239992,717.1991272139546,54.37844045104389,59.38469465538478,25.582678154977316,2.159434298368655,2.8109205358487785,2.159434298368655,0.8593155893536122,0.7533333333333333,0.0,5.635968147499273,114.77649437941423,1.2124741269434156,1.806977914011106,1.65900718677777,5.637693820162511,114.7764961173796,0.0,True,
egobody,egobody_recording_20220312_S29_S28_04_extreme_kinect_14_kinect_15_b04816,r1,recording_20220312_S29_S28_04,recording_20220312_S29_S28_04,extreme,115.13399034269364,2,ok,1126.4876493037802,135.4153834954917,54.37844136789279,59.384694334610245,11.316213742744122,0.026829545604375015,1.9242115175452807,0.026829545604375015,0.8593155893536122,0.7533333333333333,0.0,6.216776551493098,114.77649437941423,1.0794319298471566,1.606527670386076,0.01431627221277903,6.053040021721714,114.7764961173796,0.0015527129999099998,True,
egobody,egobody_recording_20220312_S29_S28_04_extreme_kinect_14_kinect_15_b04816,r2,recording_20220312_S29_S28_04,recording_20220312_S29_S28_04,extreme,115.13399034269364,2,ok,173.65420141439722,69.03531962933616,54.37843798361764,59.38469022232434,15.24570117704144,0.008528038644200013,0.008917927013860964,0.008528038644200013,0.8593155893536122,0.7533333333333333,0.0,0.5851026059424922,6.81210165011253,0.18050328335335303,0.25214184300207837,0.017369531979451427,1.08713759578278,6.812107380152873,0.07469820900041668,True,
egobody,egobody_recording_20220312_S29_S28_04_extreme_kinect_14_kinect_15_b04816,r3,recording_20220312_S29_S28_04,recording_20220312_S29_S28_04,extreme,115.13399034269364,2,ok,1576.485485798775,587.3444827860526,54.37844131211754,59.38469423008335,27.87883434273741,0.011901083754984275,0.8010184739295708,0.011901083754984275,0.8593155893536122,0.7533333333333333,0.0,4.075472554933929,96.03322447011709,1.619124314093281,2.4196641959835703,2.054817961002362,3.653322567036561,96.03322651878551,0.28901966699959303,True,
egobody,egobody_recording_20220312_S29_S28_04_medium_kinect_12_kinect_15_b04816,r0,recording_20220312_S29_S28_04,recording_20220312_S29_S28_04,medium,51.090667008210325,2,ok,759.3794841701781,540.3136463716348,70.31279794723669,76.67934194408649,35.138651742157506,1.2236605248122283,1.8064624278608645,1.2236605248122283,1.0,1.0,0.0,3.6638468574288936,51.25509989026079,0.7218722334660413,1.3120992588629883,1.3091376369886882,3.6772992968574263,51.25509932958775,0.0,True,
egobody,egobody_recording_20220312_S29_S28_04_medium_kinect_12_kinect_15_b04816,r1,recording_20220312_S29_S28_04,recording_20220312_S29_S28_04,medium,51.090667008210325,2,ok,480.8466406837623,390.9023998230135,70.3127975890881,76.67934178763844,29.09326515322734,0.06949939946886394,1.3695173954443445,0.06949939946886394,1.0,1.0,0.0,2.799361719907865,51.25509989026079,0.44973002255323885,0.7678148370373833,0.7796969973686851,2.7668029762111472,51.25509932958775,0.0021224149995759944,True,
egobody,egobody_recording_20220312_S29_S28_04_medium_kinect_12_kinect_15_b04816,r2,recording_20220312_S29_S28_04,recording_20220312_S29_S28_04,medium,51.090667008210325,2,ok,235.8103311218495,142.8294028797418,70.31279632768802,76.67934126176276,22.058380131672674,0.02020707946422445,0.25995514785866597,0.02020707946422445,1.0,1.0,0.0,0.5603179106528645,7.873284599243584,0.20092476208418278,0.27020431609927115,0.18883964110866233,0.48254709849933736,7.873279575514503,0.07329444799961493,True,
egobody,egobody_recording_20220312_S29_S28_04_medium_kinect_12_kinect_15_b04816,r3,recording_20220312_S29_S28_04,recording_20220312_S29_S28_04,medium,51.090667008210325,2,ok,266.8426719494083,166.11986169825929,70.3127957796434,76.67934013749189,22.582875045180582,0.01965438122487567,0.21608029154747385,0.01965438122487567,1.0,1.0,0.0,0.5032702472644518,5.714171446872289,0.23659545077264507,0.34154569347619573,0.2391597980068007,0.20274933644474377,5.714164525965283,0.31530127600035485,True,
egobody,egobody_recording_20220312_S29_S28_04_small_kinect_15_kinect_11_b04816,r0,recording_20220312_S29_S28_04,recording_20220312_S29_S28_04,small,19.202425575395196,2,ok,437.3063684329568,391.7084399135664,57.40984064032731,62.967127933238395,26.987149091932398,0.5261743956674976,0.879901380773516,0.5261743956674976,1.0,1.0,0.0,1.8062395778654252,19.139587492494655,0.4194900223970014,0.8057726709253873,0.764982477729429,1.8069866763303404,19.139259406444346,0.0,True,
egobody,egobody_recording_20220312_S29_S28_04_small_kinect_15_kinect_11_b04816,r1,recording_20220312_S29_S28_04,recording_20220312_S29_S28_04,small,19.202425575395196,2,ok,164.91188542608285,151.40308002606034,57.40984063475784,62.967127577278646,20.399998136470593,0.04518775807810534,0.559339904211166,0.04518775807810534,1.0,1.0,0.0,1.173970483626648,19.139587492494655,0.1487407834590479,0.26427419304948013,0.21269966191014977,1.201850612161652,19.139259406444346,0.0022477479997178307,True,
egobody,egobody_recording_20220312_S29_S28_04_small_kinect_15_kinect_11_b04816,r2,recording_20220312_S29_S28_04,recording_20220312_S29_S28_04,small,19.202425575395196,2,ok,83.15036389427672,81.3569794755281,57.40984255505702,62.967128580920374,18.17047442528577,0.02357447169448288,0.24295484906087902,0.02357447169448288,1.0,1.0,0.0,0.4430202260183956,6.16419082595068,0.06409494776806007,0.09498252166750444,0.03927378656636453,0.45426941676590005,6.163188024081949,0.07378785500077356,True,
egobody,egobody_recording_20220312_S29_S28_04_small_kinect_15_kinect_11_b04816,r3,recording_20220312_S29_S28_04,recording_20220312_S29_S28_04,small,19.202425575395196,2,ok,130.85353630381871,116.02679635372257,57.40984099196964,62.96712731534465,19.71486406754765,0.018199834378562273,0.048458995136563265,0.018199834378562273,1.0,1.0,0.0,0.20849696322596292,1.393563602112603,0.11576164979119248,0.19831592571376924,0.19263691105006092,0.12882239014162775,1.3890975729104411,0.2066502509997008,True,
egobody,egobody_recording_20220312_S29_S28_05_extreme_kinect_15_kinect_14_b02786,r0,recording_20220312_S29_S28_05,recording_20220312_S29_S28_05,extreme,115.09910123030112,2,ok,1269.384756906225,860.1371571148203,99.26614396035146,117.97378960134911,52.246544831177474,1.5901533622119965,2.787861690727154,1.5901533622119965,0.5208333333333334,0.92,2.0,5.624177144846319,114.03182185417741,1.1626643983214202,2.042429265853661,2.2270043432823,5.631097812223485,114.03166053551632,0.0,True,
egobody,egobody_recording_20220312_S29_S28_05_extreme_kinect_15_kinect_14_b02786,r1,recording_20220312_S29_S28_05,recording_20220312_S29_S28_05,extreme,115.09910123030112,2,ok,895.0472897227977,771.2099048194407,99.2661442724494,117.97378973136632,39.002349813261866,0.04295537907112525,1.6567343573289905,0.04295537907112525,0.6979166666666666,0.92,1.0,6.38499440539289,114.03182185417741,0.781022220885143,1.340207659370911,0.020049499494766705,6.538315452720976,114.03166053551632,0.001247550999323721,True,
egobody,egobody_recording_20220312_S29_S28_05_extreme_kinect_15_kinect_14_b02786,r2,recording_20220312_S29_S28_05,recording_20220312_S29_S28_05,extreme,115.09910123030112,2,ok,336.9170890261666,300.95117867317174,99.26614745695831,117.97379121547881,36.13978381147093,0.018566697071775766,0.13258842337438295,0.018566697071775766,0.6979166666666666,0.92,1.0,1.598609479661387,24.613286847970617,0.30324940098189507,0.4611056707489348,0.009483963715378917,1.214930259280352,24.61299725163087,0.07156621400008589,True,
egobody,egobody_recording_20220312_S29_S28_05_extreme_kinect_15_kinect_14_b02786,r3,recording_20220312_S29_S28_05,recording_20220312_S29_S28_05,extreme,115.09910123030112,2,ok,980.4340047454377,723.5043600796134,99.26614165225259,117.97379158197695,48.11821549617512,0.02347392137151216,0.6927166750112194,0.02347392137151216,0.5208333333333334,0.92,2.0,4.034285881765754,89.6979341210209,1.0273753394642657,1.7934973975564965,1.9474661940831914,4.348431275231002,89.69774689724323,0.4528916909994223,True,
egobody,egobody_recording_20220312_S29_S28_05_medium_kinect_15_kinect_12_b02786,r0,recording_20220312_S29_S28_05,recording_20220312_S29_S28_05,medium,51.07897717909217,2,ok,957.6254796153092,651.47073855965,99.71670562329938,111.50495096862015,43.391267332177804,1.2776365299837886,1.7973026733778354,1.2776365299837886,0.5208333333333334,0.92,2.0,3.5911725684961824,50.00927391712648,0.8981218228733184,1.555670927029154,1.873823277961778,3.597096249647175,50.009121737110085,0.0,True,
egobody,egobody_recording_20220312_S29_S28_05_medium_kinect_15_kinect_12_b02786,r1,recording_20220312_S29_S28_05,recording_20220312_S29_S28_05,medium,51.07897717909217,2,ok,485.30618773468314,379.21556280696825,99.71670689732416,111.50495125704587,31.004417508135862,0.04926886368779193,0.8488516233055226,0.04926886368779193,0.6979166666666666,0.92,1.0,2.4663213660646326,50.00927391712648,0.43011189689756046,0.6945326632337591,0.01565920710313571,2.631929135332144,50.009121737110085,0.0013044709994574077,True,
egobody,egobody_recording_20220312_S29_S28_05_medium_kinect_15_kinect_12_b02786,r2,recording_20220312_S29_S28_05,recording_20220312_S29_S28_05,medium,51.07897717909217,2,ok,248.8400455410078,189.89518323762547,99.71670637338057,111.504950345844,29.955430520308948,0.026479550438270327,0.027759126494999283,0.026479550438270327,0.6979166666666666,0.92,1.0,0.4074623985151122,10.426104710292655,0.23091436955268008,0.3280092129191792,0.017633551978985616,0.08376855377327426,10.425545837458582,0.07132524600001489,True,
egobody,egobody_recording_20220312_S29_S28_05_medium_kinect_15_kinect_12_b02786,r3,recording_20220312_S29_S28_05,recording_20220312_S29_S28_05,medium,51.07897717909217,2,ok,229.0452641545108,172.09533186345547,99.71670782061508,111.50495115967483,31.06810414559874,0.02939439185293582,0.1891547789585031,0.02939439185293582,0.5208333333333334,0.92,2.0,0.38281486234886813,4.944053061416883,0.19694451339831948,0.2655046775951557,0.22180722990762639,0.47047199256454764,4.942811637761661,0.3090805439996984,True,
egobody,egobody_recording_20220312_S29_S28_05_small_kinect_11_kinect_15_b02786,r0,recording_20220312_S29_S28_05,recording_20220312_S29_S28_05,small,19.191924578423738,2,ok,432.8432613100886,391.4306679742531,81.22218684199613,90.38920814697512,33.24003052940356,0.563725215764201,0.8733951656142425,0.563725215764201,0.5714285714285714,0.75,1.0,1.9272461972022632,20.325477296041004,0.4226796722673234,1.0649893940226636,1.2333032750654194,1.9318968199222737,20.32547362558491,0.0,True,
egobody,egobody_recording_20220312_S29_S28_05_small_kinect_11_kinect_15_b02786,r1,recording_20220312_S29_S28_05,recording_20220312_S29_S28_05,small,19.191924578423738,2,ok,177.26553025909584,133.51021602970224,81.22218608377298,90.38920787080932,22.970245642268726,0.035384185788015984,0.28860135671277964,0.035384185788015984,0.8571428571428571,0.75,0.0,0.6890856364544314,20.325477296041004,0.15498437566554976,0.2619035042173426,0.0212776898831805,0.7501403299125222,20.32547362558491,0.001438536000023305,True,
egobody,egobody_recording_20220312_S29_S28_05_small_kinect_11_kinect_15_b02786,r2,recording_20220312_S29_S28_05,recording_20220312_S29_S28_05,small,19.191924578423738,2,ok,169.83297375257217,118.71088403588843,81.22218502036881,90.38920688251454,22.659646904164298,0.0215611010756937,0.10982997853328286,0.0215611010756937,0.8571428571428571,0.75,0.0,0.174243676236937,7.106222982533623,0.1465663478070179,0.23664942064174718,0.01144016515368613,0.43792993064119495,7.106212120562469,0.07425621299989871,True,
egobody,egobody_recording_20220312_S29_S28_05_small_kinect_11_kinect_15_b02786,r3,recording_20220312_S29_S28_05,recording_20220312_S29_S28_05,small,19.191924578423738,2,ok,242.85657108949343,219.40025772291446,81.22218517734846,90.38920644726277,24.901231168623255,0.03727484216935229,0.3185966596390897,0.03727484216935229,0.5714285714285714,0.75,1.0,0.818557574001691,23.361121306065495,0.207576173062725,0.4196788964088683,0.27028014303459874,0.9330805849722933,23.361118129309343,0.3086978619994625,True,
egobody,egobody_recording_20220318_S31_S32_01_extreme_kinect_14_kinect_11_b03185,r0,recording_20220318_S31_S32_01,recording_20220318_S31_S32_01,extreme,177.47470299453147,2,ok,1091.3594847347945,1123.0122347002548,51.3442906447254,54.1671787939142,36.882123635531165,3.005389017585518,3.6173219741548808,3.005389017585518,1.0,1.0,0.0,7.230918393267609,175.80282003526588,1.0859831806899438,2.057050990600198,1.998245950573297,7.234225338691399,177.3599310234651,0.0,True,
egobody,egobody_recording_20220318_S31_S32_01_extreme_kinect_14_kinect_11_b03185,r1,recording_20220318_S31_S32_01,recording_20220318_S31_S32_01,extreme,177.47470299453147,2,ok,1093.1460857106024,1122.1247257620703,51.34428952226922,54.167177689843605,36.68285573956611,0.07597215858195287,3.366487193086403,0.07597215858195287,0.75,1.0,1.0,7.51985462185272,175.80282003526588,1.0879446488588758,2.060973926938062,1.9964580698287033,7.486013573337812,177.3599310234651,0.0021314309997251257,True,
egobody,egobody_recording_20220318_S31_S32_01_extreme_kinect_14_kinect_11_b03185,r2,recording_20220318_S31_S32_01,recording_20220318_S31_S32_01,extreme,177.47470299453147,2,ok,1093.660302179573,1117.7368822454873,51.34429033681311,54.16717808364416,36.72391037409972,0.12088574261249022,3.4611261694241877,0.12088574261249022,0.75,1.0,1.0,7.527172748740362,176.5442000971399,1.0882932894677062,2.0616712081557225,2.0006647724200977,7.514528510627214,178.8785093526078,0.07431161400018027,True,
egobody,egobody_recording_20220318_S31_S32_01_extreme_kinect_14_kinect_11_b03185,r3,recording_20220318_S31_S32_01,recording_20220318_S31_S32_01,extreme,177.47470299453147,2,ok,1236.34826249987,1125.6953573179699,51.344287474096745,54.16717555643604,41.42641713783271,0.024156525746743658,2.822074054147239,0.024156525746743658,1.0,1.0,0.0,6.151473404410925,171.89545819981274,1.231398275527464,2.347881180275238,2.3745273227381456,6.055344467490403,172.51887966102507,0.4137474930003009,True,
egobody,egobody_recording_20220318_S31_S32_01_medium_kinect_14_kinect_13_b03185,r0,recording_20220318_S31_S32_01,recording_20220318_S31_S32_01,medium,116.1168296043275,2,ok,994.7395141204876,946.2076578414673,51.065229050705184,52.67415747473423,47.08568982771714,1.453644369754432,3.373461601745904,1.453644369754432,1.0,1.0,0.0,6.76238951220251,115.9668791412354,0.9902357002342821,1.8655560296888742,1.901516864936653,6.772016209393355,116.01098806537681,0.0,True,
egobody,egobody_recording_20220318_S31_S32_01_medium_kinect_14_kinect_13_b03185,r1,recording_20220318_S31_S32_01,recording_20220318_S31_S32_01,medium,116.1168296043275,2,ok,929.4633611528462,903.7195875885993,51.065229074503236,52.67415774172471,43.7294125717591,0.03386459636633829,2.7707901215932833,0.03386459636633829,0.75,1.0,1.0,6.92432276957476,115.9668791412354,0.9271174132354334,1.7393194556911769,1.651043551904284,6.8154909374583665,116.01098806537681,0.002209760999903665,True,
egobody,egobody_recording_20220318_S31_S32_01_medium_kinect_14_kinect_13_b03185,r2,recording_20220318_S31_S32_01,recording_20220318_S31_S32_01,medium,116.1168296043275,2,ok,1077.2774093910975,1110.2983627783585,51.0652294670087,52.674156951191144,47.97889965767539,0.013747329938727614,1.8704539963471718,0.013747329938727614,0.75,1.0,1.0,8.06596629298758,175.9170494011658,1.0736455033545018,2.0323756359293133,1.991119832620703,8.269296433239747,177.54956337920024,0.0772670719998132,True,
egobody,egobody_recording_20220318_S31_S32_01_medium_kinect_14_kinect_13_b03185,r3,recording_20220318_S31_S32_01,recording_20220318_S31_S32_01,medium,116.1168296043275,2,ok,772.8713195011492,767.0336373127155,51.06523257770709,52.67415888258742,41.21307471327867,0.03590950500487504,2.80629121404086,0.03590950500487504,1.0,1.0,0.0,6.767990384650468,175.74806113570256,0.7556171851747342,1.396318999569779,1.4059035259104498,6.6633488574892885,176.13889207298098,0.5276056450002216,True,
egobody,egobody_recording_20220318_S31_S32_01_small_kinect_11_kinect_12_b03185,r0,recording_20220318_S31_S32_01,recording_20220318_S31_S32_01,small,19.808472625035698,2,ok,290.6379126579534,240.45104382825554,46.753027462839576,52.15075988376641,16.707242477363874,0.4483636425172811,0.7667189900101044,0.4483636425172811,0.5,1.0,2.0,1.537226022320768,19.98522070362146,0.273984728570044,0.4863824198407515,0.4170319864492425,1.5387542154569007,19.985196769004325,0.0,True,
egobody,egobody_recording_20220318_S31_S32_01_small_kinect_11_kinect_12_b03185,r1,recording_20220318_S31_S32_01,recording_20220318_S31_S32_01,small,19.808472625035698,2,ok,246.76671270929035,202.55715578948474,46.753027177756216,52.15075985339535,15.903845665855744,0.0687981788127658,0.6711131966185302,0.0687981788127658,0.75,1.0,1.0,1.3235997315493655,19.98522070362146,0.23059332830952958,0.3995996193197227,0.35813213065168004,1.3231353792809648,19.985196769004325,0.00232252099976904,True,
egobody,egobody_recording_20220318_S31_S32_01_small_kinect_11_kinect_12_b03185,r2,recording_20220318_S31_S32_01,recording_20220318_S31_S32_01,small,19.808472625035698,2,ok,104.1953377060191,85.08922337189397,46.75302908463579,52.150762723525055,11.669200153539938,0.011136317782095392,0.10912657012441078,0.011136317782095392,0.75,1.0,1.0,0.12972613544158293,1.0906045571603304,0.08381051551485998,0.10603399373038347,0.01959940583095172,0.2337578066287143,1.0901688840759978,0.07411844900070719,True,
egobody,egobody_recording_20220318_S31_S32_01_small_kinect_11_kinect_12_b03185,r3,recording_20220318_S31_S32_01,recording_20220318_S31_S32_01,small,19.808472625035698,2,ok,146.08289794081864,129.77048550250743,46.753030007018644,52.150760862152865,14.170338707758637,0.010917478198401977,0.09569513452257662,0.010917478198401977,0.5,1.0,2.0,0.15201873595528384,2.585159026230841,0.13573235689883761,0.20987767649833872,0.24081366224184908,0.27486917917391607,2.584975218251219,0.3785997770000904,True,
egobody,egobody_recording_20220318_S32_S31_01_extreme_kinect_11_kinect_14_b03251,r0,recording_20220318_S32_S31_01,recording_20220318_S32_S31_01,extreme,177.463142416097,2,ok,1406.5048804457226,1190.8781672501523,63.52640456399985,70.44151386267148,46.619382111730225,2.822889547400881,3.6136293542739533,2.822889547400881,0.5,1.0,2.0,7.231531493732431,177.88496647491465,1.3762728633227044,2.6676454963435288,2.505159549008512,7.231350027318464,177.88486244981834,0.0,True,
egobody,egobody_recording_20220318_S32_S31_01_extreme_kinect_11_kinect_14_b03251,r1,recording_20220318_S32_S31_01,recording_20220318_S32_S31_01,extreme,177.463142416097,2,ok,1164.4652807012085,1179.8582487833658,63.526404129036905,70.4415135179922,40.64222810639403,0.03819632652928387,2.8344670090296327,0.03819632652928387,0.5,1.0,2.0,8.089624176122054,177.88496647491465,1.1413822741045732,2.1978643179072668,2.0017500515985325,8.035687594671185,177.88486244981834,0.002174262999687926,True,
egobody,egobody_recording_20220318_S32_S31_01_extreme_kinect_11_kinect_14_b03251,r2,recording_20220318_S32_S31_01,recording_20220318_S32_S31_01,extreme,177.463142416097,2,ok,1168.2904764000318,1176.6452392475624,63.52640888634841,70.4415173186549,40.66291745349843,0.04388640699350315,2.9364315937143055,0.04388640699350315,0.5,1.0,2.0,8.070002429508337,180.0,1.142788126925103,2.2006760235483256,2.004780310567922,8.02191418764655,180.0,0.07238786300058564,True,
egobody,egobody_recording_20220318_S32_S31_01_extreme_kinect_11_kinect_14_b03251,r3,recording_20220318_S32_S31_01,recording_20220318_S32_S31_01,extreme,177.463142416097,2,ok,1218.6522368224632,1181.4136905860591,63.526403999677946,70.44151177429016,42.15562475714944,0.0668175058092109,3.171140023403774,0.0668175058092109,0.5,1.0,2.0,7.816632231468501,172.6025898832019,1.1916573464827147,2.2984144626635494,2.112326967797356,7.780582752352884,172.60255884541942,0.45509377399957884,True,
egobody,egobody_recording_20220318_S32_S31_01_medium_kinect_13_kinect_14_b03251,r0,recording_20220318_S32_S31_01,recording_20220318_S32_S31_01,medium,116.1242600246617,2,ok,1088.4142833630433,1036.157929271597,66.3473812383419,76.77260354253548,42.15854522696057,1.6608949712613037,3.370165054523156,1.6608949712613037,1.0,1.0,0.0,6.7762736391912695,117.26837871165499,1.0724410039851313,2.0348899904103903,1.909881877346081,6.775970451950216,117.26838041686975,0.0,True,
egobody,egobody_recording_20220318_S32_S31_01_medium_kinect_13_kinect_14_b03251,r1,recording_20220318_S32_S31_01,recording_20220318_S32_S31_01,medium,116.1242600246617,2,ok,986.8001284135084,976.8917812370044,66.34738413772598,76.77260799130808,39.27274907744351,0.04280103667414625,2.7092861215518718,0.04280103667414625,1.0,1.0,0.0,6.847044677597917,117.26837871165499,0.9739261458878953,1.8378602742159182,1.6708230296008706,6.825093029873972,117.26838041686975,0.0021725189999415306,True,
egobody,egobody_recording_20220318_S32_S31_01_medium_kinect_13_kinect_14_b03251,r2,recording_20220318_S32_S31_01,recording_20220318_S32_S31_01,medium,116.1242600246617,2,ok,233.20533951806166,160.84300162736812,66.34737744590805,76.77259920753177,19.84193438570635,0.009567659284679564,0.35484228835712467,0.009567659284679564,1.0,1.0,0.0,0.8085739503253503,8.523436522308943,0.2287101032061516,0.3474281888524313,0.07560028835636132,0.7192144030570224,8.523430367544453,0.07221408900022652,True,
egobody,egobody_recording_20220318_S32_S31_01_medium_kinect_13_kinect_14_b03251,r3,recording_20220318_S32_S31_01,recording_20220318_S32_S31_01,medium,116.1242600246617,2,ok,2198.235909242734,1182.28993923187,66.34738046996668,76.77260171921257,74.53640369703075,0.005767660305363981,1.64207167926131,0.005767660305363981,1.0,1.0,0.0,7.103711790935959,161.07910073143867,2.1617867195248306,4.21358142148979,4.353521028373983,7.399830118478704,161.07909620861744,0.4563294149993453,True,
egobody,egobody_recording_20220318_S32_S31_01_small_kinect_11_kinect_12_b03251,r0,recording_20220318_S32_S31_01,recording_20220318_S32_S31_01,small,19.799048417466157,2,ok,474.0720111783142,370.75055744814364,58.3588635470395,63.019465620757764,18.159225975443775,0.46959012776395087,0.7680351313671415,0.46959012776395087,0.5,1.0,2.0,1.559019127900194,20.078557706926098,0.4561651616740507,0.8274300930462217,0.6289958022135993,1.5594633045549091,20.078545655968384,0.0,True,
egobody,egobody_recording_20220318_S32_S31_01_small_kinect_11_kinect_12_b03251,r1,recording_20220318_S32_S31_01,recording_20220318_S32_S31_01,small,19.799048417466157,2,ok,256.3874729452666,205.2458833694653,58.35886380142113,63.019466156590234,14.32986397063429,0.028606988654121722,0.5259297239044503,0.028606988654121722,0.75,1.0,1.0,1.0381968383603641,20.078557706926098,0.23144670119124353,0.37799317208060723,0.31229492795291225,1.0466901013373815,20.078545655968384,0.002134573999683198,True,
egobody,egobody_recording_20220318_S32_S31_01_small_kinect_11_kinect_12_b03251,r2,recording_20220318_S32_S31_01,recording_20220318_S32_S31_01,small,19.799048417466157,2,ok,194.2247686102903,139.18197858780826,58.35886674955121,63.01946707745713,11.424522256644519,0.01174980516912323,0.16066863372460422,0.01174980516912323,0.75,1.0,1.0,0.22728796785388322,3.2088550059446543,0.18021720917899778,0.2755341880561158,0.07916921452767646,0.23561020758050366,3.2087808816306667,0.0766731579997213,True,
egobody,egobody_recording_20220318_S32_S31_01_small_kinect_11_kinect_12_b03251,r3,recording_20220318_S32_S31_01,recording_20220318_S32_S31_01,small,19.799048417466157,2,ok,165.9675819692183,148.6680721044408,58.35886127807503,63.01946363619548,14.60278040036231,0.008725892459345413,0.054205166036776074,0.008725892459345413,0.5,1.0,2.0,0.28520969382574735,2.3145238368147507,0.1382356019611508,0.19157097362042189,0.35596970279578855,0.31909944994674105,2.3144212127796346,0.3450524829995629,True,
egobody,egobody_recording_20220318_S32_S31_02_extreme_kinect_14_kinect_11_b03001,r0,recording_20220318_S32_S31_02,recording_20220318_S32_S31_02,extreme,177.46908434331888,2,ok,1455.5214983526976,1238.2964894058273,65.90216123244132,80.12145747160345,56.63105836468335,2.5128425503839233,3.615292731451632,2.5128425503839233,0.5,1.0,2.0,7.218821366514462,175.87954483641258,1.426694591354129,2.686575738881405,2.717071138401509,7.222771749950967,177.48378285961567,0.0,True,
egobody,egobody_recording_20220318_S32_S31_02_extreme_kinect_14_kinect_11_b03001,r1,recording_20220318_S32_S31_02,recording_20220318_S32_S31_02,extreme,177.46908434331888,2,ok,1306.352492328355,1235.8504391738818,65.90215850529509,80.12145641563606,52.50484560322538,0.029811904004037094,2.9218491549051064,0.029811904004037094,0.5,1.0,2.0,6.459928432063512,175.87954483641258,1.2759884953952074,2.385163546963562,2.352471265439976,6.3734710781690636,177.48378285961567,0.001997439000660961,True,
egobody,egobody_recording_20220318_S32_S31_02_extreme_kinect_14_kinect_11_b03001,r2,recording_20220318_S32_S31_02,recording_20220318_S32_S31_02,extreme,177.46908434331888,2,ok,1304.9717756674336,1236.9590454535185,65.90216017246112,80.12145667003361,52.5430210260621,0.028063313832021576,2.878184959078837,0.028063313832021576,0.5,1.0,2.0,6.462703585045123,174.12676205009487,1.2740919110221909,2.3813703782175293,2.354711020599342,6.363161300225263,175.12047774236956,0.07433817499986617,True,
egobody,egobody_recording_20220318_S32_S31_02_extreme_kinect_14_kinect_11_b03001,r3,recording_20220318_S32_S31_02,recording_20220318_S32_S31_02,extreme,177.46908434331888,2,ok,1336.5933129005696,1233.142820662668,65.90215783829284,80.12145520189172,53.17413488692637,0.039504623947103724,3.093697140589408,0.039504623947103724,0.5,1.0,2.0,6.436316555771436,169.0014095938082,1.3034845447635064,2.44015564570016,2.4130149085897554,6.511471091511251,169.4943973529619,0.48539453300054447,True,
egobody,egobody_recording_20220318_S32_S31_02_medium_kinect_13_kinect_14_b03001,r0,recording_20220318_S32_S31_02,recording_20220318_S32_S31_02,medium,116.21867345125742,2,ok,1025.7167334558562,1042.4159572965423,63.40546504215279,75.69840367926884,54.48177111326552,1.6073639198221676,3.371539092887639,1.6073639198221676,0.998330550918197,0.9966666666666667,0.0,6.781363662683894,117.43933068987431,1.0222587895671185,1.9262671452887616,1.9454102291776467,6.7804213756327405,117.43933186833998,0.0,True,
egobody,egobody_recording_20220318_S32_S31_02_medium_kinect_13_kinect_14_b03001,r1,recording_20220318_S32_S31_02,recording_20220318_S32_S31_02,medium,116.21867345125742,2,ok,982.7485605543629,1006.6087068750022,63.40546426680012,75.69840416062016,52.930877552537424,0.049058172120863025,2.8216949187574896,0.049058172120863025,0.7479131886477463,0.9966666666666667,1.0,6.915284295469316,117.43933068987431,0.978427874109516,1.8388975204766076,1.8101099362602957,6.839702907167865,117.43933186833998,0.0021304349993442884,True,
egobody,egobody_recording_20220318_S32_S31_02_medium_kinect_13_kinect_14_b03001,r2,recording_20220318_S32_S31_02,recording_20220318_S32_S31_02,medium,116.21867345125742,2,ok,1173.6380507821123,1228.87691450441,63.40546287670214,75.69839921340433,57.40913010587197,0.017777526158179322,1.824525728231669,0.017777526158179322,0.7479131886477463,0.9966666666666667,1.0,7.9874853219305795,177.94491877588263,1.170326235554881,2.2214149209577014,2.164359326339139,8.213348192502687,177.94494305158256,0.0874736120003945,True,
egobody,egobody_recording_20220318_S32_S31_02_medium_kinect_13_kinect_14_b03001,r3,recording_20220318_S32_S31_02,recording_20220318_S32_S31_02,medium,116.21867345125742,2,ok,1496.7827049458683,1240.9784948406955,63.40546694229331,75.69840502051785,67.48924290694409,0.009443517205974805,0.44537924271833446,0.009443517205974805,0.998330550918197,0.9966666666666667,0.0,7.468284502833946,163.22688862810665,1.4939620177464503,2.8665289134595633,2.9260890619828213,7.901249860086691,163.22689186675342,0.466610768999999,True,
egobody,egobody_recording_20220318_S32_S31_02_small_kinect_11_kinect_12_b03001,r0,recording_20220318_S32_S31_02,recording_20220318_S32_S31_02,small,19.80446864421221,2,ok,508.4157354619454,371.15686318841404,63.29388607754035,71.62770263585463,21.989072488977843,0.40197108620432576,0.757525287314114,0.40197108620432576,0.5,1.0,2.0,1.5532807759354315,20.111071368706483,0.505327323827942,0.8635843405091411,0.6714301176373485,1.5534139072525135,20.111058396147815,0.0,True,
egobody,egobody_recording_20220318_S32_S31_02_small_kinect_11_kinect_12_b03001,r1,recording_20220318_S32_S31_02,recording_20220318_S32_S31_02,small,19.80446864421221,2,ok,287.2280712897685,212.53016895930045,63.29388666925729,71.62770282447583,18.158003702683608,0.03873008285918769,0.5106178036034318,0.03873008285918769,0.75,1.0,1.0,0.9904924940336042,20.111071368706483,0.27684965695866576,0.4066290067705883,0.33972343067436994,0.9949435445843955,20.111058396147815,0.0025688069999887375,True,
egobody,egobody_recording_20220318_S32_S31_02_small_kinect_11_kinect_12_b03001,r2,recording_20220318_S32_S31_02,recording_20220318_S32_S31_02,small,19.80446864421221,2,ok,205.56703675827376,119.16848831339429,63.29388581195868,71.62770270065174,14.681166473474967,0.01624647708928867,0.13858350708499687,0.01624647708928867,0.75,1.0,1.0,0.1720657276545003,1.9164854961914772,0.20499074116900778,0.2629111751912724,0.025320990926953717,0.18369991999939178,1.9163500095622314,0.08244612100043014,True,
egobody,egobody_recording_20220318_S32_S31_02_small_kinect_11_kinect_12_b03001,r3,recording_20220318_S32_S31_02,recording_20220318_S32_S31_02,small,19.80446864421221,2,ok,177.10779231572081,139.95505780489702,63.29388503254048,71.62770162096683,17.391294119391898,0.013822598981169882,0.028579981393694737,0.013822598981169882,0.5,1.0,2.0,0.14352492693138424,3.0563354214624816,0.1723993404918593,0.1977283738369754,0.2759322749318326,0.16545807425553932,3.056250482552489,0.3887132019999626,True,
egobody,egobody_recording_20220318_S33_S34_01_extreme_kinect_14_kinect_11_b03921,r0,recording_20220318_S33_S34_01,recording_20220318_S33_S34_01,extreme,177.41669257912048,2,ok,1519.0653618692866,753.369730209647,69.96962230928546,75.75840098560097,52.24617303298535,2.933003000068022,3.6155887268377955,2.933003000068022,1.0,1.0,0.0,7.222184973778391,176.0522441743603,1.5118302630666383,2.8950522938209295,2.9600759172814834,7.225114261444636,177.7786903656373,0.0,True,
egobody,egobody_recording_20220318_S33_S34_01_extreme_kinect_14_kinect_11_b03921,r1,recording_20220318_S33_S34_01,recording_20220318_S33_S34_01,extreme,177.41669257912048,2,ok,659.1123926342551,696.8976913349355,69.96962335865352,75.75840150922392,29.881477543186914,0.021644196174002112,2.1816960064734476,0.021644196174002112,1.0,1.0,0.0,7.007188679080181,176.0522441743603,0.6585821506678926,1.1885560690234387,1.1697652603725226,6.957003877532234,177.7786903656373,0.002263525000671507,True,
egobody,egobody_recording_20220318_S33_S34_01_extreme_kinect_14_kinect_11_b03921,r2,recording_20220318_S33_S34_01,recording_20220318_S33_S34_01,extreme,177.41669257912048,2,ok,136.48107683023315,111.95353848214211,69.96962113902237,75.75839989457764,16.89551907171867,0.009410225148247431,0.30697634381458716,0.009410225148247431,1.0,1.0,0.0,0.7338198226736349,10.454542377675045,0.12610987862434486,0.12361152493634321,0.054255714174594356,0.5086495852250005,9.930777028637346,0.07242524299999786,True,
egobody,egobody_recording_20220318_S33_S34_01_extreme_kinect_14_kinect_11_b03921,r3,recording_20220318_S33_S34_01,recording_20220318_S33_S34_01,extreme,177.41669257912048,2,ok,1596.4730858446915,758.6082431283314,69.96962205144992,75.75839955920475,54.22942118474718,0.06625250645415819,3.1509488515714965,0.06625250645415819,1.0,1.0,0.0,7.564574236927234,169.74328195375517,1.5903445923093877,3.052080952306429,3.1172103954968895,7.595270185416249,170.27435141003593,0.46930382899972756,True,
egobody,egobody_recording_20220318_S33_S34_01_medium_kinect_13_kinect_14_b03921,r0,recording_20220318_S33_S34_01,recording_20220318_S33_S34_01,medium,116.04562885726455,2,ok,1345.3114679021546,735.01118753752,60.60671681844821,69.40595906782794,47.73692215681428,1.7403878854127401,3.370952605778047,1.7403878854127401,0.5,1.0,2.0,6.77095764821352,117.25360053212852,1.3470529317388056,2.600574895588501,2.5566644886177947,6.770758935524606,117.2536017727926,0.0,True,
egobody,egobody_recording_20220318_S33_S34_01_medium_kinect_13_kinect_14_b03921,r1,recording_20220318_S33_S34_01,recording_20220318_S33_S34_01,medium,116.04562885726455,2,ok,562.1228420668998,543.7841437589988,60.60671746462011,69.40596017083404,27.892381736639646,0.02209852416620166,2.1019940357200655,0.02209852416620166,0.75,1.0,1.0,7.130831054290676,117.25360053212852,0.5624421535179878,1.0313533391468654,1.0090754709809289,7.157944612378484,117.2536017727926,0.002631451000524976,True,
egobody,egobody_recording_20220318_S33_S34_01_medium_kinect_13_kinect_14_b03921,r2,recording_20220318_S33_S34_01,recording_20220318_S33_S34_01,medium,116.04562885726455,2,ok,135.981282933209,88.52131283062164,60.606718128753506,69.40596111709598,15.732832760033519,0.009157778339712276,0.2872338481678745,0.009157778339712276,0.75,1.0,1.0,0.7228918094078872,6.270209632991571,0.1321560938226653,0.1707812197562206,0.013799073279586573,0.6304886772543359,6.270195322754458,0.07596936800018739,True,
egobody,egobody_recording_20220318_S33_S34_01_medium_kinect_13_kinect_14_b03921,r3,recording_20220318_S33_S34_01,recording_20220318_S33_S34_01,medium,116.04562885726455,2,ok,891.665567355771,567.2022943223386,60.606716800310444,69.40596033192068,38.56693039153669,0.00813726088897195,0.10132496238364519,0.00813726088897195,0.5,1.0,2.0,3.1253925735797963,48.508362311349956,0.8858927673728629,1.678254566856616,1.8215348239093645,3.1181496206420247,48.50836102596888,0.4487279640006818,True,
egobody,egobody_recording_20220318_S33_S34_01_small_kinect_12_kinect_11_b03921,r0,recording_20220318_S33_S34_01,recording_20220318_S33_S34_01,small,19.758426189077163,2,ok,390.5805559237023,340.87424201557576,68.32728111247724,69.47773293815732,21.805964896142054,0.7290065379744546,0.7761964235107706,0.7290065379744546,1.0,1.0,0.0,1.572290597792803,19.527532441924542,0.38567200044905964,0.6728504716287886,0.8077118186809118,1.5724587549187736,19.52752235552473,0.0,True,
egobody,egobody_recording_20220318_S33_S34_01_small_kinect_12_kinect_11_b03921,r1,recording_20220318_S33_S34_01,recording_20220318_S33_S34_01,small,19.758426189077163,2,ok,182.2265660616525,145.21676629087864,68.32727897705894,69.4777309911661,14.107007150877138,0.018904472329600262,0.37672349688218476,0.018904472329600262,1.0,1.0,0.0,1.2250668656092691,19.527532441924542,0.16965061342637477,0.24080769758341888,0.19339962589142587,1.2778311310397188,19.52752235552473,0.0020668619999923976,True,
egobody,egobody_recording_20220318_S33_S34_01_small_kinect_12_kinect_11_b03921,r2,recording_20220318_S33_S34_01,recording_20220318_S33_S34_01,small,19.758426189077163,2,ok,141.09326034643072,105.75027506423162,68.32728109507119,69.4777325707907,12.330588863913665,0.010455973472338799,0.05104304779164353,0.010455973472338799,1.0,1.0,0.0,0.14747166439566803,1.1953677272529433,0.1343258635275056,0.17015819778568056,0.011100573809982963,0.25646872252327374,1.1951985673596437,0.0759872879998511,True,
egobody,egobody_recording_20220318_S33_S34_01_small_kinect_12_kinect_11_b03921,r3,recording_20220318_S33_S34_01,recording_20220318_S33_S34_01,small,19.758426189077163,2,ok,163.09061096343547,120.67642740484398,68.32728133956674,69.47773290836106,12.849391552575216,0.011492152935265612,0.11662712597759205,0.011492152935265612,1.0,1.0,0.0,0.3570150139993472,4.0254343791442,0.15484686951744214,0.21120020976555362,0.06107235489216891,0.4502101096057872,4.025384200672181,0.3746589349993883,True,
egobody,egobody_recording_20220318_S33_S34_02_extreme_kinect_11_kinect_14_b03381,r0,recording_20220318_S33_S34_02,recording_20220318_S33_S34_02,extreme,177.412171599804,2,ok,1201.1024106087618,1070.4040623467265,61.86450958565756,70.86658812028877,48.092611451626745,2.5716194250190436,3.614694276554816,2.5716194250190436,1.0,1.0,0.0,7.245099524864169,177.86818671928833,1.1885332575339718,2.287371248862136,2.3640170803945786,7.245179793764698,177.86800898799837,0.0,True,
egobody,egobody_recording_20220318_S33_S34_02_extreme_kinect_11_kinect_14_b03381,r1,recording_20220318_S33_S34_02,recording_20220318_S33_S34_02,extreme,177.412171599804,2,ok,957.2902944853026,1032.8932464565323,61.86450979087149,70.86658820670326,42.50484705476394,0.03238632621160568,2.8375624756963176,0.03238632621160568,0.75,1.0,1.0,8.173785510479277,177.86818671928833,0.9615758715938015,1.8334564769817963,1.9030206030268144,8.222435262104296,177.86800898799837,0.0025079799997911323,True,
egobody,egobody_recording_20220318_S33_S34_02_extreme_kinect_11_kinect_14_b03381,r2,recording_20220318_S33_S34_02,recording_20220318_S33_S34_02,extreme,177.412171599804,2,ok,957.383846981091,1031.3189643416458,61.86451086975841,70.86659127894026,42.51377622014742,0.030081246628617445,2.7772780193892994,0.030081246628617445,0.75,1.0,1.0,8.169844054527076,175.16419783597254,0.9627404522032766,1.8357856382007465,1.9045088225154037,8.226651959234593,175.16411667937328,0.0747978379995402,True,
egobody,egobody_recording_20220318_S33_S34_02_extreme_kinect_11_kinect_14_b03381,r3,recording_20220318_S33_S34_02,recording_20220318_S33_S34_02,extreme,177.412171599804,2,ok,990.8744437715056,1054.9930302465987,61.86451098260057,70.86659017946634,42.8684322345973,0.03634199704270427,2.9230746448499945,0.03634199704270427,1.0,1.0,0.0,8.140748044277254,163.3926867502672,0.9664682179305938,1.8432411696553799,1.9135859169809306,8.178916419998439,163.39266396492417,0.43636467099986476,True,
egobody,egobody_recording_20220318_S33_S34_02_medium_kinect_14_kinect_13_b03381,r0,recording_20220318_S33_S34_02,recording_20220318_S33_S34_02,medium,116.08341309765864,2,ok,1096.5357492686803,990.2400987184329,65.75089426723088,76.09765410453522,45.304612916019664,2.312217578219011,3.376269554463155,2.312217578219011,0.5,1.0,2.0,6.764445482025209,116.29733869257622,1.076594105441372,1.9662035365553983,1.8987564003081885,6.7703696063111005,116.34213197751976,0.0,True,
egobody,egobody_recording_20220318_S33_S34_02_medium_kinect_14_kinect_13_b03381,r1,recording_20220318_S33_S34_02,recording_20220318_S33_S34_02,medium,116.08341309765864,2,ok,960.182852532494,935.8224339908664,65.75089662297866,76.09765605326923,43.96782903455303,0.0400548684312821,2.7394201409449623,0.0400548684312821,0.5,1.0,2.0,5.764145311908694,116.29733869257622,0.9519586846583794,1.7169326949894128,1.7877384088682096,5.821700423401026,116.34213197751976,0.0023120650002965704,True,
egobody,egobody_recording_20220318_S33_S34_02_medium_kinect_14_kinect_13_b03381,r2,recording_20220318_S33_S34_02,recording_20220318_S33_S34_02,medium,116.08341309765864,2,ok,1071.5078247575075,1053.5608859733816,65.75089266851099,76.09765291269387,46.271414389288076,0.02949927337392981,2.504610133417817,0.02949927337392981,0.5,1.0,2.0,6.632847507531734,165.7100634978367,1.0653651063421625,1.9437455383569795,1.9732045901703956,6.516923121761575,166.07762626698644,0.07765404000019771,True,
egobody,egobody_recording_20220318_S33_S34_02_medium_kinect_14_kinect_13_b03381,r3,recording_20220318_S33_S34_02,recording_20220318_S33_S34_02,medium,116.08341309765864,2,ok,2479.5649314077696,1085.6398826024254,65.75089849863409,76.09765607041295,81.82958387663082,0.005185762558425364,1.6180699414463857,0.005185762558425364,0.5,1.0,2.0,7.596617591229401,159.16662034923087,2.4430286909491805,4.699072707571014,4.801204657070997,7.1550864486887935,159.21743984712825,0.5735522530003436,True,
egobody,egobody_recording_20220318_S33_S34_02_small_kinect_12_kinect_11_b03381,r0,recording_20220318_S33_S34_02,recording_20220318_S33_S34_02,small,19.758590485021195,2,ok,394.9234676625252,341.912268146255,57.64360457434143,65.51745602825167,23.63005515527194,0.6107174119329165,0.772210532161648,0.6107174119329165,1.0,1.0,0.0,1.6009397629834057,19.594551965590735,0.38938412518020205,0.6588470697495034,0.828735247501013,1.6015583458853373,19.59454850054574,0.0,True,
egobody,egobody_recording_20220318_S33_S34_02_small_kinect_12_kinect_11_b03381,r1,recording_20220318_S33_S34_02,recording_20220318_S33_S34_02,small,19.758590485021195,2,ok,213.52490130191754,165.99949185928693,57.6436033672324,65.517454670886,17.438597185742108,0.02313291392397486,0.4174297075381614,0.02313291392397486,1.0,1.0,0.0,1.0956610306533674,19.594551965590735,0.21580144434941195,0.31168170808792317,0.31456135239185345,1.0553021804781815,19.59454850054574,0.0022194140001374763,True,
egobody,egobody_recording_20220318_S33_S34_02_small_kinect_12_kinect_11_b03381,r2,recording_20220318_S33_S34_02,recording_20220318_S33_S34_02,small,19.758590485021195,2,ok,163.5321912942198,94.49918948386808,57.64360613519693,65.51745702363502,14.125980875604473,0.011560376476237935,0.055690237650168596,0.011560376476237935,1.0,1.0,0.0,0.19883642737384039,1.516070470600707,0.15966074219228646,0.1994003037736722,0.028400035290371148,0.11099561854872386,1.51602424898825,0.07421400500061281,True,
egobody,egobody_recording_20220318_S33_S34_02_small_kinect_12_kinect_11_b03381,r3,recording_20220318_S33_S34_02,recording_20220318_S33_S34_02,small,19.758590485021195,2,ok,256.3450499036689,164.7778291885312,57.64360555193287,65.51745574117243,16.45585513892885,0.010807368956117915,0.012108477640780718,0.010807368956117915,1.0,1.0,0.0,0.3849145230090473,1.2020829601681997,0.2544838863053076,0.38904659199971436,0.21974399775317222,0.29133055238073563,1.2020246626823852,0.41648213999997097,True,
egobody,egobody_recording_20220318_S34_S33_01_extreme_kinect_11_kinect_14_b02656,r0,recording_20220318_S34_S33_01,recording_20220318_S34_S33_01,extreme,177.65196146631197,2,ok,1069.8054863906314,780.4738653459787,80.16845793853271,85.95783406622637,34.75705535114998,3.277713544012012,3.617388302756076,3.277713544012012,1.0,1.0,0.0,7.238413291670228,177.5798268725185,1.1890218532527737,2.2299950271531794,2.071197798499537,7.233977342037715,177.57972789333556,0.0,True,
egobody,egobody_recording_20220318_S34_S33_01_extreme_kinect_11_kinect_14_b02656,r1,recording_20220318_S34_S33_01,recording_20220318_S34_S33_01,extreme,177.65196146631197,2,ok,1008.2684888253771,770.6289697083595,80.16845743169866,85.95783420714992,33.84067357641359,0.0745867267700367,3.381630876601945,0.0745867267700367,1.0,1.0,0.0,6.706317196884928,177.5798268725185,1.1264375656444658,2.104826451936564,1.9798763824761054,6.786303440700372,177.57972789333556,0.0020474370003285003,True,
egobody,egobody_recording_20220318_S34_S33_01_extreme_kinect_11_kinect_14_b02656,r2,recording_20220318_S34_S33_01,recording_20220318_S34_S33_01,extreme,177.65196146631197,2,ok,458.4927305600315,288.8543662623999,80.16845496697626,85.95783114246682,22.176638441858433,0.006087508549944516,0.7002553022011436,0.006087508549944516,1.0,1.0,0.0,0.6131315326757298,9.632845871787422,0.394628111324856,0.641207543297344,0.3482606678118361,1.7376388674830263,9.632822603923696,0.07216890700055956,True,
egobody,egobody_recording_20220318_S34_S33_01_extreme_kinect_11_kinect_14_b02656,r3,recording_20220318_S34_S33_01,recording_20220318_S34_S33_01,extreme,177.65196146631197,2,ok,2015.1157979108875,791.6128435198717,80.16845535134009,85.95783233011842,54.99770721141574,0.007534243398590081,1.2596568556963643,0.007534243398590081,1.0,1.0,0.0,8.508030019614026,165.0226604799434,2.0544261280939433,3.960803576835518,3.901343008274019,7.500115580443535,165.02268397489772,0.3558679799998572,True,
egobody,egobody_recording_20220318_S34_S33_01_medium_kinect_14_kinect_13_b02656,r0,recording_20220318_S34_S33_01,recording_20220318_S34_S33_01,medium,116.09364276526574,2,ok,805.2320041884202,743.5031442192537,82.7272195986035,92.01062871401213,39.46756782895677,2.0366717952272047,3.377015654583458,2.0366717952272047,0.5,1.0,2.0,6.7720003995056794,116.23334079132836,0.9255482604484558,1.7302621182045261,1.9100881008343809,6.780227924249464,116.27802647934404,0.0,True,
egobody,egobody_recording_20220318_S34_S33_01_medium_kinect_14_kinect_13_b02656,r1,recording_20220318_S34_S33_01,recording_20220318_S34_S33_01,medium,116.09364276526574,2,ok,718.6627525175231,708.1033521346872,82.72721843721538,92.01062444056855,33.5446640525555,0.03018328791102993,2.6613880804395817,0.03018328791102993,0.75,1.0,1.0,7.356957932024313,116.23334079132836,0.8400776452808251,1.5593208878692644,1.4655512468607745,7.424084748506763,116.27802647934404,0.0020644500000344124,True,
egobody,egobody_recording_20220318_S34_S33_01_medium_kinect_14_kinect_13_b02656,r2,recording_20220318_S34_S33_01,recording_20220318_S34_S33_01,medium,116.09364276526574,2,ok,204.55711025341415,196.74723903322635,82.72722137701406,92.01063075576795,21.028301381538128,0.006878406837268276,0.2060875609266055,0.006878406837268276,0.75,1.0,1.0,0.8632895800193752,11.169593117941009,0.19261319332572419,0.2643919839590628,0.1428112291387168,0.859634761927892,10.682803752623352,0.07246818800012989,True,
egobody,egobody_recording_20220318_S34_S33_01_medium_kinect_14_kinect_13_b02656,r3,recording_20220318_S34_S33_01,recording_20220318_S34_S33_01,medium,116.09364276526574,2,ok,1453.9490531825813,770.1697306546165,82.72722077754183,92.0106308343448,52.264670487157275,0.0072032811943049365,0.35087186053777497,0.0072032811943049365,0.5,1.0,2.0,2.9581796295129927,63.83365702305809,1.4743969660349232,2.827959529377461,2.839376250626715,3.2165294006935423,63.785394620855186,0.43696187299974554,True,
egobody,egobody_recording_20220318_S34_S33_01_small_kinect_12_kinect_11_b02656,r0,recording_20220318_S34_S33_01,recording_20220318_S34_S33_01,small,19.94263228193401,2,ok,256.99373558130725,194.04128599382327,78.75103171130695,86.79376876043959,23.73886117917073,0.5922829047498499,0.7797929733268842,0.5922829047498499,1.0,1.0,0.0,1.5932354211286335,19.57829581578298,0.22628752912071226,0.28280468833751493,0.31950665947822804,1.5932356382306299,19.578299470246193,0.0,True,
egobody,egobody_recording_20220318_S34_S33_01_small_kinect_12_kinect_11_b02656,r1,recording_20220318_S34_S33_01,recording_20220318_S34_S33_01,small,19.94263228193401,2,ok,328.9222296133595,200.19396423135663,78.75103125459154,86.79376823280683,21.726688437185057,0.03927422986394479,0.6567148551959137,0.03927422986394479,1.0,1.0,0.0,1.563729958544297,19.57829581578298,0.3043596495428452,0.438948929181781,0.14863706954648792,1.574521534114578,19.578299470246193,0.0026906299999609473,True,
egobody,egobody_recording_20220318_S34_S33_01_small_kinect_12_kinect_11_b02656,r2,recording_20220318_S34_S33_01,recording_20220318_S34_S33_01,small,19.94263228193401,2,ok,322.3521404727403,195.21671168305733,78.75103561971382,86.79377212765081,21.48867377868163,0.018188764995951654,0.5070088045626379,0.018188764995951654,1.0,1.0,0.0,1.1048250036063263,12.22943310499022,0.29111455262714825,0.41245873535038685,0.08715724925878264,1.1237468244321966,12.229439089427649,0.08753211600014765,True,
egobody,egobody_recording_20220318_S34_S33_01_small_kinect_12_kinect_11_b02656,r3,recording_20220318_S34_S33_01,recording_20220318_S34_S33_01,small,19.94263228193401,2,ok,260.07213179014485,205.78410641504345,78.75103256780278,86.79376948234672,23.72107038878386,0.008066666981318991,0.1569543571538818,0.008066666981318991,1.0,1.0,0.0,0.3106570483083034,3.952696568738706,0.22847457007117436,0.2871787702384392,0.3261321221559936,0.3373991237333066,3.9527153226238156,0.24094122400038032,True,
egobody,egobody_recording_20220318_S34_S33_02_extreme_kinect_11_kinect_14_b04321,r0,recording_20220318_S34_S33_02,recording_20220318_S34_S33_02,extreme,177.65196146631197,2,ok,990.3874398709205,1038.2895440651228,81.37144979383774,91.2248809286903,46.24618924190243,2.976296919653355,3.6127285854995446,2.976296919653355,1.0,1.0,0.0,7.242400800816204,177.45231575318542,1.064848290844675,2.049796702220674,2.0682566432753937,7.247401165573346,177.45219080710598,0.0,True,
egobody,egobody_recording_20220318_S34_S33_02_extreme_kinect_11_kinect_14_b04321,r1,recording_20220318_S34_S33_02,recording_20220318_S34_S33_02,extreme,177.65196146631197,2,ok,985.9930053177497,1033.8471207231785,81.37145056999252,91.22488218306309,46.09542229172353,0.24218017549575876,3.4762701331590558,0.24218017549575876,1.0,1.0,0.0,7.440867856573842,177.45231575318542,1.0593670287687706,2.038834178068865,2.0613244336623984,7.472528917547115,177.45219080710598,0.0021925250002823304,True,
egobody,egobody_recording_20220318_S34_S33_02_extreme_kinect_11_kinect_14_b04321,r2,recording_20220318_S34_S33_02,recording_20220318_S34_S33_02,extreme,177.65196146631197,2,ok,188.81105716436244,160.99706824441566,81.37144862088067,91.22487884186036,24.07296269158619,0.010845510995114917,0.37399824681328897,0.010845510995114917,1.0,1.0,0.0,0.40011382637224424,4.688294989246192,0.14354663130217246,0.20719338313566849,0.05950667207506201,0.7422740947690967,4.6882453265437904,0.08102105499983736,True,
egobody,egobody_recording_20220318_S34_S33_02_extreme_kinect_11_kinect_14_b04321,r3,recording_20220318_S34_S33_02,recording_20220318_S34_S33_02,extreme,177.65196146631197,2,ok,1173.9433655562093,901.2700775766617,81.3714477632389,91.22487809477691,48.21378978751403,0.008770710123174083,0.39401217095083363,0.008770710123174083,1.0,1.0,0.0,3.4973296781955083,41.19911246882386,1.1629924495094377,2.246085019550199,2.2292289045430067,4.2844832342548145,41.19910669573254,0.4730584559993076,True,
egobody,egobody_recording_20220318_S34_S33_02_medium_kinect_13_kinect_14_b04321,r0,recording_20220318_S34_S33_02,recording_20220318_S34_S33_02,medium,116.09364276526574,2,ok,1026.62843349954,846.0839781126168,78.02884750625654,87.66087543941433,48.132430878218706,1.8000039514665112,3.3745846534756327,1.8000039514665112,1.0,1.0,0.0,6.779092611616588,116.95665463297213,1.068009770499091,1.9562455257133775,1.914134000705264,6.780079746974309,116.95665562925977,0.0,True,
egobody,egobody_recording_20220318_S34_S33_02_medium_kinect_13_kinect_14_b04321,r1,recording_20220318_S34_S33_02,recording_20220318_S34_S33_02,medium,116.09364276526574,2,ok,937.1511196805319,839.4816490337469,78.0288473451546,87.66087598192073,46.374683038037034,0.06357401174103461,3.0470039858422,0.06357401174103461,1.0,1.0,0.0,6.397081307252638,116.95665463297213,0.9914544898578819,1.803134964430959,1.8013231821312574,6.5140189192255935,116.95665562925977,0.0021495869996215333,True,
egobody,egobody_recording_20220318_S34_S33_02_medium_kinect_13_kinect_14_b04321,r2,recording_20220318_S34_S33_02,recording_20220318_S34_S33_02,medium,116.09364276526574,2,ok,293.0761459143555,217.6457583221374,78.02884455465441,87.66087238121385,31.019556023616282,0.00702089051434823,0.3113545766343203,0.00702089051434823,1.0,1.0,0.0,0.6021977668376187,4.621143696722684,0.23497161167195316,0.2901692080591015,0.21402501069347318,1.2991691533288383,4.621122197780682,0.07708541699958005,True,
egobody,egobody_recording_20220318_S34_S33_02_medium_kinect_13_kinect_14_b04321,r3,recording_20220318_S34_S33_02,recording_20220318_S34_S33_02,medium,116.09364276526574,2,ok,1118.0632736565246,848.6013035698844,78.0288428514135,87.6608722182786,49.07247276267246,0.007274862396751868,0.41907005187050783,0.007274862396751868,1.0,1.0,0.0,3.285247961849148,48.509963801131036,1.08534837410797,1.9909227329311359,2.0722175199811903,4.122546007366936,48.50996223097991,0.6254779110004165,True,
egobody,egobody_recording_20220318_S34_S33_02_small_kinect_12_kinect_11_b04321,r0,recording_20220318_S34_S33_02,recording_20220318_S34_S33_02,small,19.94263228193401,2,ok,304.5607114328089,228.6633470797734,70.03547800935652,75.65981755419482,22.546883205992923,0.4722243264222736,0.7703439126844577,0.4722243264222736,1.0,1.0,0.0,1.6295805899453248,19.794946476585526,0.28803395664570036,0.4316550899591467,0.45610523745531995,1.6288229873564735,19.794947906816535,0.0,True,
egobody,egobody_recording_20220318_S34_S33_02_small_kinect_12_kinect_11_b04321,r1,recording_20220318_S34_S33_02,recording_20220318_S34_S33_02,small,19.94263228193401,2,ok,264.6022030827455,195.68104056316318,70.03547718959956,75.65981828157852,20.157905093677158,0.050804192336432956,0.5966079201274453,0.050804192336432956,1.0,1.0,0.0,1.3345318185202784,19.794946476585526,0.2541104255473945,0.36380802776253485,0.29550150850210466,1.2997185247351282,19.794947906816535,0.002075119000437553,True,
egobody,egobody_recording_20220318_S34_S33_02_small_kinect_12_kinect_11_b04321,r2,recording_20220318_S34_S33_02,recording_20220318_S34_S33_02,small,19.94263228193401,2,ok,199.28482550925222,137.75508554518353,70.03547778249201,75.65981567950807,18.712740462772842,0.01696007716000477,0.2194149104145398,0.01696007716000477,1.0,1.0,0.0,0.46836653453463967,4.874071776211837,0.17715122949654025,0.2098896356608264,0.14053129490245164,0.4219683374077946,4.874077806868637,0.07376192799983983,True,
egobody,egobody_recording_20220318_S34_S33_02_small_kinect_12_kinect_11_b04321,r3,recording_20220318_S34_S33_02,recording_20220318_S34_S33_02,small,19.94263228193401,2,ok,213.657481702187,167.6019845085966,70.03547997227957,75.65981953110592,19.995749781707758,0.013860465087453285,0.09295387472143754,0.013860465087453285,1.0,1.0,0.0,0.09683299454834905,2.38088735947468,0.1940980775175911,0.2437833317029281,0.2412894416651282,0.15237689688513575,2.3808997275678143,0.40659986900027434,True,
egobody,egobody_recording_20220318_S34_S33_03_extreme_kinect_11_kinect_14_b03186,r0,recording_20220318_S34_S33_03,recording_20220318_S34_S33_03,extreme,177.44670276946619,2,ok,1317.3885311053198,1057.3726233351,67.59387674615449,76.28408953572541,48.26463232315507,2.814102151185905,3.615514881042007,2.814102151185905,1.0,1.0,0.0,7.251218175221884,177.596370405313,1.3010415906043726,2.512207220967674,2.4166785319762005,7.250553286988493,177.59626073981417,0.0,True,
egobody,egobody_recording_20220318_S34_S33_03_extreme_kinect_11_kinect_14_b03186,r1,recording_20220318_S34_S33_03,recording_20220318_S34_S33_03,extreme,177.44670276946619,2,ok,1008.5424262046068,1041.9071275287722,67.59387678749313,76.28408941403661,39.80585055521199,0.033509429867797404,2.8123076333759975,0.033509429867797404,1.0,1.0,0.0,8.357726106052082,177.596370405313,1.0049329810078926,1.919990001774714,1.7458093507777552,8.315454473245737,177.59626073981417,0.0025267490000260295,True,
egobody,egobody_recording_20220318_S34_S33_03_extreme_kinect_11_kinect_14_b03186,r2,recording_20220318_S34_S33_03,recording_20220318_S34_S33_03,extreme,177.44670276946619,2,ok,178.02951059763194,137.74876575857255,67.59387993109466,76.28409260326895,20.21822023253711,0.008737819524692544,0.508545785902708,0.008737819524692544,1.0,1.0,0.0,0.6159652483197143,3.5484424452517085,0.15801135615910372,0.22614675207713597,0.04559591641562054,0.5509481389970025,3.548358874492245,0.08866385700002866,True,
egobody,egobody_recording_20220318_S34_S33_03_extreme_kinect_11_kinect_14_b03186,r3,recording_20220318_S34_S33_03,recording_20220318_S34_S33_03,extreme,177.44670276946619,2,ok,1083.3392016334064,1047.2156499193718,67.5938781628969,76.28409219085952,42.1976530217287,0.0652607440608626,3.2071704875489435,0.0652607440608626,1.0,1.0,0.0,7.7943309019929465,176.36531917061808,1.07314644246787,2.0564169246946684,1.9264966186171208,7.766039629752626,176.36524419053853,0.5170457920003173,True,
egobody,egobody_recording_20220318_S34_S33_03_medium_kinect_14_kinect_13_b03186,r0,recording_20220318_S34_S33_03,recording_20220318_S34_S33_03,medium,116.09037414376164,2,ok,1106.779695973022,867.2685878296248,70.34350332487533,82.0420600402717,39.706493964286985,1.813177941037953,3.373741046757923,1.813177941037953,1.0,1.0,0.0,6.754631868567852,116.20202234955715,1.076773958315243,2.0177355041968354,1.7908178362908709,6.761951509999513,116.24663317902095,0.0,True,
egobody,egobody_recording_20220318_S34_S33_03_medium_kinect_14_kinect_13_b03186,r1,recording_20220318_S34_S33_03,recording_20220318_S34_S33_03,medium,116.09037414376164,2,ok,1001.2560457005429,818.7879312227951,70.34350133450378,82.04205832151916,37.71034564868753,0.04874949874996195,2.8877717232896623,0.04874949874996195,1.0,1.0,0.0,5.873601237642017,116.20202234955715,0.9797886625867837,1.8237649127399171,1.6679616638602512,5.87821537043268,116.24663317902095,0.002059561999885773,True,
egobody,egobody_recording_20220318_S34_S33_03_medium_kinect_14_kinect_13_b03186,r2,recording_20220318_S34_S33_03,recording_20220318_S34_S33_03,medium,116.09037414376164,2,ok,231.69370250482467,152.31253984499324,70.34350279962587,82.0420586025473,21.549980974725234,0.00853386572044268,0.5260816093137367,0.00853386572044268,1.0,1.0,0.0,0.5664927143090935,5.43796508517316,0.19745883599571012,0.25910525955776953,0.218772875892183,0.650565318959732,4.344419893899126,0.07228004399985366,True,
egobody,egobody_recording_20220318_S34_S33_03_medium_kinect_14_kinect_13_b03186,r3,recording_20220318_S34_S33_03,recording_20220318_S34_S33_03,medium,116.09037414376164,2,ok,1151.3574020439107,789.8487831457556,70.34350565510005,82.04205935229378,44.13813213204501,0.008188502641050133,0.40660046774260905,0.008188502641050133,1.0,1.0,0.0,3.2805741226457914,52.00242506162568,1.1211845242878364,2.1065566361420225,2.228479750324972,3.4074601124686708,51.92918607591062,0.6825527700002567,True,
egobody,egobody_recording_20220318_S34_S33_03_small_kinect_11_kinect_12_b03186,r0,recording_20220318_S34_S33_03,recording_20220318_S34_S33_03,small,19.77927135891685,2,ok,495.0652032347185,373.52705052366343,64.0974786323847,72.27736154134703,21.82737363640976,0.5721258047271207,0.7717154394505789,0.5721258047271207,0.5,1.0,2.0,1.543660235085143,19.876303911464614,0.4793792076148986,0.8688824549887257,0.7250340868022649,1.5433037008002448,19.876288737758262,0.0,True,
egobody,egobody_recording_20220318_S34_S33_03_small_kinect_11_kinect_12_b03186,r1,recording_20220318_S34_S33_03,recording_20220318_S34_S33_03,small,19.77927135891685,2,ok,246.4593136397604,190.64462388488033,64.09747720640725,72.27736066609327,17.19470017610917,0.027221737791431555,0.4823405794273836,0.027221737791431555,0.75,1.0,1.0,0.8855557944707705,19.876303911464614,0.22601539305882787,0.3621548258765843,0.32179987318832803,0.8884406863234078,19.876288737758262,0.0021499029999176855,True,
egobody,egobody_recording_20220318_S34_S33_03_small_kinect_11_kinect_12_b03186,r2,recording_20220318_S34_S33_03,recording_20220318_S34_S33_03,small,19.77927135891685,2,ok,162.2526075131648,113.30318770740794,64.09747729900332,72.27736145592974,14.777220414443644,0.011778605061286494,0.09083015655339116,0.011778605061286494,0.75,1.0,1.0,0.09113089420505924,1.1513765499559032,0.14479868038556953,0.1997214005300676,0.1157394003945188,0.06613821034028625,1.151118808787401,0.07597718600027292,True,
egobody,egobody_recording_20220318_S34_S33_03_small_kinect_11_kinect_12_b03186,r3,recording_20220318_S34_S33_03,recording_20220318_S34_S33_03,small,19.77927135891685,2,ok,201.65119939714705,162.87547635753143,64.09747822236932,72.2773623103963,17.093360083270085,0.010299594004676404,0.013065038018430997,0.010299594004676404,0.5,1.0,2.0,0.2689712799035954,3.9136724493046695,0.17891832868287813,0.2679606971246848,0.30967897530292654,0.253286068049186,3.9135967097164643,0.47460580300048605,True,
egobody,egobody_recording_20220415_S35_S36_01_extreme_kinect_14_kinect_13_b02261,r0,recording_20220415_S35_S36_01,recording_20220415_S35_S36_01,extreme,172.49988670938046,2,ok,984.9741496335505,995.5028013573917,59.830357374335335,68.73517955025343,37.43335267419169,1.454059704371064,2.9004790177690465,1.454059704371064,0.5,1.0,2.0,5.823854508004994,171.8767171532612,0.9758888502880516,1.8740356169720327,1.8470187839521899,5.82470982051077,171.87669025342385,0.0,True,
egobody,egobody_recording_20220415_S35_S36_01_extreme_kinect_14_kinect_13_b02261,r1,recording_20220415_S35_S36_01,recording_20220415_S35_S36_01,extreme,172.49988670938046,2,ok,968.7351934632925,996.1138452272739,59.830358621210785,68.73518162802856,37.121928859875275,0.10128076391172884,2.7560765427753267,0.10128076391172884,0.75,1.0,1.0,5.694516862698125,171.8767171532612,0.9612129550434522,1.8446838264828338,1.8215210323947502,5.680176451156925,171.87669025342385,0.0022677309998471173,True,
egobody,egobody_recording_20220415_S35_S36_01_extreme_kinect_14_kinect_13_b02261,r2,recording_20220415_S35_S36_01,recording_20220415_S35_S36_01,extreme,172.49988670938046,2,ok,97.20811863109712,63.08032927033843,59.83035697705493,68.73518066276664,14.753502630206729,0.006049561155764944,0.3393128111851838,0.006049561155764944,0.75,1.0,1.0,0.39513897832778583,5.99306897232969,0.0932450721258821,0.10874806064769371,0.05939979141863235,0.2588727565282501,5.99307693150331,0.07518584199988254,True,
egobody,egobody_recording_20220415_S35_S36_01_extreme_kinect_14_kinect_13_b02261,r3,recording_20220415_S35_S36_01,recording_20220415_S35_S36_01,extreme,172.49988670938046,2,ok,972.5088107877541,984.4054953131173,59.830356239210836,68.73517946922148,37.27363527218503,0.04508765394294617,2.56477115848311,0.04508765394294617,0.5,1.0,2.0,5.560350698278836,176.29603441711978,0.9660295313136786,1.854316979023287,1.8349816598985784,5.526371174560712,176.2959736180868,0.24612872899979266,True,
egobody,egobody_recording_20220415_S35_S36_01_medium_kinect_15_kinect_13_b02261,r0,recording_20220415_S35_S36_01,recording_20220415_S35_S36_01,medium,88.68425090421236,2,ok,771.8046993982016,691.8368023742742,61.916614510943326,72.49508970444771,31.280123602840526,1.352804580881688,2.4007771689884088,1.352804580881688,1.0,1.0,0.0,4.8142996198127825,88.65216466011967,0.7362778054169787,1.4189012459575354,1.3713552606921755,4.814659032649472,88.65216148629708,0.0,True,
egobody,egobody_recording_20220415_S35_S36_01_medium_kinect_15_kinect_13_b02261,r1,recording_20220415_S35_S36_01,recording_20220415_S35_S36_01,medium,88.68425090421236,2,ok,720.7457264222468,640.8746656633123,61.916614696154454,72.49509128666759,29.916164727895776,0.024498619781160358,2.0185905904760957,0.024498619781160358,1.0,1.0,0.0,4.050304691276284,88.65216466011967,0.6915005185399404,1.3293466722034586,1.2727358019883668,4.072349901958123,88.65216148629708,0.002132571999936772,True,
egobody,egobody_recording_20220415_S35_S36_01_medium_kinect_15_kinect_13_b02261,r2,recording_20220415_S35_S36_01,recording_20220415_S35_S36_01,medium,88.68425090421236,2,ok,100.49072642303159,87.03200513274463,61.916614935673074,72.49509169032643,15.179625983201989,0.004533061493423693,0.31240548231610005,0.004533061493423693,1.0,1.0,0.0,0.19991794063702648,4.449702736408826,0.06411796985854323,0.07458157484066445,0.06643699195424146,0.3832309255790933,4.449701111128137,0.07513403600023594,True,
egobody,egobody_recording_20220415_S35_S36_01_medium_kinect_15_kinect_13_b02261,r3,recording_20220415_S35_S36_01,recording_20220415_S35_S36_01,medium,88.68425090421236,2,ok,716.8961458699997,686.0576951948593,61.91661564344504,72.4950907456689,29.976993987740325,0.010015645260082993,1.4584117287336043,0.010015645260082993,1.0,1.0,0.0,3.360767040324209,83.26123860924534,0.6620818854944407,1.2705094061124593,1.21455548987967,3.452067021463796,83.26123574030133,0.33027034499991714,True,
egobody,egobody_recording_20220415_S35_S36_01_small_kinect_11_kinect_12_b02261,r0,recording_20220415_S35_S36_01,recording_20220415_S35_S36_01,small,31.106017345157483,2,ok,352.3866567668765,320.14190990546666,59.09733228295594,67.1097364068744,18.20491100179299,0.7211968849308154,0.9446900598971866,0.7211968849308154,1.0,1.0,0.0,1.9395495884548142,31.248206063643302,0.3455124300277312,0.6316941661925329,0.6632429926670331,1.940720869457469,31.24820610725458,0.0,True,
egobody,egobody_recording_20220415_S35_S36_01_small_kinect_11_kinect_12_b02261,r1,recording_20220415_S35_S36_01,recording_20220415_S35_S36_01,small,31.106017345157483,2,ok,272.8880129936687,250.25289916177056,59.097331520990664,67.10973464282033,15.80909871646336,0.05446248818123055,0.7226915721762862,0.05446248818123055,1.0,1.0,0.0,1.462200048833012,31.248206063643302,0.2687376685010566,0.4781446431391838,0.4633592574748866,1.4642947232004984,31.24820610725458,0.002910524000071746,True,
egobody,egobody_recording_20220415_S35_S36_01_small_kinect_11_kinect_12_b02261,r2,recording_20220415_S35_S36_01,recording_20220415_S35_S36_01,small,31.106017345157483,2,ok,89.27131629692762,72.06024855808114,59.09733166834068,67.10973637553722,10.73083183164546,0.014680944111000483,0.09000620353206872,0.014680944111000483,1.0,1.0,0.0,0.16844320700151155,2.750825896511067,0.08071567955389052,0.10210066524485166,0.037556029357863244,0.17866370582560923,2.750823917436557,0.0856545050000932,True,
egobody,egobody_recording_20220415_S35_S36_01_small_kinect_11_kinect_12_b02261,r3,recording_20220415_S35_S36_01,recording_20220415_S35_S36_01,small,31.106017345157483,2,ok,144.98678113724836,114.93669115953885,59.09733084311406,67.10973456456432,12.27007389060628,0.014473132494480954,0.07762052424917029,0.014473132494480954,1.0,1.0,0.0,0.10029206681922236,4.406264874934833,0.13624328570082986,0.21315587753873036,0.18066158401489163,0.1464494270848828,4.406263686586992,0.3132543789997726,True,
egobody,egobody_recording_20220415_S35_S36_02_extreme_kinect_13_kinect_14_b02241,r0,recording_20220415_S35_S36_02,recording_20220415_S35_S36_02,extreme,172.53482342388367,2,ok,832.1301317203599,852.8096729850904,72.9402445955575,82.30691721300698,38.10597565616155,1.266556218826606,2.8982946204590703,1.266556218826606,1.0,1.0,0.0,5.8389276843340046,172.5188961478048,0.9301219262816844,1.7824047461786354,1.6975993263799662,5.838107482974365,172.51888340622705,0.0,True,
egobody,egobody_recording_20220415_S35_S36_02_extreme_kinect_13_kinect_14_b02241,r1,recording_20220415_S35_S36_02,recording_20220415_S35_S36_02,extreme,172.53482342388367,2,ok,811.15900745929,852.619265672919,72.9402432006054,82.30691595504905,37.63906331844597,0.11206991322465076,2.7570874139769392,0.11206991322465076,1.0,1.0,0.0,5.953096810753963,172.5188961478048,0.9134196482042789,1.7490001900238243,1.6728599887720081,5.971858679948743,172.51888340622705,0.0022307549998004106,True,
egobody,egobody_recording_20220415_S35_S36_02_extreme_kinect_13_kinect_14_b02241,r2,recording_20220415_S35_S36_02,recording_20220415_S35_S36_02,extreme,172.53482342388367,2,ok,142.02919018703042,109.84011366874816,72.94024467914345,82.30691795829418,19.24490680079721,0.00679527731627178,0.4058047152429117,0.00679527731627178,1.0,1.0,0.0,0.7229700158578192,6.351393169363784,0.12929222271776286,0.18074533905079215,0.04633006936590642,0.7342296523546373,6.351385702832374,0.07237559300028806,True,
egobody,egobody_recording_20220415_S35_S36_02_extreme_kinect_13_kinect_14_b02241,r3,recording_20220415_S35_S36_02,recording_20220415_S35_S36_02,extreme,172.53482342388367,2,ok,808.556152067768,849.3982995529163,72.94024342060062,82.30691608274944,37.861821435552145,0.05242123156672625,2.584564856525039,0.05242123156672625,1.0,1.0,0.0,6.246000337096518,175.174878603187,0.9178507501446821,1.7578623939046307,1.694332986541984,6.279001105604217,175.17485921795083,0.3784946050000144,True,
egobody,egobody_recording_20220415_S35_S36_02_medium_kinect_13_kinect_15_b02241,r0,recording_20220415_S35_S36_02,recording_20220415_S35_S36_02,medium,88.71913291540228,2,ok,635.0729926044022,595.6710341251924,70.18857682216661,77.96411745993154,34.022916288449316,1.0136695641725237,2.3976878776998243,1.0136695641725237,1.0,1.0,0.0,4.826351271968253,88.69843724095064,0.6381606858512235,1.1984822653177134,1.122275409710313,4.8250940920080145,88.69843600503621,0.0,True,
egobody,egobody_recording_20220415_S35_S36_02_medium_kinect_13_kinect_15_b02241,r1,recording_20220415_S35_S36_02,recording_20220415_S35_S36_02,medium,88.71913291540228,2,ok,541.550423867802,526.0181988165159,70.18857592797018,77.96411593747557,32.43820898836424,0.028264839037883446,2.021189257076865,0.028264839037883446,1.0,1.0,0.0,4.547257134063523,88.69843724095064,0.6013348077382177,1.1248305090917017,1.066207497996959,4.508982786750576,88.69843600503621,0.002193313000134367,True,
egobody,egobody_recording_20220415_S35_S36_02_medium_kinect_13_kinect_15_b02241,r2,recording_20220415_S35_S36_02,recording_20220415_S35_S36_02,medium,88.71913291540228,2,ok,110.7257901121894,86.7522202251121,70.18857692314512,77.96411855222719,20.908800861814573,0.005425091322555955,0.39685621799655324,0.005425091322555955,1.0,1.0,0.0,0.6880016375751813,6.945539868835105,0.1071733275529034,0.13650754872107324,0.058436911235154335,0.7154635431302139,6.945533044359887,0.07217026299986173,True,
egobody,egobody_recording_20220415_S35_S36_02_medium_kinect_13_kinect_15_b02241,r3,recording_20220415_S35_S36_02,recording_20220415_S35_S36_02,medium,88.71913291540228,2,ok,621.280571219997,626.2638966932518,70.18857726883711,77.9641180946634,35.06761028540325,0.011956407585528848,1.49507236743124,0.011956407585528848,1.0,1.0,0.0,4.130491693957695,89.69425324935327,0.6512472950405471,1.2246554836963606,1.186145957245326,4.05974893729638,89.69425200887851,0.31417186799990304,True,
egobody,egobody_recording_20220415_S35_S36_02_small_kinect_11_kinect_12_b02241,r0,recording_20220415_S35_S36_02,recording_20220415_S35_S36_02,small,31.096398207097053,2,ok,360.7727923736768,297.1544868709228,71.62024997610098,77.33288971524009,22.479552554311038,0.7134152219188435,0.9441121015445845,0.7134152219188435,1.0,1.0,0.0,1.9388186277079,31.154736755567768,0.3567108727358491,0.6179851622538025,0.6030297310451598,1.9412872501974423,31.154732162876464,0.0,True,
egobody,egobody_recording_20220415_S35_S36_02_small_kinect_11_kinect_12_b02241,r1,recording_20220415_S35_S36_02,recording_20220415_S35_S36_02,small,31.096398207097053,2,ok,249.53991183484754,215.93136745950468,71.6202480616154,77.33288809255185,19.914494740512538,0.05892048417732385,0.7518385511216669,0.05892048417732385,1.0,1.0,0.0,1.5157387027117375,31.154736755567768,0.2601434399299985,0.42485029664210117,0.4260216271319056,1.5131206901285603,31.154732162876464,0.0020027709997521015,True,
egobody,egobody_recording_20220415_S35_S36_02_small_kinect_11_kinect_12_b02241,r2,recording_20220415_S35_S36_02,recording_20220415_S35_S36_02,small,31.096398207097053,2,ok,127.96247232522879,98.25808531051996,71.6202488751652,77.33288878018082,16.228932490026498,0.014436611526397405,0.11988543691580157,0.014436611526397405,1.0,1.0,0.0,0.1599276750612582,2.424239418228487,0.12291536722134808,0.15039415122480046,0.033728732548743666,0.17353630906802112,2.424178584266947,0.07210681099968497,True,
egobody,egobody_recording_20220415_S35_S36_02_small_kinect_11_kinect_12_b02241,r3,recording_20220415_S35_S36_02,recording_20220415_S35_S36_02,small,31.096398207097053,2,ok,166.16653886700766,131.9460829596756,71.62025075501724,77.33289012831347,17.5584317061745,0.01400946936753234,0.09435020063845392,0.01400946936753234,1.0,1.0,0.0,0.1480115420594071,4.959787506158766,0.16161696766275707,0.22779735210761842,0.22597686424831803,0.18417514074456606,4.959757829295799,0.2747551150005165,True,
egobody,egobody_recording_20210907_S03_S04_01_extreme_kinect_13_kinect_11_b01801,shot3r,recording_20210907_S03_S04_01,recording_20210907_S03_S04_01,extreme,91.48307749587892,2,streaming,143.02589515918598,124.39754277062916,108.92685778739563,104.48760290603134,15.899312888954753,0.006985229359495776,0.21053698536318033,0.006985229359495776,1.0,1.0,0.0,0.44371584231678984,4.531174911435818,0.26063707173687506,0.16775621079825564,0.10408440674170195,0.4180809105245595,1.9720734024085653,,True,
egobody,egobody_recording_20210907_S03_S04_01_medium_kinect_12_kinect_13_b01801,shot3r,recording_20210907_S03_S04_01,recording_20210907_S03_S04_01,medium,49.696641199786015,2,streaming,145.159579243245,137.90850547587704,100.28990282953619,95.78590332332978,19.0791423544722,0.005890862715814392,0.2062541554078714,0.005890862715814392,1.0,1.0,0.0,0.1212372659191894,3.4346247170574316,0.143824482612085,0.138322264988867,0.14169286489123317,0.17918149936613603,0.9716514434720807,,True,
egobody,egobody_recording_20210907_S03_S04_01_small_kinect_11_kinect_12_b01801,shot3r,recording_20210907_S03_S04_01,recording_20210907_S03_S04_01,small,42.14973883873915,2,streaming,139.84382792744478,111.1269392644279,88.07780264032083,87.87044498432056,16.12493048624916,0.008314895659657458,0.039852594913893105,0.008314895659657458,0.9646302250803859,1.0,0.0,0.44077878968304685,7.768086034928251,0.19514912415804694,0.12723811990461195,0.0782776291843564,0.17409117743304933,2.340666463570991,,True,
egobody,egobody_recording_20210911_S03_S08_01_extreme_kinect_13_kinect_11_b02141,shot3r,recording_20210911_S03_S08_01,recording_20210911_S03_S08_01,extreme,46.47292452247161,2,streaming,189.88193251519445,152.31345063002365,58.92451654694822,61.72271254158221,20.47770195972454,0.005799202706263498,0.25595058885475114,0.005799202706263498,1.0,1.0,0.0,0.30007687633386704,6.062822185199777,0.14466150361051955,0.27295171440239935,0.2636615799730008,0.4549934297390738,0.9339160021371874,,True,
egobody,egobody_recording_20210911_S03_S08_01_medium_kinect_11_kinect_12_b02141,shot3r,recording_20210911_S03_S08_01,recording_20210911_S03_S08_01,medium,26.815569616801337,2,streaming,132.92373322628708,100.80671879520725,64.25491951238693,64.39735476443872,16.460675700440856,0.0075795067635907095,0.14394363991669687,0.0075795067635907095,1.0,1.0,0.0,0.25884300705220514,3.6899617719323436,0.23192508456432412,0.16102763878737858,0.17869056665898758,0.2833342007879559,1.471641096627208,,True,
egobody,egobody_recording_20210911_S03_S08_01_small_kinect_13_kinect_12_b02141,shot3r,recording_20210911_S03_S08_01,recording_20210911_S03_S08_01,small,19.844222642454152,2,streaming,161.85882620279867,130.92961851151384,61.1448389330192,62.48877020088495,17.844907191473695,0.007498322065646435,0.12029058366952734,0.007498322065646435,1.0,1.0,0.0,0.23575549201023968,7.101661015654289,0.1102304469430621,0.21789957191167503,0.23592082096305522,0.19185605321148752,1.4431000835334336,,True,
egobody,egobody_recording_20210911_S03_S08_02_extreme_kinect_11_kinect_13_b03471,shot3r,recording_20210911_S03_S08_02,recording_20210911_S03_S08_02,extreme,46.47292452247161,2,streaming,258.0327772607789,189.4607082758272,59.100629537801915,62.80593148206307,17.170286407249343,0.00612998095270923,0.34312908865794517,0.00612998095270923,1.0,1.0,0.0,0.2807391758374455,4.713490411321974,0.23249413422100446,0.38712225576838183,0.29496111968563177,0.5777914734729658,0.9239224586166026,,True,
egobody,egobody_recording_20210911_S03_S08_02_medium_kinect_12_kinect_11_b03471,shot3r,recording_20210911_S03_S08_02,recording_20210911_S03_S08_02,medium,26.815569616801337,2,streaming,233.595029632193,139.08425456098567,64.44348929998044,73.56195837341794,17.916272733875534,0.007813572477215279,0.07230531972534471,0.007813572477215279,0.907103825136612,0.83,0.0,0.32739200105633315,5.560489635107168,0.3185904002328676,0.3359097826904197,0.0887308884776527,0.160281328726435,1.937554991682982,,True,
egobody,egobody_recording_20210911_S03_S08_02_small_kinect_13_kinect_12_b03471,shot3r,recording_20210911_S03_S08_02,recording_20210911_S03_S08_02,small,19.844222642454152,2,streaming,206.2432864899036,153.82977382751295,60.184224923664786,64.31214080221935,15.60885786955778,0.007366300540605728,0.17449707957971622,0.007366300540605728,0.7936507936507936,0.89,1.0,0.25453350156207355,5.340870203010517,0.1056676780218369,0.3180471386189072,0.12820416163127837,0.22845551460798919,1.0773697954160117,,True,
egobody,egobody_recording_20210921_S05_S12_01_extreme_kinect_11_kinect_13_b02281,shot3r,recording_20210921_S05_S12_01,recording_20210921_S05_S12_01,extreme,30.70533604440771,2,streaming,208.99011493636115,125.15199813795887,65.9655759090597,74.53897448071109,21.930545935499755,0.013038100480485947,0.02887763613168758,0.013038100480485947,1.0,1.0,0.0,0.25759062233358737,6.8942058205624,0.16344181899529703,0.2662153136452733,0.10689158162104734,0.25707385467733684,3.0367942972556845,,True,
egobody,egobody_recording_20210921_S05_S12_01_medium_kinect_12_kinect_11_b02281,shot3r,recording_20210921_S05_S12_01,recording_20210921_S05_S12_01,medium,26.229418630719106,2,streaming,161.26603337539925,136.2221913220854,60.12601532987336,65.98584759782005,20.911274478197484,0.014155501867048118,0.0350965112695345,0.014155501867048118,0.9933774834437086,1.0,0.0,0.4380512634934182,4.365580644513881,0.1257658302081443,0.24769682026292136,0.11781204019032149,0.15485450990514205,3.196476492435099,,True,
egobody,egobody_recording_20210921_S05_S12_01_small_kinect_13_kinect_12_b02281,shot3r,recording_20210921_S05_S12_01,recording_20210921_S05_S12_01,small,4.618278041803539,2,streaming,142.05224661456214,120.46697259987758,63.23330792121491,70.10627352717651,23.689536012118594,0.024119582110757654,0.07169954058020607,0.024119582110757654,0.9819967266775778,1.0,0.0,0.34104654640094506,6.382777633414553,0.17315041660744504,0.162033673302513,0.1026370036448522,0.1467984103473641,0.7685685564017924,,True,
egobody,egobody_recording_20210921_S05_S12_02_extreme_kinect_13_kinect_11_b01916,shot3r,recording_20210921_S05_S12_02,recording_20210921_S05_S12_02,extreme,31.032654192611474,2,streaming,233.29359140409764,177.4867281958178,69.78297404725525,74.76970628796207,32.83276408872711,0.022188048165556112,0.10363795076214112,0.022188048165556112,1.0,1.0,0.0,0.5267619689810845,4.139547792102077,0.18541470034755006,0.33318053999300956,0.26361865461853695,0.3429908708261952,2.065268845282681,,True,
egobody,egobody_recording_20210921_S05_S12_02_medium_kinect_12_kinect_11_b01916,shot3r,recording_20210921_S05_S12_02,recording_20210921_S05_S12_02,medium,26.566357478139803,2,streaming,210.42539168431068,195.95314121119947,67.3505848434202,71.96435433133634,29.526153092000243,0.021876197618826403,0.034896939813293414,0.021876197618826403,1.0,1.0,0.0,0.793447167193416,10.080280479629733,0.20852079034187238,0.3005366265911517,0.16262913954811417,0.3848818491984266,2.7635390972977483,,True,
egobody,egobody_recording_20210921_S05_S12_02_small_kinect_13_kinect_12_b01916,shot3r,recording_20210921_S05_S12_02,recording_20210921_S05_S12_02,small,4.618278041803539,2,streaming,173.15594320367657,124.8540392923129,67.66461257348418,72.17297489005146,27.88848324591221,0.036998728143238485,0.08740402425884697,0.036998728143238485,0.9852216748768473,1.0,0.0,0.46556301338024997,5.063085526725312,0.15925538821388074,0.2143848882221322,0.09484894690587622,0.19501875106729746,1.6425019384504642,,True,
egobody,egobody_recording_20210921_S05_S12_03_extreme_kinect_11_kinect_13_b03356,shot3r,recording_20210921_S05_S12_03,recording_20210921_S05_S12_03,extreme,31.032654192611474,2,streaming,415.5980240927819,204.82817293232668,124.18751158829046,131.6861755890668,46.22362333253279,0.013593515393357366,0.04865031049412859,0.013593515393357366,0.9830508474576272,0.9666666666666667,0.0,0.7761791280770102,15.151560458016146,0.18944180666152305,0.47771140020061803,0.11648372101660905,0.46137269811895937,3.209752979608697,,True,
egobody,egobody_recording_20210921_S05_S12_03_medium_kinect_11_kinect_12_b03356,shot3r,recording_20210921_S05_S12_03,recording_20210921_S05_S12_03,medium,26.566357478139803,2,streaming,358.0034013190353,194.6680253116233,140.10180128882723,146.29665228314568,81.80490444945755,0.024247181158855605,0.05110968029595084,0.024247181158855605,1.0,1.0,0.0,0.9483336805027571,14.332650601018853,0.24233268312735448,0.3816986296017428,0.21308315667990227,0.30324010998780454,4.032441350934864,,True,
egobody,egobody_recording_20210921_S05_S12_03_small_kinect_12_kinect_13_b03356,shot3r,recording_20210921_S05_S12_03,recording_20210921_S05_S12_03,small,4.618278041803539,2,streaming,290.2061110889076,230.3778864961267,173.19711495092537,175.82833861276686,68.82078625829244,0.024821750360060957,0.03159934694332122,0.024821750360060957,0.9830508474576272,0.9666666666666667,0.0,1.1434180888829362,26.95763653722789,0.2563535097163809,0.2024248614688473,0.2852124950584032,0.47786558637186943,1.5602646378205074,,True,
egobody,egobody_recording_20210929_S05_S16_01_extreme_kinect_11_kinect_13_b02576,shot3r,recording_20210929_S05_S16_01,recording_20210929_S05_S16_01,extreme,52.5256414985483,2,streaming,364.7118104661573,274.76046956804555,54.843947194745994,66.01196800490216,27.919095947225067,0.02177957362018895,0.22620308860105628,0.02177957362018895,1.0,1.0,0.0,2.2947263345094058,23.872043457355524,0.8061950129314194,0.5835605526501337,0.4490054069467263,1.309930969052949,1.3199299696576463,,True,
egobody,egobody_recording_20210929_S05_S16_01_medium_kinect_11_kinect_12_b02576,shot3r,recording_20210929_S05_S16_01,recording_20210929_S05_S16_01,medium,31.179027558816564,2,streaming,221.96662796964048,130.70810452204242,56.45958213137181,67.97834922800617,21.988124029262735,0.009838494138632713,0.06962419431999758,0.009838494138632713,1.0,1.0,0.0,2.2620772260340027,22.43554785854905,0.70634001596716,0.28587139831376285,0.12416464642940304,0.6218651680397479,2.7492512099752258,,True,
egobody,egobody_recording_20210929_S05_S16_01_small_kinect_12_kinect_13_b02576,shot3r,recording_20210929_S05_S16_01,recording_20210929_S05_S16_01,small,21.369319060800606,2,streaming,321.6295610354414,301.24835185250356,56.084936772904925,65.65888443455765,32.7950624510419,0.022701181533394926,0.07056142860086853,0.022701181533394926,1.0,1.0,0.0,0.49701942726210474,3.237502350111106,0.40457371645759316,0.4855205326430758,0.41342265104603937,0.0632225759963448,1.9098215814478123,,True,
egobody,egobody_recording_20210929_S05_S16_02_extreme_kinect_13_kinect_11_b02316,shot3r,recording_20210929_S05_S16_02,recording_20210929_S05_S16_02,extreme,52.5256414985483,2,streaming,232.5138670170281,176.26917245348693,75.10925074791005,84.5032946441493,15.895557195749344,0.01976473208761714,0.1465897221078727,0.01976473208761714,1.0,1.0,0.0,0.5883613146660488,3.783770202453841,0.3735982823493074,0.3308470456537093,0.1523206027494456,0.5090649829975098,1.0666757137763136,,True,
egobody,egobody_recording_20210929_S05_S16_02_medium_kinect_11_kinect_12_b02316,shot3r,recording_20210929_S05_S16_02,recording_20210929_S05_S16_02,medium,31.179027558816564,2,streaming,151.97230999371212,130.6667948125633,71.38261803904611,80.52463978399469,15.546531157322232,0.01145458842189052,0.058774941767262646,0.01145458842189052,1.0,1.0,0.0,0.29504249076815375,5.620181279883835,0.17857685595683545,0.14867737482781246,0.20036771854260035,0.008315357099210616,2.788129075883565,,True,
egobody,egobody_recording_20210929_S05_S16_02_small_kinect_12_kinect_13_b02316,shot3r,recording_20210929_S05_S16_02,recording_20210929_S05_S16_02,small,21.369319060800606,2,streaming,197.3630969830413,159.8091411097554,80.7187874997163,92.01812437520321,15.486953665568585,0.020468944490676017,0.08015687819885177,0.020468944490676017,1.0,1.0,0.0,0.40740590839135443,7.669901045435815,0.3698760449181696,0.277138436554287,0.1664765262936857,0.2832532366394471,1.3297466779514435,,True,
egobody,egobody_recording_20210929_S05_S16_03_extreme_kinect_11_kinect_13_b01076,shot3r,recording_20210929_S05_S16_03,recording_20210929_S05_S16_03,extreme,52.5256414985483,2,streaming,306.4639099765895,263.205646810701,50.91149753218628,59.93327782103895,29.359071191870548,0.020509222243649153,0.19920923650588207,0.020509222243649153,1.0,1.0,0.0,1.9017164110230724,20.23574826961046,0.3930521490183808,0.5281243681131447,0.5096873490697428,1.2843477616254577,1.1904504424266322,,True,
egobody,egobody_recording_20210929_S05_S16_03_medium_kinect_11_kinect_12_b01076,shot3r,recording_20210929_S05_S16_03,recording_20210929_S05_S16_03,medium,31.179027558816564,2,streaming,225.05468990163223,192.50773539029169,52.563268614525875,61.46021185644022,26.872248581846964,0.011869027405104617,0.030484926561930525,0.011869027405104617,1.0,1.0,0.0,1.8304391152749848,18.957159578210458,0.32769831415427497,0.36036459679245514,0.3547856161331264,0.7100732510783978,2.4282170836528345,,True,
egobody,egobody_recording_20210929_S05_S16_03_small_kinect_13_kinect_12_b01076,shot3r,recording_20210929_S05_S16_03,recording_20210929_S05_S16_03,small,21.369319060800606,2,streaming,186.44069451171507,123.80734881306111,54.40976356935725,62.332711817161226,30.415176152573917,0.02379941452866,0.0413911972161528,0.02379941452866,1.0,1.0,0.0,0.7413511202950783,8.718773559806692,0.3268316084144307,0.17094502726495095,0.2033876996159951,0.39322865396811996,1.2390827220489602,,True,
egobody,egobody_recording_20210929_S05_S16_04_extreme_kinect_13_kinect_11_b02616,shot3r,recording_20210929_S05_S16_04,recording_20210929_S05_S16_04,extreme,52.5256414985483,2,streaming,315.9189661046925,222.20484769655693,61.282144307468116,71.8444241362133,31.821807436397613,0.020537563725891855,0.14532753872588433,0.020537563725891855,1.0,1.0,0.0,1.2861966338419442,14.454146443527796,0.5556045989531464,0.45201467678040314,0.3964642085043903,0.8065691950657392,1.1935004083521237,,True,
egobody,egobody_recording_20210929_S05_S16_04_medium_kinect_12_kinect_11_b02616,shot3r,recording_20210929_S05_S16_04,recording_20210929_S05_S16_04,medium,31.179027558816564,2,streaming,221.4979979252371,128.09292432174473,62.0676365339669,71.00890588966266,26.338925618221275,0.010087826268330631,0.03438443225074832,0.010087826268330631,1.0,1.0,0.0,0.4535109458430065,4.404460349855791,0.35429505425850266,0.23680895080297767,0.22912569618572762,0.1117359210739543,2.8548208898263425,,True,
egobody,egobody_recording_20210929_S05_S16_04_small_kinect_12_kinect_13_b02616,shot3r,recording_20210929_S05_S16_04,recording_20210929_S05_S16_04,small,21.369319060800606,2,streaming,257.487986709718,215.99727118807368,57.119891984237356,67.86112524280828,28.95814891369372,0.02283727483259626,0.08592795041347973,0.02283727483259626,1.0,1.0,0.0,0.5564594328686635,3.7174598296713475,0.33632228057713437,0.3242343766364346,0.2158028022347123,0.08263060283449432,1.4025881551924542,,True,
egobody,egobody_recording_20211002_S17_S15_01_extreme_kinect_11_kinect_13_b02701,shot3r,recording_20211002_S17_S15_01,recording_20211002_S17_S15_01,extreme,70.68115481500743,2,streaming,375.1424374406278,241.10144163245266,69.5903235628217,76.83010575216882,51.15805222420772,0.01372181353774487,0.33639683367488116,0.01372181353774487,1.0,1.0,0.0,0.2504067335551184,8.907389201319877,0.20125818762503797,0.5105301514339295,0.3633035721803208,0.4727609783505778,2.057940078387746,,True,
egobody,egobody_recording_20211002_S17_S15_01_medium_kinect_12_kinect_13_b02701,shot3r,recording_20211002_S17_S15_01,recording_20211002_S17_S15_01,medium,45.59407765444697,2,streaming,266.95529418865556,207.69351186152755,65.36294706411309,70.75585671078,31.16404719425051,0.017293230079426944,0.10423303118242347,0.017293230079426944,1.0,1.0,0.0,0.6384743653800722,2.839810036402803,0.4212732858569034,0.36184687408677696,0.26260553383264806,0.30438320851815326,4.489407603752094,,True,
egobody,egobody_recording_20211002_S17_S15_01_small_kinect_12_kinect_11_b02701,shot3r,recording_20211002_S17_S15_01,recording_20211002_S17_S15_01,small,25.563800965418604,2,streaming,219.76314868852904,156.18549964976464,73.54329605991398,77.78590709338594,30.2504832262999,0.02775535818789137,0.24573405338732035,0.02775535818789137,1.0,1.0,0.0,0.35448440811846044,6.676774800122892,0.37984975726354075,0.2560903740918055,0.23348024369649922,0.45053461382720966,0.7150187727317853,,True,
egobody,egobody_recording_20211002_S17_S15_02_extreme_kinect_13_kinect_11_b01321,shot3r,recording_20211002_S17_S15_02,recording_20211002_S17_S15_02,extreme,70.68115481500743,2,streaming,186.6592940337705,171.63353373305546,80.27208841133135,86.2026427564182,36.106280442983106,0.017375067899046224,0.3151656579153802,0.017375067899046224,0.9690721649484536,0.94,0.0,0.33108222854714686,0.5771950206686971,0.2024409800527865,0.21246145164878788,0.1958951877498933,0.44919555727159627,0.9786494688313566,,True,
egobody,egobody_recording_20211002_S17_S15_02_medium_kinect_13_kinect_12_b01321,shot3r,recording_20211002_S17_S15_02,recording_20211002_S17_S15_02,medium,45.59407765444697,2,streaming,159.0793063860122,154.3850055124562,79.4448757867264,91.03696354378809,43.469779746123486,0.013262761653084692,0.08720417921599705,0.013262761653084692,0.9690721649484536,0.94,0.0,0.262584555787303,3.5269678351620444,0.24063073107541058,0.16614415470100993,0.13350846779869616,0.11390709851846849,3.344696975633546,,True,
egobody,egobody_recording_20211002_S17_S15_02_small_kinect_12_kinect_11_b01321,shot3r,recording_20211002_S17_S15_02,recording_20211002_S17_S15_02,small,25.563800965418604,2,streaming,162.5854736396532,146.441643658544,81.8053980671732,88.53616296735473,29.129157899925094,0.01521358230612534,0.16843282824572922,0.01521358230612534,1.0,1.0,0.0,0.2489399188263851,3.1406803434123174,0.28894879980818244,0.1469369059458093,0.123744628618698,0.2539097047064027,1.4128719126501617,,True,
egobody,egobody_recording_20211002_S17_S15_03_extreme_kinect_13_kinect_11_b02531,shot3r,recording_20211002_S17_S15_03,recording_20211002_S17_S15_03,extreme,70.68115481500743,2,streaming,222.80719145780634,195.36771084981748,91.17850522793127,100.20499641456361,37.029739059589986,0.03948606649226707,0.3783618318375273,0.03948606649226707,0.9847715736040609,0.97,0.0,0.3997522228414169,3.485979352149038,0.2668592412022692,0.2554639163665867,0.18596401609034968,0.5411665403683169,0.83371055961433,,True,
egobody,egobody_recording_20211002_S17_S15_03_medium_kinect_13_kinect_12_b02531,shot3r,recording_20211002_S17_S15_03,recording_20211002_S17_S15_03,medium,45.59407765444697,2,streaming,204.78541380378974,176.88237278558907,92.14032032702829,102.80613108848638,37.87324033786082,0.02090196964094647,0.1616075112851732,0.02090196964094647,1.0,1.0,0.0,0.37599846495587125,6.528520379699859,0.2742642877890151,0.20363206789744104,0.22709526794835672,0.1901240013366643,3.2093318743240897,,True,
egobody,egobody_recording_20211002_S17_S15_03_small_kinect_11_kinect_12_b02531,shot3r,recording_20211002_S17_S15_03,recording_20211002_S17_S15_03,small,25.563800965418604,2,streaming,214.85519058342146,169.12508469298263,108.79254302134966,114.60204815306302,41.67046817771108,0.01743314024370609,0.16817202088776284,0.01743314024370609,1.0,1.0,0.0,0.8140783364590768,10.191783287268423,0.4744680361279935,0.24514068609322404,0.15123706901621847,0.4741501588894674,1.1309881262438737,,True,
egobody,egobody_recording_20211004_S12_S20_01_extreme_kinect_11_kinect_13_b02556,shot3r,recording_20211004_S12_S20_01,recording_20211004_S12_S20_01,extreme,22.455810455946107,2,streaming,282.255603290498,207.8846799618226,60.43100599660582,70.30286421763563,35.135236419735115,0.006972315444598322,0.13218521658883953,0.006972315444598322,1.0,1.0,0.0,0.9795268110160207,14.073261009443124,0.42227785283044367,0.42281710288426366,0.4410784698220836,0.7584216739043523,0.8925836415346176,,True,
egobody,egobody_recording_20211004_S12_S20_01_medium_kinect_13_kinect_12_b02556,shot3r,recording_20211004_S12_S20_01,recording_20211004_S12_S20_01,medium,20.661167950912848,2,streaming,158.84901764575895,148.98222450250248,55.181960565362736,61.85538551070698,27.585850708360148,0.011722120361402895,0.0373974769835472,0.011722120361402895,1.0,1.0,0.0,0.1835865579216337,2.246252108477629,0.1774071152168802,0.17939705475136852,0.2718648168821457,0.1503387352605354,0.6787646841237708,,True,
egobody,egobody_recording_20211004_S12_S20_01_small_kinect_11_kinect_12_b02556,shot3r,recording_20211004_S12_S20_01,recording_20211004_S12_S20_01,small,3.2418854744037855,2,streaming,191.33108632018946,151.72652754507854,57.86097759504502,67.15151904427121,33.038059674573425,0.012350270319866958,0.09801752056651548,0.012350270319866958,1.0,1.0,0.0,1.0468588714365612,13.11685716808662,0.4286187328597714,0.21367928096824623,0.26041598022964324,0.32419347208882915,0.6463682689665063,,True,
egobody,egobody_recording_20211004_S12_S20_02_extreme_kinect_13_kinect_11_b01776,shot3r,recording_20211004_S12_S20_02,recording_20211004_S12_S20_02,extreme,22.455810455946107,2,streaming,349.7698380408983,368.99379574138834,61.305951818889966,71.88733709247444,43.882402866657145,0.011166130536929065,0.16272242520602404,0.011166130536929065,1.0,1.0,0.0,0.42980303086543425,2.911942613601959,0.3966595433857348,0.5091653801505096,0.6275831273924346,0.1624912730373966,1.0555958755720087,,True,
egobody,egobody_recording_20211004_S12_S20_02_medium_kinect_13_kinect_12_b01776,shot3r,recording_20211004_S12_S20_02,recording_20211004_S12_S20_02,medium,20.661167950912848,2,streaming,208.0715271302194,181.4756839361606,60.52508982868209,69.53142070966372,32.529255613458595,0.016085623506654788,0.05780526907462739,0.016085623506654788,1.0,1.0,0.0,0.35111128393907304,3.301485167453874,0.24239988242111096,0.238368263518315,0.34091191309722163,0.044116489924322,0.7162524660205302,,True,
egobody,egobody_recording_20211004_S12_S20_02_small_kinect_12_kinect_11_b01776,shot3r,recording_20211004_S12_S20_02,recording_20211004_S12_S20_02,small,3.2418854744037855,2,streaming,334.53083462923206,330.2857823575769,68.48146237941923,80.09880563645643,42.171401988332896,0.011418101795055587,0.08076790534855725,0.011418101795055587,1.0,1.0,0.0,1.530429730432032,15.956648661872665,0.46249919548350654,0.49538201638828183,0.4144875576659177,0.5854897532242657,2.054264525057234,,True,
egobody,egobody_recording_20211004_S12_S20_03_extreme_kinect_11_kinect_13_b01986,shot3r,recording_20211004_S12_S20_03,recording_20211004_S12_S20_03,extreme,22.455810455946107,2,streaming,650.5676720712532,419.44216895997124,60.763154301582205,70.01955823125114,42.563546215579414,0.00960172475682598,0.1772929388714649,0.00960172475682598,1.0,1.0,0.0,3.0314242937374876,35.36640884921634,1.0074629889535867,0.9561886196747139,0.7875342008939845,2.033544539671041,1.3729324253386233,,True,
egobody,egobody_recording_20211004_S12_S20_03_medium_kinect_13_kinect_12_b01986,shot3r,recording_20211004_S12_S20_03,recording_20211004_S12_S20_03,medium,20.661167950912848,2,streaming,232.32623293736194,195.2272458368184,60.225386737309634,67.03549504366939,29.93231640571327,0.01565670874638217,0.0395812446441217,0.01565670874638217,1.0,1.0,0.0,0.3461713266999906,3.7569827601431927,0.2932699523086613,0.3155410401927665,0.23582260355290346,0.10970171034886483,0.767050366141187,,True,
egobody,egobody_recording_20211004_S12_S20_03_small_kinect_11_kinect_12_b01986,shot3r,recording_20211004_S12_S20_03,recording_20211004_S12_S20_03,small,3.2418854744037855,2,streaming,469.45538862118383,309.49302386491075,63.93835597897773,70.93643048576484,36.09701449757839,0.012472283951416535,0.1545284259170971,0.012472283951416535,1.0,1.0,0.0,2.8715964388974733,33.783932317825624,0.9501762999731643,0.5869907355089179,0.5429637361014367,0.9578841062927357,0.6358040994071392,,True,
egobody,egobody_recording_20211004_S12_S20_04_extreme_kinect_13_kinect_11_b03381,shot3r,recording_20211004_S12_S20_04,recording_20211004_S12_S20_04,extreme,22.455810455946107,2,streaming,405.97196808369614,359.5885506832123,68.90250066802429,81.50234870359895,49.13604132662862,0.010951931234255493,0.14968934414113236,0.010951931234255493,1.0,1.0,0.0,0.30698312828695645,4.39179975157164,0.45537333446705164,0.5837880546096639,0.7747252320893878,0.06310565619301141,1.1927746303287259,,True,
egobody,egobody_recording_20211004_S12_S20_04_medium_kinect_13_kinect_12_b03381,shot3r,recording_20211004_S12_S20_04,recording_20211004_S12_S20_04,medium,20.661167950912848,2,streaming,242.6505107208058,153.13662972560607,67.45978618847822,77.62170521920969,34.007300406987405,0.013613030108241322,0.04261689637008574,0.013613030108241322,1.0,1.0,0.0,0.24370424187652706,3.829894229903823,0.2733789464499901,0.24667850908007571,0.38158250416525236,0.025183724842836284,0.7191653266525108,,True,
egobody,egobody_recording_20211004_S12_S20_04_small_kinect_11_kinect_12_b03381,shot3r,recording_20211004_S12_S20_04,recording_20211004_S12_S20_04,small,3.2418854744037855,2,streaming,493.6118053772704,348.1580800420857,66.37442297943058,76.50679790063428,37.648026202883365,0.012360180775106363,0.1600059295394628,0.012360180775106363,1.0,1.0,0.0,2.752762254776881,30.095492554737497,1.103304532224607,0.6036901020287079,0.5282640686399863,0.9258265756793095,0.9503957211732011,,True,
egobody,egobody_recording_20211004_S20_S12_01_extreme_kinect_13_kinect_11_b02766,shot3r,recording_20211004_S20_S12_01,recording_20211004_S20_S12_01,extreme,22.455810455946107,2,streaming,468.94339772385234,403.2538390244364,61.9004420248455,68.14104734625094,41.27948824600656,0.008807847424844573,0.1487019190063765,0.008807847424844573,1.0,1.0,0.0,0.4273860767721113,3.9808962063846214,0.49129662679862396,0.7650671278958499,0.7315871706556987,0.3040704206947486,1.3781727388470815,,True,
egobody,egobody_recording_20211004_S20_S12_01_medium_kinect_12_kinect_13_b02766,shot3r,recording_20211004_S20_S12_01,recording_20211004_S20_S12_01,medium,20.661167950912848,2,streaming,220.6571058601758,202.09680670657968,58.72677923015594,68.33931218684597,28.276592551103352,0.010076465756307221,0.04653799364500734,0.010076465756307221,0.9966555183946488,0.9933333333333333,0.0,0.5734985835869826,10.756640267627406,0.23465884826302577,0.3532970538850242,0.3616576506011937,0.2046520326874269,2.572074128431743,,True,
egobody,egobody_recording_20211004_S20_S12_01_small_kinect_12_kinect_11_b02766,shot3r,recording_20211004_S20_S12_01,recording_20211004_S20_S12_01,small,3.2418854744037855,2,streaming,290.3211384707095,277.58459362084244,57.89786693543402,62.56070672399344,33.59157129767327,0.009738886347794575,0.09499795782089898,0.009738886347794575,1.0,1.0,0.0,0.7842545490097431,9.723229384506604,0.5142474208705271,0.47088717623541965,0.3694666283354357,0.34598865018791297,2.0557568456952398,,True,
egobody,egobody_recording_20211004_S20_S12_02_extreme_kinect_13_kinect_11_b01446,shot3r,recording_20211004_S20_S12_02,recording_20211004_S20_S12_02,extreme,22.455810455946107,2,streaming,172.0999642349411,174.0071822306861,62.6205717672014,71.15045549207377,30.571465513169176,0.008892784836615115,0.10523043904616956,0.008892784836615115,1.0,1.0,0.0,0.45469521777864574,3.9205395278297135,0.25068384777985403,0.21559585593611275,0.3560784581665247,0.22852663798584924,1.457884162445544,,True,
egobody,egobody_recording_20211004_S20_S12_02_medium_kinect_12_kinect_13_b01446,shot3r,recording_20211004_S20_S12_02,recording_20211004_S20_S12_02,medium,20.661167950912848,2,streaming,240.71966492002704,157.94338525639432,62.76775393919368,65.606304201278,23.186047943062963,0.017638797552783175,0.03892970331108129,0.017638797552783175,1.0,1.0,0.0,0.7894050118980206,13.090587086443051,0.26019960064249287,0.23178782193606878,0.2019448186774114,0.20862350574299623,2.323922198250467,,True,
egobody,egobody_recording_20211004_S20_S12_02_small_kinect_12_kinect_11_b01446,shot3r,recording_20211004_S20_S12_02,recording_20211004_S20_S12_02,small,3.2418854744037855,2,streaming,217.2738216874289,176.62183407004375,65.04434020696205,73.1284807001933,28.399412253313383,0.014984786359379039,0.04390777038204545,0.014984786359379039,1.0,1.0,0.0,1.0175978141339694,11.077306117865685,0.2567193031718061,0.19373426414995956,0.30567601518055537,0.38113302886077116,2.0814737972238166,,True,
egobody,egobody_recording_20211004_S20_S12_03_extreme_kinect_11_kinect_13_b01396,shot3r,recording_20211004_S20_S12_03,recording_20211004_S20_S12_03,extreme,22.455810455946107,2,streaming,417.2487034597092,310.72941658369103,81.71916145055519,85.8007144520155,33.88303748941514,0.006805429403148953,0.11533749051430461,0.006805429403148953,1.0,1.0,0.0,1.493260223499357,18.222972217149376,0.7735204825677505,0.6041259953621544,0.8670294630749016,1.0464110364355614,1.570706386112159,,True,
egobody,egobody_recording_20211004_S20_S12_03_medium_kinect_13_kinect_12_b01396,shot3r,recording_20211004_S20_S12_03,recording_20211004_S20_S12_03,medium,20.661167950912848,2,streaming,122.45805572817801,107.46204346598552,78.93034655487892,87.16363199436897,25.075686702333872,0.013448821170253674,0.022559341016659296,0.013448821170253674,1.0,1.0,0.0,0.36050160336453774,5.813484674125622,0.1140148019765465,0.12409625277291676,0.14002485348145055,0.08244739353388307,0.6859531393164261,,True,
egobody,egobody_recording_20211004_S20_S12_03_small_kinect_12_kinect_11_b01396,shot3r,recording_20211004_S20_S12_03,recording_20211004_S20_S12_03,small,3.2418854744037855,2,streaming,333.72371756672334,357.2826905284978,81.7269339832271,86.17954555911616,36.45098633255551,0.010217444046755442,0.08184115684230162,0.010217444046755442,1.0,1.0,0.0,0.43830814157501896,5.489560545445859,0.3512946185944254,0.5547029276490543,0.4532928924225629,0.1906403282630957,2.097208287480776,,True,
egobody,egobody_recording_20211004_S20_S12_04_extreme_kinect_13_kinect_11_b03056,shot3r,recording_20211004_S20_S12_04,recording_20211004_S20_S12_04,extreme,22.455810455946107,2,streaming,232.66614037816174,217.41298223393497,68.16188567903181,77.28714815194107,35.932864292283334,0.007913404092560146,0.06809349678776871,0.007913404092560146,1.0,1.0,0.0,0.3178759670296072,3.664252797126659,0.21752421490206322,0.3297941447587608,0.19461055324763896,0.21523472840849006,1.6171087001397955,,True,
egobody,egobody_recording_20211004_S20_S12_04_medium_kinect_12_kinect_13_b03056,shot3r,recording_20211004_S20_S12_04,recording_20211004_S20_S12_04,medium,20.661167950912848,2,streaming,241.57407939208449,139.3725937428614,68.42093995259803,75.61555284734175,24.24690347973353,0.012194952229423309,0.0256706375639553,0.012194952229423309,0.9966555183946488,0.9933333333333333,0.0,0.5757112255328901,8.458968298132966,0.2517502736074555,0.2632111496915472,0.14929630694739493,0.24177682756767627,1.325013173320078,,True,
egobody,egobody_recording_20211004_S20_S12_04_small_kinect_12_kinect_11_b03056,shot3r,recording_20211004_S20_S12_04,recording_20211004_S20_S12_04,small,3.2418854744037855,2,streaming,237.01651570551695,214.83540496493225,71.35109534833042,79.79818589541634,34.48450966633759,0.010893054231853478,0.035210283291917166,0.010893054231853478,0.9966555183946488,0.9933333333333333,0.0,0.6821248749049899,7.934989905908552,0.2777038262275164,0.2613986236677738,0.26015335544854906,0.279670082793852,2.1084337527825965,,True,
egobody,egobody_recording_20220225_S24_S25_01_extreme_kinect_14_kinect_15_b02966,shot3r,recording_20220225_S24_S25_01,recording_20220225_S24_S25_01,extreme,120.07581528789707,2,streaming,227.54565407401344,221.8949863025423,63.17337727798473,74.25026685932693,16.856566614936888,0.03293713458598711,0.34159502638136163,0.03293713458598711,1.0,1.0,0.0,0.5427346020796949,3.2152534735682914,0.1814802956603907,0.3339740093774526,0.27282713510272294,0.587448000950256,2.9087319953185204,,True,
egobody,egobody_recording_20220225_S24_S25_01_medium_kinect_15_kinect_12_b02966,shot3r,recording_20220225_S24_S25_01,recording_20220225_S24_S25_01,medium,59.4765867158535,2,streaming,187.92400508477286,155.2258606414979,58.286254488699804,65.75003832893708,17.047840011751617,0.03983147672734005,0.1379142519513497,0.03983147672734005,1.0,1.0,0.0,0.5621859687395444,5.576344821233871,0.5620853226982863,0.20891713130115502,0.28459020049099615,0.3645536241334946,0.9491725467036445,,True,
egobody,egobody_recording_20220225_S24_S25_01_small_kinect_13_kinect_14_b02966,shot3r,recording_20220225_S24_S25_01,recording_20220225_S24_S25_01,small,20.71390052913915,2,streaming,118.0894383085805,100.66951881616376,70.04963705641782,81.75592063394309,18.608946310631204,0.01718571157295451,0.05930644372200911,0.01718571157295451,1.0,1.0,0.0,0.281577319901067,5.590761272718924,0.1384547990743325,0.11123228087198704,0.11942323972931654,0.17675916161415517,0.34929716809665856,,True,
egobody,egobody_recording_20220225_S24_S25_02_extreme_kinect_14_kinect_15_b03501,shot3r,recording_20220225_S24_S25_02,recording_20220225_S24_S25_02,extreme,120.16422565023468,2,streaming,314.3362331830843,289.7753534560942,56.83146272981274,67.02766147380113,39.27894183567232,0.048640989159209745,0.30724287787538873,0.048640989159209745,0.9169675090252708,0.8466666666666667,0.0,0.752796837524831,5.807404799701762,0.24139731499352476,0.5611712924448444,0.27582511574352386,0.9502691056383662,3.1412581209186494,,True,
egobody,egobody_recording_20220225_S24_S25_02_medium_kinect_12_kinect_15_b03501,shot3r,recording_20220225_S24_S25_02,recording_20220225_S24_S25_02,medium,59.47387894673275,2,streaming,263.83814238112313,235.95048261478968,59.780934961641876,68.20309294084666,33.922672225948496,0.05152113600829623,0.2081659828259528,0.05152113600829623,0.9169675090252708,0.8466666666666667,0.0,0.5731452419574204,6.78125670284949,0.2851510454998477,0.46173622040253764,0.20220048440828944,0.45559323474442687,1.8228095868645904,,True,
egobody,egobody_recording_20220225_S24_S25_02_small_kinect_13_kinect_14_b03501,shot3r,recording_20220225_S24_S25_02,recording_20220225_S24_S25_02,small,20.806914694474326,2,streaming,148.15617357047424,110.73402834319721,60.68559841094876,71.62014570336254,33.563583968419316,0.03316978585964881,0.0572876273121362,0.03316978585964881,1.0,1.0,0.0,0.4034033446205089,7.792721800541614,0.14977706195229495,0.13056084446235147,0.12776591443416252,0.180299338197967,0.5221870749849651,,True,
egobody,egobody_recording_20220225_S25_S24_01_extreme_kinect_15_kinect_14_b03341,shot3r,recording_20220225_S25_S24_01,recording_20220225_S25_S24_01,extreme,120.2698186712955,2,streaming,238.23482676039237,214.09576550274414,54.25343607144159,64.81802372769107,36.095355245944106,0.0333183278005142,0.32100766364041694,0.0333183278005142,1.0,1.0,0.0,0.26963187213746886,2.4744113901143123,0.21208238730068288,0.36800002144963107,0.41489305742684757,0.2290687172087118,2.5454921583547137,,True,
egobody,egobody_recording_20220225_S25_S24_01_medium_kinect_15_kinect_12_b03341,shot3r,recording_20220225_S25_S24_01,recording_20220225_S25_S24_01,medium,59.493406479491085,2,streaming,165.11193324448215,145.7644997451496,63.626363822128525,74.67268944732629,34.40449814636572,0.03627648364346568,0.14348124293605446,0.03627648364346568,1.0,1.0,0.0,0.254399044340366,2.590777486831729,0.26478569995347506,0.21565159522780586,0.2914540674287496,0.05740170141211134,0.4495174150737474,,True,
egobody,egobody_recording_20220225_S25_S24_01_small_kinect_13_kinect_14_b03341,shot3r,recording_20220225_S25_S24_01,recording_20220225_S25_S24_01,small,20.87329839801906,2,streaming,127.34276905570351,98.9613124574744,52.33437163748939,63.88105031838708,35.58302470176921,0.026061806107447946,0.062117510224927175,0.026061806107447946,1.0,1.0,0.0,0.16044037853437107,3.886944116499743,0.12867450547738443,0.1593991379157233,0.1390237465428848,0.1109319848430762,0.3797711810711378,,True,
egobody,egobody_recording_20220225_S27_S26_01_extreme_kinect_15_kinect_14_b02876,shot3r,recording_20220225_S27_S26_01,recording_20220225_S27_S26_01,extreme,120.11809022820123,2,streaming,294.27031983249793,255.87409108561837,95.09824585564205,118.66914432197478,43.265104537888284,0.025724207967351826,0.35052042017383594,0.025724207967351826,0.9949748743718593,0.99,0.0,0.21943178412536202,2.800099984669851,0.31291501752175754,0.40063619386636606,0.43986651357798096,0.19779777371136725,2.4500944609981747,,True,
egobody,egobody_recording_20220225_S27_S26_01_medium_kinect_15_kinect_12_b02876,shot3r,recording_20220225_S27_S26_01,recording_20220225_S27_S26_01,medium,59.452379394418536,2,streaming,199.61542367548918,161.9277914628661,95.53912980610039,120.66240391376816,37.03898544592204,0.02017664505166988,0.20610695593304076,0.02017664505166988,1.0,1.0,0.0,0.22867292989656232,2.730986863679303,0.25762053427601583,0.1983875786074032,0.23477610486206502,0.15436548900689648,0.38809506181189535,,True,
egobody,egobody_recording_20220225_S27_S26_01_small_kinect_14_kinect_13_b02876,shot3r,recording_20220225_S27_S26_01,recording_20220225_S27_S26_01,small,20.74358390434935,2,streaming,192.4688068175301,149.46020658992686,79.52749672451658,99.53394284533513,41.10623330267509,0.019759639723337663,0.04465317200474856,0.019759639723337663,1.0,1.0,0.0,0.24905312432105495,2.605384312059916,0.12810418507843174,0.19325025767077875,0.13612253281647735,0.09069745743824158,1.9702241113538226,,True,
egobody,egobody_recording_20220225_S27_S26_02_extreme_kinect_15_kinect_14_b03911,shot3r,recording_20220225_S27_S26_02,recording_20220225_S27_S26_02,extreme,120.11809022820123,2,streaming,282.34235923596117,231.59105411045843,69.98649039416658,78.8566867521182,47.09884981864297,0.022385191169097526,0.3452500983766785,0.022385191169097526,0.998330550918197,0.9966666666666667,0.0,0.2745227439510971,2.7167212378973327,0.24144882440437335,0.4535082158406424,0.37131078915930643,0.1838091371064833,2.672140779756051,,True,
egobody,egobody_recording_20220225_S27_S26_02_medium_kinect_12_kinect_15_b03911,shot3r,recording_20220225_S27_S26_02,recording_20220225_S27_S26_02,medium,59.452379394418536,2,streaming,275.2617907378621,231.77168067785482,91.86517342292552,105.13852063073391,64.98109041791895,0.026383412292207056,0.2476158969173745,0.026383412292207056,0.7458745874587459,0.9966666666666667,3.0,0.31558805726623135,2.622528508417064,0.18479301421305142,0.4289982618347846,0.3177917652991523,0.14246850905868375,1.9939730620265232,,True,
egobody,egobody_recording_20220225_S27_S26_02_small_kinect_14_kinect_13_b03911,shot3r,recording_20220225_S27_S26_02,recording_20220225_S27_S26_02,small,20.74358390434935,2,streaming,165.20700454053681,134.3649021243889,61.43807658719498,67.18791966111831,48.218014975637566,0.026339370756306667,0.04790303607516286,0.026339370756306667,1.0,1.0,0.0,0.20331483770457692,2.7950768758516125,0.15164373922888233,0.17229628246063336,0.12264384871406062,0.08471858353102778,2.156948872133644,,True,
egobody,egobody_recording_20220225_S27_S26_03_extreme_kinect_14_kinect_15_b02455,shot3r,recording_20220225_S27_S26_03,recording_20220225_S27_S26_03,extreme,120.03136874972999,2,streaming,186.62182210224836,177.5174784691009,77.95799351803969,85.44375113943556,16.13892979807394,0.036849934500841904,0.2969854886033309,0.036849934500841904,0.8571428571428571,0.75,0.0,1.0410064988509107,12.005937119562528,0.42175464054945916,0.33429698892683146,0.23437991711643305,1.4988564047907844,3.1661476734018517,,True,
egobody,egobody_recording_20220225_S27_S26_03_medium_kinect_15_kinect_12_b02455,shot3r,recording_20220225_S27_S26_03,recording_20220225_S27_S26_03,medium,59.4400979150341,2,streaming,208.29765292770867,158.22341231114424,107.26799456224227,124.8073886703205,16.30308945683723,0.03900380295900337,0.09006245902258181,0.03900380295900337,0.8571428571428571,0.75,0.0,1.0320513181167605,15.182381954843805,0.18982658136105182,0.27128321759397706,0.25148152688116376,1.1074687103505156,1.1872482006799017,,True,
egobody,egobody_recording_20220225_S27_S26_03_small_kinect_14_kinect_13_b02455,shot3r,recording_20220225_S27_S26_03,recording_20220225_S27_S26_03,small,20.688272059067994,2,streaming,140.65453316105044,112.43931978077462,96.13783294071139,104.95397450238491,14.732441551217292,0.01659725427604484,0.022420868308468542,0.01659725427604484,1.0,1.0,0.0,0.9806867990478697,9.142003886375209,0.43908830718349207,0.15395007081047532,0.11477797983368698,0.3325587115919537,2.3242602980690092,,True,
egobody,egobody_recording_20220225_S27_S26_04_extreme_kinect_15_kinect_14_b03731,shot3r,recording_20220225_S27_S26_04,recording_20220225_S27_S26_04,extreme,120.03136874972999,2,streaming,269.68239647303096,206.73134730754376,82.88427845812195,95.01998243028171,23.28727439941581,0.03572266680842046,0.3853855081092726,0.03572266680842046,0.8571428571428571,0.75,0.0,0.5011332958290888,6.039478633911223,0.24114156880111093,0.3506120143127306,0.4398626383065882,1.184862175801238,3.718114963073576,,True,
egobody,egobody_recording_20220225_S27_S26_04_medium_kinect_15_kinect_12_b03731,shot3r,recording_20220225_S27_S26_04,recording_20220225_S27_S26_04,medium,59.4400979150341,2,streaming,186.18866790006973,146.9242481081734,99.66470057762596,121.96168049053306,18.487173020610477,0.029980116170680842,0.14758050402194461,0.029980116170680842,0.8571428571428571,0.75,0.0,0.7416617352528431,9.751234298745432,0.33284023655173517,0.20183193961577328,0.20458904885021223,0.7454462018015167,1.1043765250161333,,True,
egobody,egobody_recording_20220225_S27_S26_04_small_kinect_14_kinect_13_b03731,shot3r,recording_20220225_S27_S26_04,recording_20220225_S27_S26_04,small,20.688272059067994,2,streaming,141.75874754545666,120.9122480202586,102.49431662221077,112.64106895331497,17.358175241975722,0.017754705475558515,0.05752527498408739,0.017754705475558515,1.0,1.0,0.0,1.227786194818422,11.201147992227185,0.6087716174285526,0.12772708030763844,0.10173692843560986,0.3797508122426546,2.3500918020256414,,True,
egobody,egobody_recording_20220312_S29_S28_01_extreme_kinect_15_kinect_14_b03231,shot3r,recording_20220312_S29_S28_01,recording_20220312_S29_S28_01,extreme,115.13902477352097,2,streaming,270.3962231679076,225.2537101307596,63.493020602130926,72.68533522939953,35.06546973418168,0.007472680612743578,0.29497168778308996,0.007472680612743578,0.8951747088186356,0.9966666666666667,1.0,0.19221432527985272,2.9454484951954876,0.28885936316505617,0.40525083713611604,0.4243537537089247,0.14137035395762468,1.9157252530341315,,True,
egobody,egobody_recording_20220312_S29_S28_01_medium_kinect_12_kinect_15_b03231,shot3r,recording_20220312_S29_S28_01,recording_20220312_S29_S28_01,medium,51.06385423091083,2,streaming,296.3344231673624,204.04383993349018,70.71577386678727,76.42940520875646,22.918811550388064,0.02908478374367667,0.18494153427650545,0.02908478374367667,1.0,1.0,0.0,0.22360480439129835,6.613690926428834,0.09991825102454205,0.452474914066456,0.2728324058321773,0.3211344871258102,2.9033672266558157,,True,
egobody,egobody_recording_20220312_S29_S28_01_small_kinect_11_kinect_15_b03231,shot3r,recording_20220312_S29_S28_01,recording_20220312_S29_S28_01,small,19.168336335397417,2,streaming,127.08109661789099,119.17052252390994,71.90199526750285,76.81940083419968,20.014580663127468,0.019268988763391993,0.03369467704673475,0.019268988763391993,1.0,1.0,0.0,0.21835980452725112,5.083743711272925,0.17049893460299365,0.1461096699943141,0.12983050549858183,0.20892389611587833,1.5360681001474463,,True,
egobody,egobody_recording_20220312_S29_S28_02_extreme_kinect_14_kinect_15_b01761,shot3r,recording_20220312_S29_S28_02,recording_20220312_S29_S28_02,extreme,115.13399034269364,2,streaming,296.66869596316957,217.68307275986035,55.43503366100694,59.92350464831759,17.02419456274286,0.009872068737658151,0.3272266984845215,0.009872068737658151,1.0,1.0,0.0,0.32543570524562454,1.9393879826080336,0.3158970380349919,0.46746268674679603,0.44243574894146287,0.14365021528221192,0.6515601832038244,,True,
egobody,egobody_recording_20220312_S29_S28_02_medium_kinect_15_kinect_12_b01761,shot3r,recording_20220312_S29_S28_02,recording_20220312_S29_S28_02,medium,51.090667008210325,2,streaming,142.0911054308598,134.5686796421555,58.418647764651965,59.667571088744616,13.630473518447632,0.019254642885804748,0.13383292788604262,0.019254642885804748,1.0,1.0,0.0,0.42591437945707006,4.368856294356124,0.11988795965011455,0.22432767641301307,0.22057167236523495,0.27153198497509407,3.170866432139346,,True,
egobody,egobody_recording_20220312_S29_S28_02_small_kinect_11_kinect_15_b01761,shot3r,recording_20220312_S29_S28_02,recording_20220312_S29_S28_02,small,19.202425575395196,2,streaming,112.12949897363569,95.32418177035227,57.70383369344752,61.275074606092566,15.729994457074298,0.015346880518882803,0.0490123128834967,0.015346880518882803,1.0,1.0,0.0,0.32286061092750373,8.646926747889855,0.10553539163387592,0.12822198489610898,0.11378522364320831,0.20550882418592648,1.472282514078798,,True,
egobody,egobody_recording_20220312_S29_S28_03_extreme_kinect_15_kinect_14_b03281,shot3r,recording_20220312_S29_S28_03,recording_20220312_S29_S28_03,extreme,115.13399034269364,2,streaming,210.40244585244685,192.36451993442915,58.288008383835425,61.68988188435035,12.861408250216444,0.008331309442331701,0.3053216949569021,0.008331309442331701,1.0,1.0,0.0,0.5648504630044715,4.23460228869727,0.09895885581135433,0.34939205396412115,0.3530687478236296,0.5504817764635298,2.2694161147660097,,True,
egobody,egobody_recording_20220312_S29_S28_03_medium_kinect_15_kinect_12_b03281,shot3r,recording_20220312_S29_S28_03,recording_20220312_S29_S28_03,medium,51.090667008210325,2,streaming,138.7391989495104,128.78990358703223,67.41804709225815,69.16129379951111,12.191159761514866,0.01860860911645397,0.15605298192615105,0.01860860911645397,1.0,1.0,0.0,0.37418833119156525,4.044674553244908,0.10263305913106983,0.20132086240446065,0.19174182944501614,0.31100361986850605,1.8818430305324034,,True,
egobody,egobody_recording_20220312_S29_S28_03_small_kinect_11_kinect_15_b03281,shot3r,recording_20220312_S29_S28_03,recording_20220312_S29_S28_03,small,19.202425575395196,2,streaming,97.89290420894591,81.54343423621572,60.46493712765725,61.92194818308,11.0953747315817,0.014722575476448447,0.03954302069472392,0.014722575476448447,1.0,1.0,0.0,0.13431448238210134,6.511377501906894,0.09817656786967535,0.10811922245933582,0.08849000663014335,0.2291268750628323,1.3278355675047357,,True,
egobody,egobody_recording_20220312_S29_S28_04_extreme_kinect_14_kinect_15_b04816,shot3r,recording_20220312_S29_S28_04,recording_20220312_S29_S28_04,extreme,115.13399034269364,2,streaming,375.9403699321839,222.92742021872104,54.37843839284152,59.3846923674035,21.419590259584147,0.009469366100257023,0.283536427595448,0.009469366100257023,0.8593155893536122,0.7533333333333333,0.0,0.7410121561553606,6.614090624655947,0.2740729489735844,0.5511641377072285,0.4141768694815972,1.118279544836715,0.27912712146162205,,True,
egobody,egobody_recording_20220312_S29_S28_04_medium_kinect_12_kinect_15_b04816,shot3r,recording_20220312_S29_S28_04,recording_20220312_S29_S28_04,medium,51.090667008210325,2,streaming,268.8957396729363,189.3671361971273,70.3127965194162,76.67933917619841,23.122107613247366,0.019543990400190066,0.20700524886377838,0.019543990400190066,1.0,1.0,0.0,0.47784985706678995,13.199431001898008,0.2536946201573618,0.34661106264459135,0.3025094073358758,0.5990870902843983,2.701180475327614,,True,
egobody,egobody_recording_20220312_S29_S28_04_small_kinect_15_kinect_11_b04816,shot3r,recording_20220312_S29_S28_04,recording_20220312_S29_S28_04,small,19.202425575395196,2,streaming,108.68730170856348,105.68265873400796,57.40983732209808,62.96712470568733,19.582291085699975,0.018944323156929642,0.08167225701808975,0.018944323156929642,1.0,1.0,0.0,0.2830328039802188,2.793404603611166,0.12258117251537541,0.15598843920426547,0.1823660611556929,0.1245239580242953,1.4763679650037123,,True,
egobody,egobody_recording_20220312_S29_S28_05_extreme_kinect_15_kinect_14_b02786,shot3r,recording_20220312_S29_S28_05,recording_20220312_S29_S28_05,extreme,115.09910123030112,2,streaming,354.49841399446404,273.87248194474415,99.26614102157895,117.97378836880505,37.60018651597696,0.02017827758506007,0.345734849362491,0.02017827758506007,0.9583333333333334,0.92,0.0,0.8246440805182761,6.559937318507559,0.17504808562602417,0.48167951755926597,0.26753844745626265,0.8381765447356032,2.1203389271482993,,True,
egobody,egobody_recording_20220312_S29_S28_05_medium_kinect_15_kinect_12_b02786,shot3r,recording_20220312_S29_S28_05,recording_20220312_S29_S28_05,medium,51.07897717909217,2,streaming,290.45785703403374,225.95767802724396,99.71670851183164,111.50495485027506,31.055480184759176,0.02903857282970458,0.16910591926152893,0.02903857282970458,0.9583333333333334,0.92,0.0,0.6757596839973736,5.894857673070854,0.11108655023898703,0.3923684253244067,0.16289628473247456,0.45179792972973537,3.0648683574395843,,True,
egobody,egobody_recording_20220312_S29_S28_05_small_kinect_11_kinect_15_b02786,shot3r,recording_20220312_S29_S28_05,recording_20220312_S29_S28_05,small,19.191924578423738,2,streaming,142.72060550544023,102.4469668727998,81.22218706637459,90.38920818151114,23.184780593382968,0.024607399688307052,0.028185307907992754,0.024607399688307052,0.8571428571428571,0.75,0.0,0.4306806933673062,11.010811862590709,0.15122744911918024,0.17577046139386765,0.08451549418640265,0.342522686511113,1.6205203693473627,,True,
egobody,egobody_recording_20220318_S31_S32_01_extreme_kinect_14_kinect_11_b03185,shot3r,recording_20220318_S31_S32_01,recording_20220318_S31_S32_01,extreme,177.47470299453147,2,streaming,683.8833995632799,535.2442791428382,51.34429885159504,54.16718595416983,25.087281130375448,0.007210536985054648,0.9428997398741471,0.007210536985054648,1.0,1.0,0.0,1.6463634339952482,8.873792343364896,0.3162587347439087,1.257542928319927,1.0893176511332365,2.005525865279265,2.9893703972268972,,True,
egobody,egobody_recording_20220318_S31_S32_01_medium_kinect_14_kinect_13_b03185,shot3r,recording_20220318_S31_S32_01,recording_20220318_S31_S32_01,medium,116.1168296043275,2,streaming,315.633663570594,232.55899650471218,51.065240313521755,52.67417134538823,27.870100905689924,0.007041254107137937,0.4295204980217561,0.007041254107137937,1.0,1.0,0.0,0.35423594659689417,4.71034328391186,0.23489058095026952,0.5195705579352652,0.3894926166854203,0.7981480037494582,0.0,,True,
egobody,egobody_recording_20220318_S31_S32_01_small_kinect_11_kinect_12_b03185,shot3r,recording_20220318_S31_S32_01,recording_20220318_S31_S32_01,small,19.808472625035698,2,streaming,126.69336555758377,97.43169107958136,46.753029955975684,52.15076371091934,12.257413309435652,0.012046191471787449,0.15960356297612266,0.012046191471787449,1.0,1.0,0.0,0.5952134958633043,6.640615191870791,0.2376566206998285,0.15269517976323038,0.0623467495408226,0.28683540544781283,1.102753844049188,,True,
egobody,egobody_recording_20220318_S32_S31_01_extreme_kinect_11_kinect_14_b03251,shot3r,recording_20220318_S32_S31_01,recording_20220318_S32_S31_01,extreme,177.463142416097,2,streaming,993.5579154161401,752.3290746571298,63.52642047990616,70.44152914048621,35.23561645852426,0.011550863460852238,1.018838023175109,0.011550863460852238,1.0,1.0,0.0,2.7712949077849043,29.195132206826035,0.19804183911636822,1.882892281363592,1.5961300621685695,2.5905359735521354,30.734393764437165,,True,
egobody,egobody_recording_20220318_S32_S31_01_medium_kinect_13_kinect_14_b03251,shot3r,recording_20220318_S32_S31_01,recording_20220318_S32_S31_01,medium,116.1242600246617,2,streaming,429.7833748239459,343.6158980284167,66.34737527398885,76.77259711609676,22.950239121880806,0.010181779989707112,0.5376110789937374,0.010181779989707112,1.0,1.0,0.0,1.1409580442790086,0.0,0.2737667357294189,0.7520692750615597,0.43800243528200106,1.1230764699535862,0.0,,True,
egobody,egobody_recording_20220318_S32_S31_01_small_kinect_11_kinect_12_b03251,shot3r,recording_20220318_S32_S31_01,recording_20220318_S32_S31_01,small,19.799048417466157,2,streaming,223.7493888555276,159.58786283477951,58.3588595167003,63.01946394757467,11.9126575148425,0.011010015807070046,0.11909485035842234,0.011010015807070046,1.0,1.0,0.0,0.28099502053211445,4.382481105811001,0.1427566786859128,0.3426972947218481,0.12638018898309702,0.154091342580025,1.3212480078470066,,True,
egobody,egobody_recording_20220318_S32_S31_02_extreme_kinect_14_kinect_11_b03001,shot3r,recording_20220318_S32_S31_02,recording_20220318_S32_S31_02,extreme,177.46908434331888,2,streaming,314.93505688903736,261.1267863750204,65.90215603940732,80.12145625405371,30.440414063232335,0.00694747863624492,0.6174624039505193,0.00694747863624492,1.0,1.0,0.0,0.2692679258099073,5.930985401668853,0.22300791719225763,0.3993594564205719,0.4690559576950122,0.7454509209864124,1.4264917158596546,,True,
egobody,egobody_recording_20220318_S32_S31_02_medium_kinect_13_kinect_14_b03001,shot3r,recording_20220318_S32_S31_02,recording_20220318_S32_S31_02,medium,116.21867345125742,2,streaming,228.65139762358214,175.54409515638622,63.40547478638668,75.69841250039872,31.67002620548638,0.009081869879754985,0.33002031676506144,0.009081869879754985,0.998330550918197,0.9966666666666667,0.0,0.8744938709327779,3.729040245143738,0.3648205593875561,0.34970308351273843,0.23124482556895426,1.093576290896774,0.0,,True,
egobody,egobody_recording_20220318_S32_S31_02_small_kinect_11_kinect_12_b03001,shot3r,recording_20220318_S32_S31_02,recording_20220318_S32_S31_02,small,19.80446864421221,2,streaming,243.75084986991632,141.01420470447962,63.29388731339374,71.62770295562812,15.236854397380153,0.016024609219314836,0.12965252689757054,0.016024609219314836,1.0,1.0,0.0,0.2852379380268106,3.5338002011329177,0.16388022191485302,0.33970063179697285,0.0966032045778373,0.15944384022710295,1.1665819160128343,,True,
egobody,egobody_recording_20220318_S33_S34_01_extreme_kinect_14_kinect_11_b03921,shot3r,recording_20220318_S33_S34_01,recording_20220318_S33_S34_01,extreme,177.41669257912048,2,streaming,550.6707094975128,390.69869551510357,69.9696265021423,75.75840404304203,27.045148740038343,0.011156972048717831,0.825956869302162,0.011156972048717831,1.0,1.0,0.0,1.2073039980391813,6.541860709100347,0.323900005311558,0.9699345026717555,0.9548798051229237,1.5915452836473902,3.843752863064464,,True,
egobody,egobody_recording_20220318_S33_S34_01_medium_kinect_13_kinect_14_b03921,shot3r,recording_20220318_S33_S34_01,recording_20220318_S33_S34_01,medium,116.04562885726455,2,streaming,215.51887146190174,148.09383192981122,60.60672278524243,69.40596661654553,17.2886490509788,0.00932178684193208,0.3417304978144894,0.00932178684193208,1.0,1.0,0.0,0.8055972686562115,2.7486674685788572,0.2654151290158537,0.3397257514352694,0.19555079737549474,0.823040998108461,0.0,,True,
egobody,egobody_recording_20220318_S33_S34_01_small_kinect_12_kinect_11_b03921,shot3r,recording_20220318_S33_S34_01,recording_20220318_S33_S34_01,small,19.758426189077163,2,streaming,142.4675650258934,110.02004442257463,68.32728242261088,69.47773376051683,12.899038758788459,0.010950907626999573,0.08385442619781294,0.010950907626999573,1.0,1.0,0.0,0.5529267559497899,6.200155334769601,0.23310779418364197,0.1713662152579641,0.08430300231862847,0.2846959621607136,1.505232638778697,,True,
egobody,egobody_recording_20220318_S33_S34_02_extreme_kinect_11_kinect_14_b03381,shot3r,recording_20220318_S33_S34_02,recording_20220318_S33_S34_02,extreme,177.412171599804,2,streaming,386.0105972181252,351.9597148806184,61.86450614279779,70.86658527443656,26.99130993997134,0.008418111072452116,0.5962962924568531,0.008418111072452116,1.0,1.0,0.0,1.578797425655031,19.521381406993743,0.3269316231453779,0.6912364308506433,0.683910635930796,1.7774211574258836,16.272695511104068,,True,
egobody,egobody_recording_20220318_S33_S34_02_medium_kinect_14_kinect_13_b03381,shot3r,recording_20220318_S33_S34_02,recording_20220318_S33_S34_02,medium,116.08341309765864,2,streaming,227.38609233928,175.32178481156274,65.75089761490491,76.09765638936473,25.81010074208073,0.008540643908325131,0.3481015995102908,0.008540643908325131,1.0,1.0,0.0,0.4378623610024498,3.987095338730966,0.34747386748325715,0.22748370272461813,0.25855655432986047,0.7148497928084494,0.0,,True,
egobody,egobody_recording_20220318_S33_S34_02_small_kinect_12_kinect_11_b03381,shot3r,recording_20220318_S33_S34_02,recording_20220318_S33_S34_02,small,19.758590485021195,2,streaming,153.26885235861488,98.02142124119229,57.643603714515,65.51745640613497,14.935166569701046,0.011570196056111794,0.05633786485604127,0.011570196056111794,1.0,1.0,0.0,0.41980106665222344,7.10673462402142,0.10989960562246348,0.17273676082297265,0.11326000466177791,0.08248863275914557,1.4647112415204175,,True,
egobody,egobody_recording_20220318_S34_S33_01_extreme_kinect_11_kinect_14_b02656,shot3r,recording_20220318_S34_S33_01,recording_20220318_S34_S33_01,extreme,177.65196146631197,2,streaming,1167.5127564927516,627.0354418295333,80.16845656024613,85.95782997154863,35.906866839739735,0.00751526310702929,1.2548722683687166,0.00751526310702929,1.0,1.0,0.0,1.7360110246682003,15.808846946263925,0.5669447061362516,2.152919147791097,1.9235992785591374,1.615589263966664,21.94693961072183,,True,
egobody,egobody_recording_20220318_S34_S33_01_medium_kinect_14_kinect_13_b02656,shot3r,recording_20220318_S34_S33_01,recording_20220318_S34_S33_01,medium,116.09364276526574,2,streaming,259.58691455861873,233.5010969723089,82.72721795406721,92.01062820537636,21.83642410531987,0.006973869672145083,0.24978714156499326,0.006973869672145083,1.0,1.0,0.0,0.586436479283757,2.0068101399772726,0.36247579803496477,0.3833014973177192,0.22424039497545076,0.43170131604123474,0.0,,True,
egobody,egobody_recording_20220318_S34_S33_01_small_kinect_12_kinect_11_b02656,shot3r,recording_20220318_S34_S33_01,recording_20220318_S34_S33_01,small,19.94263228193401,2,streaming,292.34323531720395,197.70318781959014,78.75103481521427,86.7937706423333,22.600602491474426,0.00810124433187228,0.15967043144423954,0.00810124433187228,1.0,1.0,0.0,0.5357792649872819,6.060934085527273,0.38629850342798017,0.3406192711636852,0.20424527309442003,0.30441262658066115,1.5334914560811168,,True,
egobody,egobody_recording_20220318_S34_S33_02_extreme_kinect_11_kinect_14_b04321,shot3r,recording_20220318_S34_S33_02,recording_20220318_S34_S33_02,extreme,177.65196146631197,2,streaming,520.1124738669305,411.61905633396844,81.3714527670926,91.224883724666,33.76898214154756,0.012434151601818854,0.7889043260648134,0.012434151601818854,1.0,1.0,0.0,1.5622358825629066,20.69664198752018,0.20172619698777627,0.9314629742426412,0.9710257622324281,2.16017350821523,12.939561514473821,,True,
egobody,egobody_recording_20220318_S34_S33_02_medium_kinect_13_kinect_14_b04321,shot3r,recording_20220318_S34_S33_02,recording_20220318_S34_S33_02,medium,116.09364276526574,2,streaming,290.0353556528763,208.67465236725798,78.02883616030671,87.66086854053782,31.327218655920426,0.007110055261759973,0.34984137668442045,0.007110055261759973,1.0,1.0,0.0,0.3670858703384676,8.222596891410173,0.3649533256270344,0.306294630500468,0.2624492463502283,1.1449273874552075,1.475406446900874,,True,
egobody,egobody_recording_20220318_S34_S33_02_small_kinect_12_kinect_11_b04321,shot3r,recording_20220318_S34_S33_02,recording_20220318_S34_S33_02,small,19.94263228193401,2,streaming,202.0242817698326,145.5896087901946,70.03547882972076,75.65981790128855,19.014313011948573,0.013959203886209814,0.09807215263272823,0.013959203886209814,1.0,1.0,0.0,0.639948175139249,7.868459670347025,0.17678148912811642,0.2052903647567736,0.15738171845854013,0.10324704720050021,1.681040193313793,,True,
egobody,egobody_recording_20220318_S34_S33_03_extreme_kinect_11_kinect_14_b03186,shot3r,recording_20220318_S34_S33_03,recording_20220318_S34_S33_03,extreme,177.44670276946619,2,streaming,365.871771107989,292.7740775230457,67.59388068730158,76.28409477050383,23.89204764712857,0.009175066490924377,0.6570329400365913,0.009175066490924377,1.0,1.0,0.0,1.2134443899416598,10.362110738443674,0.3302176401372202,0.6215556000250617,0.4510448779765661,1.1204550884990456,11.164423532815668,,True,
egobody,egobody_recording_20220318_S34_S33_03_medium_kinect_14_kinect_13_b03186,shot3r,recording_20220318_S34_S33_03,recording_20220318_S34_S33_03,medium,116.09037414376164,2,streaming,196.37830400898966,144.9760237489486,70.3434904710859,82.04205003702111,22.055575161963084,0.008251170455576889,0.42809921343736923,0.008251170455576889,1.0,1.0,0.0,0.5182074861858413,1.9167668394279531,0.447530704890931,0.18249525497130528,0.2642035159136477,0.512978699130626,0.0,,True,
egobody,egobody_recording_20220318_S34_S33_03_small_kinect_11_kinect_12_b03186,shot3r,recording_20220318_S34_S33_03,recording_20220318_S34_S33_03,small,19.77927135891685,2,streaming,192.86518378404935,134.10587863348167,64.09747604739586,72.2773623742234,15.02402372883733,0.012230183359074647,0.11624363724994183,0.012230183359074647,1.0,1.0,0.0,0.2728524000229612,3.9210167155558397,0.10942798562745362,0.2625166305007922,0.1488047659578607,0.09245294400717684,1.1489074173533316,,True,
egobody,egobody_recording_20220415_S35_S36_01_extreme_kinect_14_kinect_13_b02261,shot3r,recording_20220415_S35_S36_01,recording_20220415_S35_S36_01,extreme,172.49988670938046,2,streaming,262.6978222083712,221.42215455594987,59.83035715202728,68.73517706945796,19.470826700100005,0.006648170295225181,0.5706890835264715,0.006648170295225181,1.0,1.0,0.0,0.642917353126019,7.332263277143925,0.14328911231617567,0.43574128452208677,0.47911774545269126,0.8451926491075791,5.376168281246178,,True,
egobody,egobody_recording_20220415_S35_S36_01_medium_kinect_15_kinect_13_b02261,shot3r,recording_20220415_S35_S36_01,recording_20220415_S35_S36_01,medium,88.68425090421236,2,streaming,168.23751928828318,130.07729577560715,61.916609980853636,72.49508606246536,17.19457830648156,0.004774520160467813,0.41827961207640235,0.004774520160467813,1.0,1.0,0.0,0.2756925368714292,4.28149074757443,0.1371607952735184,0.23641882404296136,0.26983072290793475,0.39010251378541644,1.3043471788001975,,True,
egobody,egobody_recording_20220415_S35_S36_01_small_kinect_11_kinect_12_b02261,shot3r,recording_20220415_S35_S36_01,recording_20220415_S35_S36_01,small,31.106017345157483,2,streaming,89.87807434089453,79.57849432892993,59.097327326538874,67.10973222148678,11.339514809092798,0.015113214692037419,0.11470468723518609,0.015113214692037419,1.0,1.0,0.0,0.30922436190354147,5.7295863199132375,0.16321579566159836,0.10732465213813656,0.10032775822957057,0.14921299469627036,0.9822510944183066,,True,
egobody,egobody_recording_20220415_S35_S36_02_extreme_kinect_13_kinect_14_b02241,shot3r,recording_20220415_S35_S36_02,recording_20220415_S35_S36_02,extreme,172.53482342388367,2,streaming,235.16200525142276,199.36346769938189,72.94024426560007,82.30691798968346,21.890457920214473,0.007085139965920903,0.5081804646253365,0.007085139965920903,1.0,1.0,0.0,0.7054193319641402,11.20713096469323,0.26429129029218423,0.3800433170388241,0.29872002128281333,0.8724066423925414,13.929223808675046,,True,
egobody,egobody_recording_20220415_S35_S36_02_medium_kinect_13_kinect_15_b02241,shot3r,recording_20220415_S35_S36_02,recording_20220415_S35_S36_02,medium,88.71913291540228,2,streaming,181.1504966242993,137.42913169164237,70.188575110565,77.96411460310831,22.17310786107682,0.005464825042090406,0.41144244503279537,0.005464825042090406,1.0,1.0,0.0,0.5301115406365049,3.735232843750328,0.29655147585156355,0.28836183509282504,0.1853997395505619,0.739022749409775,1.680525139138571,,True,
egobody,egobody_recording_20220415_S35_S36_02_small_kinect_11_kinect_12_b02241,shot3r,recording_20220415_S35_S36_02,recording_20220415_S35_S36_02,small,31.096398207097053,2,streaming,130.41216242771833,100.86874712913836,71.62024975631032,77.33288717691501,16.491393092954706,0.014524417104368853,0.12487631140582628,0.014524417104368853,1.0,1.0,0.0,0.37242365650223014,8.540423417063614,0.15304029443831713,0.14897595813238312,0.0703434261732375,0.18292513630005683,1.0277001375942811,,True,
egohumans,ego_test_badminton_001_badminton_large_cam11_cam15_b00301,r0,,001_badminton,large,129.11100777070405,4,ok,715.7482605508768,258.47787783986604,128.76148155632364,157.9526796929773,71.27517537542275,6.526899733121678,7.042748376439008,7.042748376439008,0.3411458333333333,0.35,1.0,14.09217120957659,129.11183794646382,2.803044822263943,5.892727406834537,,14.084156634762321,129.11183631818363,0.0,True,
egohumans,ego_test_badminton_001_badminton_large_cam11_cam15_b00301,r1,,001_badminton,large,129.11100777070405,4,ok,626.6204822707642,256.33880708257186,128.76148164848286,157.95267934741003,71.27517713392842,0.04343817251000736,6.334892704682108,6.334892704682108,0.3411458333333333,0.35,1.0,13.340296990600223,129.11183794646382,2.784395430663583,5.848474613206565,,14.216229103994895,129.11183631818363,0.005304628983139992,True,
egohumans,ego_test_badminton_001_badminton_large_cam11_cam15_b00301,r2,,001_badminton,large,129.11100777070405,4,ransac_failed,715.7482605508768,258.47787783986604,128.76148155632364,157.9526796929773,71.27517537542275,6.526899733121678,7.042748376439008,7.042748376439008,0.3411458333333333,0.35,1.0,14.09217120957659,129.11183794646382,2.803044822263943,5.892727406834537,,14.084156634762321,129.11183631818363,0.09667616314254701,True,
egohumans,ego_test_badminton_001_badminton_large_cam11_cam15_b00301,r3,,001_badminton,large,129.11100777070405,4,ok,770.9668584794323,258.5249934591632,128.7614842428291,157.95268178446358,71.28143762267185,0.032960347812465915,6.109692866689706,6.109692866689706,0.3411458333333333,0.35,1.0,15.410625229916798,132.43150200563582,3.589437866492286,7.758744799918743,,16.04375009119069,132.43150027680267,42.459434036165476,True,
egohumans,ego_test_badminton_001_badminton_medium_cam02_cam15_b00301,r0,,001_badminton,medium,84.89051940767783,4,ok,854.6219525305862,515.4924265707838,86.05117080491205,101.21738500175891,111.62792857183045,3.1549613939091365,4.138978040982491,4.138978040982491,0.27877237851662406,0.275,1.0,8.309143011716099,85.0133740899725,1.318401833050358,2.303132374190179,2.8167574408101683,8.309078463530659,85.01337433047759,0.0,True,
egohumans,ego_test_badminton_001_badminton_medium_cam02_cam15_b00301,r1,,001_badminton,medium,84.89051940767783,4,ok,1247.094631344689,470.6180069969698,86.05116827719343,101.21738003562193,117.61316759107571,0.02753727413082354,3.4416879368386946,3.4416879368386946,0.1534526854219949,0.275,1.0,10.129835939758824,85.0133740899725,1.726130437687734,3.0633043489378293,2.909001591493043,9.912591034338794,85.01337433047759,0.01145181804895401,True,
egohumans,ego_test_badminton_001_badminton_medium_cam02_cam15_b00301,r2,,001_badminton,medium,84.89051940767783,4,ok,2657.1945782525554,477.45952503264675,86.05118125901653,101.21739306089187,177.32231539291877,0.0032979057274322,1.713275961571726,1.713275961571726,0.1534526854219949,0.275,1.0,9.580003376434309,50.516156479212434,4.05078834218829,7.397412306481238,7.4161339047469745,11.00935054197066,50.51615583487618,0.12395211891271174,True,
egohumans,ego_test_badminton_001_badminton_medium_cam02_cam15_b00301,r3,,001_badminton,medium,84.89051940767783,4,ok,1347.4360772549703,513.9169374663761,86.05117158116934,101.21738418621118,137.65280968866855,0.013855820123063583,2.7489488708130034,2.7489488708130034,0.27877237851662406,0.275,1.0,10.085161960400768,111.80487492859058,2.205369861507789,3.9568015797887788,4.716723836557788,10.848587801568186,111.804875832299,12.440066938987002,True,
egohumans,ego_test_badminton_001_badminton_small_cam06_cam02_b00301,r0,,001_badminton,small,26.643837491418292,4,ok,662.3205573183221,407.1423082731955,80.50925660728424,95.90407488423517,88.25049228038436,2.8554673526425445,3.0373080010330424,3.0373080010330424,0.24282560706401765,0.385,7.0,6.07831791247209,26.395278988276733,1.905063355344793,3.988915501574381,3.263212940803451,6.079058901258644,26.395281312682062,0.0,True,
egohumans,ego_test_badminton_001_badminton_small_cam06_cam02_b00301,r1,,001_badminton,small,26.643837491418292,4,ok,661.2972488584251,420.36612596230475,80.50925718674834,95.90407586279534,88.22555666743884,0.02220948855469743,2.199930846666808,2.199930846666808,0.24282560706401765,0.385,7.0,5.473819658887827,26.395278988276733,1.953248839865603,4.174429616979499,3.2755766260390793,5.6210884982827904,26.395281312682062,0.013726070988923311,True,
egohumans,ego_test_badminton_001_badminton_small_cam06_cam02_b00301,r2,,001_badminton,small,26.643837491418292,4,ransac_failed,662.3205573183221,407.1423082731955,80.50925660728424,95.90407488423517,88.25049228038436,2.8554673526425445,3.0373080010330424,3.0373080010330424,0.24282560706401765,0.385,7.0,6.07831791247209,26.395278988276733,1.905063355344793,3.988915501574381,3.263212940803451,6.079058901258644,26.395281312682062,0.10849063703790307,True,
egohumans,ego_test_badminton_001_badminton_small_cam06_cam02_b00301,r3,,001_badminton,small,26.643837491418292,4,icp_failed,662.3205573183221,407.1423082731955,80.50925660728424,95.90407488423517,88.25049228038436,2.8554673526425445,3.0373080010330424,3.0373080010330424,0.24282560706401765,0.385,7.0,6.07831791247209,26.395278988276733,1.905063355344793,3.988915501574381,3.263212940803451,6.079058901258644,26.395281312682062,24.43109299009666,True,
egohumans,ego_test_badminton_005_badminton_extreme_cam13_cam01_b00326,r0,,005_badminton,extreme,179.07621644799116,4,ok,601.6784585229396,216.19585854749928,136.28735500732725,179.58761378371244,82.27127716929412,3.5632919088154726,8.703450467984505,8.703450467984505,0.22439024390243903,0.1825,2.0,17.482728323945544,179.0107926684037,3.489443058082575,12.421150410412459,,17.487200238652697,179.0109997934566,0.0,True,
egohumans,ego_test_badminton_005_badminton_extreme_cam13_cam01_b00326,r1,,005_badminton,extreme,179.07621644799116,4,ok,601.67845841824,216.19585824714486,136.28735432402456,179.58761370370635,82.27127716929412,0.047656889258273605,7.227057482717319,7.227057482717319,0.22439024390243903,0.1825,2.0,14.24276576105693,179.0107926684037,3.3549313576533213,9.148032366633956,,14.415286943368933,179.0109997934566,0.003360354108735919,True,
egohumans,ego_test_badminton_005_badminton_extreme_cam13_cam01_b00326,r2,,005_badminton,extreme,179.07621644799116,4,ok,601.6784595322215,216.19585943384908,136.28735422795742,179.58761325654453,82.27127716929412,0.03458715982160929,6.664846582424876,6.664846582424876,0.22439024390243903,0.1825,2.0,13.720697426732077,140.11143268048679,3.3603201906758184,9.279160636848053,,15.652895721937456,140.1114372705563,0.11519164103083313,True,
egohumans,ego_test_badminton_005_badminton_extreme_cam13_cam01_b00326,r3,,005_badminton,extreme,179.07621644799116,4,icp_failed,601.6784585229396,216.19585854749928,136.28735500732725,179.58761378371244,82.27127716929412,3.5632919088154726,8.703450467984505,8.703450467984505,0.22439024390243903,0.1825,2.0,17.482728323945544,179.0107926684037,3.489443058082575,12.421150410412459,,17.487200238652697,179.0109997934566,23.11157459905371,True,
egohumans,ego_test_badminton_005_badminton_large_cam11_cam15_b00326,r0,,005_badminton,large,129.11100777070405,4,ok,600.8518050276679,254.22031311097166,83.70067201496369,102.71868975860784,66.15341336623695,6.6856651649827485,7.042790194860994,7.042790194860994,0.29239766081871343,0.3575,2.0,14.091216644410059,129.13872626969157,2.8606799074483527,6.437113387874157,,14.082776707100797,129.13872283016067,0.0,True,
egohumans,ego_test_badminton_005_badminton_large_cam11_cam15_b00326,r1,,005_badminton,large,129.11100777070405,4,ok,600.8518007055881,254.22031380167138,83.70066941546872,102.7186888025352,66.15341259782579,0.033815671984068325,5.7884579800811355,5.7884579800811355,0.40058479532163743,0.3575,0.0,14.89691238010471,129.13872626969157,3.5100180207330047,8.095244641440322,,15.934457699879953,129.13872283016067,0.010105255991220474,True,
egohumans,ego_test_badminton_005_badminton_large_cam11_cam15_b00326,r2,,005_badminton,large,129.11100777070405,4,ransac_failed,600.8518050276679,254.22031311097166,83.70067201496369,102.71868975860784,66.15341336623695,6.6856651649827485,7.042790194860994,7.042790194860994,0.29239766081871343,0.3575,2.0,14.091216644410059,129.13872626969157,2.8606799074483527,6.437113387874157,,14.082776707100797,129.13872283016067,0.12341577908955514,True,
egohumans,ego_test_badminton_005_badminton_large_cam11_cam15_b00326,r3,,005_badminton,large,129.11100777070405,4,ok,600.8517863642476,254.2203126565932,83.70067633885127,102.71869063922213,66.1534144673321,0.006355316270952604,0.35666791310711177,0.35666791310711177,0.29239766081871343,0.3575,2.0,10.810177880509434,89.66234426218456,4.22327501345035,9.916597319272114,,15.822407651986168,89.66234427057788,34.6008554790169,True,
egohumans,ego_test_badminton_005_badminton_medium_cam02_cam15_b00326,r0,,005_badminton,medium,84.89051940767783,4,ok,1727.9285725940374,294.51277231079825,84.25186802422765,103.12867341858833,321.5332391319594,3.896611415373521,4.141273048080825,4.141273048080825,0.23370233702337023,0.27,10.0,8.298622782450485,84.9070551743484,1.7534252562664496,1.4909609251156155,1.8174405651565455,8.29116838153851,84.90705357018233,0.0,True,
egohumans,ego_test_badminton_005_badminton_medium_cam02_cam15_b00326,r1,,005_badminton,medium,84.89051940767783,4,ok,1303.2573649450007,304.8044995871791,84.25186804476888,103.12867327894539,292.0336660605707,0.036152240732894365,3.6125873285238437,3.6125873285238437,0.23862238622386223,0.27,8.0,7.976079372133144,84.9070551743484,1.716252382118394,1.4192703821157926,0.9712878572566814,9.29581170464717,84.90705357018233,0.011966131860390306,True,
egohumans,ego_test_badminton_005_badminton_medium_cam02_cam15_b00326,r2,,005_badminton,medium,84.89051940767783,4,ransac_failed,1727.9285725940374,294.51277231079825,84.25186802422765,103.12867341858833,321.5332391319594,3.896611415373521,4.141273048080825,4.141273048080825,0.23370233702337023,0.27,10.0,8.298622782450485,84.9070551743484,1.7534252562664496,1.4909609251156155,1.8174405651565455,8.29116838153851,84.90705357018233,0.12009576591663063,True,
egohumans,ego_test_badminton_005_badminton_medium_cam02_cam15_b00326,r3,,005_badminton,medium,84.89051940767783,4,ok,1995.4164987166287,374.8585479933226,84.25186432389674,103.12867537143832,358.3150439186227,0.011152051569704448,2.4221669899710148,2.4221669899710148,0.23370233702337023,0.27,10.0,5.336049422736813,5.55560009169472,2.676249268661132,3.270692949019644,2.7063232735835343,10.526829589678847,5.555579071825242,12.639516731956974,True,
egohumans,ego_test_badminton_005_badminton_small_cam02_cam06_b00326,r0,,005_badminton,small,26.643837491418292,4,ok,2081.8191962581636,704.2009559978239,86.70235167201832,105.02401563398082,357.01297040408076,2.438057153762928,3.0358923751743476,3.0358923751743476,0.32081911262798635,0.37,11.0,6.0827263537304495,26.648800221825937,3.2650019709198785,3.9306684981858315,2.783141925299652,6.06407356333708,26.64879578540607,0.0,True,
egohumans,ego_test_badminton_005_badminton_small_cam02_cam06_b00326,r1,,005_badminton,small,26.643837491418292,4,ok,3722.5198650253596,580.5452034174097,86.7023506424312,105.02401313883918,409.708655030684,0.008666198070255489,1.3289998101162852,1.3289998101162852,0.27303754266211605,0.37,11.0,9.329064624283035,26.648800221825937,4.965755267710064,6.5526631640707,5.976057228541579,7.296072331578819,26.64879578540607,0.022967885015532374,True,
egohumans,ego_test_badminton_005_badminton_small_cam02_cam06_b00326,r2,,005_badminton,small,26.643837491418292,4,ransac_failed,2081.8191962581636,704.2009559978239,86.70235167201832,105.02401563398082,357.01297040408076,2.438057153762928,3.0358923751743476,3.0358923751743476,0.32081911262798635,0.37,11.0,6.0827263537304495,26.648800221825937,3.2650019709198785,3.9306684981858315,2.783141925299652,6.06407356333708,26.64879578540607,0.11383785703219473,True,
egohumans,ego_test_badminton_005_badminton_small_cam02_cam06_b00326,r3,,005_badminton,small,26.643837491418292,4,icp_failed,2081.8191962581636,704.2009559978239,86.70235167201832,105.02401563398082,357.01297040408076,2.438057153762928,3.0358923751743476,3.0358923751743476,0.32081911262798635,0.37,11.0,6.0827263537304495,26.648800221825937,3.2650019709198785,3.9306684981858315,2.783141925299652,6.06407356333708,26.64879578540607,14.457435486838222,True,
egohumans,ego_test_basketball_001_basketball_extreme_cam05_cam04_b00301,r0,,001_basketball,extreme,175.7926702306491,4,ok,2358.138374380807,715.9462663995508,84.0362218146677,99.71094171178403,175.81614316671838,5.346083100557223,9.082011324666805,9.082011324666805,0.3989769820971867,0.6725,5.0,18.291719950945666,175.73966995287253,2.99021644945794,5.989857778810253,6.6601382496304495,18.291317511273665,175.73963246472397,0.0,True,
egohumans,ego_test_basketball_001_basketball_extreme_cam05_cam04_b00301,r1,,001_basketball,extreme,175.7926702306491,4,ok,2826.1648266152483,582.4651828125677,84.03622112733781,99.7109401573148,151.82675736112833,0.14910373218872905,6.469427901040257,6.469427901040257,0.5959079283887468,0.6725,3.0,25.265452474301707,175.73966995287253,3.4599546553175213,7.118068291097996,3.0473779942859216,25.297640372778275,175.73963246472397,0.009390152059495449,True,
egohumans,ego_test_basketball_001_basketball_extreme_cam05_cam04_b00301,r2,,001_basketball,extreme,175.7926702306491,4,ok,1423.7761493804232,616.1063056037523,84.03621470611085,99.71093196797845,140.9364203104802,0.04598998203168209,0.4811480948682133,0.4811480948682133,0.5959079283887468,0.6725,3.0,5.137401127526757,6.800646741006423,1.4856083582660902,2.3761115597869695,0.918126654066131,5.384905441092335,6.800651087631097,0.12604585802182555,True,
egohumans,ego_test_basketball_001_basketball_extreme_cam05_cam04_b00301,r3,,001_basketball,extreme,175.7926702306491,4,ransac_failed,2358.138374380807,715.9462663995508,84.0362218146677,99.71094171178403,175.81614316671838,5.346083100557223,9.082011324666805,9.082011324666805,0.3989769820971867,0.6725,5.0,18.291719950945666,175.73966995287253,2.99021644945794,5.989857778810253,6.6601382496304495,18.291317511273665,175.73963246472397,46.61403050785884,True,
egohumans,ego_test_basketball_001_basketball_large_cam05_cam01_b00301,r0,,001_basketball,large,135.63601485679797,4,ok,3041.114505980436,707.6301599153398,86.9347293796357,104.57234947365313,252.75718721652117,4.484831062413389,7.848739053521272,7.848739053521272,0.5937106918238994,0.8575,5.0,15.788097511395241,135.6892854664843,3.952592435052494,6.571156191105203,7.874000122631949,15.787723625295511,135.68928219460466,0.0,True,
egohumans,ego_test_basketball_001_basketball_large_cam05_cam01_b00301,r1,,001_basketball,large,135.63601485679797,4,ok,3329.623683281148,614.6029387408956,86.93472793112747,104.57235044440189,227.04689545661853,0.18874892489931955,6.450702890880334,6.450702890880334,0.6238993710691824,0.8575,4.0,19.16384647485886,135.6892854664843,4.308212135843852,7.226949510306469,6.0746802253465235,19.13558677415025,135.68928219460466,0.03005448286421597,True,
egohumans,ego_test_basketball_001_basketball_large_cam05_cam01_b00301,r2,,001_basketball,large,135.63601485679797,4,ransac_failed,3041.114505980436,707.6301599153398,86.9347293796357,104.57234947365313,252.75718721652117,4.484831062413389,7.848739053521272,7.848739053521272,0.5937106918238994,0.8575,5.0,15.788097511395241,135.6892854664843,3.952592435052494,6.571156191105203,7.874000122631949,15.787723625295511,135.68928219460466,0.1171922660432756,True,
egohumans,ego_test_basketball_001_basketball_large_cam05_cam01_b00301,r3,,001_basketball,large,135.63601485679797,4,ransac_failed,3041.114505980436,707.6301599153398,86.9347293796357,104.57234947365313,252.75718721652117,4.484831062413389,7.848739053521272,7.848739053521272,0.5937106918238994,0.8575,5.0,15.788097511395241,135.6892854664843,3.952592435052494,6.571156191105203,7.874000122631949,15.787723625295511,135.68928219460466,75.77561095007695,True,
egohumans,ego_test_basketball_001_basketball_medium_cam01_cam03_b00301,r0,,001_basketball,medium,89.37582102596456,4,ok,2346.9293027464164,877.8361076532884,95.88339936786869,112.20934455835513,163.52610809673652,5.58533291626996,5.970776565307599,5.970776565307599,0.7144686299615877,0.93,3.0,12.173285872415747,89.35067266470635,2.9701348033335773,4.84541069696015,4.736464641097571,12.168386050863223,89.35067186924728,0.0,True,
egohumans,ego_test_basketball_001_basketball_medium_cam01_cam03_b00301,r1,,001_basketball,medium,89.37582102596456,4,ok,2263.2469147599586,877.2876806584683,95.88339863941712,112.20934435988673,158.59147003295988,0.8475811985519799,5.6043013555074,5.6043013555074,0.7272727272727273,0.93,2.0,12.331778367762473,89.35067266470635,2.9260357813611835,4.756735906831876,4.237284793110073,12.298180398218173,89.35067186924728,0.006675380049273372,True,
egohumans,ego_test_basketball_001_basketball_medium_cam01_cam03_b00301,r2,,001_basketball,medium,89.37582102596456,4,ok,1385.515654844656,532.0912977953798,95.88339357740858,112.2093419825257,126.97053739981403,0.057418298869502206,0.2095741276822101,0.2095741276822101,0.7272727272727273,0.93,2.0,3.5276233060774382,11.534170043323611,1.569972583693161,2.0299493688183405,0.8677327813136648,3.140369317396035,11.534162929488797,0.09309566603042185,True,
egohumans,ego_test_basketball_001_basketball_medium_cam01_cam03_b00301,r3,,001_basketball,medium,89.37582102596456,4,icp_failed,2346.9293027464164,877.8361076532884,95.88339936786869,112.20934455835513,163.52610809673652,5.58533291626996,5.970776565307599,5.970776565307599,0.7144686299615877,0.93,3.0,12.173285872415747,89.35067266470635,2.9701348033335773,4.84541069696015,4.736464641097571,12.168386050863223,89.35067186924728,55.84659668803215,True,
egohumans,ego_test_basketball_001_basketball_small_cam06_cam03_b00301,r0,,001_basketball,small,46.97895939215392,4,ok,2361.6219882519867,850.1689523477488,97.00827103616595,112.26845976864409,184.8277158798673,3.183621600234364,3.501760080059713,3.501760080059713,0.6344827586206897,0.795,5.0,7.225516757285217,47.40684290494557,1.991135434068578,2.9649711401808534,2.1873188208147756,7.219973808172933,47.40684705041313,0.0,True,
egohumans,ego_test_basketball_001_basketball_small_cam06_cam03_b00301,r1,,001_basketball,small,46.97895939215392,4,ok,2248.0444717483133,739.0712399378899,97.00827344271518,112.26845729911953,185.85457867007625,0.30343531209468955,2.9444366051498885,2.9444366051498885,0.6344827586206897,0.795,5.0,6.870874236585633,47.40684290494557,1.7491301646142066,2.5489837040376644,2.0547765005860215,6.912818734403181,47.40684705041313,0.009853788884356618,True,
egohumans,ego_test_basketball_001_basketball_small_cam06_cam03_b00301,r2,,001_basketball,small,46.97895939215392,4,ok,1464.4017275109477,315.90663981183883,97.00827775343335,112.26846432534734,164.22871960052694,0.05144270286954626,0.0616554860866359,0.0616554860866359,0.6344827586206897,0.795,5.0,1.107736510810702,6.877700548635653,0.7511550839224748,0.8335454572270113,0.047687982533484746,0.8058349523770835,6.877733087604376,0.21879481617361307,True,
egohumans,ego_test_basketball_001_basketball_small_cam06_cam03_b00301,r3,,001_basketball,small,46.97895939215392,4,icp_failed,2361.6219882519867,850.1689523477488,97.00827103616595,112.26845976864409,184.8277158798673,3.183621600234364,3.501760080059713,3.501760080059713,0.6344827586206897,0.795,5.0,7.225516757285217,47.40684290494557,1.991135434068578,2.9649711401808534,2.1873188208147756,7.219973808172933,47.40684705041313,67.6843594389502,True,
egohumans,ego_test_basketball_002_basketball_extreme_cam04_cam05_b00301,r0,,002_basketball,extreme,175.7926702306491,4,ok,544.7844349673559,359.97423661754783,148.174222931899,178.53803155749057,104.73292417528299,5.069352231124645,9.082247468706193,9.082247468706193,0.24355300859598855,0.225,4.0,18.32863482585401,175.36471653861224,1.4096358380344494,1.6542987993996912,,18.324217383376112,175.36467085999982,0.0,True,
egohumans,ego_test_basketball_002_basketball_extreme_cam04_cam05_b00301,r1,,002_basketball,extreme,175.7926702306491,4,ok,519.9132144820001,294.95027316281727,148.1742247495021,178.53803394307758,104.73292417528299,0.1716144530167768,7.224588059471185,7.224588059471185,0.24355300859598855,0.225,4.0,17.94270828016505,175.36471653861224,1.4249797662991452,2.1146166473405628,,18.259519026203556,175.36467085999982,0.004871367011219263,True,
egohumans,ego_test_basketball_002_basketball_extreme_cam04_cam05_b00301,r2,,002_basketball,extreme,175.7926702306491,4,ok,548.4068066878675,345.06228962072794,148.17422288060783,178.53803453138465,104.73292417528299,0.04520695343941893,1.87321892175138,1.87321892175138,0.24355300859598855,0.225,4.0,15.95342653778085,64.99934429873109,1.3991811948858586,1.3406595049419592,,16.990041279780613,64.99934491910803,0.13602304900996387,True,
egohumans,ego_test_basketball_002_basketball_extreme_cam04_cam05_b00301,r3,,002_basketball,extreme,175.7926702306491,4,icp_failed,544.7844349673559,359.97423661754783,148.174222931899,178.53803155749057,104.73292417528299,5.069352231124645,9.082247468706193,9.082247468706193,0.24355300859598855,0.225,4.0,18.32863482585401,175.36471653861224,1.4096358380344494,1.6542987993996912,,18.324217383376112,175.36467085999982,37.525625098031014,True,
egohumans,ego_test_basketball_002_basketball_large_cam01_cam05_b00301,r0,,002_basketball,large,135.63601485679797,4,ok,534.6586871248488,277.7184024131538,103.01877089286174,121.52998627762257,157.5278914935537,5.0670094018008,7.854315899684036,7.854315899684036,0.49927849927849927,0.46,5.0,15.97728800151202,136.18066710822495,0.42601198282186203,2.233294344119067,,15.975727327035635,136.18066793017724,0.0,True,
egohumans,ego_test_basketball_002_basketball_large_cam01_cam05_b00301,r1,,002_basketball,large,135.63601485679797,4,ok,529.0906921163978,266.2694549671158,103.01877090626698,121.52998629801698,157.5278914935537,0.4878681166176321,7.387918869741978,7.387918869741978,0.5079365079365079,0.46,4.0,16.43695315349388,136.18066710822495,0.4206863248300767,1.906653987289564,,16.44149045369838,136.18066793017724,0.006925221066921949,True,
egohumans,ego_test_basketball_002_basketball_large_cam01_cam05_b00301,r2,,002_basketball,large,135.63601485679797,4,ok,536.3251878781226,280.37565942959185,103.01877208899735,121.52998888668598,157.5278914935537,0.04004582766805416,1.7997795882621324,1.7997795882621324,0.5079365079365079,0.46,4.0,15.14138174657538,127.13774014552625,0.435690128469803,2.8268872771927787,,15.486985517248387,127.13774075225686,0.12076557916589081,True,
egohumans,ego_test_basketball_002_basketball_large_cam01_cam05_b00301,r3,,002_basketball,large,135.63601485679797,4,icp_failed,534.6586871248488,277.7184024131538,103.01877089286174,121.52998627762257,157.5278914935537,5.0670094018008,7.854315899684036,7.854315899684036,0.49927849927849927,0.46,5.0,15.97728800151202,136.18066710822495,0.42601198282186203,2.233294344119067,,15.975727327035635,136.18066793017724,35.36018328508362,True,
egohumans,ego_test_basketball_002_basketball_medium_cam03_cam01_b00301,r0,,002_basketball,medium,89.37582102596456,4,ok,1883.9181005532087,1109.2420607957608,94.90072709445005,110.59327072028395,188.75968820135293,5.920897877475662,5.979832693797737,5.979832693797737,0.5681528662420382,0.7275,4.0,12.160342104051047,89.10754452096046,1.9424435113498453,3.8621418489665635,2.1528834179308918,12.139623710061851,89.10754366592576,0.0,True,
egohumans,ego_test_basketball_002_basketball_medium_cam03_cam01_b00301,r1,,002_basketball,medium,89.37582102596456,4,ok,1868.3089331005167,990.7947964074672,94.90072637183964,110.59327067755852,181.55763530047267,0.6653054804240212,5.273131716182638,5.273131716182638,0.6955414012738853,0.7275,3.0,10.731788538187747,89.10754452096046,1.838196752313717,3.6155092727103573,1.6407885031506841,10.727708671902663,89.10754366592576,0.0068608170840889215,True,
egohumans,ego_test_basketball_002_basketball_medium_cam03_cam01_b00301,r2,,002_basketball,medium,89.37582102596456,4,ok,980.4385445394523,505.9285593793773,94.90074041210218,110.59328250877623,164.9155332544682,0.08122949033374098,0.17998506066787967,0.17998506066787967,0.6955414012738853,0.7275,3.0,1.8232339583702817,17.440333567837563,0.8510093414327136,1.2799683250162752,0.28683446904719057,0.8285200601598229,17.440335129981417,0.1297511390876025,True,
egohumans,ego_test_basketball_002_basketball_medium_cam03_cam01_b00301,r3,,002_basketball,medium,89.37582102596456,4,icp_failed,1883.9181005532087,1109.2420607957608,94.90072709445005,110.59327072028395,188.75968820135293,5.920897877475662,5.979832693797737,5.979832693797737,0.5681528662420382,0.7275,4.0,12.160342104051047,89.10754452096046,1.9424435113498453,3.8621418489665635,2.1528834179308918,12.139623710061851,89.10754366592576,63.29565412807278,True,
egohumans,ego_test_basketball_002_basketball_small_cam06_cam03_b00301,r0,,002_basketball,small,46.97895939215392,4,ok,1056.6294137748425,539.4939896606242,118.42626014882339,137.51644249025725,221.749400310519,3.372306250404657,3.5052897095750906,3.5052897095750906,0.5111441307578009,0.5475,4.0,7.312036815587319,47.30311713495838,2.1177398881702003,2.244593622431367,1.2136306450923406,7.121055780213668,47.30311658615038,0.0,True,
egohumans,ego_test_basketball_002_basketball_small_cam06_cam03_b00301,r1,,002_basketball,small,46.97895939215392,4,ok,1054.309905727114,526.4064863572869,118.42624440345294,137.51642918730184,221.41784197767237,1.530452137546058,3.3806281638895177,3.3806281638895177,0.5765230312035661,0.5475,3.0,7.304445986818464,47.30311713495838,2.131160779427992,2.2706040223026625,1.1575306281108662,7.243567481531277,47.30311658615038,0.004207937978208065,True,
egohumans,ego_test_basketball_002_basketball_small_cam06_cam03_b00301,r2,,002_basketball,small,46.97895939215392,4,ok,1001.292046159427,376.77967903749555,118.426258622738,137.51643815659114,214.17898122404426,0.07524389778758879,0.32506036201582567,0.32506036201582567,0.5765230312035661,0.5475,3.0,2.331147020580215,10.946474697998914,2.179582037452088,2.36444699139361,0.11774137727635445,3.571233892805781,10.946470041344716,0.09314157790504396,True,
egohumans,ego_test_basketball_002_basketball_small_cam06_cam03_b00301,r3,,002_basketball,small,46.97895939215392,4,icp_failed,1056.6294137748425,539.4939896606242,118.42626014882339,137.51644249025725,221.749400310519,3.372306250404657,3.5052897095750906,3.5052897095750906,0.5111441307578009,0.5475,4.0,7.312036815587319,47.30311713495838,2.1177398881702003,2.244593622431367,1.2136306450923406,7.121055780213668,47.30311658615038,60.225271242903545,True,
egohumans,ego_test_basketball_003_basketball_medium_cam03_cam01_b00286,r0,,003_basketball,medium,89.37582102596456,4,ok,2262.919779864915,556.368171048669,151.48761340425773,188.89018998509573,328.0684547147999,5.824171763483131,5.976016969987061,5.976016969987061,0.15609756097560976,0.195,6.0,12.184651574296877,89.29760057783328,4.181323517429228,10.031780802738972,,12.23867909964822,89.29760170179202,0.0,True,
egohumans,ego_test_basketball_003_basketball_medium_cam03_cam01_b00286,r1,,003_basketball,medium,89.37582102596456,4,ok,1168.4101695749223,818.0512090928662,151.48760757408863,188.89018442534768,328.0684316466419,0.08870985219924314,1.908905728804664,1.908905728804664,0.2146341463414634,0.195,5.0,18.79824114528401,89.29760057783328,1.08482253691949,1.9808782534136486,,16.87182566382488,89.29760170179202,0.004200855968520045,True,
egohumans,ego_test_basketball_003_basketball_medium_cam03_cam01_b00286,r2,,003_basketball,medium,89.37582102596456,4,ok,990.7057804545975,580.9769118663628,151.48761306886942,188.89018441216987,326.3489105261587,0.02932530853722898,6.407618561759914,6.407618561759914,0.2146341463414634,0.195,5.0,20.541846560059305,91.05446661844304,0.7674900158835797,1.155813698720282,,17.842762646915105,91.054467814711,0.0930637379642576,True,
egohumans,ego_test_basketball_003_basketball_medium_cam03_cam01_b00286,r3,,003_basketball,medium,89.37582102596456,4,ransac_failed,2262.919779864915,556.368171048669,151.48761340425773,188.89018998509573,328.0684547147999,5.824171763483131,5.976016969987061,5.976016969987061,0.15609756097560976,0.195,6.0,12.184651574296877,89.29760057783328,4.181323517429228,10.031780802738972,,12.23867909964822,89.29760170179202,45.11763831600547,True,
egohumans,ego_test_basketball_003_basketball_small_cam03_cam06_b00286,r0,,003_basketball,small,46.97895939215392,4,ok,779.6596841937384,519.9895382515791,129.01810646326643,156.3584660359415,259.51798857504645,3.3895101467724036,3.5104362639671094,3.5104362639671094,0.1761467889908257,0.15,1.0,7.119097270875658,46.858964458866375,1.3340112151618455,4.570905219366666,4.248036251763927,7.207538217182908,46.858964411670044,0.0,True,
egohumans,ego_test_basketball_003_basketball_small_cam03_cam06_b00286,r1,,003_basketball,small,46.97895939215392,4,ok,794.7565870083895,362.15950584504895,129.0181117799603,156.35846820035144,217.05524977663444,0.08632109357123445,0.8283912280744863,0.8283912280744863,0.22018348623853212,0.15,0.0,13.36998655004617,46.858964458866375,0.786294514794212,1.832321717528498,2.2676204560231756,13.291394020106715,46.858964411670044,0.003046870930120349,True,
egohumans,ego_test_basketball_003_basketball_small_cam03_cam06_b00286,r2,,003_basketball,small,46.97895939215392,4,ok,696.5689629039115,533.9417128194704,129.01810578377294,156.35846599048537,171.224798525785,0.14438166211878306,1.914882103220844,1.914882103220844,0.22018348623853212,0.15,0.0,4.82930670111839,23.809300304991798,0.7412830892338947,1.6072645897269118,0.14382740752978282,6.1061976364409425,23.809299222298854,0.11095774499699473,True,
egohumans,ego_test_basketball_003_basketball_small_cam03_cam06_b00286,r3,,003_basketball,small,46.97895939215392,4,icp_failed,779.6596841937384,519.9895382515791,129.01810646326643,156.3584660359415,259.51798857504645,3.3895101467724036,3.5104362639671094,3.5104362639671094,0.1761467889908257,0.15,1.0,7.119097270875658,46.858964458866375,1.3340112151618455,4.570905219366666,4.248036251763927,7.207538217182908,46.858964411670044,47.10357963596471,True,
egohumans,ego_test_fencing_001_fencing_extreme_cam10_cam07_b00301,r0,,001_fencing,extreme,179.63049026315505,3,ok,1780.1382914151961,249.42236077553687,123.02288092927851,142.9776670407316,260.09723286922656,2.8449276384266717,3.466673769227003,3.466673769227003,0.4712041884816754,0.53,7.0,6.952080671308128,179.46994472108332,4.911433436267635,5.300388346559233,5.50006206354077,6.929281557570495,179.46992296548535,0.0,True,
egohumans,ego_test_fencing_001_fencing_extreme_cam10_cam07_b00301,r1,,001_fencing,extreme,179.63049026315505,3,ok,1272.5367465389616,248.32979222652432,123.02288049095844,142.97766363193813,240.79401646580183,0.07402524422270652,2.1254782048935312,2.1254782048935312,0.2164048865619546,0.53,7.0,7.420815924268871,179.46994472108332,4.7856201214592815,5.164304557072645,3.9418169658625803,7.909285332577048,179.46992296548535,0.005137762986123562,True,
egohumans,ego_test_fencing_001_fencing_extreme_cam10_cam07_b00301,r2,,001_fencing,extreme,179.63049026315505,3,ok,490.2784466348046,250.3089251825684,123.02288319506293,142.9776662883271,198.47580257162497,0.025224396251119427,0.5308428280898856,0.5308428280898856,0.2164048865619546,0.53,7.0,2.319257392006766,16.36852659031548,1.3246430135846339,1.420798705698027,0.7243340261503238,3.399037735025214,16.36853748775456,0.09334706189110875,True,
egohumans,ego_test_fencing_001_fencing_extreme_cam10_cam07_b00301,r3,,001_fencing,extreme,179.63049026315505,3,ok,1176.9236156185557,251.63121535988037,123.02287821153732,142.97766299150754,232.06656909254986,0.0799765622169421,2.2185486176407867,2.2185486176407867,0.4712041884816754,0.53,7.0,4.784262160228967,119.53475882067362,3.189616659648744,3.438015098379616,3.344831161598438,4.463776615221902,119.53475864011564,21.99010677705519,True,
egohumans,ego_test_fencing_001_fencing_large_cam14_cam03_b00301,r0,,001_fencing,large,124.72057936413194,3,ok,369.86037231644116,257.57098361791924,107.75418783089445,119.64513557674641,53.644302307859405,2.1617405241096552,2.9542252029205933,2.9542252029205933,0.4203152364273205,0.45,2.0,5.990036927206569,124.52634989966906,5.239386275561096,5.882288395160145,,5.98900457863147,124.52635141172848,0.0,True,
egohumans,ego_test_fencing_001_fencing_large_cam14_cam03_b00301,r1,,001_fencing,large,124.72057936413194,3,ok,487.2569656078267,261.15393272333847,107.75419086526348,119.64513842975497,52.943538161460644,0.06665220090501053,2.122232683384318,2.122232683384318,0.3502626970227671,0.45,1.0,6.563852419829304,124.52634989966906,4.88755879256391,5.486482476788311,,6.481677928574212,124.52635141172848,0.00819961610250175,True,
egohumans,ego_test_fencing_001_fencing_large_cam14_cam03_b00301,r2,,001_fencing,large,124.72057936413194,3,ok,226.61694247759706,128.72510231931403,107.7541906973894,119.64514049941388,60.66674136046986,0.014550886344476974,0.9195676120330476,0.9195676120330476,0.3502626970227671,0.45,1.0,3.6037954682328857,6.31399986733497,0.4927487814706896,0.5423212143084387,,3.5208962007629157,6.313975991712919,0.1397804708685726,True,
egohumans,ego_test_fencing_001_fencing_large_cam14_cam03_b00301,r3,,001_fencing,large,124.72057936413194,3,ok,613.0296815791285,214.6961864170552,107.75418117610981,119.64512706043465,58.003943059956846,0.033249065747413285,1.268197661413025,1.268197661413025,0.4203152364273205,0.45,2.0,5.607444642815296,175.67987294773468,5.675301950132562,6.372693529053046,,5.422984093468109,175.67990154742793,14.101672368124127,True,
egohumans,ego_test_fencing_001_fencing_medium_cam13_cam10_b00301,r0,,001_fencing,medium,78.5930968243489,3,ok,1109.9200390380768,443.4677589345715,102.93804378948353,110.89047377812699,83.39250507551836,1.4534717919658555,2.0856455231523934,2.0856455231523934,0.6778242677824268,0.6090225563909775,0.0,4.246044629203825,78.53323057490017,1.207115619438539,1.8535632350860152,1.1876002519142939,4.244407408864897,78.53323225752015,0.0,True,
egohumans,ego_test_fencing_001_fencing_medium_cam13_cam10_b00301,r1,,001_fencing,medium,78.5930968243489,3,ok,1364.0398025199231,426.1108864427436,102.93804725481823,110.89047678554613,99.5331517111237,0.047632684336159595,1.0640654755875807,1.0640654755875807,0.6276150627615062,0.6090225563909775,1.0,1.941844188253348,78.53323057490017,1.4495600320339148,2.246323183490524,2.5307711037311917,2.0305706602859,78.53323225752015,0.008689656853675842,True,
egohumans,ego_test_fencing_001_fencing_medium_cam13_cam10_b00301,r2,,001_fencing,medium,78.5930968243489,3,ok,2257.4407505737368,479.49289915577447,102.93804326164614,110.8904714489164,120.56855362967384,0.023617829465555653,0.023781148649368505,0.023781148649368505,0.6276150627615062,0.6090225563909775,1.0,1.590528543196961,63.634104313094355,2.4425046958817718,3.854893538924052,4.409829616620333,1.7519887830899283,63.63410637284976,0.12732363305985928,True,
egohumans,ego_test_fencing_001_fencing_medium_cam13_cam10_b00301,r3,,001_fencing,medium,78.5930968243489,3,ok,945.7982252044014,379.63858268066133,102.93804191643233,110.89047055155977,84.77664570259142,0.029150086612196476,0.3965745778358324,0.3965745778358324,0.6778242677824268,0.6090225563909775,0.0,1.7573924189971462,5.7276127684778215,1.0964490601347572,1.6742834090138883,1.4496923046746268,1.5319690415413758,5.727635587461186,15.876643603900447,True,
egohumans,ego_test_fencing_001_fencing_small_cam15_cam04_b00301,r0,,001_fencing,small,32.80413490444774,3,ok,1425.3465057339795,461.7595831221174,200.56871232890492,232.28673876145908,136.63935047332657,0.5799615188616323,0.7492384127270033,0.7492384127270033,0.4387990762124711,0.975,3.0,1.5272007690170655,32.770409918028136,1.0986839583239518,1.709588993153789,0.5907301456549584,1.5368998440609434,32.77040942433691,0.0,True,
egohumans,ego_test_fencing_001_fencing_small_cam15_cam04_b00301,r1,,001_fencing,small,32.80413490444774,3,ok,1292.7857443486514,441.5387756887679,200.56871297500703,232.28673958328486,133.9408921128693,0.044934832472790315,0.36832597951797147,0.36832597951797147,0.49884526558891457,0.975,2.0,2.101174598702309,32.770409918028136,0.965845605864725,1.436920796000639,0.05472293342781643,2.126273546407514,32.77040942433691,0.0034629260189831257,True,
egohumans,ego_test_fencing_001_fencing_small_cam15_cam04_b00301,r2,,001_fencing,small,32.80413490444774,3,ok,1168.8910619909016,419.51851938479444,200.56871246820276,232.28673968137957,133.8481080838297,0.06097637592659117,0.4707290245499838,0.4707290245499838,0.49884526558891457,0.975,2.0,1.2545510781086904,15.762295860321295,0.8426964609431461,1.1841409722142402,0.06008545169634699,1.4196641085551531,15.76229454378392,0.14919799915514886,True,
egohumans,ego_test_fencing_001_fencing_small_cam15_cam04_b00301,r3,,001_fencing,small,32.80413490444774,3,icp_failed,1425.3465057339795,461.7595831221174,200.56871232890492,232.28673876145908,136.63935047332657,0.5799615188616323,0.7492384127270033,0.7492384127270033,0.4387990762124711,0.975,3.0,1.5272007690170655,32.770409918028136,1.0986839583239518,1.709588993153789,0.5907301456549584,1.5368998440609434,32.77040942433691,10.131414469098672,True,
egohumans,ego_test_fencing_002_fencing_extreme_cam10_cam07_b00301,r0,,002_fencing,extreme,179.63049026315505,3,ok,797.5151734742265,160.3663288832077,101.00302527740244,118.12396874221668,69.95471221705266,1.0167461297950846,3.467586834071455,3.467586834071455,0.3967935871743487,0.396,0.0,6.937310777658875,179.79575378473072,0.25619893963249835,,,6.940686604958731,179.795336818653,0.0,True,
egohumans,ego_test_fencing_002_fencing_extreme_cam10_cam07_b00301,r1,,002_fencing,extreme,179.63049026315505,3,ok,797.5151734742265,160.3663288832077,101.00302527740244,118.12396874221668,69.95471221705266,0.012639254887829833,1.8730939923702474,1.8730939923702474,0.3967935871743487,0.396,0.0,10.631998236007382,179.79575378473072,0.25619893963249835,,,10.629620090166961,179.795336818653,0.004422835074365139,True,
egohumans,ego_test_fencing_002_fencing_extreme_cam10_cam07_b00301,r2,,002_fencing,extreme,179.63049026315505,3,ok,797.5151734742265,160.3663288832077,101.00302527740244,118.12396874221668,69.95471221705266,0.010433435840368259,1.5320717079743205,1.5320717079743205,0.3967935871743487,0.396,0.0,10.935928882641505,157.63469198694995,0.25619893963249835,,,10.778875271156636,157.63468806588793,0.13082846207544208,True,
egohumans,ego_test_fencing_002_fencing_extreme_cam10_cam07_b00301,r3,,002_fencing,extreme,179.63049026315505,3,ok,797.5151734742265,160.3663288832077,101.00302527740244,118.12396874221668,69.95471221705266,0.005623764708836577,0.1410232221572107,0.1410232221572107,0.3967935871743487,0.396,0.0,9.957069208339465,178.4936118403304,0.25619893963249835,,,9.81406326283361,178.49361763610335,22.76783961383626,True,
egohumans,ego_test_fencing_002_fencing_large_cam11_cam12_b00301,r0,,002_fencing,large,127.00912657201151,3,ok,1784.5919930087962,655.5311283326638,105.17450739642172,117.4045292104729,144.51557293648003,2.4276333238153485,3.047998736767917,3.047998736767917,0.5208333333333334,0.9591836734693877,2.0,6.105881692997946,127.1776224222854,1.9036338798539003,3.394922907074313,3.225717735233059,6.100912390577645,127.17762199593724,0.0,True,
egohumans,ego_test_fencing_002_fencing_large_cam11_cam12_b00301,r1,,002_fencing,large,127.00912657201151,3,ok,1433.0330328030009,777.2486821767609,105.17450623054816,117.40452880892825,138.2591679055034,0.033979249611021306,1.7847730979970349,1.7847730979970349,0.71875,0.9591836734693877,1.0,8.834852658758347,127.1776224222854,1.4635277611790187,2.5675234039655357,3.1130413952482217,8.941459623199165,127.17762199593724,0.004300163127481937,True,
egohumans,ego_test_fencing_002_fencing_large_cam11_cam12_b00301,r2,,002_fencing,large,127.00912657201151,3,ok,461.4163969687932,174.01896034358424,105.17450953417632,117.40452846228003,81.64026940322168,0.01801581343447186,0.6588223221836906,0.6588223221836906,0.71875,0.9591836734693877,1.0,1.1080498231936553,17.25082182386121,0.26215075786955283,0.3089346377437396,0.09389109166271063,0.7822413275343432,17.25082653364045,0.12073985114693642,True,
egohumans,ego_test_fencing_002_fencing_large_cam11_cam12_b00301,r3,,002_fencing,large,127.00912657201151,3,ok,4044.2924601390505,736.7119029959713,105.17450709639895,117.40453025939252,243.7986155089182,0.008160113818575315,2.2396042319254565,2.2396042319254565,0.5208333333333334,0.9591836734693877,2.0,7.219652842748053,96.63797262465052,4.570678728047345,8.40896722167799,8.30219105316593,7.131911809139257,96.63797186169472,9.468004569178447,True,
egohumans,ego_test_fencing_002_fencing_medium_cam01_cam08_b00301,r0,,002_fencing,medium,80.24555273385398,3,ok,794.0162612988345,370.06120223213895,104.51803157401625,113.49783730831226,212.72216293461273,2.7477191397591105,3.2343554642091243,3.2343554642091243,0.31596091205211724,0.44666666666666666,1.0,6.4778401334965885,79.91349475554301,0.6787599648583198,1.4357853521988366,1.5303308710551082,6.477005686541581,79.91349644525212,0.0,True,
egohumans,ego_test_fencing_002_fencing_medium_cam01_cam08_b00301,r1,,002_fencing,medium,80.24555273385398,3,ok,1287.7304740496038,435.86228105010593,104.51803087703799,113.49783845897133,240.15431381226395,0.04555622063739634,2.4038415825320376,2.4038415825320376,0.31596091205211724,0.44666666666666666,1.0,8.534725497890896,79.91349475554301,1.2208546194798058,3.3990470743415164,3.46238325917746,8.552183890268584,79.91349644525212,0.008903189096599817,True,
egohumans,ego_test_fencing_002_fencing_medium_cam01_cam08_b00301,r2,,002_fencing,medium,80.24555273385398,3,ransac_failed,794.0162612988345,370.06120223213895,104.51803157401625,113.49783730831226,212.72216293461273,2.7477191397591105,3.2343554642091243,3.2343554642091243,0.31596091205211724,0.44666666666666666,1.0,6.4778401334965885,79.91349475554301,0.6787599648583198,1.4357853521988366,1.5303308710551082,6.477005686541581,79.91349644525212,0.11149058490991592,True,
egohumans,ego_test_fencing_002_fencing_medium_cam01_cam08_b00301,r3,,002_fencing,medium,80.24555273385398,3,ok,1546.56275207296,462.72436968779175,104.5180370267997,113.49784232492475,266.70443378614533,0.010137240759659391,0.5275934872436746,0.5275934872436746,0.31596091205211724,0.44666666666666666,1.0,9.28729763762418,161.09584668541683,1.6037422281435083,4.785721116528979,5.351374674565456,9.051819239184724,161.09584407252348,17.25616224692203,True,
egohumans,ego_test_fencing_002_fencing_small_cam03_cam13_b00301,r0,,002_fencing,small,26.478785574919005,3,ok,501.271124657084,284.0021205798267,110.77158427722746,124.896367044024,139.7565604212079,0.5507643447798783,0.7786126421166916,0.7786126421166916,0.671280276816609,0.6533333333333333,4.0,1.5632460401207622,26.202469100708,0.428064645111849,0.7406812772459525,0.902396114559254,1.5627514792058093,26.20246027041155,0.0,True,
egohumans,ego_test_fencing_002_fencing_small_cam03_cam13_b00301,r1,,002_fencing,small,26.478785574919005,3,ok,716.0499382247186,398.03888139692833,110.7715820546807,124.89636438015155,139.7624464799654,0.012981536630871158,0.2452271101510494,0.2452271101510494,0.671280276816609,0.6533333333333333,4.0,2.968712014260975,26.202469100708,0.5165103722162733,0.9781519965948176,0.8666765622232468,2.9425492350990994,26.20246027041155,0.02223360794596374,True,
egohumans,ego_test_fencing_002_fencing_small_cam03_cam13_b00301,r2,,002_fencing,small,26.478785574919005,3,ok,476.8623448602501,227.24569672725133,110.7715867133157,124.89637156336472,128.73078380581748,0.020034755799107552,0.43437364955415453,0.43437364955415453,0.671280276816609,0.6533333333333333,4.0,0.7356943067614372,10.324987943137417,0.27881094506743925,0.33994531548287954,0.2966108798043227,0.8176914848567004,10.324964804485687,0.19791192887350917,True,
egohumans,ego_test_fencing_002_fencing_small_cam03_cam13_b00301,r3,,002_fencing,small,26.478785574919005,3,ok,470.4564593237726,268.4215022468779,110.77158888476237,124.89637144995345,134.15813078429414,0.011359176297601824,0.16522575425039934,0.16522575425039934,0.671280276816609,0.6533333333333333,4.0,0.31975059677113316,1.7851315425978336,0.38097586732257605,0.6142511341405071,0.5963828165019398,0.15159253931615066,1.7849969871281872,7.354810242075473,True,
egohumans,ego_test_fencing_003_fencing_extreme_cam10_cam07_b00301,r0,,003_fencing,extreme,179.63049026315505,3,ok,2068.976803563843,379.56975575072454,101.13926653963512,115.9536390715794,196.77788117073536,2.5886974921437513,3.459263406422047,3.459263406422047,0.23636363636363636,0.288,0.0,7.031832988787088,179.23314682228482,3.110603787526474,4.593739495729627,4.011382807993539,7.0524953849351695,179.233186550177,0.0,True,
egohumans,ego_test_fencing_003_fencing_extreme_cam10_cam07_b00301,r1,,003_fencing,extreme,179.63049026315505,3,ok,2636.0787305949384,395.765385932941,101.13926717598218,115.95364123926856,213.38463487828423,0.08093361435174887,2.1777569764974296,2.1777569764974296,0.23636363636363636,0.288,0.0,9.505046314739012,179.23314682228482,3.6692583267046075,5.625101721904644,4.545867801637395,9.875507715389945,179.233186550177,0.0049165121745318174,True,
egohumans,ego_test_fencing_003_fencing_extreme_cam10_cam07_b00301,r2,,003_fencing,extreme,179.63049026315505,3,ok,2077.653670343445,394.17660651291715,101.13925740177257,115.95362956068988,239.8905557092018,0.01624463229673018,2.9776458533287853,2.9776458533287853,0.23636363636363636,0.288,0.0,8.274882917073487,17.432451293751814,2.8762085706861362,4.161009864639773,5.187594654249569,8.870500247757581,17.43245674237118,0.0983878648839891,True,
egohumans,ego_test_fencing_003_fencing_extreme_cam10_cam07_b00301,r3,,003_fencing,extreme,179.63049026315505,3,ok,2958.5493812720815,435.0433629145412,101.13925266022635,115.95363141420133,297.6969179576869,0.02886111520988383,0.1497972558453463,0.1497972558453463,0.23636363636363636,0.288,0.0,9.936252168654818,175.45457095709648,4.415298049375145,7.002405825296403,7.5222797704221716,8.722899531462364,175.4545679553227,83.24789700680412,True,
egohumans,ego_test_fencing_003_fencing_large_cam11_cam12_b00301,r0,,003_fencing,large,127.00912657201151,3,ok,1196.516144663957,590.3898355468241,96.90351276724745,111.28605293687514,100.56269421425884,2.423923909179513,3.046778573671775,3.046778573671775,0.7228915662650602,1.0,1.0,6.100064177320549,126.86357669915763,1.3583123202494696,2.575309956060828,2.0311186535587,6.091464299714091,126.86357995552086,0.0,True,
egohumans,ego_test_fencing_003_fencing_large_cam11_cam12_b00301,r1,,003_fencing,large,127.00912657201151,3,ok,1076.6858398632462,592.2289589763496,96.90351611221476,111.28605513551685,97.16215320845605,0.11727949624286323,2.6800980703771278,2.6800980703771278,0.963855421686747,1.0,0.0,6.318786767362495,126.86357669915763,1.2218827311211875,2.302450777804264,1.774278650858973,6.164813836599404,126.86357995552086,0.0049578039906919,True,
egohumans,ego_test_fencing_003_fencing_large_cam11_cam12_b00301,r2,,003_fencing,large,127.00912657201151,3,ok,271.38850927723513,188.40745955396267,96.9035173226572,111.28605802418184,71.90731929839635,0.017423687466588574,0.5165299918827035,0.5165299918827035,0.963855421686747,1.0,0.0,0.7943793623414739,15.902475709609709,0.2499112510696406,0.35850781770116996,0.1248999826373326,1.2804193923767557,15.902473014619735,0.14745221193879843,True,
egohumans,ego_test_fencing_003_fencing_large_cam11_cam12_b00301,r3,,003_fencing,large,127.00912657201151,3,ok,1164.5077213678,618.4305802385497,96.90351536038332,111.28605280227396,101.5380907908521,0.03264273411413187,1.701571692391878,1.701571692391878,0.7228915662650602,1.0,1.0,7.6211967298770835,173.96775302132747,1.3514242540420696,2.561533823646028,1.9672046368311256,8.18328897725892,173.9677843018712,9.101472420152277,True,
egohumans,ego_test_fencing_003_fencing_medium_cam08_cam01_b00301,r0,,003_fencing,medium,80.24555273385398,3,ok,1351.455654234665,487.0581550246312,147.1515142315822,169.37435290504106,402.2120411868119,2.9531856197872948,3.2340856249797008,3.2340856249797008,0.34294871794871795,0.5,17.0,6.494375138557261,80.03432587816906,1.5480095706458896,2.248035857507759,1.029615050467142,6.477927317828089,80.03432714385946,0.0,True,
egohumans,ego_test_fencing_003_fencing_medium_cam08_cam01_b00301,r1,,003_fencing,medium,80.24555273385398,3,ok,1116.5868787840957,494.88552576388196,147.15151400371983,169.3743525616786,287.22051248826835,0.0889176776455245,2.672871760096407,2.672871760096407,0.34615384615384615,0.5,16.0,7.412135730054967,80.03432587816906,1.470979806508275,2.1313240936628888,0.9603366324384282,7.211445943249524,80.03432714385946,0.006955715827643871,True,
egohumans,ego_test_fencing_003_fencing_medium_cam08_cam01_b00301,r2,,003_fencing,medium,80.24555273385398,3,ok,770.4979422647893,417.692312823635,147.15151889674627,169.37435958404953,455.67901802099914,0.016083933266099942,0.10861428987988837,0.10861428987988837,0.34615384615384615,0.5,16.0,2.5196273137396266,2.7470069519372853,0.9417577903778217,1.3294725540712917,0.13335593929308823,4.270791038533732,2.7470206204919134,0.10193526884540915,True,
egohumans,ego_test_fencing_003_fencing_medium_cam08_cam01_b00301,r3,,003_fencing,medium,80.24555273385398,3,icp_failed,1351.455654234665,487.0581550246312,147.1515142315822,169.37435290504106,402.2120411868119,2.9531856197872948,3.2340856249797008,3.2340856249797008,0.34294871794871795,0.5,17.0,6.494375138557261,80.03432587816906,1.5480095706458896,2.248035857507759,1.029615050467142,6.477927317828089,80.03432714385946,10.254883134039119,True,
egohumans,ego_test_fencing_003_fencing_small_cam13_cam03_b00301,r0,,003_fencing,small,26.478785574919005,3,ok,686.5889114274402,277.8712505962765,130.32034428701542,152.16314759562619,88.38835428021726,0.5707099464088098,0.7823702115505645,0.7823702115505645,0.671280276816609,0.69,9.0,1.5787163376536868,26.532875982524622,2.113380552531022,2.642948145693738,0.33716105873958774,1.5702021591420283,26.532873768103936,0.0,True,
egohumans,ego_test_fencing_003_fencing_small_cam13_cam03_b00301,r1,,003_fencing,small,26.478785574919005,3,ok,612.9496561542791,385.22570775020284,130.32033891129583,152.16314243263247,89.10881397123606,0.005980040625729382,0.01052488884333583,0.01052488884333583,0.671280276816609,0.69,9.0,2.0226555508273036,26.532875982524622,2.4164315012200626,3.0611584548846142,0.44937297799436304,2.010116282910718,26.532873768103936,0.005143705988302827,True,
egohumans,ego_test_fencing_003_fencing_small_cam13_cam03_b00301,r2,,003_fencing,small,26.478785574919005,3,ok,608.9194193172762,336.6766097685352,130.32034652131188,152.16314946255503,89.82884937400938,0.007942612058801896,0.20253746021261418,0.20253746021261418,0.671280276816609,0.69,9.0,1.4145209462476602,3.8984283537473496,2.3949524842645853,3.031517411486055,0.4922454480399514,1.197888495359944,3.8984138839731632,0.11265751300379634,True,
egohumans,ego_test_fencing_003_fencing_small_cam13_cam03_b00301,r3,,003_fencing,small,26.478785574919005,3,ok,530.3868665299406,201.91243596639362,130.32034970258346,152.16314867016484,86.94688487801625,0.007122753780338982,0.13505061528679996,0.13505061528679996,0.671280276816609,0.69,9.0,1.1647746834462709,1.7496869722639115,2.385122694309799,3.0179523013484504,0.18942530600752158,1.3603280461239822,1.7496547606124684,4.200004908023402,True,
egohumans,ego_test_legoassemble_002_legoassemble_extreme_cam04_cam03_b00226,r0,,002_legoassemble,extreme,176.74916252624004,3,ok,1102.1613386950842,407.2331322569988,119.37617744076198,137.45747038215816,107.7259702801597,2.263512044453459,2.652156364595824,2.652156364595824,0.5311942959001783,0.87,3.0,5.318606202928184,176.75202444752242,1.2838562702130363,2.7959482196688623,2.6045533931490468,5.317425463779798,176.75200602524626,0.0,True,
egohumans,ego_test_legoassemble_002_legoassemble_extreme_cam04_cam03_b00226,r1,,002_legoassemble,extreme,176.74916252624004,3,ok,1111.1572511128538,367.50264829996775,119.3761762844554,137.45746973500374,97.44650095532292,0.02043617748314629,1.8303103207521232,1.8303103207521232,0.7522281639928698,0.87,1.0,6.556920836966919,176.75202444752242,1.247877104120716,2.712103912971581,2.0439893881498956,6.4454478058324405,176.75200602524626,0.008355170954018831,True,
egohumans,ego_test_legoassemble_002_legoassemble_extreme_cam04_cam03_b00226,r2,,002_legoassemble,extreme,176.74916252624004,3,ok,256.64480570454657,174.99767614176608,119.3761804499575,137.45747338642775,61.703152086703604,0.006320267478304043,0.015637612586244097,0.015637612586244097,0.7522281639928698,0.87,1.0,0.7462609139362902,8.716557718289138,0.22250863473870294,0.32262917628671095,0.2695540014278917,1.2477475612703905,8.716579441424987,0.09781482303515077,True,
egohumans,ego_test_legoassemble_002_legoassemble_extreme_cam04_cam03_b00226,r3,,002_legoassemble,extreme,176.74916252624004,3,ok,1068.0188256163144,403.49423351187136,119.37618151288981,137.45747279379717,108.87459282186799,0.01752933771676611,1.6933688313133377,1.6933688313133377,0.5311942959001783,0.87,3.0,5.264705858626194,178.62421743518286,1.2792942385889652,2.7853170566877687,2.635864500505789,5.269928479043147,178.62417567339054,8.973322433885187,True,
egohumans,ego_test_legoassemble_002_legoassemble_large_cam01_cam05_b00226,r0,,002_legoassemble,large,137.15383521381244,3,ok,1672.7036681895488,370.4561233702677,137.8071448895808,150.39677364067967,69.74570451547491,1.115972961232922,2.240651161723936,2.240651161723936,0.8539325842696629,0.78,1.0,4.562147050705123,136.93983468374424,1.8997417556151175,2.8444283372452603,1.8125753831027211,4.560751342447433,136.93983363119963,0.0,True,
egohumans,ego_test_legoassemble_002_legoassemble_large_cam01_cam05_b00226,r1,,002_legoassemble,large,137.15383521381244,3,ok,1560.0120195528302,354.697508125751,137.8071438324462,150.3967751218683,71.53980499298072,0.04351020101906095,1.5306456694768515,1.5306456694768515,0.8539325842696629,0.78,1.0,5.828554530844222,136.93983468374424,1.7043650883399681,2.537595181927241,1.5142042534762727,5.811001978239255,136.93983363119963,0.004395375959575176,True,
egohumans,ego_test_legoassemble_002_legoassemble_large_cam01_cam05_b00226,r2,,002_legoassemble,large,137.15383521381244,3,ok,340.15869972221753,197.6725220612749,137.8071464452854,150.39677636540716,53.47967496734909,0.014679831071829312,0.0878843803021471,0.0878843803021471,0.8539325842696629,0.78,1.0,0.3830609308969624,9.538226605582556,0.322776113699246,0.36785142309550306,0.15622022397664947,0.2284463493756315,9.538214009289263,0.15223551099188626,True,
egohumans,ego_test_legoassemble_002_legoassemble_large_cam01_cam05_b00226,r3,,002_legoassemble,large,137.15383521381244,3,ok,1989.0372741718265,548.1000071604359,137.8071429306943,150.39677148573898,76.1287776904363,0.0213308693143936,0.7647090993992933,0.7647090993992933,0.8539325842696629,0.78,1.0,4.522476824248552,162.00029262575845,2.228065357211397,3.3600506377387465,2.4948359407071306,4.5371715549281415,162.00029135676962,8.085374420043081,True,
egohumans,ego_test_legoassemble_002_legoassemble_medium_cam07_cam05_b00226,r0,,002_legoassemble,medium,88.19512876534553,3,ok,870.6482151720455,339.6489111541403,120.41193629024717,133.7612649281444,81.65461555774993,1.0858024476981774,2.1254741282336833,2.1254741282336833,0.6434782608695652,0.9166666666666666,2.0,4.286291003810534,88.40321593134162,1.021501416324869,1.6806192251280752,1.3584253043085155,4.286069538301514,88.40321447571412,0.0,True,
egohumans,ego_test_legoassemble_002_legoassemble_medium_cam07_cam05_b00226,r1,,002_legoassemble,medium,88.19512876534553,3,ok,858.2951320575885,321.4442755898298,120.41193839579472,133.76126641305592,81.95695380419788,0.03027045208088538,1.6070322287562226,1.6070322287562226,0.782608695652174,0.9166666666666666,1.0,5.246021554024331,88.40321593134162,0.9630054753914277,1.5726569180361534,1.1518375336565356,5.2158406038260665,88.40321447571412,0.005356529960408807,True,
egohumans,ego_test_legoassemble_002_legoassemble_medium_cam07_cam05_b00226,r2,,002_legoassemble,medium,88.19512876534553,3,ok,266.52127252717764,171.0519131229012,120.41193826731207,133.76126629851598,62.3955034015273,0.00888945055778316,0.33287825035137764,0.33287825035137764,0.782608695652174,0.9166666666666666,1.0,0.8931939822838046,13.074845268241274,0.32818167300766765,0.40100224920706584,0.2404813677436576,0.873868752780814,13.074845352064889,0.10114905098453164,True,
egohumans,ego_test_legoassemble_002_legoassemble_medium_cam07_cam05_b00226,r3,,002_legoassemble,medium,88.19512876534553,3,ok,1271.6696150999956,367.3579313386702,120.41193601723607,133.7612650903945,92.45922655482975,0.012934860116896247,0.8960378378000228,0.8960378378000228,0.6434782608695652,0.9166666666666666,2.0,5.4995687067288985,122.60376308930677,1.4018133554696321,2.3825372336167328,1.8859109315334088,5.623513786778197,122.60376058689444,5.926865983987227,True,
egohumans,ego_test_legoassemble_002_legoassemble_small_cam03_cam05_b00226,r0,,002_legoassemble,small,37.71896481875086,3,ok,522.1415008908313,269.26329559608655,122.72578320407288,134.56426523007067,69.01910560267781,0.7952629695154766,1.0417364022980033,1.0417364022980033,0.5008347245409015,0.9966666666666667,3.0,2.1437895393113724,37.69501308549893,0.5737291651013174,0.9607520729868527,0.9603726096836525,2.142781514541647,37.69501200007827,0.0,True,
egohumans,ego_test_legoassemble_002_legoassemble_small_cam03_cam05_b00226,r1,,002_legoassemble,small,37.71896481875086,3,ok,454.3974992395472,211.79068865681475,122.72578471872751,134.56426592917143,64.65825885812404,0.027195455349642392,0.6647371837500667,0.6647371837500667,0.667779632721202,0.9966666666666667,2.0,2.2939579005086332,37.69501308549893,0.487159507898737,0.7870317541709365,0.6040348319693577,2.2076599821404246,37.69501200007827,0.006818542955443263,True,
egohumans,ego_test_legoassemble_002_legoassemble_small_cam03_cam05_b00226,r2,,002_legoassemble,small,37.71896481875086,3,ok,228.607906504963,148.9450580012669,122.72578305976144,134.56426561369946,58.17085230681147,0.01064626676884992,0.06949314396217708,0.06949314396217708,0.667779632721202,0.9966666666666667,2.0,0.2574479469266933,7.46828453188152,0.2503094667334774,0.3117420742487041,0.1773918640766529,0.3089030483434448,7.468278511680162,0.15610543102957308,True,
egohumans,ego_test_legoassemble_002_legoassemble_small_cam03_cam05_b00226,r3,,002_legoassemble,small,37.71896481875086,3,ok,525.0546909060314,280.78809163012045,122.72578308054852,134.56426456141153,71.5969070268055,0.008585146135458148,0.16619653996150693,0.16619653996150693,0.5008347245409015,0.9966666666666667,3.0,0.777164070855216,13.94202450307194,0.6966891234677729,1.207497224339673,1.1661419939886049,0.7950032782145102,13.942021360517419,11.206381351221353,True,
egohumans,ego_test_legoassemble_003_legoassemble_extreme_cam03_cam04_b00301,r0,,003_legoassemble,extreme,176.74916252624004,3,ok,1163.4433393910267,401.4323162927028,105.3498530935909,123.37042317945946,84.07532428879436,1.4811413789665493,2.6408511007946966,2.6408511007946966,0.4755244755244755,0.9066666666666666,3.0,5.32651207247735,176.71656963095293,1.377874501767372,2.5544038128607887,2.3249839920884465,5.326983272313201,176.71654501286392,0.0,True,
egohumans,ego_test_legoassemble_003_legoassemble_extreme_cam03_cam04_b00301,r1,,003_legoassemble,extreme,176.74916252624004,3,ok,1276.6840085667402,410.89304281183064,105.34985388469545,123.37042350520952,83.25361593089731,0.09096582779768904,2.3424840394121365,2.3424840394121365,0.7762237762237763,0.9066666666666666,1.0,5.814612656480276,176.71656963095293,1.4676280872427658,2.7339109838115765,2.2368520944765318,5.814426312966488,176.71654501286392,0.004959029145538807,True,
egohumans,ego_test_legoassemble_003_legoassemble_extreme_cam03_cam04_b00301,r2,,003_legoassemble,extreme,176.74916252624004,3,ok,280.61404066979856,149.9759076718135,105.34985373181473,123.37042442529366,55.58503410759284,0.010288392964568087,0.11938768148795237,0.11938768148795237,0.7762237762237763,0.9066666666666666,1.0,0.7147817218383974,7.4291707318278775,0.24739713710355826,0.29344908353316146,0.07936220259944587,0.7188149252362777,7.42915785308106,0.11933072307147086,True,
egohumans,ego_test_legoassemble_003_legoassemble_extreme_cam03_cam04_b00301,r3,,003_legoassemble,extreme,176.74916252624004,3,ok,931.1416938501773,385.83209206058154,105.34985465074394,123.37042527366071,86.6790683633482,0.024061542826341983,1.469342735307938,1.469342735307938,0.4755244755244755,0.9066666666666666,3.0,3.993053869318409,127.782929593207,1.188972103108335,2.1765990155427146,2.5316669097940454,4.049614017026498,127.78292793561928,12.03447228600271,True,
egohumans,ego_test_legoassemble_003_legoassemble_large_cam05_cam01_b00301,r0,,003_legoassemble,large,137.15383521381244,3,ok,1052.4685716613508,360.9741526110707,122.95892326828333,145.5005608570841,71.82761987871213,1.714320118169481,2.2555372066269315,2.2555372066269315,0.49911504424778763,0.8833333333333333,3.0,4.538944809031547,137.65413269526155,1.2463993746706852,2.3856783994610526,1.6670540140638497,4.53817062348444,137.65413122032243,0.0,True,
egohumans,ego_test_legoassemble_003_legoassemble_large_cam05_cam01_b00301,r1,,003_legoassemble,large,137.15383521381244,3,ok,945.0800039431784,360.54416553257283,122.95892518061244,145.50056303550073,70.39225934290984,0.06528675610070903,1.887991984350142,1.887991984350142,0.6761061946902654,0.8833333333333333,2.0,3.8459063109709106,137.65413269526155,1.13270863245763,2.146566917822484,1.5069706801376237,3.8718870466718274,137.65413122032243,0.0043793730437755585,True,
egohumans,ego_test_legoassemble_003_legoassemble_large_cam05_cam01_b00301,r2,,003_legoassemble,large,137.15383521381244,3,ok,701.9485774401068,297.1538291149635,122.95892104162743,145.50055784770748,59.48078805144917,0.018120230708851336,0.898958078447925,0.898958078447925,0.6761061946902654,0.8833333333333333,2.0,2.0885599429771315,54.5432912650306,0.8200677312454925,1.4890285144794961,0.05568587954815485,2.202947280299234,54.543291952238995,0.11052626394666731,True,
egohumans,ego_test_legoassemble_003_legoassemble_large_cam05_cam01_b00301,r3,,003_legoassemble,large,137.15383521381244,3,ok,2055.128832929777,489.17939090166834,122.95892609446354,145.50056313393057,90.64632234959896,0.005800864116809213,2.0015187060073973,2.0015187060073973,0.49911504424778763,0.8833333333333333,3.0,4.389194593657764,177.79329990712745,2.068485374136899,4.114668795163805,3.950665297843122,4.505898602321359,177.79330245824946,11.759113739943132,True,
egohumans,ego_test_legoassemble_003_legoassemble_medium_cam05_cam07_b00301,r0,,003_legoassemble,medium,88.19512876534553,3,ok,783.2086066512055,355.0808362358767,108.08336936490564,130.9695873198015,84.69739952187696,1.557931625379781,2.130815638232647,2.130815638232647,0.6791171477079796,0.9633333333333334,2.0,4.280202256567793,88.66801116919609,0.89596790401667,1.5282291220345243,1.903324263779356,4.280151021233159,88.66801105728587,0.0,True,
egohumans,ego_test_legoassemble_003_legoassemble_medium_cam05_cam07_b00301,r1,,003_legoassemble,medium,88.19512876534553,3,ok,911.0642155616904,349.9627211035266,108.08336527217945,130.9695837569166,78.85815280756735,0.02206042134424291,1.504270021997579,1.504270021997579,0.8115449915110357,0.9633333333333334,1.0,4.974661218434392,88.66801116919609,1.0745611568671385,1.8723187891930937,1.4910088486726445,5.035903216920239,88.66801105728587,0.010831182822585106,True,
egohumans,ego_test_legoassemble_003_legoassemble_medium_cam05_cam07_b00301,r2,,003_legoassemble,medium,88.19512876534553,3,ok,331.68566553135196,235.85446612710734,108.08336902132027,130.969586668767,64.42680848830254,0.005590214094415617,0.3559954780661604,0.3559954780661604,0.8115449915110357,0.9633333333333334,1.0,1.3440417196087806,24.82093526116281,0.41407632643674036,0.5997846825638598,0.42885597118809543,1.1174827697417136,24.82093753320056,0.14637170219793916,True,
egohumans,ego_test_legoassemble_003_legoassemble_medium_cam05_cam07_b00301,r3,,003_legoassemble,medium,88.19512876534553,3,ok,800.1668656566147,323.5998004049056,108.0833675795356,130.96958687501098,75.047418998672,0.008066660610146919,0.40903476325775223,0.40903476325775223,0.6791171477079796,0.9633333333333334,2.0,2.3412500450746943,46.68304831929604,0.7999065673523983,1.3431509467280274,1.182547404845587,2.563821605103061,46.683049259335675,10.702751437900588,True,
egohumans,ego_test_legoassemble_003_legoassemble_small_cam05_cam03_b00301,r0,,003_legoassemble,small,37.71896481875086,3,ok,570.2102310289149,279.291860714213,108.55269338014297,129.02778613937252,61.573147253034456,0.8122505571618739,1.0383594524005137,1.0383594524005137,0.6712095400340715,0.9533333333333334,2.0,2.101753583213535,38.256259886355984,0.5871058002849722,0.9402170267065514,1.3286806628820675,2.1021863258025015,38.256261237577725,0.0,True,
egohumans,ego_test_legoassemble_003_legoassemble_small_cam05_cam03_b00301,r1,,003_legoassemble,small,37.71896481875086,3,ok,662.8315776484383,300.8143049829669,108.55269302960077,129.02778588699735,64.08715314989709,0.040427997926493264,0.7014572321778638,0.7014572321778638,0.6337308347529813,0.9533333333333334,2.0,2.7025084974328824,38.256259886355984,0.6788547767014114,1.1187218379657464,1.6946400140022224,2.712328531647783,38.256261237577725,0.0036969080101698637,True,
egohumans,ego_test_legoassemble_003_legoassemble_small_cam05_cam03_b00301,r2,,003_legoassemble,small,37.71896481875086,3,ok,880.6661231363706,358.2958071346185,108.5526931548118,129.02778414826827,66.84629642089571,0.007846379779488344,0.7368208484911105,0.7368208484911105,0.6337308347529813,0.9533333333333334,2.0,5.2267500343254785,117.35750535631378,1.0224070516149726,1.7871296653485933,2.140209772823687,5.14935696253373,117.35750461318922,0.1016234690323472,True,
egohumans,ego_test_legoassemble_003_legoassemble_small_cam05_cam03_b00301,r3,,003_legoassemble,small,37.71896481875086,3,ok,804.8041642517363,363.09769456840866,108.55269258131005,129.02778365316863,59.426400674106226,0.010256605808016985,0.3184592086640029,0.3184592086640029,0.6712095400340715,0.9533333333333334,2.0,1.0170605920276428,29.7358642958117,0.8212942090355771,1.3958488967927623,0.9814748505347731,1.1023812903131116,29.73586630079656,6.775697339093313,True,
egohumans,ego_test_legoassemble_004_legoassemble_extreme_cam03_cam04_b00301,r0,,004_legoassemble,extreme,176.74916252624004,3,ok,1107.2292262812032,393.71639849852943,99.58181469618152,118.4192336925708,95.06941011566983,1.4942368682437206,2.6427971653590663,2.6427971653590663,0.5,1.0,3.0,5.311378597486862,176.07564589940702,1.1931633904955194,2.252185586415308,2.4359008415162697,5.311733492911254,176.07563960776298,0.0,True,
egohumans,ego_test_legoassemble_004_legoassemble_extreme_cam03_cam04_b00301,r1,,004_legoassemble,extreme,176.74916252624004,3,ok,1161.5461452789252,402.6991662200567,99.58181531684663,118.41923472803828,96.64719264382948,0.07407782697831967,2.3345709166365634,2.3345709166365634,0.8333333333333334,1.0,1.0,4.683718223649992,176.07564589940702,1.2766939865296865,2.4192467784836422,2.549440984090069,4.690046896279093,176.07563960776298,0.0054518659599125385,True,
egohumans,ego_test_legoassemble_004_legoassemble_extreme_cam03_cam04_b00301,r2,,004_legoassemble,extreme,176.74916252624004,3,ok,216.9028260855421,153.03799722731486,99.58181665435087,118.41923548124333,54.615731509416754,0.009268536539067647,0.08054313475419007,0.08054313475419007,0.8333333333333334,1.0,1.0,0.5038133267570446,11.437665940135544,0.20976425070111765,0.28538730682650437,0.18251329045229978,0.4407128632603636,11.437671496677606,0.1010820739902556,True,
egohumans,ego_test_legoassemble_004_legoassemble_extreme_cam03_cam04_b00301,r3,,004_legoassemble,extreme,176.74916252624004,3,ok,1619.9424120599463,420.9006030777585,99.5818111841824,118.41923156937425,117.5724813960121,0.008044822168726715,0.31203222359048827,0.31203222359048827,0.5,1.0,3.0,4.9856968512557005,114.81163612792255,1.6702868575259535,3.2064325204761763,3.4990192577642154,5.218761305066624,114.81163627604,7.705733665963635,True,
egohumans,ego_test_legoassemble_004_legoassemble_large_cam05_cam01_b00301,r0,,004_legoassemble,large,137.15383521381244,3,ok,806.0077964787645,328.3999886949594,119.30813478815216,143.52351814851767,89.47952861432272,1.685240529364471,2.260794965558815,2.260794965558815,0.5399239543726235,0.852112676056338,2.0,4.533386166065406,137.45508808332553,1.1110881472661875,2.236655519244424,2.4322671770024478,4.533414338635982,137.4550882346457,0.0,True,
egohumans,ego_test_legoassemble_004_legoassemble_large_cam05_cam01_b00301,r1,,004_legoassemble,large,137.15383521381244,3,ok,751.2032658951109,323.8442526775943,119.30813298873235,143.52351519538541,86.87633999654432,0.02022551002836666,1.7456131102234431,1.7456131102234431,0.7300380228136882,0.852112676056338,1.0,5.124850983401242,137.45508808332553,1.008445911675176,1.9882613091141765,2.180457073930201,5.004517285227259,137.4550882346457,0.0040327319875359535,True,
egohumans,ego_test_legoassemble_004_legoassemble_large_cam05_cam01_b00301,r2,,004_legoassemble,large,137.15383521381244,3,ok,171.05788934448535,136.20106953934862,119.30813589478691,143.52351840624402,60.51678651843765,0.004368992699302064,0.13973252480704562,0.13973252480704562,0.7300380228136882,0.852112676056338,1.0,1.2284266000920727,18.704297450088898,0.2878313176952536,0.24437399168276466,0.11398753206242591,1.339340001199947,18.70430419209903,0.0928619799669832,True,
egohumans,ego_test_legoassemble_004_legoassemble_large_cam05_cam01_b00301,r3,,004_legoassemble,large,137.15383521381244,3,ok,793.8667253193762,330.7946338326366,119.30813352938145,143.52351464483567,88.16576302072234,0.015145463476868326,1.5710262454931063,1.5710262454931063,0.5399239543726235,0.852112676056338,2.0,4.419764969782673,162.6155238652135,1.0851692702499782,2.173931836865198,2.283091826754441,4.53029053044944,162.61552334149155,5.537496499950066,True,
egohumans,ego_test_legoassemble_004_legoassemble_medium_cam07_cam05_b00301,r0,,004_legoassemble,medium,88.19512876534553,3,ok,1038.12490304333,402.74354073269035,120.66204424508085,147.24364443563087,75.08247866674058,1.606279587100285,2.130165724909827,2.130165724909827,0.5800711743772242,0.8733333333333333,2.0,4.264431755797217,87.67526742209846,1.2539496294159167,2.016145277346041,1.7792072408324606,4.2667994791992445,87.67526785817623,0.0,True,
egohumans,ego_test_legoassemble_004_legoassemble_medium_cam07_cam05_b00301,r1,,004_legoassemble,medium,88.19512876534553,3,ok,1060.0612612896743,371.33657379385755,120.66204299720202,147.24364281642352,65.25795592987818,0.022684285535281123,1.4188438069768952,1.4188438069768952,0.7544483985765125,0.8733333333333333,1.0,4.1582387059504935,87.67526742209846,1.1676845033342411,1.8654688571233813,1.0491344681034227,4.346882249566165,87.67526785817623,0.004607463022693992,True,
egohumans,ego_test_legoassemble_004_legoassemble_medium_cam07_cam05_b00301,r2,,004_legoassemble,medium,88.19512876534553,3,ok,402.21902137627274,201.181784170466,120.66204397083656,147.2436458941936,55.16289619788891,0.006635934671962655,0.31858602041435924,0.31858602041435924,0.7544483985765125,0.8733333333333333,1.0,1.1621301357218277,24.1032551825236,0.34607803093399203,0.43039621866427924,0.38201968149025667,0.7273790165831405,24.103255428794238,0.11372739588841796,True,
egohumans,ego_test_legoassemble_004_legoassemble_medium_cam07_cam05_b00301,r3,,004_legoassemble,medium,88.19512876534553,3,ok,1115.5463196725282,391.16490444652004,120.66204436195144,147.24364229023166,81.90762192518613,0.012292212499789498,0.8112037699659221,0.8112037699659221,0.5800711743772242,0.8733333333333333,2.0,1.6539075851478033,69.24216562226106,1.0865181772831214,1.7236983409540918,2.0216274699843826,1.8081521720316,69.24216596699316,11.04995322204195,True,
egohumans,ego_test_legoassemble_004_legoassemble_small_cam03_cam05_b00301,r0,,004_legoassemble,small,37.71896481875086,3,ok,598.3894001337808,364.86858409890345,109.43101212542516,131.33924392691063,66.27478674102699,0.86146548702838,1.0434768018573632,1.0434768018573632,0.5,1.0,3.0,2.0897246953648914,36.99707485486613,0.658456161416689,1.1827711282576467,1.0630577094843299,2.0897715280555924,36.99707642528841,0.0,True,
egohumans,ego_test_legoassemble_004_legoassemble_small_cam03_cam05_b00301,r1,,004_legoassemble,small,37.71896481875086,3,ok,457.7421606407173,322.68896225839086,109.43101248601667,131.3392442487886,60.95201506891379,0.026511941593468993,0.6939285506911425,0.6939285506911425,0.8333333333333334,1.0,1.0,1.7630448464089632,36.99707485486613,0.5038258261899489,0.8735104578041671,0.8102852927044824,1.7929299549056874,36.99707642528841,0.01271869894117117,True,
egohumans,ego_test_legoassemble_004_legoassemble_small_cam03_cam05_b00301,r2,,004_legoassemble,small,37.71896481875086,3,ok,177.29027877146956,155.63698747322022,109.43101462438734,131.33924669423098,52.04910843928806,0.008199478132800682,0.09856107750417738,0.09856107750417738,0.8333333333333334,1.0,1.0,0.3882124119249179,6.621117090773476,0.18808079226080646,0.242020389945882,0.28865317845976196,0.3938443903897517,6.621126811709081,0.15793068590573967,True,
egohumans,ego_test_legoassemble_004_legoassemble_small_cam03_cam05_b00301,r3,,004_legoassemble,small,37.71896481875086,3,ok,1463.4186957753138,428.9608185931102,109.43101113348033,131.33924147629432,102.88642547347973,0.005935158637173266,0.5354375980559314,0.5354375980559314,0.5,1.0,3.0,4.422878695961704,135.72250497370558,1.6054859069727156,3.0768306193697006,2.967069544525856,4.393125453431455,135.72250651100688,11.558673129882663,True,
egohumans,ego_test_tagging_002_tagging_extreme_cam06_cam05_b00111,r0,,002_tagging,extreme,168.44062341745672,4,ok,1959.624449329216,720.0817849724984,100.71443669216671,117.22289438423758,119.31035015271671,2.0348525118424785,4.183664423355003,4.183664423355003,0.5193370165745856,0.8783068783068783,8.0,8.582510761420124,167.91120392206577,2.484690509691994,3.348585566003912,2.806083777199815,8.582291649916977,167.9112114015804,0.0,True,
egohumans,ego_test_tagging_002_tagging_extreme_cam06_cam05_b00111,r1,,002_tagging,extreme,168.44062341745672,4,ok,1990.5025834338867,667.7063895493675,100.71443989731226,117.22289733886983,110.46820015849451,0.10709728288895361,3.260223701972127,3.260223701972127,0.5386740331491713,0.8783068783068783,7.0,10.136826268019915,167.91120392206577,2.680330022720059,3.6940766209258133,2.7314967881772905,10.14685285301897,167.9112114015804,0.009303895989432931,True,
egohumans,ego_test_tagging_002_tagging_extreme_cam06_cam05_b00111,r2,,002_tagging,extreme,168.44062341745672,4,ok,1590.6503620303295,455.30291649957456,100.71443790225328,117.22289574333008,106.5021431610986,0.030411211265137038,0.781168011396162,0.781168011396162,0.5386740331491713,0.8783068783068783,7.0,3.054311320382447,54.03522999859824,1.9913124829840962,2.4773009656474114,1.370787779614102,3.149346170811114,54.03523178198419,0.13737572310492396,True,
egohumans,ego_test_tagging_002_tagging_extreme_cam06_cam05_b00111,r3,,002_tagging,extreme,168.44062341745672,4,ok,1999.1754223625971,708.7792331685868,100.71444276264039,117.22289927155761,119.30595818362546,0.17739715445929477,3.641791704668461,3.641791704668461,0.5193370165745856,0.8783068783068783,8.0,9.013852583774174,174.6471896511226,2.5806318837795326,3.5180139500308405,2.901175742697829,9.079572776870505,174.64720577142504,37.56532884389162,True,
egohumans,ego_test_tagging_002_tagging_large_cam07_cam08_b00111,r0,,002_tagging,large,133.24529135600875,4,ok,2425.481241677077,623.2858769581105,105.45064287730648,122.18603764018039,101.01314805108508,1.6771490481852749,2.701728310320471,2.701728310320471,0.7602523659305994,0.7909604519774012,2.0,5.458025405574126,133.3171299125094,2.538117458945736,3.630491350922947,3.962755751347857,5.45193984927071,133.31712963507215,0.0,True,
egohumans,ego_test_tagging_002_tagging_large_cam07_cam08_b00111,r1,,002_tagging,large,133.24529135600875,4,ok,2296.2651390749197,642.4565922202011,105.45064502592871,122.18603956377586,85.22998506893981,0.039093886459552,1.4030640101643659,1.4030640101643659,0.6025236593059937,0.7909604519774012,3.0,8.236737242109795,133.3171299125094,2.6236804527568305,3.7579255970245766,1.6387342034664651,8.144312192559493,133.31712963507215,0.0037236360367387533,True,
egohumans,ego_test_tagging_002_tagging_large_cam07_cam08_b00111,r2,,002_tagging,large,133.24529135600875,4,ok,1647.8960002701824,688.4675796324998,105.4506489264338,122.18604190900811,86.25739884290905,0.03457312827383059,1.2305947789484488,1.2305947789484488,0.6025236593059937,0.7909604519774012,3.0,6.023677827346805,71.41241377233861,1.8091783286460157,2.5448373270722993,1.617307459988039,5.634893829602447,71.41241429305286,0.10000005201436579,True,
egohumans,ego_test_tagging_002_tagging_large_cam07_cam08_b00111,r3,,002_tagging,large,133.24529135600875,4,ok,5997.0834511769135,665.9179947868098,105.45063929720862,122.18603128727149,140.00037988947528,0.007310013546789978,4.331186873166076,4.331186873166076,0.7602523659305994,0.7909604519774012,2.0,12.93205979981639,154.75763429201444,6.428347863793627,9.424451528355977,9.398806037364123,13.510251456364513,154.7576372122549,49.96178243821487,True,
egohumans,ego_test_tagging_002_tagging_medium_cam02_cam04_b00111,r0,,002_tagging,medium,84.48502099585055,4,ok,1369.4955982949673,553.8996884839537,102.30264052682594,121.25475707661123,168.65622942627294,2.7657997629789555,3.168516167691456,3.168516167691456,0.4856396866840731,0.915,6.0,6.449311579191316,84.74502103126255,1.6338936401518236,3.041437095231067,3.0741232553117506,6.450282732566038,84.74502078748505,0.0,True,
egohumans,ego_test_tagging_002_tagging_medium_cam02_cam04_b00111,r1,,002_tagging,medium,84.48502099585055,4,ok,1355.5155003592506,537.2567992860241,102.302640954162,121.25475686126845,162.0537811780721,0.10173894833052724,2.6300307384783563,2.6300307384783563,0.6005221932114883,0.915,5.0,7.2880282284279145,84.74502103126255,1.6052295477842773,2.9847286746552735,2.6712344101429077,7.300431691863304,84.74502078748505,0.008132484974339604,True,
egohumans,ego_test_tagging_002_tagging_medium_cam02_cam04_b00111,r2,,002_tagging,medium,84.48502099585055,4,ok,254.85256477014917,174.50138839356623,102.30263956753305,121.25475482313091,116.2424274919916,0.019561119728324635,0.3350148861426367,0.3350148861426367,0.6005221932114883,0.915,5.0,0.7239819634941353,3.4269759292071416,0.24762263101700763,0.298868504185972,0.28629447286257437,0.8289582709810362,3.4269842302558313,0.09901848807930946,True,
egohumans,ego_test_tagging_002_tagging_medium_cam02_cam04_b00111,r3,,002_tagging,medium,84.48502099585055,4,icp_failed,1369.4955982949673,553.8996884839537,102.30264052682594,121.25475707661123,168.65622942627294,2.7657997629789555,3.168516167691456,3.168516167691456,0.4856396866840731,0.915,6.0,6.449311579191316,84.74502103126255,1.6338936401518236,3.041437095231067,3.0741232553117506,6.450282732566038,84.74502078748505,44.298272175947204,True,
egohumans,ego_test_tagging_002_tagging_small_cam02_cam06_b00111,r0,,002_tagging,small,42.21388742145035,4,ok,912.2824162018475,515.2639594501732,110.58958376888663,131.06583839095325,121.30002268187893,1.3024356474321253,2.0899865523733157,2.0899865523733157,0.9192886456908345,0.8618925831202046,2.0,4.338753509482241,41.94561826786929,1.1157138038876124,2.1836945014891374,1.9444650809703272,4.337318259188856,41.94561870404665,0.0,True,
egohumans,ego_test_tagging_002_tagging_small_cam02_cam06_b00111,r1,,002_tagging,small,42.21388742145035,4,ok,1659.2390107092233,610.3554365261072,110.5895832393421,131.0658371774023,132.81738980298024,0.08672785749384777,1.213971809159744,1.213971809159744,0.7852257181942545,0.8618925831202046,3.0,6.413687118994016,41.94561826786929,2.0346407231584833,4.168812269401211,4.158294764687428,6.402597487366891,41.94561870404665,0.006783497054129839,True,
egohumans,ego_test_tagging_002_tagging_small_cam02_cam06_b00111,r2,,002_tagging,small,42.21388742145035,4,ransac_failed,912.2824162018475,515.2639594501732,110.58958376888663,131.06583839095325,121.30002268187893,1.3024356474321253,2.0899865523733157,2.0899865523733157,0.9192886456908345,0.8618925831202046,2.0,4.338753509482241,41.94561826786929,1.1157138038876124,2.1836945014891374,1.9444650809703272,4.337318259188856,41.94561870404665,0.09396963682956994,True,
egohumans,ego_test_tagging_002_tagging_small_cam02_cam06_b00111,r3,,002_tagging,small,42.21388742145035,4,icp_failed,912.2824162018475,515.2639594501732,110.58958376888663,131.06583839095325,121.30002268187893,1.3024356474321253,2.0899865523733157,2.0899865523733157,0.9192886456908345,0.8618925831202046,2.0,4.338753509482241,41.94561826786929,1.1157138038876124,2.1836945014891374,1.9444650809703272,4.337318259188856,41.94561870404665,60.17724635382183,True,
egohumans,ego_test_tagging_003_tagging_extreme_cam05_cam06_b00156,r0,,003_tagging,extreme,168.44062341745672,4,ok,2477.57566398667,764.7466445288135,131.55777711416005,152.2791954140457,239.26157912266157,3.5195139880039075,4.2122405176724405,4.2122405176724405,0.6363636363636364,0.925,12.0,8.48413342803784,168.45413965717498,3.009030524356157,5.958306678818788,4.8927199564037185,8.483804246512067,168.4541419950781,0.0,True,
egohumans,ego_test_tagging_003_tagging_extreme_cam05_cam06_b00156,r1,,003_tagging,extreme,168.44062341745672,4,ok,1739.204047009973,775.9948794410332,131.5577781356752,152.2791968241653,224.94822063564493,0.060881136159216746,2.5326188046068396,2.5326188046068396,0.8155844155844156,0.925,10.0,5.855344462411054,168.45413965717498,2.193340851453737,4.253192673316554,4.054282739514387,5.886175917939961,168.4541419950781,0.011482465080916882,True,
egohumans,ego_test_tagging_003_tagging_extreme_cam05_cam06_b00156,r2,,003_tagging,extreme,168.44062341745672,4,ok,587.8741443044933,293.6601895732161,131.55778055893708,152.27919815948167,166.6779959663141,0.026170576799167188,0.29966855878779497,0.29966855878779497,0.8155844155844156,0.925,10.0,1.6426821034700125,13.77459878825906,0.45524731644719574,0.61988980352887,0.8052183438420669,1.4900318464596698,13.774605181925338,0.17037062416784465,True,
egohumans,ego_test_tagging_003_tagging_extreme_cam05_cam06_b00156,r3,,003_tagging,extreme,168.44062341745672,4,icp_failed,2477.57566398667,764.7466445288135,131.55777711416005,152.2791954140457,239.26157912266157,3.5195139880039075,4.2122405176724405,4.2122405176724405,0.6363636363636364,0.925,12.0,8.48413342803784,168.45413965717498,3.009030524356157,5.958306678818788,4.8927199564037185,8.483804246512067,168.4541419950781,41.3382447748445,True,
egohumans,ego_test_tagging_003_tagging_large_cam07_cam08_b00156,r0,,003_tagging,large,133.24529135600875,4,ok,1698.7116784499733,629.2998278603945,122.28370209354085,138.14021372478078,102.95331628862417,2.30840713797044,2.709117105643779,2.709117105643779,0.6553191489361702,0.8097686375321337,2.0,5.449279168858893,133.4193277664539,2.225144892288752,3.515029110280787,1.3820433904931655,5.446708235987315,133.419325808053,0.0,True,
egohumans,ego_test_tagging_003_tagging_large_cam07_cam08_b00156,r1,,003_tagging,large,133.24529135600875,4,ok,1392.607840564292,679.1635491152383,122.28370437373256,138.14021524178347,102.95383184691397,0.07841581008277215,1.5902480369277314,1.5902480369277314,0.49929078014184397,0.8097686375321337,2.0,7.822996883982578,133.4193277664539,2.130900008495137,3.357954303958095,1.1483831610469108,7.808936711431454,133.419325808053,0.0062350190710276365,True,
egohumans,ego_test_tagging_003_tagging_large_cam07_cam08_b00156,r2,,003_tagging,large,133.24529135600875,4,ok,1443.0535524881222,657.0006032577178,122.2837069530192,138.1402186275772,97.21375330427125,0.03925242702999108,0.4687610443390643,0.4687610443390643,0.49929078014184397,0.8097686375321337,2.0,6.677174276227872,135.37131537738864,2.0241799155954987,3.1800874824586964,0.13273683137334313,6.9901386751124575,135.37131332373394,0.129170784028247,True,
egohumans,ego_test_tagging_003_tagging_large_cam07_cam08_b00156,r3,,003_tagging,large,133.24529135600875,4,ok,1152.4686446599014,632.9701975808665,122.28371027255665,138.14022318164265,108.11958104033731,0.047591189948610044,0.8621830024546244,0.8621830024546244,0.6553191489361702,0.8097686375321337,2.0,7.051169309039,144.22364119641136,1.5751463444468492,2.4316981972109484,1.7594261233286939,7.292346595702017,144.22364378269336,38.49334269808605,True,
egohumans,ego_test_tagging_003_tagging_medium_cam04_cam02_b00156,r0,,003_tagging,medium,84.48502099585055,4,ok,2541.846644367502,690.3923746880806,121.84485293068771,140.46170326634547,183.0042676053996,3.1501536755954986,3.1733878525060737,3.1733878525060737,0.5618279569892473,0.85,12.0,6.393108886656254,83.7944785424817,2.128137508035635,3.326245849511944,1.7948104727072385,6.3974520308872,83.7944787513456,0.0,True,
egohumans,ego_test_tagging_003_tagging_medium_cam04_cam02_b00156,r1,,003_tagging,medium,84.48502099585055,4,ok,2222.205987111587,674.6205237622573,121.84485384392582,140.46170399850274,178.29879529121598,0.14537671983989348,2.395409948078388,2.395409948078388,0.696236559139785,0.85,11.0,6.59222915544259,83.7944785424817,1.7658706845084962,2.5797566373954157,1.4007225343697858,6.531629866567105,83.7944787513456,0.013273997930809855,True,
egohumans,ego_test_tagging_003_tagging_medium_cam04_cam02_b00156,r2,,003_tagging,medium,84.48502099585055,4,ok,1566.1977916548296,320.9131046495083,121.8448610740044,140.4617103397262,157.64549045785265,0.04051165100541997,0.3731580597154467,0.3731580597154467,0.696236559139785,0.85,11.0,1.4351510894322324,5.66809956676772,1.2195151486982971,1.4539331090592478,0.11685743896534218,1.366131601113174,5.668075644140346,0.11984039098024368,True,
egohumans,ego_test_tagging_003_tagging_medium_cam04_cam02_b00156,r3,,003_tagging,medium,84.48502099585055,4,icp_failed,2541.846644367502,690.3923746880806,121.84485293068771,140.46170326634547,183.0042676053996,3.1501536755954986,3.1733878525060737,3.1733878525060737,0.5618279569892473,0.85,12.0,6.393108886656254,83.7944785424817,2.128137508035635,3.326245849511944,1.7948104727072385,6.3974520308872,83.7944787513456,51.34808344813064,True,
egohumans,ego_test_tagging_003_tagging_small_cam06_cam02_b00156,r0,,003_tagging,small,42.21388742145035,4,ok,1413.1751776198926,742.1389384253551,123.38796600722411,141.41992334429943,171.07974289789104,1.664617375718854,2.105909152027168,2.105909152027168,0.6114819759679573,0.8575,10.0,4.273618398274173,42.63770608964555,1.4660995252740918,1.5736675457710847,2.2047327097070704,4.270783197978498,42.63770755288561,0.0,True,
egohumans,ego_test_tagging_003_tagging_small_cam06_cam02_b00156,r1,,003_tagging,small,42.21388742145035,4,ok,1515.5649469265177,481.99570213572275,123.38796707169344,141.41992339458622,148.68770385472237,0.07227815992343933,1.0874879983757666,1.0874879983757666,0.7369826435246996,0.8575,5.0,3.9298351628814503,42.63770608964555,1.5789962787931617,1.80835594854103,0.8924514905858155,3.8530479532284887,42.63770755288561,0.008412003982812166,True,
egohumans,ego_test_tagging_003_tagging_small_cam06_cam02_b00156,r2,,003_tagging,small,42.21388742145035,4,ok,1411.8658192370347,304.6285606769965,123.38796681831889,141.41992421778707,135.27877973273465,0.03901784261554536,0.19228460537844544,0.19228460537844544,0.7369826435246996,0.8575,5.0,1.0657499043603762,10.006424485723153,1.5263033040140934,1.6988184312730275,0.2237208837185779,1.1744214155782482,10.006429031143883,0.1135736380238086,True,
egohumans,ego_test_tagging_003_tagging_small_cam06_cam02_b00156,r3,,003_tagging,small,42.21388742145035,4,icp_failed,1413.1751776198926,742.1389384253551,123.38796600722411,141.41992334429943,171.07974289789104,1.664617375718854,2.105909152027168,2.105909152027168,0.6114819759679573,0.8575,10.0,4.273618398274173,42.63770608964555,1.4660995252740918,1.5736675457710847,2.2047327097070704,4.270783197978498,42.63770755288561,55.51594551606104,True,
egohumans,ego_test_tagging_005_tagging_extreme_cam05_cam06_b00221,r0,,005_tagging,extreme,168.44062341745672,4,ok,1755.087714202568,921.8530451781073,94.76466323146062,110.72920050916888,182.4930781293803,1.7792664232014181,4.183906252599094,4.183906252599094,0.5383542538354253,0.9697802197802198,6.0,8.472937693733277,169.08979656670923,1.8669494731363496,3.848333898297625,4.973317800594954,8.471856962483935,169.08981272250975,0.0,True,
egohumans,ego_test_tagging_005_tagging_extreme_cam05_cam06_b00221,r1,,005_tagging,extreme,168.44062341745672,4,ok,1523.152337962981,747.3188139857187,94.7646651486186,110.72920180048611,182.22770911512694,0.06818023243454563,2.9950510541304887,2.9950510541304887,0.5718270571827058,0.9697802197802198,5.0,10.458367112489956,169.08979656670923,1.7565893554506806,3.60332055525963,4.512350401449698,10.242681058492257,169.08981272250975,0.010339319938793778,True,
egohumans,ego_test_tagging_005_tagging_extreme_cam05_cam06_b00221,r2,,005_tagging,extreme,168.44062341745672,4,ok,773.0707413495456,289.6063123933368,94.76466747006363,110.72920595184355,134.19532442919055,0.021626007884802755,0.33423258100751396,0.33423258100751396,0.5718270571827058,0.9697802197802198,5.0,2.8400169773558654,11.583025248645509,0.553642664365722,0.9326275870018289,1.5375310814861165,2.6955908701042297,11.58302398676112,0.11843783897347748,True,
egohumans,ego_test_tagging_005_tagging_extreme_cam05_cam06_b00221,r3,,005_tagging,extreme,168.44062341745672,4,ok,1528.6799919677314,708.6135856170865,94.76466063794568,110.72919922128132,185.35189768058802,0.10599384132438537,3.431208594270461,3.431208594270461,0.5383542538354253,0.9697802197802198,6.0,10.58562545067652,146.01552807357163,1.7829745866474873,3.661899087413546,4.505519849646079,10.487035016219432,146.01553308800766,69.16697578900494,True,
egohumans,ego_test_tagging_005_tagging_large_cam07_cam08_b00221,r0,,005_tagging,large,133.24529135600875,4,ok,683.0774432956977,385.7911752943271,100.37438237924894,117.84483643326574,123.23804684229881,1.7770217302026297,2.707976225652418,2.707976225652418,0.4833110814419226,0.5157068062827225,1.0,5.451605794245412,133.20871302218157,4.481639041978112,4.842400618565831,2.5306625994357224,5.4534641780380015,133.20871191512208,0.0,True,
egohumans,ego_test_tagging_005_tagging_large_cam07_cam08_b00221,r1,,005_tagging,large,133.24529135600875,4,ok,1131.2151613356143,321.92338246652565,100.37438493993331,117.84483955389172,147.73811819393762,0.01656335413339322,0.26404662291519654,0.26404662291519654,0.3604806408544726,0.5157068062827225,1.0,6.54236313816443,133.20871302218157,3.2437468032979697,3.495081441659819,4.736380622626838,5.309033887129878,133.20871191512208,0.006958048092201352,True,
egohumans,ego_test_tagging_005_tagging_large_cam07_cam08_b00221,r2,,005_tagging,large,133.24529135600875,4,ransac_failed,683.0774432956977,385.7911752943271,100.37438237924894,117.84483643326574,123.23804684229881,1.7770217302026297,2.707976225652418,2.707976225652418,0.4833110814419226,0.5157068062827225,1.0,5.451605794245412,133.20871302218157,4.481639041978112,4.842400618565831,2.5306625994357224,5.4534641780380015,133.20871191512208,0.10411551198922098,True,
egohumans,ego_test_tagging_005_tagging_large_cam07_cam08_b00221,r3,,005_tagging,large,133.24529135600875,4,ok,2329.079750361592,336.4619578945517,100.37436935951878,117.84482112865689,177.45777322919108,0.008458815487880095,2.09569458084216,2.09569458084216,0.4833110814419226,0.5157068062827225,1.0,7.382214127956265,115.503377318383,9.596080799182221,10.408947724473066,7.672147297902125,7.741842589225236,115.50337759704912,96.1547427601181,True,
egohumans,ego_test_tagging_005_tagging_medium_cam02_cam04_b00221,r0,,005_tagging,medium,84.48502099585055,4,ok,1654.9281389766402,724.4424379997986,92.38806523774026,109.1533089864551,118.09967795979132,3.171160422248197,3.174345731779592,3.174345731779592,0.4885906040268456,0.8737373737373737,5.0,6.492565271076671,84.96255665913235,2.254379826080012,3.6559194486646547,2.399517345683349,6.48917615021347,84.96255760207141,0.0,True,
egohumans,ego_test_tagging_005_tagging_medium_cam02_cam04_b00221,r1,,005_tagging,medium,84.48502099585055,4,ok,1646.1619542796304,659.9125968841058,92.3880672600236,109.15331156994594,123.2546554525232,0.21156690654661808,2.479651028262952,2.479651028262952,0.7167785234899329,0.8737373737373737,2.0,6.674613581954582,84.96255665913235,2.3549981744683124,3.8681996227033855,2.923654092694482,6.652233036426445,84.96255760207141,0.008160084951668978,True,
egohumans,ego_test_tagging_005_tagging_medium_cam02_cam04_b00221,r2,,005_tagging,medium,84.48502099585055,4,ok,1580.4993538937626,474.5748911187301,92.3880667794862,109.15331203365959,112.444944632474,0.04148009095478594,0.4046362069050039,0.4046362069050039,0.7167785234899329,0.8737373737373737,2.0,2.451481405382085,3.2080258684964638,1.4300576322894787,1.916800673960237,1.2749865556106301,2.16533281607416,3.208024334978903,0.11653559189289808,True,
egohumans,ego_test_tagging_005_tagging_medium_cam02_cam04_b00221,r3,,005_tagging,medium,84.48502099585055,4,icp_failed,1654.9281389766402,724.4424379997986,92.38806523774026,109.1533089864551,118.09967795979132,3.171160422248197,3.174345731779592,3.174345731779592,0.4885906040268456,0.8737373737373737,5.0,6.492565271076671,84.96255665913235,2.254379826080012,3.6559194486646547,2.399517345683349,6.48917615021347,84.96255760207141,97.412074143067,True,
egohumans,ego_test_tagging_005_tagging_small_cam02_cam06_b00221,r0,,005_tagging,small,42.21388742145035,4,ok,1579.8165375214292,499.87338073388594,86.95435750648788,103.36509257826232,115.57497777684591,2.040433496491937,2.118333965724392,2.118333965724392,0.6553191489361702,0.9368131868131868,3.0,4.376112431950144,41.733694666488844,1.6314912943680564,2.364112585766204,1.8209223962867478,4.3800800770244965,41.733694964747066,0.0,True,
egohumans,ego_test_tagging_005_tagging_small_cam02_cam06_b00221,r1,,005_tagging,small,42.21388742145035,4,ok,1446.8696963663135,366.3465621996858,86.95436141146416,103.3650968852662,108.83376969390523,0.17272180141406326,1.6562372825479459,1.6562372825479459,0.9361702127659575,0.9368131868131868,1.0,3.41304866342386,41.733694666488844,1.4108560566970296,1.8909263213270837,1.540642323006673,3.4362665827473236,41.733694964747066,0.010550773004069924,True,
egohumans,ego_test_tagging_005_tagging_small_cam02_cam06_b00221,r2,,005_tagging,small,42.21388742145035,4,ok,1315.688919048216,324.86155552143566,86.9543630025956,103.36509974598104,94.60592233899646,0.04235485874225782,0.18919256943235227,0.18919256943235227,0.9361702127659575,0.9368131868131868,1.0,1.1655760231333285,2.1718448875502943,1.3894891121329214,1.845101616318524,0.49714748925505653,1.3347360097242826,2.1718426196097695,0.1333809948991984,True,
egohumans,ego_test_tagging_005_tagging_small_cam02_cam06_b00221,r3,,005_tagging,small,42.21388742145035,4,icp_failed,1579.8165375214292,499.87338073388594,86.95435750648788,103.36509257826232,115.57497777684591,2.040433496491937,2.118333965724392,2.118333965724392,0.6553191489361702,0.9368131868131868,3.0,4.376112431950144,41.733694666488844,1.6314912943680564,2.364112585766204,1.8209223962867478,4.3800800770244965,41.733694964747066,107.18004265613854,True,
egohumans,ego_test_tagging_006_tagging_extreme_cam05_cam06_b00186,r0,,006_tagging,extreme,168.44062341745672,4,ok,1804.0899113569697,507.8009775738969,94.65602360058243,115.1902656246874,92.6090103263522,2.416252777447937,4.175967121666567,4.175967121666567,0.6666666666666666,0.935933147632312,3.0,8.498184982457289,169.2244783076802,2.1018994831404956,4.96494144249872,,8.497522445811972,169.2244881920728,0.0,True,
egohumans,ego_test_tagging_006_tagging_extreme_cam05_cam06_b00186,r1,,006_tagging,extreme,168.44062341745672,4,ok,2034.134654818093,515.1901287216967,94.65602612533418,115.19026709497116,92.60901081971728,0.13050297791120413,2.932253498615388,2.932253498615388,0.6559571619812584,0.935933147632312,3.0,11.67994190402777,169.2244783076802,2.3756623244447335,5.64129669748566,,11.666156492499843,169.2244881920728,0.008221806958317757,True,
egohumans,ego_test_tagging_006_tagging_extreme_cam05_cam06_b00186,r2,,006_tagging,extreme,168.44062341745672,4,ransac_failed,1804.0899113569697,507.8009775738969,94.65602360058243,115.1902656246874,92.6090103263522,2.416252777447937,4.175967121666567,4.175967121666567,0.6666666666666666,0.935933147632312,3.0,8.498184982457289,169.2244783076802,2.1018994831404956,4.96494144249872,,8.497522445811972,169.2244881920728,0.1134842149913311,True,
egohumans,ego_test_tagging_006_tagging_extreme_cam05_cam06_b00186,r3,,006_tagging,extreme,168.44062341745672,4,icp_failed,1804.0899113569697,507.8009775738969,94.65602360058243,115.1902656246874,92.6090103263522,2.416252777447937,4.175967121666567,4.175967121666567,0.6666666666666666,0.935933147632312,3.0,8.498184982457289,169.2244783076802,2.1018994831404956,4.96494144249872,,8.497522445811972,169.2244881920728,63.14401194406673,True,
egohumans,ego_test_tagging_006_tagging_large_cam08_cam07_b00186,r0,,006_tagging,large,133.24529135600875,4,ok,1486.271369358674,474.84699836999425,98.5944094172745,118.05737603557678,94.19842171149246,2.181484941673597,2.7111503440293503,2.7111503440293503,0.9426934097421203,0.94,0.0,5.505971184644465,134.121810560232,1.762734621127986,3.839911034077185,4.230497402425968,5.5060970029619725,134.1218105425459,0.0,True,
egohumans,ego_test_tagging_006_tagging_large_cam08_cam07_b00186,r1,,006_tagging,large,133.24529135600875,4,ok,1656.4285415050922,451.6958970034114,98.59440985366443,118.05737654659235,100.85072823921372,0.035557260101415605,1.083168239295959,1.083168239295959,0.8022922636103151,0.94,1.0,9.338786996819143,134.121810560232,1.9888972338252489,4.407907214057333,5.55543946141143,9.338402650634263,134.1218105425459,0.01562063000164926,True,
egohumans,ego_test_tagging_006_tagging_large_cam08_cam07_b00186,r2,,006_tagging,large,133.24529135600875,4,ransac_failed,1486.271369358674,474.84699836999425,98.5944094172745,118.05737603557678,94.19842171149246,2.181484941673597,2.7111503440293503,2.7111503440293503,0.9426934097421203,0.94,0.0,5.505971184644465,134.121810560232,1.762734621127986,3.839911034077185,4.230497402425968,5.5060970029619725,134.1218105425459,0.1865235201548785,True,
egohumans,ego_test_tagging_006_tagging_large_cam08_cam07_b00186,r3,,006_tagging,large,133.24529135600875,4,icp_failed,1486.271369358674,474.84699836999425,98.5944094172745,118.05737603557678,94.19842171149246,2.181484941673597,2.7111503440293503,2.7111503440293503,0.9426934097421203,0.94,0.0,5.505971184644465,134.121810560232,1.762734621127986,3.839911034077185,4.230497402425968,5.5060970029619725,134.1218105425459,93.46220700396225,True,
egohumans,ego_test_tagging_006_tagging_medium_cam02_cam04_b00186,r0,,006_tagging,medium,84.48502099585055,4,ok,1440.061030266269,487.5647846998052,107.78900757241765,130.06302041738041,82.2138821306613,3.1210113874138377,3.1726323555118516,3.1726323555118516,0.46417445482866043,0.543010752688172,1.0,6.436817110705596,84.63246043191627,1.5218381496405766,3.5510366482388758,,6.438781891262111,84.63246139457563,0.0,True,
egohumans,ego_test_tagging_006_tagging_medium_cam02_cam04_b00186,r1,,006_tagging,medium,84.48502099585055,4,ok,2218.713238156276,462.51183370206877,107.78900803176444,130.06302094547618,82.21388244876698,0.05254590209774694,1.5411929588283209,1.5411929588283209,0.4735202492211838,0.543010752688172,1.0,9.273032062334133,84.63246043191627,2.2342248756799137,5.872038562108974,,9.293608016689804,84.63246139457563,0.007006867090240121,True,
egohumans,ego_test_tagging_006_tagging_medium_cam02_cam04_b00186,r2,,006_tagging,medium,84.48502099585055,4,ok,1303.3084811524946,355.4544230616622,107.78900833479082,130.06302175722337,82.98363569581561,0.026151018114100574,0.09933366151554499,0.09933366151554499,0.4735202492211838,0.543010752688172,1.0,3.811107785945942,10.345528334264644,1.4013325685727596,3.15842169056631,,4.964390095599328,10.345523585989904,0.10954767582006752,True,
egohumans,ego_test_tagging_006_tagging_medium_cam02_cam04_b00186,r3,,006_tagging,medium,84.48502099585055,4,icp_failed,1440.061030266269,487.5647846998052,107.78900757241765,130.06302041738041,82.2138821306613,3.1210113874138377,3.1726323555118516,3.1726323555118516,0.46417445482866043,0.543010752688172,1.0,6.436817110705596,84.63246043191627,1.5218381496405766,3.5510366482388758,,6.438781891262111,84.63246139457563,111.72267736797221,True,
egohumans,ego_test_tagging_006_tagging_small_cam02_cam06_b00186,r0,,006_tagging,small,42.21388742145035,4,ok,1033.8924911395807,400.4769534842383,105.96364304819903,129.37045605696363,90.84094440494522,1.255561538971938,2.079201585636922,2.079201585636922,0.6434782608695652,0.7688022284122563,3.0,4.296614569214869,42.1372251225505,1.1993538798925272,1.7924605648069951,,4.280516196519469,42.13722458288403,0.0,True,
egohumans,ego_test_tagging_006_tagging_small_cam02_cam06_b00186,r1,,006_tagging,small,42.21388742145035,4,ok,1133.3272936831704,429.2076304241124,105.96364517561013,129.37045705725166,90.84094421347943,0.12421236370308691,1.3566258452186748,1.3566258452186748,0.6550724637681159,0.7688022284122563,2.0,5.451681413974626,42.1372251225505,1.6415104965708842,2.6897784045366024,,5.263264539516082,42.13722458288403,0.010502756107598543,True,
egohumans,ego_test_tagging_006_tagging_small_cam02_cam06_b00186,r2,,006_tagging,small,42.21388742145035,4,ransac_failed,1033.8924911395807,400.4769534842383,105.96364304819903,129.37045605696363,90.84094440494522,1.255561538971938,2.079201585636922,2.079201585636922,0.6434782608695652,0.7688022284122563,3.0,4.296614569214869,42.1372251225505,1.1993538798925272,1.7924605648069951,,4.280516196519469,42.13722458288403,0.12849909299984574,True,
egohumans,ego_test_tagging_006_tagging_small_cam02_cam06_b00186,r3,,006_tagging,small,42.21388742145035,4,ransac_failed,1033.8924911395807,400.4769534842383,105.96364304819903,129.37045605696363,90.84094440494522,1.255561538971938,2.079201585636922,2.079201585636922,0.6434782608695652,0.7688022284122563,3.0,4.296614569214869,42.1372251225505,1.1993538798925272,1.7924605648069951,,4.280516196519469,42.13722458288403,107.57041437411681,True,
egohumans,ego_test_tagging_007_tagging_extreme_cam06_cam05_b00359,r0,,007_tagging,extreme,168.44062341745672,4,ok,2617.3182573231356,929.1657146624204,105.06701864133277,120.44853962193747,162.8435819276792,1.950642505275549,4.148752498592785,4.148752498592785,0.42572741194486985,0.7289972899728997,8.0,8.715762916268773,168.52803978141094,3.210366170181228,5.384382131710869,5.258580025795914,8.713323506445533,168.52804676069528,0.0,True,
egohumans,ego_test_tagging_007_tagging_extreme_cam06_cam05_b00359,r1,,007_tagging,extreme,168.44062341745672,4,ok,2546.4315485866337,791.5664110373727,105.0670203243612,120.44854290611195,153.54057070661548,0.2004341494792821,3.4146879617703405,3.4146879617703405,0.5053598774885145,0.7289972899728997,7.0,9.36634875997266,168.52803978141094,3.243787782848225,5.451979228007278,3.8218231840299444,9.512918925921323,168.52804676069528,0.0038160360418260098,True,
egohumans,ego_test_tagging_007_tagging_extreme_cam06_cam05_b00359,r2,,007_tagging,extreme,168.44062341745672,4,ok,1455.5666431028476,587.2392167484353,105.06701796594902,120.44854010491461,140.68203384684958,0.05899000811227267,1.4454138742659293,1.4454138742659293,0.5053598774885145,0.7289972899728997,7.0,3.182270231220528,35.1676028747152,1.8778035973550962,2.689199183664032,1.2670330888704395,2.7900639913023086,35.16760485844192,0.09506062883883715,True,
egohumans,ego_test_tagging_007_tagging_extreme_cam06_cam05_b00359,r3,,007_tagging,extreme,168.44062341745672,4,ok,2199.599318519592,669.0134694492577,105.06702017442753,120.44854137791712,174.82049250805025,0.08731691523023313,2.341494344004198,2.341494344004198,0.42572741194486985,0.7289972899728997,8.0,5.11806769049594,141.10007158481088,2.493880400968522,3.9352492601453215,7.078402036597311,5.010625752036547,141.10007373905844,45.41034669498913,True,
egohumans,ego_test_tagging_007_tagging_large_cam08_cam07_b00359,r0,,007_tagging,large,133.24529135600875,4,ok,2141.531117431725,705.6098799375255,103.12938920867542,119.1900300105519,136.3320594324459,2.5496281685589217,2.7001414935025974,2.7001414935025974,0.46869409660107336,0.6987577639751553,3.0,5.803208028221408,134.02359516191814,2.5948101783667896,5.1517201911136565,,5.797251922794147,134.0235971245393,0.0,True,
egohumans,ego_test_tagging_007_tagging_large_cam08_cam07_b00359,r1,,007_tagging,large,133.24529135600875,4,ok,1698.5648865389442,815.6001260563255,103.12938837586358,119.19002932041344,136.33206001220202,0.08341783696542976,0.27939717720796325,0.27939717720796325,0.6082289803220036,0.6987577639751553,2.0,11.231074220769187,134.02359516191814,2.128890849397366,4.113781091924347,,11.178150955416196,134.0235971245393,0.004336280981078744,True,
egohumans,ego_test_tagging_007_tagging_large_cam08_cam07_b00359,r2,,007_tagging,large,133.24529135600875,4,ok,1518.5377913869452,850.6486464749199,103.12939419145137,119.1900328411851,138.234821162571,0.05464000477180519,1.0211468672149981,1.0211468672149981,0.6082289803220036,0.6987577639751553,2.0,3.563977060838014,17.87232625229196,1.4521753881014239,2.6062466484432876,,3.3932525313640935,17.872329192366365,0.11006861180067062,True,
egohumans,ego_test_tagging_007_tagging_large_cam08_cam07_b00359,r3,,007_tagging,large,133.24529135600875,4,icp_failed,2141.531117431725,705.6098799375255,103.12938920867542,119.1900300105519,136.3320594324459,2.5496281685589217,2.7001414935025974,2.7001414935025974,0.46869409660107336,0.6987577639751553,3.0,5.803208028221408,134.02359516191814,2.5948101783667896,5.1517201911136565,,5.797251922794147,134.0235971245393,151.9867025099229,True,
egohumans,ego_test_tagging_007_tagging_small_cam02_cam06_b00359,r0,,007_tagging,small,42.21388742145035,4,ok,1124.919182664545,725.8681576226116,112.96333155509197,131.19758936669433,142.50461200853735,1.3476914362698207,2.0978488234700468,2.0978488234700468,0.5945205479452055,0.8481012658227848,7.0,4.3080166820942445,42.05614079841138,1.1508960718124324,2.252441549784533,1.7088411731684783,4.306014755245289,42.05613809399707,0.0,True,
egohumans,ego_test_tagging_007_tagging_small_cam02_cam06_b00359,r1,,007_tagging,small,42.21388742145035,4,ok,1118.6074024529723,705.285334673277,112.96333194511388,131.19759016651963,141.17223107021314,0.28367258895450714,1.9192094534399835,1.9192094534399835,0.5452054794520548,0.8481012658227848,6.0,4.157707044083151,42.05614079841138,1.133583176019217,2.214284838661328,1.635087606116687,4.162576009360907,42.05613809399707,0.007148363860324025,True,
egohumans,ego_test_tagging_007_tagging_small_cam02_cam06_b00359,r2,,007_tagging,small,42.21388742145035,4,ok,656.2063496873371,414.88396019381713,112.96333349386161,131.19758981985896,125.14925307519083,0.03263973948971118,0.293279674214679,0.293279674214679,0.5452054794520548,0.8481012658227848,6.0,2.1891808787025115,7.813317614848155,0.6578272269580538,1.1657437667173172,0.1943263420083365,2.09221808457732,7.8133011259641725,0.10913514089770615,True,
egohumans,ego_test_tagging_007_tagging_small_cam02_cam06_b00359,r3,,007_tagging,small,42.21388742145035,4,icp_failed,1124.919182664545,725.8681576226116,112.96333155509197,131.19758936669433,142.50461200853735,1.3476914362698207,2.0978488234700468,2.0978488234700468,0.5945205479452055,0.8481012658227848,7.0,4.3080166820942445,42.05614079841138,1.1508960718124324,2.252441549784533,1.7088411731684783,4.306014755245289,42.05613809399707,61.65305796219036,True,
egohumans,ego_test_tagging_009_tagging_extreme_cam06_cam05_b00286,r0,,009_tagging,extreme,168.44062341745672,3,ok,1874.588631590544,802.2992793328448,83.6653034230837,99.34323502293405,162.80250542348276,3.7190567162183252,4.208605816516125,4.208605816516125,0.4370257966616085,0.9533333333333334,7.0,8.609044724233529,168.62812367756044,1.7846879394654576,3.300316606157451,3.0370221521312764,8.610194552736344,168.62811904508348,0.0,True,
egohumans,ego_test_tagging_009_tagging_extreme_cam06_cam05_b00286,r1,,009_tagging,extreme,168.44062341745672,3,ok,1522.4529851920386,927.3441107327683,83.66530142224215,99.34323201030283,141.87866308453022,0.1734981851224296,3.4133493981727328,3.4133493981727328,0.858877086494689,0.9533333333333334,4.0,10.182875812177057,168.62812367756044,1.5179202145236146,2.7630238643731753,1.9356470983093423,10.162276445196152,168.62811904508348,0.009301564190536737,True,
egohumans,ego_test_tagging_009_tagging_extreme_cam06_cam05_b00286,r2,,009_tagging,extreme,168.44062341745672,3,ok,505.4124931486781,162.5704268437125,83.66530517600377,99.34323866323113,105.32705854783448,0.03446726569795367,0.11283299188960658,0.11283299188960658,0.858877086494689,0.9533333333333334,4.0,0.7843398621816292,10.415308698154046,0.3012189699877594,0.3124847380544814,0.14754924867784278,1.0715909014826468,10.415302958486745,0.10451327194459736,True,
egohumans,ego_test_tagging_009_tagging_extreme_cam06_cam05_b00286,r3,,009_tagging,extreme,168.44062341745672,3,icp_failed,1874.588631590544,802.2992793328448,83.6653034230837,99.34323502293405,162.80250542348276,3.7190567162183252,4.208605816516125,4.208605816516125,0.4370257966616085,0.9533333333333334,7.0,8.609044724233529,168.62812367756044,1.7846879394654576,3.300316606157451,3.0370221521312764,8.610194552736344,168.62811904508348,48.888684779871255,True,
egohumans,ego_test_tagging_009_tagging_large_cam07_cam08_b00286,r0,,009_tagging,large,133.24529135600875,3,ok,2177.79397031975,753.0601597012757,94.31626321696578,107.83891742954876,130.2150883360321,2.270073131911655,2.7055601319795723,2.7055601319795723,0.45241809672386896,0.9766666666666667,6.0,5.473689697573996,133.51881959553242,1.7301181505767873,2.791085508672584,2.16687116934981,5.4649678045468715,133.51881873978027,0.0,True,
egohumans,ego_test_tagging_009_tagging_large_cam07_cam08_b00286,r1,,009_tagging,large,133.24529135600875,3,ok,2010.253104705682,789.9100169154716,94.31626303509306,107.83891729301443,121.88724136387432,0.09211457862005322,1.830420347269743,1.830420347269743,0.5897035881435257,0.9766666666666667,3.0,6.398723085397322,133.51881959553242,1.5687536682603773,2.4672513078595144,1.6803791055884396,5.890126166656601,133.51881873978027,0.00801814696751535,True,
egohumans,ego_test_tagging_009_tagging_large_cam07_cam08_b00286,r2,,009_tagging,large,133.24529135600875,3,ok,1721.969130783916,220.67650267517723,94.31625604435466,107.83891095739433,90.49262011116215,0.03144723457247955,0.10413444515365945,0.10413444515365945,0.5897035881435257,0.9766666666666667,3.0,0.41822075429044453,6.814690457008154,0.7399322544721632,0.8039316212845363,0.14638176775326134,1.8354614637199194,6.814690702225517,0.10770452115684748,True,
egohumans,ego_test_tagging_009_tagging_large_cam07_cam08_b00286,r3,,009_tagging,large,133.24529135600875,3,ok,2101.760197932268,672.9365331486015,94.31626502094784,107.83891760777145,129.89493775782668,0.031018729876216837,0.07187216686650601,0.07187216686650601,0.45241809672386896,0.9766666666666667,6.0,5.394995963586311,122.24435752676796,1.5662720720905345,2.462271118285788,1.9050618053084871,5.490932267912522,122.24435803542063,66.42331435112283,True,
egohumans,ego_test_tagging_009_tagging_medium_cam04_cam02_b00286,r0,,009_tagging,medium,84.48502099585055,3,ok,1130.0731714804524,560.3160842545914,82.04757830188508,96.82434128540174,103.18948218167,2.657196262100781,3.1606779472609094,3.1606779472609094,0.43558282208588955,0.9233333333333333,5.0,6.418604199271338,84.36784546833816,1.4342763756152412,2.1233656650753443,1.9070840360637422,6.421564617107222,84.36784417257329,0.0,True,
egohumans,ego_test_tagging_009_tagging_medium_cam04_cam02_b00286,r1,,009_tagging,medium,84.48502099585055,3,ok,1030.3235068980944,520.6218305955832,82.04757958535684,96.82434246418205,93.41197102089613,0.14949172790364473,2.63567785260103,2.63567785260103,0.7055214723926381,0.9233333333333333,3.0,7.110551860876554,84.36784546833816,1.344592090428769,1.9406998783352503,1.3488767663546162,7.1121644138516595,84.36784417257329,0.00809954502619803,True,
egohumans,ego_test_tagging_009_tagging_medium_cam04_cam02_b00286,r2,,009_tagging,medium,84.48502099585055,3,ok,707.9527098708006,199.58599606102086,82.04757607725523,96.82434060056411,72.94787040930558,0.02932718094080717,0.40947091739553926,0.40947091739553926,0.7055214723926381,0.9233333333333333,3.0,0.9996981013068119,5.555132888867861,0.8521115922495279,0.9376329813084135,0.10437783604845034,0.8795455469005578,5.555149323093514,0.11691204411908984,True,
egohumans,ego_test_tagging_009_tagging_medium_cam04_cam02_b00286,r3,,009_tagging,medium,84.48502099585055,3,icp_failed,1130.0731714804524,560.3160842545914,82.04757830188508,96.82434128540174,103.18948218167,2.657196262100781,3.1606779472609094,3.1606779472609094,0.43558282208588955,0.9233333333333333,5.0,6.418604199271338,84.36784546833816,1.4342763756152412,2.1233656650753443,1.9070840360637422,6.421564617107222,84.36784417257329,46.21704897703603,True,
egohumans,ego_test_tagging_009_tagging_small_cam06_cam02_b00286,r0,,009_tagging,small,42.21388742145035,3,ok,1188.6138914651885,474.9175840656265,79.38965541539986,91.53716720018805,122.13921837339716,1.4311210474682656,2.097467025809385,2.097467025809385,0.4376899696048632,0.9333333333333333,5.0,4.200251603976793,42.05745409597877,0.9581454972424089,1.665477548640527,1.8662873455617663,4.205834710869572,42.057452573844955,0.0,True,
egohumans,ego_test_tagging_009_tagging_small_cam06_cam02_b00286,r1,,009_tagging,small,42.21388742145035,3,ok,727.6057328959947,399.03832152787294,79.38965632748302,91.53716782803643,97.87254929263281,0.08167300221991254,1.3513015978739276,1.3513015978739276,0.7203647416413373,0.9333333333333333,3.0,4.317483289045138,42.05745409597877,0.6559234493985153,1.043255685432511,0.6736643010018087,4.384191095884298,42.057452573844955,0.007061314070597291,True,
egohumans,ego_test_tagging_009_tagging_small_cam06_cam02_b00286,r2,,009_tagging,small,42.21388742145035,3,ok,421.16028651764043,164.84371554337682,79.38966044096601,91.53717311080774,88.36824401159096,0.037571917028042454,0.42457445018976364,0.42457445018976364,0.7203647416413373,0.9333333333333333,3.0,0.7563256541598422,3.9402174469337257,0.3569741944824246,0.42777192531114755,0.23210770312257686,0.7799049551674939,3.940202285154113,0.09636141592636704,True,
egohumans,ego_test_tagging_009_tagging_small_cam06_cam02_b00286,r3,,009_tagging,small,42.21388742145035,3,icp_failed,1188.6138914651885,474.9175840656265,79.38965541539986,91.53716720018805,122.13921837339716,1.4311210474682656,2.097467025809385,2.097467025809385,0.4376899696048632,0.9333333333333333,5.0,4.200251603976793,42.05745409597877,0.9581454972424089,1.665477548640527,1.8662873455617663,4.205834710869572,42.057452573844955,56.51037046685815,True,
egohumans,ego_test_tagging_010_tagging_extreme_cam06_cam05_b00211,r0,,010_tagging,extreme,168.44062341745672,3,ok,1879.351004489619,1289.7307395487505,105.57753918207933,123.42203015658252,235.80473218578123,3.2570672982233773,4.203539940713346,4.203539940713346,0.5798816568047337,0.9733333333333334,12.0,8.612880562914368,168.37772117620614,1.8126616313154067,3.3759354696598054,3.2501793582157177,8.612620195219261,168.37771167255949,0.0,True,
egohumans,ego_test_tagging_010_tagging_extreme_cam06_cam05_b00211,r1,,010_tagging,extreme,168.44062341745672,3,ok,1763.8411839021237,1370.0990480875237,105.57753826349779,123.42202913199898,214.73085533470703,0.14493942286280345,3.228289231669763,3.228289231669763,0.849112426035503,0.9733333333333334,8.0,10.156643721549086,168.37772117620614,1.740803126687737,3.230222390831475,2.23215934951758,10.17600430219016,168.37771167255949,0.008772712899371982,True,
egohumans,ego_test_tagging_010_tagging_extreme_cam06_cam05_b00211,r2,,010_tagging,extreme,168.44062341745672,3,ok,712.2108943935026,333.3580262653161,105.57754199362971,123.42203025943854,177.4001576649805,0.04165834940395312,0.7394969031570513,0.7394969031570513,0.849112426035503,0.9733333333333334,8.0,1.8708027710168886,21.011431028484125,0.5955603290850663,0.9079244956927255,0.26908473682957884,1.866940334395847,21.011442062750525,0.09695229586213827,True,
egohumans,ego_test_tagging_010_tagging_extreme_cam06_cam05_b00211,r3,,010_tagging,extreme,168.44062341745672,3,icp_failed,1879.351004489619,1289.7307395487505,105.57753918207933,123.42203015658252,235.80473218578123,3.2570672982233773,4.203539940713346,4.203539940713346,0.5798816568047337,0.9733333333333334,12.0,8.612880562914368,168.37772117620614,1.8126616313154067,3.3759354696598054,3.2501793582157177,8.612620195219261,168.37771167255949,49.36711678886786,True,
egohumans,ego_test_tagging_010_tagging_large_cam07_cam08_b00211,r0,,010_tagging,large,133.24529135600875,3,ok,2279.9097298894144,820.8251297473424,112.07407165472038,128.05006943543543,243.55189496289708,1.9999719133072429,2.7151662601425475,2.7151662601425475,0.6888111888111889,0.8479087452471483,10.0,5.462671810395517,133.34815510857666,2.2074204831391517,2.9567649784999674,3.511164512699772,5.459412389022495,133.3481522666114,0.0,True,
egohumans,ego_test_tagging_010_tagging_large_cam07_cam08_b00211,r1,,010_tagging,large,133.24529135600875,3,ok,1802.6050865609789,826.4460622429506,112.07407270045782,128.0500703914628,204.45710086236807,0.02814327068080033,1.4027789684728298,1.4027789684728298,0.5909090909090909,0.8479087452471483,7.0,6.729762077950458,133.34815510857666,2.026327759810124,2.6782568591732554,1.4996110649651895,7.469165373747159,133.3481522666114,0.007741156034171581,True,
egohumans,ego_test_tagging_010_tagging_large_cam07_cam08_b00211,r2,,010_tagging,large,133.24529135600875,3,ok,852.7529282605824,292.78563517866195,112.0740709044255,128.05006708559353,185.00475644789336,0.015649782519089817,0.3464313301711752,0.3464313301711752,0.5909090909090909,0.8479087452471483,7.0,1.0728614421564109,18.095099791039818,1.096471073967946,1.2482014043952854,0.2594612625850838,2.22886591452581,18.095101287039437,0.14889357308857143,True,
egohumans,ego_test_tagging_010_tagging_large_cam07_cam08_b00211,r3,,010_tagging,large,133.24529135600875,3,ok,1704.6202909397819,689.1324741773718,112.0740740624902,128.05007012386193,226.45015807870172,0.034153209624124554,1.6365859563999439,1.6365859563999439,0.6888111888111889,0.8479087452471483,10.0,4.396023437618732,87.95959523763695,1.83933381761589,2.390673072212468,2.429666625565101,4.951362468193941,87.95959469503545,50.84679254516959,True,
egohumans,ego_test_tagging_010_tagging_medium_cam02_cam04_b00211,r0,,010_tagging,medium,84.48502099585055,3,ok,1493.650613019351,948.9375831902628,108.43226255945494,127.46555449357294,316.3243194426096,2.020093505289018,3.151435262301361,3.151435262301361,0.7030497592295345,0.8566666666666667,10.0,6.436121818905214,85.2071121038068,1.8229885580002791,3.3536939165610646,2.982143495149902,6.43652515624339,85.20711264479085,0.0,True,
egohumans,ego_test_tagging_010_tagging_medium_cam02_cam04_b00211,r1,,010_tagging,medium,84.48502099585055,3,ok,1715.3333812112287,901.5877156738239,108.43225984793588,127.46555089866754,303.34871246900735,0.08968148297299697,2.360569981623209,2.360569981623209,0.7030497592295345,0.8566666666666667,10.0,7.37538670145994,85.2071121038068,2.234876537120286,4.235820671843078,2.377872413789568,7.503509569134942,85.20711264479085,0.00822806404903531,True,
egohumans,ego_test_tagging_010_tagging_medium_cam02_cam04_b00211,r2,,010_tagging,medium,84.48502099585055,3,ok,930.5928762035613,560.0847655137189,108.4322611846805,127.46555276126394,261.9202710837071,0.022459666452474027,0.07670225570537316,0.07670225570537316,0.7030497592295345,0.8566666666666667,10.0,2.662220020198358,6.034090960128654,1.1047023787995074,1.8153643494394118,0.3947576362028798,2.9368976433462364,6.034114929163066,0.13982980092987418,True,
egohumans,ego_test_tagging_010_tagging_medium_cam02_cam04_b00211,r3,,010_tagging,medium,84.48502099585055,3,ransac_failed,1493.650613019351,948.9375831902628,108.43226255945494,127.46555449357294,316.3243194426096,2.020093505289018,3.151435262301361,3.151435262301361,0.7030497592295345,0.8566666666666667,10.0,6.436121818905214,85.2071121038068,1.8229885580002791,3.3536939165610646,2.982143495149902,6.43652515624339,85.20711264479085,58.2623866989743,True,
egohumans,ego_test_tagging_010_tagging_small_cam02_cam06_b00211,r0,,010_tagging,small,42.21388742145035,3,ok,1238.2583529010324,840.0722155684854,109.74938576606972,130.24301143389093,270.0154042593329,1.7996805940411178,2.11736853076202,2.11736853076202,0.7420814479638009,0.9366666666666666,12.0,4.287393374150506,41.458386495093265,1.2465882301815112,1.9737951615434761,1.942259976656835,4.282266867348123,41.45838950047684,0.0,True,
egohumans,ego_test_tagging_010_tagging_small_cam02_cam06_b00211,r1,,010_tagging,small,42.21388742145035,3,ok,1158.3485972315075,593.8746030492457,109.74938794192661,130.24301205618235,258.33028288690804,0.0620197055987888,1.4470739906002585,1.4470739906002585,0.751131221719457,0.9366666666666666,10.0,2.6668024188771833,41.458386495093265,0.9400485068703809,1.3756169514710623,1.0532511302148981,2.6876146356635324,41.45838950047684,0.007762809982523322,True,
egohumans,ego_test_tagging_010_tagging_small_cam02_cam06_b00211,r2,,010_tagging,small,42.21388742145035,3,ok,535.933941371796,361.0893573230105,109.74938608435053,130.2430109925571,247.43616919135704,0.02085554075684477,0.10247516142294696,0.10247516142294696,0.751131221719457,0.9366666666666666,10.0,0.803338524222042,13.83437901052855,0.5946795263263805,0.7016677602706172,0.16073689976576605,0.7606267927988957,13.834389333948053,0.117117467103526,True,
egohumans,ego_test_tagging_010_tagging_small_cam02_cam06_b00211,r3,,010_tagging,small,42.21388742145035,3,icp_failed,1238.2583529010324,840.0722155684854,109.74938576606972,130.24301143389093,270.0154042593329,1.7996805940411178,2.11736853076202,2.11736853076202,0.7420814479638009,0.9366666666666666,12.0,4.287393374150506,41.458386495093265,1.2465882301815112,1.9737951615434761,1.942259976656835,4.282266867348123,41.45838950047684,60.940741491969675,True,
egohumans,ego_test_tennis_004_tennis_extreme_cam15_cam05_b00601,r0,,004_tennis,extreme,179.87189111977324,2,ok,482.9284151425298,170.61300021355734,85.44240445563187,109.78898184127695,117.27548086309746,4.868805180762084,10.815686623606826,10.815686623606826,0.2932551319648094,0.3067484662576687,0.0,21.68826406755675,179.69812378690054,0.46757132253038836,,,21.67717390154785,179.69838035736709,0.0,True,
egohumans,ego_test_tennis_004_tennis_extreme_cam15_cam05_b00601,r1,,004_tennis,extreme,179.87189111977324,2,ok,482.9284151425298,170.61300021355734,85.44240445563187,109.78898184127695,117.27548086309746,0.03374906531521652,7.239248144092058,7.239248144092058,0.2932551319648094,0.3067484662576687,0.0,27.73789179460728,179.69812378690054,0.46757132253038836,,,27.254844729979833,179.69838035736709,0.002999556018039584,True,
egohumans,ego_test_tennis_004_tennis_extreme_cam15_cam05_b00601,r2,,004_tennis,extreme,179.87189111977324,2,ok,482.9284151425298,170.61300021355734,85.44240445563187,109.78898184127695,117.27548086309746,0.03174965329425464,7.013204807518442,7.013204807518442,0.2932551319648094,0.3067484662576687,0.0,24.576251987241857,157.83028851070418,0.46757132253038836,,,23.42915212495678,157.83029159350488,0.10128288296982646,True,
egohumans,ego_test_tennis_004_tennis_extreme_cam15_cam05_b00601,r3,,004_tennis,extreme,179.87189111977324,2,ransac_failed,482.9284151425298,170.61300021355734,85.44240445563187,109.78898184127695,117.27548086309746,4.868805180762084,10.815686623606826,10.815686623606826,0.2932551319648094,0.3067484662576687,0.0,21.68826406755675,179.69812378690054,0.46757132253038836,,,21.67717390154785,179.69838035736709,22.17904895800166,True,
egohumans,ego_test_tennis_004_tennis_large_cam01_cam07_b00601,r0,,004_tennis,large,125.78766204579658,2,ok,1206.612583488661,307.2965869642153,69.26738995082488,81.77869758259259,110.01580802361148,5.430172641920443,9.22592544423341,9.22592544423341,0.25936599423631124,0.225,0.0,18.482234006458878,125.86755242307025,1.2020876430728455,,,18.48224265412223,125.86755425404469,0.0,True,
egohumans,ego_test_tennis_004_tennis_large_cam01_cam07_b00601,r1,,004_tennis,large,125.78766204579658,2,ok,1206.612583488661,307.2965869642153,69.26738995082488,81.77869758259259,110.01580802361148,0.022693865108690106,6.086519549494974,6.086519549494974,0.25936599423631124,0.225,0.0,21.038315681435773,125.86755242307025,1.2020876430728455,,,20.931541909554387,125.86755425404469,0.001878994982689619,True,
egohumans,ego_test_tennis_004_tennis_large_cam01_cam07_b00601,r2,,004_tennis,large,125.78766204579658,2,ok,1206.612583488661,307.2965869642153,69.26738995082488,81.77869758259259,110.01580802361148,0.007827227481828633,0.10298602011603046,0.10298602011603046,0.25936599423631124,0.225,0.0,2.3072220100450638,25.02859863295702,1.2020876430728455,,,2.7750971814701875,25.028597791922977,0.09307024185545743,True,
egohumans,ego_test_tennis_004_tennis_large_cam01_cam07_b00601,r3,,004_tennis,large,125.78766204579658,2,ransac_failed,1206.612583488661,307.2965869642153,69.26738995082488,81.77869758259259,110.01580802361148,5.430172641920443,9.22592544423341,9.22592544423341,0.25936599423631124,0.225,0.0,18.482234006458878,125.86755242307025,1.2020876430728455,,,18.48224265412223,125.86755425404469,53.1707699149847,True,
egohumans,ego_test_tennis_004_tennis_medium_cam02_cam15_b00601,r0,,004_tennis,medium,81.94667722474215,2,ok,759.2525631000625,252.3288061219572,77.10877042483855,93.79593105113548,110.92371876013992,6.853982798017861,11.5832163156353,11.5832163156353,0.49382716049382713,0.5,0.0,23.207718111814472,81.99839099494585,8.249323892991388,15.51170051695886,,23.207676664336677,81.99839023525983,0.0,True,
egohumans,ego_test_tennis_004_tennis_medium_cam02_cam15_b00601,r1,,004_tennis,medium,81.94667722474215,2,ok,759.2525628607638,252.32880604092318,77.10876934930036,93.79593004486873,110.9237186207714,0.21573256937887667,11.069256403344877,11.069256403344877,0.24691358024691357,0.5,0.0,23.724013482640842,81.99839099494585,8.373701089605145,15.760454910186375,,23.670504572857883,81.99839023525983,0.0017622930463403463,True,
egohumans,ego_test_tennis_004_tennis_medium_cam02_cam15_b00601,r2,,004_tennis,medium,81.94667722474215,2,ok,759.2525581346546,252.32880742968885,77.10876190478501,93.79592217079912,110.9237177440889,0.023069436737542946,6.676203294120458,6.676203294120458,0.24691358024691357,0.5,0.0,24.271846265388717,146.59449599869453,8.465364752963724,15.943782236903532,,23.682106721143395,146.5944943423115,0.0877478860784322,True,
egohumans,ego_test_tennis_004_tennis_medium_cam02_cam15_b00601,r3,,004_tennis,medium,81.94667722474215,2,ransac_failed,759.2525631000625,252.3288061219572,77.10877042483855,93.79593105113548,110.92371876013992,6.853982798017861,11.5832163156353,11.5832163156353,0.49382716049382713,0.5,0.0,23.207718111814472,81.99839099494585,8.249323892991388,15.51170051695886,,23.207676664336677,81.99839023525983,32.50203803787008,True,
egohumans,ego_test_tennis_005_tennis_large_cam01_cam07_b00601,r0,,005_tennis,large,125.78766204579658,2,ok,905.4804596360408,318.62299928367554,71.14081748014816,88.03192664299284,225.01753185960442,6.167773612812898,9.225285505601622,9.225285505601622,0.26455026455026454,0.25,0.0,18.5058021670354,125.80829362806847,0.9047374859793361,,,18.501244255914674,125.80829325518422,0.0,True,
egohumans,ego_test_tennis_005_tennis_large_cam01_cam07_b00601,r1,,005_tennis,large,125.78766204579658,2,ok,905.4804596360408,318.62299928367554,71.14081748014816,88.03192664299284,225.01753185960442,0.03653935620553099,6.546192996911596,6.546192996911596,0.26455026455026454,0.25,0.0,19.269205795005988,125.80829362806847,0.9047374859793361,,,18.031934674949067,125.80829325518422,0.0025856811553239822,True,
egohumans,ego_test_tennis_005_tennis_large_cam01_cam07_b00601,r2,,005_tennis,large,125.78766204579658,2,ok,905.4804596360408,318.62299928367554,71.14081748014816,88.03192664299284,225.01753185960442,0.009934273807906693,0.6605033148480753,0.6605033148480753,0.26455026455026454,0.25,0.0,3.913724742226439,39.12836955208964,0.9047374859793361,,,8.175338303707253,39.12836604796821,0.09275891399011016,True,
egohumans,ego_test_tennis_005_tennis_large_cam01_cam07_b00601,r3,,005_tennis,large,125.78766204579658,2,ransac_failed,905.4804596360408,318.62299928367554,71.14081748014816,88.03192664299284,225.01753185960442,6.167773612812898,9.225285505601622,9.225285505601622,0.26455026455026454,0.25,0.0,18.5058021670354,125.80829362806847,0.9047374859793361,,,18.501244255914674,125.80829325518422,43.97778319497593,True,
egohumans,ego_test_tennis_005_tennis_medium_cam02_cam15_b00601,r0,,005_tennis,medium,81.94667722474215,2,ok,419.3825933094081,131.0895518328263,69.58172967184012,87.3128099771655,126.77245135386296,7.124290597479703,11.577856671194546,11.577856671194546,0.24630541871921183,0.42,0.0,23.199787398119565,81.9388732289878,6.245043676211393,14.530831949526116,,23.20091983112863,81.93887246670803,0.0,True,
egohumans,ego_test_tennis_005_tennis_medium_cam02_cam15_b00601,r1,,005_tennis,medium,81.94667722474215,2,ok,419.38259395003325,131.08955177780246,69.58172625915084,87.31280478800447,126.77245276462577,0.21392294543446988,10.749768776048402,10.749768776048402,0.24630541871921183,0.42,0.0,21.93496832532439,81.9388732289878,5.8594152295199695,13.57810284593554,,22.02330491463512,81.93887246670803,0.0038405009545385838,True,
egohumans,ego_test_tennis_005_tennis_medium_cam02_cam15_b00601,r2,,005_tennis,medium,81.94667722474215,2,ok,419.3825946998645,131.08955390855823,69.58174431374599,87.31281733214603,126.77245390393738,0.020146617056274504,2.591944602742546,2.591944602742546,0.24630541871921183,0.42,0.0,14.426720960335135,126.32434491011058,5.70846800759325,13.205174415293058,,13.045296222959783,126.32434325366494,0.10032092011533678,True,
egohumans,ego_test_tennis_005_tennis_medium_cam02_cam15_b00601,r3,,005_tennis,medium,81.94667722474215,2,ransac_failed,419.3825933094081,131.0895518328263,69.58172967184012,87.3128099771655,126.77245135386296,7.124290597479703,11.577856671194546,11.577856671194546,0.24630541871921183,0.42,0.0,23.199787398119565,81.9388732289878,6.245043676211393,14.530831949526116,,23.20091983112863,81.93887246670803,30.43347914982587,True,
egohumans,ego_test_tennis_005_tennis_small_cam10_cam09_b00601,r0,,005_tennis,small,16.980921456131554,2,ok,1116.8433374271094,651.1532087621943,80.23614634719345,94.2625543315866,89.60372715773661,1.1756447909061505,2.3093550351005554,2.3093550351005554,0.4097560975609756,0.42,0.0,4.696670659710331,17.40395112706524,1.1101433995293728,2.4293059311172787,,4.693399676071562,17.403950425696777,0.0,True,
egohumans,ego_test_tennis_005_tennis_small_cam10_cam09_b00601,r1,,005_tennis,small,16.980921456131554,2,ok,1011.3586107212875,451.49955925938986,80.23614547685474,94.26255448923078,89.60372749524434,0.03451685534144209,1.1093752746598546,1.1093752746598546,0.4097560975609756,0.42,0.0,3.6396585199291818,17.40395112706524,0.9934866585960057,2.1410951593995478,,3.4002936301299673,17.403950425696777,0.0018287368584424257,True,
egohumans,ego_test_tennis_005_tennis_small_cam10_cam09_b00601,r2,,005_tennis,small,16.980921456131554,2,ok,682.3180762446096,325.5718487698232,80.23613532102074,94.26255253221481,89.6387315660197,0.010742547831499244,1.6107677347000333,1.6107677347000333,0.4097560975609756,0.42,0.0,2.6520694387395953,20.29927651942884,0.6798678818084994,1.366272299101003,,2.439768886455055,20.299275937382564,0.09854820906184614,True,
egohumans,ego_test_tennis_005_tennis_small_cam10_cam09_b00601,r3,,005_tennis,small,16.980921456131554,2,ransac_failed,1116.8433374271094,651.1532087621943,80.23614634719345,94.2625543315866,89.60372715773661,1.1756447909061505,2.3093550351005554,2.3093550351005554,0.4097560975609756,0.42,0.0,4.696670659710331,17.40395112706524,1.1101433995293728,2.4293059311172787,,4.693399676071562,17.403950425696777,87.74164784699678,True,
egohumans,ego_test_tennis_006_tennis_extreme_cam15_cam05_b00651,r0,,006_tennis,extreme,179.87189111977324,2,ok,357.08286059191283,154.55478339520616,73.24459783191683,88.43483461618082,84.4257213805429,6.555544150868269,10.809249242157824,10.809249242157824,0.28160919540229884,0.245,0.0,21.724541833317655,179.98549925293733,0.3536466715973349,,,21.7171756362143,179.9840047945381,0.0,True,
egohumans,ego_test_tennis_006_tennis_extreme_cam15_cam05_b00651,r1,,006_tennis,extreme,179.87189111977324,2,ok,357.08286059191283,154.55478339520616,73.24459783191683,88.43483461618082,84.4257213805429,0.15348334388288468,9.221089822034797,9.221089822034797,0.28160919540229884,0.245,0.0,24.35142976066289,179.98549925293733,0.3536466715973349,,,24.17913103367331,179.9840047945381,0.002181369811296463,True,
egohumans,ego_test_tennis_006_tennis_extreme_cam15_cam05_b00651,r2,,006_tennis,extreme,179.87189111977324,2,ok,357.08286059191283,154.55478339520616,73.24459783191683,88.43483461618082,84.4257213805429,0.044615221750717804,5.262474994381574,5.262474994381574,0.28160919540229884,0.245,0.0,27.837449092376254,115.34244260021846,0.3536466715973349,,,28.78503728522074,115.34244316200683,0.12193153495900333,True,
egohumans,ego_test_tennis_006_tennis_extreme_cam15_cam05_b00651,r3,,006_tennis,extreme,179.87189111977324,2,ransac_failed,357.08286059191283,154.55478339520616,73.24459783191683,88.43483461618082,84.4257213805429,6.555544150868269,10.809249242157824,10.809249242157824,0.28160919540229884,0.245,0.0,21.724541833317655,179.98549925293733,0.3536466715973349,,,21.7171756362143,179.9840047945381,53.73305672686547,True,
egohumans,ego_test_tennis_006_tennis_large_cam01_cam07_b00651,r0,,006_tennis,large,125.78766204579658,2,ok,224.7139407521827,164.83112957700735,70.0391398711029,76.83346439255594,162.35621347815427,6.073198016420241,9.228927317136081,9.228927317136081,0.2849002849002849,0.25,0.0,18.471438954731564,125.7835839184296,0.21859185860230987,,,18.46898085607139,125.78358208697267,0.0,True,
egohumans,ego_test_tennis_006_tennis_large_cam01_cam07_b00651,r1,,006_tennis,large,125.78766204579658,2,ok,224.7139407521827,164.83112957700735,70.0391398711029,76.83346439255594,162.35621347815427,0.018924273996125607,6.031087296344316,6.031087296344316,0.2849002849002849,0.25,0.0,21.004965660310326,125.7835839184296,0.21859185860230987,,,19.998655498660177,125.78358208697267,0.002717427909374237,True,
egohumans,ego_test_tennis_006_tennis_large_cam01_cam07_b00651,r2,,006_tennis,large,125.78766204579658,2,ok,224.7139407521827,164.83112957700735,70.0391398711029,76.83346439255594,162.35621347815427,0.006620477922904456,0.07245563005648713,0.07245563005648713,0.2849002849002849,0.25,0.0,2.4133897377966873,32.00594838035678,0.21859185860230987,,,5.53733135097513,32.00595340943985,0.15493165492080152,True,
egohumans,ego_test_tennis_006_tennis_large_cam01_cam07_b00651,r3,,006_tennis,large,125.78766204579658,2,ransac_failed,224.7139407521827,164.83112957700735,70.0391398711029,76.83346439255594,162.35621347815427,6.073198016420241,9.228927317136081,9.228927317136081,0.2849002849002849,0.25,0.0,18.471438954731564,125.7835839184296,0.21859185860230987,,,18.46898085607139,125.78358208697267,26.057430098066106,True,
egohumans,ego_test_tennis_007_tennis_small_cam09_cam10_b00776,r0,,007_tennis,small,16.980921456131554,2,ok,1465.5397342183712,500.31531668668214,91.55578305019432,103.41249318636932,145.8903542372832,1.0170405452315103,2.3170460737756606,2.3170460737756606,0.2570694087403599,0.495,1.0,4.634616303745147,16.688327811141335,1.6451204588004817,1.807932356457147,1.74329255203835,4.640766020890977,16.688326079330178,0.0,True,
egohumans,ego_test_tennis_007_tennis_small_cam09_cam10_b00776,r1,,007_tennis,small,16.980921456131554,2,ok,1612.8755481951885,364.43542228262504,91.55577796859201,103.41249027983908,115.384850949219,0.0315004622851273,1.4753281051376737,1.4753281051376737,0.5089974293059126,0.495,0.0,3.3632985497636048,16.688327811141335,1.8285496233762353,2.171122102317139,0.0765453929035126,3.6414010291612677,16.688326079330178,0.0013557421043515205,True,
egohumans,ego_test_tennis_007_tennis_small_cam09_cam10_b00776,r2,,007_tennis,small,16.980921456131554,2,ok,1634.7099033119016,370.0649408234086,91.5557811755713,103.41249271048345,115.46599581326396,0.009405583582295625,0.5550104125348324,0.5550104125348324,0.5089974293059126,0.495,0.0,1.8484975092916565,11.897317353464784,1.8335492328308682,2.181021329037313,0.08814265180443333,1.1231740892664208,11.897314804210534,0.11228332412429154,True,
egohumans,ego_test_tennis_007_tennis_small_cam09_cam10_b00776,r3,,007_tennis,small,16.980921456131554,2,icp_failed,1465.5397342183712,500.31531668668214,91.55578305019432,103.41249318636932,145.8903542372832,1.0170405452315103,2.3170460737756606,2.3170460737756606,0.2570694087403599,0.495,1.0,4.634616303745147,16.688327811141335,1.6451204588004817,1.807932356457147,1.74329255203835,4.640766020890977,16.688326079330178,42.565078421961516,True,
egohumans,ego_test_tennis_008_tennis_large_cam01_cam07_b00601,r0,,008_tennis,large,125.78766204579658,2,ok,675.7278509885094,220.04160276822984,71.84826176770201,89.5949623516322,101.51236043308135,5.996864436722566,9.228379816596386,9.228379816596386,0.2557544757033248,0.25,0.0,18.476412214831814,125.75990348361694,0.6480843480297493,,,18.47725711642352,125.75990574547171,0.0,True,
egohumans,ego_test_tennis_008_tennis_large_cam01_cam07_b00601,r1,,008_tennis,large,125.78766204579658,2,ok,675.7278509885094,220.04160276822984,71.84826176770201,89.5949623516322,101.51236043308135,0.2178156858154146,8.920086687468164,8.920086687468164,0.2557544757033248,0.25,0.0,18.12084486785969,125.75990348361694,0.6480843480297493,,,18.162920885050518,125.75990574547171,0.003765229834243655,True,
egohumans,ego_test_tennis_008_tennis_large_cam01_cam07_b00601,r2,,008_tennis,large,125.78766204579658,2,ok,675.7278509885094,220.04160276822984,71.84826176770201,89.5949623516322,101.51236043308135,0.007475190532979301,0.024447387062470002,0.024447387062470002,0.2557544757033248,0.25,0.0,3.403349361826483,12.03287403035995,0.6480843480297493,,,4.163761791488514,12.032863895523004,0.1148811390157789,True,
egohumans,ego_test_tennis_008_tennis_large_cam01_cam07_b00601,r3,,008_tennis,large,125.78766204579658,2,ransac_failed,675.7278509885094,220.04160276822984,71.84826176770201,89.5949623516322,101.51236043308135,5.996864436722566,9.228379816596386,9.228379816596386,0.2557544757033248,0.25,0.0,18.476412214831814,125.75990348361694,0.6480843480297493,,,18.47725711642352,125.75990574547171,29.92382107488811,True,
egohumans,ego_test_tennis_008_tennis_medium_cam11_cam07_b00601,r0,,008_tennis,medium,82.38817530883323,2,ok,543.23034409517,172.84676843388033,85.85480363687972,109.99678966902606,106.68912680394432,6.481857526380471,7.14268480404281,7.14268480404281,0.24257425742574257,0.245,0.0,14.313208428701431,82.67774268546313,0.5279352219287547,,,14.3184130520365,82.67774189190368,0.0,True,
egohumans,ego_test_tennis_008_tennis_medium_cam11_cam07_b00601,r1,,008_tennis,medium,82.38817530883323,2,ok,543.23034409517,172.84676843388033,85.85480363687972,109.99678966902606,106.68912680394432,0.267665045781572,6.903782216428692,6.903782216428692,0.24257425742574257,0.245,0.0,14.639772857104573,82.67774268546313,0.5279352219287547,,,14.591184271801945,82.67774189190368,0.003345227101817727,True,
egohumans,ego_test_tennis_008_tennis_medium_cam11_cam07_b00601,r2,,008_tennis,medium,82.38817530883323,2,ok,543.23034409517,172.84676843388033,85.85480363687972,109.99678966902606,106.68912680394432,0.010062855302711686,0.6794877924606335,0.6794877924606335,0.24257425742574257,0.245,0.0,12.663125035663729,167.5977965683109,0.5279352219287547,,,15.331101785889286,167.5977822462112,0.12367905303835869,True,
egohumans,ego_test_tennis_008_tennis_medium_cam11_cam07_b00601,r3,,008_tennis,medium,82.38817530883323,2,icp_failed,543.23034409517,172.84676843388033,85.85480363687972,109.99678966902606,106.68912680394432,6.481857526380471,7.14268480404281,7.14268480404281,0.24257425742574257,0.245,0.0,14.313208428701431,82.67774268546313,0.5279352219287547,,,14.3184130520365,82.67774189190368,33.03880903380923,True,
egohumans,ego_test_tennis_009_tennis_extreme_cam05_cam15_b00601,r0,,009_tennis,extreme,179.87189111977324,2,ok,522.1906110072223,260.5413745061121,118.69225624760908,131.81546097961981,253.6326855422912,6.960218757217485,10.766728038929914,10.766728038929914,0.1926605504587156,0.21212121212121213,0.0,21.72928244588311,179.92288094412635,0.5366552674626042,,,21.72474412897477,179.9234670302628,0.0,True,
egohumans,ego_test_tennis_009_tennis_extreme_cam05_cam15_b00601,r1,,009_tennis,extreme,179.87189111977324,2,ok,522.1906110072223,260.5413745061121,118.69225624760908,131.81546097961981,253.6326855422912,0.13427132691683086,6.627277292681074,6.627277292681074,0.1926605504587156,0.21212121212121213,0.0,30.876427991535405,179.92288094412635,0.5366552674626042,,,31.134933151993803,179.9234670302628,0.004386594984680414,True,
egohumans,ego_test_tennis_009_tennis_extreme_cam05_cam15_b00601,r2,,009_tennis,extreme,179.87189111977324,2,ok,522.1906110072223,260.5413745061121,118.69225624760908,131.81546097961981,253.6326855422912,0.05282425291957778,0.11031535613659979,0.11031535613659979,0.1926605504587156,0.21212121212121213,0.0,14.357603558041141,7.648964161266525,0.5366552674626042,,,9.97439798307532,7.648972652439187,0.1121353879570961,True,
egohumans,ego_test_tennis_009_tennis_extreme_cam05_cam15_b00601,r3,,009_tennis,extreme,179.87189111977324,2,ransac_failed,522.1906110072223,260.5413745061121,118.69225624760908,131.81546097961981,253.6326855422912,6.960218757217485,10.766728038929914,10.766728038929914,0.1926605504587156,0.21212121212121213,0.0,21.72928244588311,179.92288094412635,0.5366552674626042,,,21.72474412897477,179.9234670302628,14.952860305085778,True,
egohumans,ego_test_tennis_009_tennis_large_cam01_cam07_b00601,r0,,009_tennis,large,125.78766204579658,2,ok,986.6145423050029,424.53486736096085,162.56247816742732,191.12618422832261,102.48161421035378,5.441038294461854,9.219777924010298,9.219777924010298,0.18230563002680966,0.17435897435897435,0.0,18.477552041225128,125.89375191261722,0.5982942467566542,,,18.471792427146525,125.89374817245069,0.0,True,
egohumans,ego_test_tennis_009_tennis_large_cam01_cam07_b00601,r1,,009_tennis,large,125.78766204579658,2,ok,986.6145423050029,424.53486736096085,162.56247816742732,191.12618422832261,102.48161421035378,0.10986370484552496,8.091630549412308,8.091630549412308,0.18230563002680966,0.17435897435897435,0.0,15.84237451100452,125.89375191261722,0.5982942467566542,,,16.385895285409863,125.89374817245069,0.002548906020820141,True,
egohumans,ego_test_tennis_009_tennis_large_cam01_cam07_b00601,r2,,009_tennis,large,125.78766204579658,2,ok,986.6145423050029,424.53486736096085,162.56247816742732,191.12618422832261,102.48161421035378,0.012717046052123591,0.6685252671924823,0.6685252671924823,0.18230563002680966,0.17435897435897435,0.0,5.904234848078298,53.28803036209845,0.5982942467566542,,,9.288416327714115,53.28803023090944,0.09695030911825597,True,
egohumans,ego_test_tennis_009_tennis_large_cam01_cam07_b00601,r3,,009_tennis,large,125.78766204579658,2,ransac_failed,986.6145423050029,424.53486736096085,162.56247816742732,191.12618422832261,102.48161421035378,5.441038294461854,9.219777924010298,9.219777924010298,0.18230563002680966,0.17435897435897435,0.0,18.477552041225128,125.89375191261722,0.5982942467566542,,,18.471792427146525,125.89374817245069,35.48387018102221,True,
egohumans,ego_test_tennis_009_tennis_small_cam09_cam10_b00601,r0,,009_tennis,small,16.980921456131554,2,ok,1039.2549263774208,366.3756796685676,79.12564086120416,93.04964487253588,109.39886055509255,1.5251109614205376,2.3249226930090434,2.3249226930090434,0.5024154589371981,0.5333333333333333,0.0,4.632606458985442,16.708182412165606,1.2359163635507266,1.8034486725939172,2.4442337354706494,4.638097236892445,16.70818950905097,0.0,True,
egohumans,ego_test_tennis_009_tennis_small_cam09_cam10_b00601,r1,,009_tennis,small,16.980921456131554,2,ok,984.8589548002559,345.7355813153518,79.12564564432991,93.04964482265626,81.64407049650218,0.028695228531337734,1.3449453163075347,1.3449453163075347,0.5024154589371981,0.5333333333333333,0.0,3.9338368531897223,16.708182412165606,1.2183094479184304,1.7668262880787404,1.105485732402618,4.3642802930477504,16.70818950905097,0.004311398835852742,True,
egohumans,ego_test_tennis_009_tennis_small_cam09_cam10_b00601,r2,,009_tennis,small,16.980921456131554,2,ok,749.0818296572378,312.27414267607594,79.12563740254205,93.04963652847837,61.82633517181531,0.010383041041751721,0.40867675602424997,0.40867675602424997,0.5024154589371981,0.5333333333333333,0.0,0.8631180647281543,7.719501890813256,0.976141507477284,1.2631169719611564,0.004187414870257695,0.9802953116528003,7.719517635015544,0.1162856980226934,True,
egohumans,ego_test_tennis_009_tennis_small_cam09_cam10_b00601,r3,,009_tennis,small,16.980921456131554,2,ransac_failed,1039.2549263774208,366.3756796685676,79.12564086120416,93.04964487253588,109.39886055509255,1.5251109614205376,2.3249226930090434,2.3249226930090434,0.5024154589371981,0.5333333333333333,0.0,4.632606458985442,16.708182412165606,1.2359163635507266,1.8034486725939172,2.4442337354706494,4.638097236892445,16.70818950905097,36.021338682156056,True,
egohumans,ego_test_volleyball_001_volleyball_extreme_cam02_cam09_b00301,r0,,001_volleyball,extreme,179.59006809320533,4,ok,405.24617656138616,342.2943488639953,189.62082656225215,231.4567236860049,176.33806364666103,6.518468527158977,9.485809482420814,9.485809482420814,0.17994858611825193,0.21,7.0,18.993256188315563,179.7368572375107,1.7459917083327359,7.787830271294917,,18.99317153435699,179.736409047186,0.0,True,
egohumans,ego_test_volleyball_001_volleyball_extreme_cam02_cam09_b00301,r1,,001_volleyball,extreme,179.59006809320533,4,ok,405.2461764547486,342.29434861621564,189.6208265988843,231.45672399740133,176.33806421028672,0.04810438881017613,8.341356662604452,8.341356662604452,0.17994858611825193,0.21,7.0,18.248685422525163,179.7368572375107,1.579426266933759,6.855063799460647,,18.28002395225373,179.736409047186,0.013384013902395964,True,
egohumans,ego_test_volleyball_001_volleyball_extreme_cam02_cam09_b00301,r2,,001_volleyball,extreme,179.59006809320533,4,ransac_failed,405.24617656138616,342.2943488639953,189.62082656225215,231.4567236860049,176.33806364666103,6.518468527158977,9.485809482420814,9.485809482420814,0.17994858611825193,0.21,7.0,18.993256188315563,179.7368572375107,1.7459917083327359,7.787830271294917,,18.99317153435699,179.736409047186,0.10441031609661877,True,
egohumans,ego_test_volleyball_001_volleyball_extreme_cam02_cam09_b00301,r3,,001_volleyball,extreme,179.59006809320533,4,icp_failed,405.24617656138616,342.2943488639953,189.62082656225215,231.4567236860049,176.33806364666103,6.518468527158977,9.485809482420814,9.485809482420814,0.17994858611825193,0.21,7.0,18.993256188315563,179.7368572375107,1.7459917083327359,7.787830271294917,,18.99317153435699,179.736409047186,14.81324172904715,True,
egohumans,ego_test_volleyball_001_volleyball_small_cam11_cam12_b00301,r0,,001_volleyball,small,18.67923355873031,4,ok,1017.7840015652534,484.91389952248215,126.23977866616671,154.0345884340643,199.66874256465866,1.7642177937036876,2.3404529522602586,2.3404529522602586,0.045454545454545456,0.0625,1.0,4.694926003502903,18.78358779261711,2.170814426511655,3.16680878269527,,4.694259294186033,18.78358509373496,0.0,True,
egohumans,ego_test_volleyball_001_volleyball_small_cam11_cam12_b00301,r1,,001_volleyball,small,18.67923355873031,4,ok,854.0378807912507,457.14506897160214,126.23977825273494,154.03459129935914,199.6687435068687,0.0253434645109047,2.0252324501095282,2.0252324501095282,0.045454545454545456,0.0625,1.0,4.227541489324304,18.78358779261711,1.7930215615544876,2.440284042393025,,4.076973272760464,18.78358509373496,0.005274432012811303,True,
egohumans,ego_test_volleyball_001_volleyball_small_cam11_cam12_b00301,r2,,001_volleyball,small,18.67923355873031,4,ok,788.6964343246545,389.03497166124987,126.23976872181468,154.0345814492108,199.6649777360512,0.014558954105217223,1.789507012601351,1.789507012601351,0.045454545454545456,0.0625,1.0,4.848918447275251,27.983817400920636,1.6141253844242667,2.0962529325272157,,4.498732880024206,27.983815591035302,0.10590452002361417,True,
egohumans,ego_test_volleyball_001_volleyball_small_cam11_cam12_b00301,r3,,001_volleyball,small,18.67923355873031,4,ok,1124.1211923983951,382.8570901401589,126.23976843077297,154.0345915042787,199.63994343321446,0.01682774138596844,1.8643515135487303,1.8643515135487303,0.045454545454545456,0.0625,1.0,3.5575262789980577,19.073593276509154,1.6811917224317243,2.2252266594646346,,3.591381269208678,19.07359061870844,11.390846358146518,True,
egohumans,ego_test_volleyball_002_volleyball_extreme_cam09_cam02_b00301,r0,,002_volleyball,extreme,179.59006809320533,4,ok,952.7403593816193,370.0890518266198,220.21233797455022,258.4190070409716,377.50402519773434,7.601164789156445,9.48740694410448,9.48740694410448,0.15074024226110364,0.2075,6.0,18.984427940860968,179.84358770217,4.369211028380776,9.994319022378328,,18.987054118944748,179.84407262394546,0.0,True,
egohumans,ego_test_volleyball_002_volleyball_extreme_cam09_cam02_b00301,r1,,002_volleyball,extreme,179.59006809320533,4,ok,952.7403576684712,370.08905133484285,220.2123426488226,258.4190112977479,377.50402593502025,0.035031065452873315,7.7214509558135855,7.7214509558135855,0.15881561238223418,0.2075,6.0,21.800771868360115,179.84358770217,4.750766513537143,11.049955864644282,,21.62107662766958,179.84407262394546,0.010508366860449314,True,
egohumans,ego_test_volleyball_002_volleyball_extreme_cam09_cam02_b00301,r2,,002_volleyball,extreme,179.59006809320533,4,ransac_failed,952.7403593816193,370.0890518266198,220.21233797455022,258.4190070409716,377.50402519773434,7.601164789156445,9.48740694410448,9.48740694410448,0.15074024226110364,0.2075,6.0,18.984427940860968,179.84358770217,4.369211028380776,9.994319022378328,,18.987054118944748,179.84407262394546,0.11833369103260338,True,
egohumans,ego_test_volleyball_002_volleyball_extreme_cam09_cam02_b00301,r3,,002_volleyball,extreme,179.59006809320533,4,icp_failed,952.7403593816193,370.0890518266198,220.21233797455022,258.4190070409716,377.50402519773434,7.601164789156445,9.48740694410448,9.48740694410448,0.15074024226110364,0.2075,6.0,18.984427940860968,179.84358770217,4.369211028380776,9.994319022378328,,18.987054118944748,179.84407262394546,16.34141190093942,True,
egohumans,ego_test_volleyball_002_volleyball_medium_cam06_cam12_b00301,r0,,002_volleyball,medium,86.1109810584275,4,ok,557.6901054618721,319.16007624385406,102.98424555168499,114.61029884157139,117.77332607711693,4.056636900402025,4.920164244030001,4.920164244030001,0.30193548387096775,0.2975,3.0,9.84304208678714,86.33749152773674,1.8040552536093677,7.206500036177302,,9.845382283499202,86.3374912785135,0.0,True,
egohumans,ego_test_volleyball_002_volleyball_medium_cam06_cam12_b00301,r1,,002_volleyball,medium,86.1109810584275,4,ok,548.3489224791324,289.4084898642676,102.98424473156341,114.61029763299163,117.77332614410592,0.028013879349591826,4.202662894710687,4.202662894710687,0.24516129032258063,0.2975,3.0,11.356518140623363,86.33749152773674,2.103953418600447,8.758147063739846,,10.931049282555149,86.3374912785135,0.005717639112845063,True,
egohumans,ego_test_volleyball_002_volleyball_medium_cam06_cam12_b00301,r2,,002_volleyball,medium,86.1109810584275,4,ransac_failed,557.6901054618721,319.16007624385406,102.98424555168499,114.61029884157139,117.77332607711693,4.056636900402025,4.920164244030001,4.920164244030001,0.30193548387096775,0.2975,3.0,9.84304208678714,86.33749152773674,1.8040552536093677,7.206500036177302,,9.845382283499202,86.3374912785135,0.10825841897167265,True,
egohumans,ego_test_volleyball_002_volleyball_medium_cam06_cam12_b00301,r3,,002_volleyball,medium,86.1109810584275,4,ok,559.5544455675747,327.5946965578507,102.98424683278552,114.61030008740023,117.7733284547025,0.10638580862981678,4.7329337710540305,4.7329337710540305,0.30193548387096775,0.2975,3.0,10.181649913851576,80.42876757111749,1.735646411468942,6.8525586355377115,,10.287101871547698,80.42876740878499,12.77165561588481,True,
egohumans,ego_test_volleyball_002_volleyball_small_cam11_cam12_b00301,r0,,002_volleyball,small,18.67923355873031,4,ok,1134.8698067239525,421.05015137040976,83.50679196613252,98.62171265302756,193.9335531434288,2.235716092409396,2.3411235767599003,2.3411235767599003,0.3141524105754277,0.28055555555555556,0.0,4.702849340814078,19.09210690187984,1.4612413623842884,4.463189814602057,4.9260865050059115,4.699934071678613,19.09210592383457,0.0,True,
egohumans,ego_test_volleyball_002_volleyball_small_cam11_cam12_b00301,r1,,002_volleyball,small,18.67923355873031,4,ok,1277.4144881364566,436.13946753864997,83.50678936191578,98.62171129567832,213.43897843713364,0.025064733156129605,1.7370615646793135,1.7370615646793135,0.3141524105754277,0.28055555555555556,0.0,5.168896712030931,19.09210690187984,1.7547931933537133,5.7522652462504,6.282574962707918,5.441182131583768,19.09210592383457,0.004082908853888512,True,
egohumans,ego_test_volleyball_002_volleyball_small_cam11_cam12_b00301,r2,,002_volleyball,small,18.67923355873031,4,ok,699.9530396300122,248.99637903983424,83.50679446899461,98.62171525443753,130.82477300112654,0.007817233140525686,0.3999783479678327,0.3999783479678327,0.3141524105754277,0.28055555555555556,0.0,1.3182237260384104,10.365926719007277,0.5942051866934835,0.6557700865685225,0.01991497122172065,1.7958390622050184,10.365925285022046,0.0974275169428438,True,
egohumans,ego_test_volleyball_002_volleyball_small_cam11_cam12_b00301,r3,,002_volleyball,small,18.67923355873031,4,icp_failed,1134.8698067239525,421.05015137040976,83.50679196613252,98.62171265302756,193.9335531434288,2.235716092409396,2.3411235767599003,2.3411235767599003,0.3141524105754277,0.28055555555555556,0.0,4.702849340814078,19.09210690187984,1.4612413623842884,4.463189814602057,4.9260865050059115,4.699934071678613,19.09210592383457,20.802906109951437,True,
egohumans,ego_test_volleyball_004_volleyball_extreme_cam02_cam09_b00301,r0,,004_volleyball,extreme,179.59006809320533,4,ok,834.3914167112962,540.3665652568649,197.5279891742877,239.96303013969117,451.77456159620726,6.472326934873657,9.486390005018064,9.486390005018064,0.03857566765578635,0.0525,6.0,18.99508815353646,179.72982964496828,3.847814443330621,7.280999511320954,,18.994478863278353,179.7298676017527,0.0,True,
egohumans,ego_test_volleyball_004_volleyball_extreme_cam02_cam09_b00301,r1,,004_volleyball,extreme,179.59006809320533,4,ok,834.3914202061694,540.3665681895428,197.52798192832051,239.96301751939626,451.7745614260979,0.14942688226145898,9.140635820641911,9.140635820641911,0.03857566765578635,0.0525,6.0,19.33210231121925,179.72982964496828,3.958297332873594,7.513013579361197,,19.426288145642356,179.7298676017527,0.010335633996874094,True,
egohumans,ego_test_volleyball_004_volleyball_extreme_cam02_cam09_b00301,r2,,004_volleyball,extreme,179.59006809320533,4,ransac_failed,834.3914167112962,540.3665652568649,197.5279891742877,239.96303013969117,451.77456159620726,6.472326934873657,9.486390005018064,9.486390005018064,0.03857566765578635,0.0525,6.0,18.99508815353646,179.72982964496828,3.847814443330621,7.280999511320954,,18.994478863278353,179.7298676017527,0.10961734689772129,True,
egohumans,ego_test_volleyball_004_volleyball_extreme_cam02_cam09_b00301,r3,,004_volleyball,extreme,179.59006809320533,4,icp_failed,834.3914167112962,540.3665652568649,197.5279891742877,239.96303013969117,451.77456159620726,6.472326934873657,9.486390005018064,9.486390005018064,0.03857566765578635,0.0525,6.0,18.99508815353646,179.72982964496828,3.847814443330621,7.280999511320954,,18.994478863278353,179.7298676017527,11.728509824024513,True,
egohumans,ego_test_volleyball_004_volleyball_medium_cam12_cam06_b00301,r0,,004_volleyball,medium,86.1109810584275,4,ok,1038.2237080990833,695.3821054288119,139.17724419770875,169.1223697505314,225.33340355258014,1.8961113804306928,4.917437185575317,4.917437185575317,0.12571428571428572,0.175,2.0,9.854298666427269,86.4428544601845,1.4265373160239425,2.0635386486363254,,9.854361682864166,86.44285343479754,0.0,True,
egohumans,ego_test_volleyball_004_volleyball_medium_cam12_cam06_b00301,r1,,004_volleyball,medium,86.1109810584275,4,ok,863.8509453452497,667.4334198721033,139.17724137063942,169.1223619609589,225.3333977454979,0.02410992795925842,4.45101370219547,4.45101370219547,0.12285714285714286,0.175,2.0,9.178571692108747,86.4428544601845,1.2468069171503937,1.6297066513553464,,9.13010061595643,86.44285343479754,0.008782858029007912,True,
egohumans,ego_test_volleyball_004_volleyball_medium_cam12_cam06_b00301,r2,,004_volleyball,medium,86.1109810584275,4,ok,507.76402662298653,383.23081661666714,139.17724694939793,169.12237081739752,223.6073626131555,0.0031092360419471255,1.2657766119332892,1.2657766119332892,0.12285714285714286,0.175,2.0,2.6003264218850815,8.166880894159135,0.8732244852410604,0.727955953643163,,2.7446987856406695,8.166893798303507,0.11956249014474452,True,
egohumans,ego_test_volleyball_004_volleyball_medium_cam12_cam06_b00301,r3,,004_volleyball,medium,86.1109810584275,4,ok,1608.3756968559965,710.1525126026429,139.17724311733988,169.1223607551357,225.75195774335575,0.010103386768398363,3.797403923944167,3.797403923944167,0.12571428571428572,0.175,2.0,12.061933261469571,96.28282432749755,2.026017534859664,3.5105598665156528,,12.081333033210194,96.28282276480695,18.237627072026953,True,
egohumans,ego_test_volleyball_004_volleyball_small_cam11_cam12_b00301,r0,,004_volleyball,small,18.67923355873031,4,ok,734.855202179301,402.7909657421779,87.53036877651265,104.7029606473037,221.8393760265973,1.7260617783608503,2.33952645685122,2.33952645685122,0.32907801418439714,0.3075,1.0,4.696375270598712,18.479557127303192,1.654679208368193,3.340387571023834,2.679372466760444,4.69734548876203,18.479555271354393,0.0,True,
egohumans,ego_test_volleyball_004_volleyball_small_cam11_cam12_b00301,r1,,004_volleyball,small,18.67923355873031,4,ok,634.8494868323268,282.7545545114677,87.53037102999562,104.70296421967808,185.72273054291716,0.010554463933557754,1.4381450374721032,1.4381450374721032,0.32907801418439714,0.3075,1.0,2.9870978072662195,18.479557127303192,1.4168709909906898,2.4263122354790556,0.8794275425089585,3.4559243301396263,18.479555271354393,0.006925105815753341,True,
egohumans,ego_test_volleyball_004_volleyball_small_cam11_cam12_b00301,r2,,004_volleyball,small,18.67923355873031,4,ok,645.0511239020901,308.839960901064,87.53036445237689,104.70295790797033,196.46325183349728,0.004799245603926138,0.352507660973613,0.352507660973613,0.32907801418439714,0.3075,1.0,2.458650279831929,16.49913385643661,1.4496255982718704,2.5522127572160946,1.3494555426525479,1.150234990321092,16.499131699055805,0.13621423300355673,True,
egohumans,ego_test_volleyball_004_volleyball_small_cam11_cam12_b00301,r3,,004_volleyball,small,18.67923355873031,4,icp_failed,734.855202179301,402.7909657421779,87.53036877651265,104.7029606473037,221.8393760265973,1.7260617783608503,2.33952645685122,2.33952645685122,0.32907801418439714,0.3075,1.0,4.696375270598712,18.479557127303192,1.654679208368193,3.340387571023834,2.679372466760444,4.69734548876203,18.479555271354393,17.240398018155247,True,
egohumans,ego_test_badminton_001_badminton_large_cam11_cam15_b00301,shot3r,,001_badminton,large,129.11100777070405,4,streaming,535.4704202585372,256.55276747433885,128.7614879507564,157.9526792770927,71.2434872532768,0.005906784669839068,1.8257362953905079,1.8257362953905079,0.3411458333333333,0.35,1.0,6.688091253105972,32.60478888920125,1.067567676702127,4.593381249286401,,7.690686761039467,4.608548232618502,,True,
egohumans,ego_test_badminton_001_badminton_medium_cam02_cam15_b00301,shot3r,,001_badminton,medium,84.89051940767783,4,streaming,732.3562156612683,523.6051092569488,86.05117981835238,101.21739452409005,93.16729779501463,0.008347847986592823,1.8296997155082773,1.8296997155082773,0.2813299232736573,0.275,0.0,1.0229679756870445,10.55847582375147,0.6255549191961919,1.4391055332180185,1.4507124428890654,1.6241470927216624,4.583473452234804,,True,
egohumans,ego_test_badminton_001_badminton_small_cam06_cam02_b00301,shot3r,,001_badminton,small,26.643837491418292,4,streaming,593.7962772202711,361.4164044203664,80.50925712674233,95.90407594170759,85.71075073411346,0.011911524999848601,1.4731004976223334,1.4731004976223334,0.32891832229580575,0.385,5.0,2.6203891632572414,4.503992829855078,1.052641624283295,2.3765967592534727,1.2678543083518121,2.366536729301102,1.5704936216047858,,True,
egohumans,ego_test_badminton_005_badminton_extreme_cam13_cam01_b00326,shot3r,,005_badminton,extreme,179.07621644799116,4,streaming,601.6787954761049,216.19585619430353,136.2873523540264,179.5876110213901,82.27129698289353,0.01394007682394244,3.620373055397558,3.620373055397558,0.22439024390243903,0.1825,2.0,10.020186762584014,65.35816604188511,2.035065467937032,7.414833063368813,,10.627239856037324,35.842211786747804,,True,
egohumans,ego_test_badminton_005_badminton_large_cam11_cam15_b00326,shot3r,,005_badminton,large,129.11100777070405,4,streaming,600.8518121616036,254.22032664376945,83.70067098389775,102.71869487025924,66.1534040208248,0.007646428068707383,1.485587888340152,1.485587888340152,0.3830409356725146,0.3575,2.0,7.068386371136375,33.114864923653904,1.467026067952837,4.878232612307457,,7.495929307279813,3.8092298785547185,,True,
egohumans,ego_test_badminton_005_badminton_medium_cam02_cam15_b00326,shot3r,,005_badminton,medium,84.89051940767783,4,streaming,1299.1856296899298,295.20536102812497,84.25186396808584,103.1286739763004,308.40605404699244,0.008257978571537346,1.8190764067840723,1.8190764067840723,0.23862238622386223,0.27,9.0,8.573076416482204,104.57460728447126,1.6397931453255041,2.079933405412369,1.4284473497843138,11.02084251154235,4.196967446548531,,True,
egohumans,ego_test_badminton_005_badminton_small_cam02_cam06_b00326,shot3r,,005_badminton,small,26.643837491418292,4,streaming,1384.8894871607238,762.9340413724382,86.70234906135298,105.02400963047269,332.0529874487461,0.01066864662989988,1.6508704331785582,1.6508704331785582,0.3162684869169511,0.37,12.0,6.112976979984406,99.00361526114759,1.7434321715954897,3.399031348975274,1.229438701779298,6.6380398535490075,1.8634687318317578,,True,
egohumans,ego_test_basketball_001_basketball_extreme_cam05_cam04_b00301,shot3r,,001_basketball,extreme,175.7926702306491,4,streaming,4192.81838547296,668.4144338354854,84.03621787365128,99.71093008873446,192.2242610848389,0.11762440164081955,5.752556287304555,5.752556287304555,0.6854219948849105,0.6725,2.0,14.728486331965158,70.74977733298465,3.1238474967990646,11.629904106101632,9.10122715241968,12.492806042452708,67.81361840228735,,True,
egohumans,ego_test_basketball_001_basketball_large_cam05_cam01_b00301,shot3r,,001_basketball,large,135.63601485679797,4,streaming,4445.567915013742,758.9496375787634,86.93471528455525,104.57233233897439,252.29469472473846,0.06480025077209946,3.6964222743739445,3.6964222743739445,0.5433962264150943,0.8575,5.0,14.294497312525163,101.91797844053286,2.9752343881302257,9.49371561716056,7.82107982358891,13.595526605008143,99.10940745088762,,True,
egohumans,ego_test_basketball_001_basketball_medium_cam01_cam03_b00301,shot3r,,001_basketball,medium,89.37582102596456,4,streaming,1652.0728905051756,556.3530949896406,95.88339668967674,112.20934647340508,149.2875572438839,0.07836445861442787,1.7464334224700917,1.7464334224700917,0.7400768245838668,0.93,2.0,5.4171416213671515,16.084834535221642,1.731483902147808,3.493957286340916,3.0790788875727966,3.22478960312568,17.92845942823788,,True,
egohumans,ego_test_basketball_001_basketball_small_cam06_cam03_b00301,shot3r,,001_basketball,small,46.97895939215392,4,streaming,1669.1160985644049,365.6772102890635,97.00826913707142,112.26845390360582,172.29277407088597,0.055313531556547675,0.27790796321696637,0.27790796321696637,0.6344827586206897,0.795,5.0,1.886737358748468,2.4392621398983003,1.1559103300601168,1.0460024969028958,0.7681878676253715,0.6450010402874858,4.7483619698638035,,True,
egohumans,ego_test_basketball_002_basketball_extreme_cam04_cam05_b00301,shot3r,,002_basketball,extreme,175.7926702306491,4,streaming,658.83737232641,387.2044022842588,148.17423165925288,178.53804381699896,104.73292329283147,0.16290506170117167,7.125425140232705,7.125425140232705,0.24355300859598855,0.225,4.0,9.955374171093588,71.91955679023525,7.590345732421852,1.8838945654959869,,17.564861317103546,101.80030109337564,,True,
egohumans,ego_test_basketball_002_basketball_large_cam01_cam05_b00301,shot3r,,002_basketball,large,135.63601485679797,4,streaming,570.0488420131691,297.6020182180206,103.01877856461711,121.52999442220263,157.5278900013525,0.08043472516277729,4.857183122123038,4.857183122123038,0.49927849927849927,0.46,5.0,10.830922677706345,41.45965458035321,0.9522014315244057,5.956881449580851,,9.9894094048646,42.482476368348365,,True,
egohumans,ego_test_basketball_002_basketball_medium_cam03_cam01_b00301,shot3r,,002_basketball,medium,89.37582102596456,4,streaming,868.9773394557984,402.2964797847362,94.90072245159207,110.5932733764007,168.8820376043878,0.07547288795786351,0.29075071401917224,0.29075071401917224,0.7184713375796178,0.7275,3.0,1.5232434882488686,7.1281231904175435,1.4276403751874864,0.8351407227607057,0.569821751524678,0.9967029776108168,12.2058434235856,,True,
egohumans,ego_test_basketball_002_basketball_small_cam06_cam03_b00301,shot3r,,002_basketball,small,46.97895939215392,4,streaming,1121.8259551666943,444.0609319204795,118.42625932910653,137.51644803914445,230.15504296264018,0.07062256842946858,0.1290829938666348,0.1290829938666348,0.6151560178306092,0.5475,3.0,8.310144912169859,35.16191776289604,3.9761626207671186,2.4426476636344687,1.0337592306369068,4.6821028707876025,3.470587984502843,,True,
egohumans,ego_test_basketball_003_basketball_medium_cam03_cam01_b00286,shot3r,,003_basketball,medium,89.37582102596456,4,streaming,1248.0640728392111,703.2958685502523,151.48759973322962,188.8901666975773,325.58033323113597,0.09584144296820668,2.187972484533649,2.187972484533649,0.2146341463414634,0.195,5.0,8.9643914584439,34.02640728598232,1.8073797504021623,2.0641253078992405,,6.240137904537862,14.460579613318346,,True,
egohumans,ego_test_basketball_003_basketball_small_cam03_cam06_b00286,shot3r,,003_basketball,small,46.97895939215392,4,streaming,758.989244991846,354.36960875209286,129.01810205025083,156.3584570265069,205.15037438557692,0.07360523822109064,0.3650625596320496,0.3650625596320496,0.1761467889908257,0.15,1.0,6.712461959778243,22.90647955829813,1.736303401240776,1.4217475000513442,1.6152326639472936,3.249014318476346,3.1321739951977627,,True,
egohumans,ego_test_fencing_001_fencing_extreme_cam10_cam07_b00301,shot3r,,001_fencing,extreme,179.63049026315505,3,streaming,859.4819773853409,249.0007592080875,123.02288322039955,142.97766837317036,215.6266282097379,0.07906412543711477,2.2003856093438627,2.2003856093438627,0.5130890052356021,0.53,7.0,6.696590826573028,98.20170811044473,0.9099011197624898,3.7539429613640345,2.1771033932101056,4.916461246439537,109.28675054357834,,True,
egohumans,ego_test_fencing_001_fencing_large_cam14_cam03_b00301,shot3r,,001_fencing,large,124.72057936413194,3,streaming,278.54527673710123,155.42034810316858,107.75418414393789,119.64513239180923,61.664896842063676,0.015470199294858713,0.6885151698216262,0.6885151698216262,0.47285464098073554,0.45,0.0,1.2060842722367575,18.87449800273314,0.8472741468209101,1.2902503843613806,,2.7657307774554676,16.63888383892743,,True,
egohumans,ego_test_fencing_001_fencing_medium_cam13_cam10_b00301,shot3r,,001_fencing,medium,78.5930968243489,3,streaming,483.7742703406071,214.61916247638206,102.93803491106488,110.89046522846408,77.54493579878613,0.025119219142213812,0.12177774560459767,0.12177774560459767,0.6276150627615062,0.6090225563909775,1.0,0.8028673334922105,4.516851996297407,0.31158876576935507,0.6588992675091692,0.6691584885864734,0.652206467782506,6.14789162120316,,True,
egohumans,ego_test_fencing_001_fencing_small_cam15_cam04_b00301,shot3r,,001_fencing,small,32.80413490444774,3,streaming,1039.116254901291,396.01763496915976,200.56870728705172,232.28673160276338,134.25092423215295,0.03459717800329569,0.242572523598446,0.242572523598446,0.49884526558891457,0.975,2.0,2.4340515287569944,27.225867704866456,1.8624843717864255,0.9160528351735642,0.1779323736939407,0.9728761744114098,3.3557566088407085,,True,
egohumans,ego_test_fencing_002_fencing_extreme_cam10_cam07_b00301,shot3r,,002_fencing,extreme,179.63049026315505,3,streaming,797.5151819892197,160.36632891767556,101.00302309248613,118.12396458298024,69.95471500248466,0.0107669901778686,1.5915054598325153,1.5915054598325153,0.3967935871743487,0.396,0.0,6.722521388922332,97.9843295840728,0.24459774912241225,,,6.774801699437159,92.61432558174452,,True,
egohumans,ego_test_fencing_002_fencing_large_cam11_cam12_b00301,shot3r,,002_fencing,large,127.00912657201151,3,streaming,554.2505793489948,231.1709391608072,105.17450229203705,117.4045247628666,89.47148904517083,0.01872894670538397,0.7500215298593004,0.7500215298593004,0.9791666666666666,0.9591836734693877,0.0,0.6124234156029026,9.150966667462976,0.26365084046687176,0.31446669969239516,0.5672325317240581,0.9519804533267222,11.115437333425414,,True,
egohumans,ego_test_fencing_002_fencing_medium_cam01_cam08_b00301,shot3r,,002_fencing,medium,80.24555273385398,3,streaming,806.8049646416569,459.8810266754529,104.51803132459344,113.49784052510427,193.40262337925566,0.015263861920953596,0.7377582027230004,0.7377582027230004,0.4364820846905538,0.44666666666666666,0.0,2.1685481149734405,5.155119271007942,1.0646078093186053,1.3676032879938245,0.45317390230104343,1.9038303769233027,3.0639685966266508,,True,
egohumans,ego_test_fencing_002_fencing_small_cam03_cam13_b00301,shot3r,,002_fencing,small,26.478785574919005,3,streaming,445.72893714950254,209.38595337844941,110.77158206641484,124.8963643917456,127.19886551967139,0.012789393731625449,0.23479807959517732,0.23479807959517732,0.671280276816609,0.6533333333333333,4.0,0.5852036167070185,7.334632519683245,0.4478500681200875,0.41037021857642875,0.22961290810693755,0.4603642749079671,1.8721927006331645,,True,
egohumans,ego_test_fencing_003_fencing_extreme_cam10_cam07_b00301,shot3r,,003_fencing,extreme,179.63049026315505,3,streaming,2109.394353219131,366.5401140976101,101.13926848837303,115.95364039943767,137.70302703987883,0.029494987368258518,0.07615109088446649,0.07615109088446649,0.26181818181818184,0.288,0.0,1.3372406006762072,20.85697211470534,1.8987307947720389,3.996217108973968,1.8043514094011754,1.8766183751015775,6.378175831072736,,True,
egohumans,ego_test_fencing_003_fencing_large_cam11_cam12_b00301,shot3r,,003_fencing,large,127.00912657201151,3,streaming,331.0393094392293,213.58774178355418,96.9035115863845,111.28605122405077,76.9893413248187,0.018687770301891567,0.688227206075405,0.688227206075405,0.963855421686747,1.0,0.0,0.4179123463281023,8.484035183588093,0.32969981515272506,0.4434855372756578,0.5475505134132663,1.0465758729568622,6.904894245532144,,True,
egohumans,ego_test_fencing_003_fencing_medium_cam08_cam01_b00301,shot3r,,003_fencing,medium,80.24555273385398,3,streaming,804.5689296160338,428.24499370009596,147.15151402446932,169.3743486893,338.6574445794877,0.015908543505934437,0.07462284785171011,0.07462284785171011,0.34615384615384615,0.5,16.0,1.8735172568514769,10.980883613413438,1.439724232193223,1.066638291810504,0.9196250381674431,3.1699321674392698,7.222047709589901,,True,
egohumans,ego_test_fencing_003_fencing_small_cam13_cam03_b00301,shot3r,,003_fencing,small,26.478785574919005,3,streaming,514.2483251236002,254.91634255244108,130.32034511304082,152.1631512902675,88.55343963126012,0.00805476474907034,0.21067309532258455,0.21067309532258455,0.671280276816609,0.69,9.0,3.583813810163976,59.80671648288846,4.705949950149318,3.0426380797870505,0.3619417792029243,1.2524788342428228,1.6201801663186428,,True,
egohumans,ego_test_legoassemble_002_legoassemble_extreme_cam04_cam03_b00226,shot3r,,002_legoassemble,extreme,176.74916252624004,3,streaming,288.44191418822305,219.18680853281938,119.37617282718293,137.45746468780854,63.484821448409704,0.006626577734770818,0.10909004986799412,0.10909004986799412,0.93048128342246,0.87,0.0,0.43749349282839073,10.936769887758507,0.3491687570871906,0.48753340841947246,0.3778581087226205,0.7296487529350364,4.660114785489812,,True,
egohumans,ego_test_legoassemble_002_legoassemble_large_cam01_cam05_b00226,shot3r,,002_legoassemble,large,137.15383521381244,3,streaming,328.32292271331403,192.24818399922012,137.8071492243683,150.39677783570227,54.45258674412485,0.014421604404115855,0.050041097171654524,0.050041097171654524,0.8539325842696629,0.78,1.0,0.4754766368894248,6.927729920412276,0.2883225321756141,0.34250228853709436,0.24524385248145197,0.4421982885142288,5.482127184323991,,True,
egohumans,ego_test_legoassemble_002_legoassemble_medium_cam07_cam05_b00226,shot3r,,002_legoassemble,medium,88.19512876534553,3,streaming,238.68661062511646,149.27425282044788,120.41193670593282,133.76126153064973,61.511097087001446,0.007649375631008615,0.040818897781172356,0.040818897781172356,0.9565217391304348,0.9166666666666666,0.0,0.39104830504586824,6.2679117893983225,0.278139204936773,0.29088369239496886,0.2210381591359919,0.6482467343164651,1.9313614691321137,,True,
egohumans,ego_test_legoassemble_002_legoassemble_small_cam03_cam05_b00226,shot3r,,002_legoassemble,small,37.71896481875086,3,streaming,254.59470408444514,163.00575544896134,122.72578475184554,134.56426566961855,58.665738035158434,0.009746075044404855,0.02311201956546218,0.02311201956546218,0.998330550918197,0.9966666666666667,0.0,0.973868681652799,11.77558577463448,0.5805701222106863,0.39436012341333043,0.20967410037218107,0.5162308613658768,3.026438279298064,,True,
egohumans,ego_test_legoassemble_003_legoassemble_extreme_cam03_cam04_b00301,shot3r,,003_legoassemble,extreme,176.74916252624004,3,streaming,336.9851629879754,182.10607037477598,105.3498568285917,123.3704276995395,57.07817065945284,0.01048273418548448,0.06830152726770782,0.06830152726770782,0.951048951048951,0.9066666666666666,0.0,0.21934358667827952,1.7909323067977339,0.41083660629764873,0.3879316936040909,0.26297309683906583,0.5619401393000627,0.933293042517334,,True,
egohumans,ego_test_legoassemble_003_legoassemble_large_cam05_cam01_b00301,shot3r,,003_legoassemble,large,137.15383521381244,3,streaming,570.9414766180378,310.4410522454013,122.95892770080113,145.50056611909756,62.96225472972114,0.012634876699243387,0.30633597375316685,0.30633597375316685,0.6761061946902654,0.8833333333333333,2.0,0.8095800933916902,14.341477344404884,0.38634361784422505,1.0761790828020308,0.565830520636989,0.7231697778939077,10.962337306261357,,True,
egohumans,ego_test_legoassemble_003_legoassemble_medium_cam05_cam07_b00301,shot3r,,003_legoassemble,medium,88.19512876534553,3,streaming,281.3574866823136,161.79592978627215,108.08336752056974,130.96958566423126,64.93184161092266,0.0065684757759592325,0.01688065115539054,0.01688065115539054,0.8488964346349746,0.9633333333333334,1.0,0.461277674820523,6.718611318434914,0.3609662173415186,0.41748195202050453,0.48542666090496206,0.3499901990971464,2.421195199005067,,True,
egohumans,ego_test_legoassemble_003_legoassemble_small_cam05_cam03_b00301,shot3r,,003_legoassemble,small,37.71896481875086,3,streaming,546.9581771006501,309.69819863919497,108.55269924541197,129.02779133887515,57.70099882618255,0.017887743948135824,0.26456407707597146,0.26456407707597146,0.6712095400340715,0.9533333333333334,2.0,0.9585618561867103,4.827520217345494,0.34464943457978275,0.9251127249896179,0.7561565712886392,0.5215463724651636,3.5091296385256308,,True,
egohumans,ego_test_legoassemble_004_legoassemble_extreme_cam03_cam04_b00301,shot3r,,004_legoassemble,extreme,176.74916252624004,3,streaming,287.5418842799817,192.10244504275374,99.58180696654368,118.41922690251391,56.506943446670604,0.009149991516808264,0.047313412798166955,0.047313412798166955,1.0,1.0,0.0,0.32873332271068256,2.336666188451075,0.38989295578745226,0.4411546471962045,0.32092055871217046,0.3092481809028527,4.5463079468073,,True,
egohumans,ego_test_legoassemble_004_legoassemble_large_cam05_cam01_b00301,shot3r,,004_legoassemble,large,137.15383521381244,3,streaming,215.14208601676197,157.27325563056613,119.30813271553633,143.52351107486032,63.15191451044745,0.0044129960809561304,0.11570147333878726,0.11570147333878726,0.9201520912547528,0.852112676056338,0.0,0.5917667604180902,2.003061226135384,0.6578724130829651,0.27069358120160714,0.4365996553505205,0.853755442915884,7.811941551823969,,True,
egohumans,ego_test_legoassemble_004_legoassemble_medium_cam07_cam05_b00301,shot3r,,004_legoassemble,medium,88.19512876534553,3,streaming,329.3787152132629,222.01296688948136,120.6620534962945,147.24365745380672,54.82803429074504,0.007706792242327843,0.023679184075285763,0.023679184075285763,0.9323843416370107,0.8733333333333333,0.0,0.8129355216497435,11.324979175218616,0.3167806389714157,0.5321466151435614,0.461244588426317,0.6929310466181973,1.7117192663103176,,True,
egohumans,ego_test_legoassemble_004_legoassemble_small_cam03_cam05_b00301,shot3r,,004_legoassemble,small,37.71896481875086,3,streaming,207.0631522480638,162.1385302134842,109.43101118122065,131.33924385200075,52.65646913782386,0.008888799112530252,0.012975413906962652,0.012975413906962652,1.0,1.0,0.0,0.5472864550752499,1.577383400816676,0.46481168091513403,0.30945163691952066,0.31973697610484003,0.190397540768994,2.4276373800780497,,True,
egohumans,ego_test_tagging_002_tagging_extreme_cam06_cam05_b00111,shot3r,,002_tagging,extreme,168.44062341745672,4,streaming,1371.6997063445444,371.3381848502073,100.7144460481762,117.22290242389717,88.84790204195892,0.030453812439442104,0.7827274427231663,0.7827274427231663,0.9116022099447514,0.8783068783068783,4.0,3.480144863445676,7.291322196195309,1.1145421509186062,1.953608999400709,0.5621101184048906,2.232635409974966,6.376608169849273,,True,
egohumans,ego_test_tagging_002_tagging_large_cam07_cam08_b00111,shot3r,,002_tagging,large,133.24529135600875,4,streaming,631.8607271470788,286.10197831461636,105.45064790760094,122.1860454631131,83.14426517653087,0.02433981561785743,0.6052647307488388,0.6052647307488388,0.7602523659305994,0.7909604519774012,2.0,1.3372614298663466,11.88518423792237,0.3814840763531685,0.7241561654036505,1.000333321871407,1.1422120964413423,19.064365399517012,,True,
egohumans,ego_test_tagging_002_tagging_medium_cam02_cam04_b00111,shot3r,,002_tagging,medium,84.48502099585055,4,streaming,702.9917977190596,355.59365001528016,102.30263806062835,121.25475153270808,139.3258020664408,0.03300706881642161,1.4929372582835214,1.4929372582835214,0.9530026109660574,0.915,2.0,2.7551132310469435,31.49269458227326,0.43997562207515717,1.3897286116922658,1.5397869791968897,2.451343667001714,30.27390837231371,,True,
egohumans,ego_test_tagging_002_tagging_small_cam02_cam06_b00111,shot3r,,002_tagging,small,42.21388742145035,4,streaming,572.4633834016911,368.4920815294855,110.58958490000434,131.06583782025956,114.02324358128095,0.05029327638262295,0.5630825460673247,0.5630825460673247,0.8946648426812586,0.8618925831202046,3.0,2.1508233399154655,1.4887425598751087,0.6682479460957027,1.2372059707291367,0.30204721170277493,1.8449418584413613,1.7911030381664803,,True,
egohumans,ego_test_tagging_003_tagging_extreme_cam05_cam06_b00156,shot3r,,003_tagging,extreme,168.44062341745672,4,streaming,727.7546934974725,435.3737021562818,131.55777759568528,152.2791955735939,181.78767966669784,0.028237630077222728,0.587048415354563,0.587048415354563,0.9454545454545454,0.925,9.0,0.6452811704391841,8.444430206970985,0.7920821651012535,0.8783950934625796,1.6327145874760474,1.0684781794037292,7.624928201130215,,True,
egohumans,ego_test_tagging_003_tagging_large_cam07_cam08_b00156,shot3r,,003_tagging,large,133.24529135600875,4,streaming,644.3036741798154,394.4413896056845,122.28370487813487,138.1402145480113,98.12605790979637,0.06054366734218268,1.2676537693897973,1.2676537693897973,0.6326241134751773,0.8097686375321337,2.0,2.9456039075638683,23.790535613758923,0.6233364739078222,1.6314094567955166,0.5452060609291407,2.4942160494941503,28.824997459886003,,True,
egohumans,ego_test_tagging_003_tagging_medium_cam04_cam02_b00156,shot3r,,003_tagging,medium,84.48502099585055,4,streaming,1593.3343557486767,325.19984181031856,121.8448475292208,140.46169777590222,158.5501045499977,0.040375058382015654,0.3638251739216118,0.3638251739216118,0.8306451612903226,0.85,10.0,1.830385484833117,5.77539099455059,1.0120552984716948,1.5447190309603749,0.14669906153625092,1.2948887132127505,2.3258637491898204,,True,
egohumans,ego_test_tagging_003_tagging_small_cam06_cam02_b00156,shot3r,,003_tagging,small,42.21388742145035,4,streaming,1387.831731093344,282.8245778691446,123.38797143833959,141.41992488169086,135.44811739264836,0.04381711259945454,0.40345360538554753,0.40345360538554753,0.8624833110814419,0.8575,8.0,1.2843083129076085,4.314827838938642,0.792467986430216,1.6228954466858703,0.22435145352891542,1.0989437671712508,1.2306822730009137,,True,
egohumans,ego_test_tagging_005_tagging_extreme_cam05_cam06_b00221,shot3r,,005_tagging,extreme,168.44062341745672,4,streaming,694.8719153407211,260.7314851225523,94.76466805633751,110.72920646792832,136.37146879733893,0.023295575750719836,0.6119439333198915,0.6119439333198915,0.9818688981868898,0.9697802197802198,2.0,1.334393240047874,13.348421944684386,1.1674988243797682,0.722640511180195,1.6154848445150276,2.3556233690844763,8.39549081003338,,True,
egohumans,ego_test_tagging_005_tagging_large_cam07_cam08_b00221,shot3r,,005_tagging,large,133.24529135600875,4,streaming,971.1758258953101,410.73861625679655,100.37438546531766,117.84483693553663,117.74828791195505,0.011988087459954921,0.67462922549608,0.67462922549608,0.4833110814419226,0.5157068062827225,1.0,3.6678450657408437,117.99439552248054,0.8094146494351446,4.204684913272157,1.9075223929585186,3.3141188644363404,133.32499005832307,,True,
egohumans,ego_test_tagging_005_tagging_medium_cam02_cam04_b00221,shot3r,,005_tagging,medium,84.48502099585055,4,streaming,1349.754025575963,340.4913497459525,92.38806411919478,109.15331059881498,109.11819935064702,0.05122490474117245,0.27884158377339596,0.27884158377339596,0.7946308724832215,0.8737373737373737,2.0,1.6157631032048068,4.079760019966041,0.47952881005606546,1.5382482148165992,1.2008402881977474,0.9232603540269954,2.6107608520490375,,True,
egohumans,ego_test_tagging_005_tagging_small_cam02_cam06_b00221,shot3r,,005_tagging,small,42.21388742145035,4,streaming,1321.3781178933848,286.4446439023644,86.95435884956065,103.365097728019,100.84189784528789,0.04667291137074658,0.36644054328064257,0.36644054328064257,0.9673758865248226,0.9368131868131868,0.0,1.7160369002197708,3.5137966035512944,0.32660536852597655,1.522346964151627,0.944784394005373,1.0111966303800752,1.1639070412473935,,True,
egohumans,ego_test_tagging_006_tagging_extreme_cam05_cam06_b00186,shot3r,,006_tagging,extreme,168.44062341745672,4,streaming,491.7215586205549,389.9787696282715,94.6560277220013,115.19026700127051,92.60332284095664,0.03795591657094408,0.21423597018432713,0.21423597018432713,0.8701472556894244,0.935933147632312,3.0,2.4529480769451575,11.028484665868167,1.0577163380165426,1.0360516723352162,,3.071273688632675,10.695995820854243,,True,
egohumans,ego_test_tagging_006_tagging_large_cam08_cam07_b00186,shot3r,,006_tagging,large,133.24529135600875,4,streaming,1549.9829366706379,462.95424368189026,98.59440620643713,118.05737146990411,100.34146157625321,0.18111079434762709,2.396271947586315,2.396271947586315,0.5673352435530086,0.94,3.0,4.9484194596591,113.74317946208983,0.8476875486123855,4.098756496230711,5.409929610973243,4.723775496146656,115.8938682129475,,True,
egohumans,ego_test_tagging_006_tagging_medium_cam02_cam04_b00186,shot3r,,006_tagging,medium,84.48502099585055,4,streaming,750.9396163870094,347.0095773928104,107.78900181622122,130.0630129118951,83.03781740243066,0.029385071641488448,0.26623017732500953,0.26623017732500953,0.4766355140186916,0.543010752688172,1.0,1.8765368390378852,7.772862062139376,0.887195564371065,1.4089863113041696,,2.7792405969145544,4.247860072813916,,True,
egohumans,ego_test_tagging_006_tagging_small_cam02_cam06_b00186,shot3r,,006_tagging,small,42.21388742145035,4,streaming,1136.2990528382368,470.38299878599855,105.96364607648006,129.3704602568239,90.874699783945,0.05777807639591271,0.5038705227959777,0.5038705227959777,0.6550724637681159,0.7688022284122563,3.0,1.4641622440780404,10.583698762954079,0.7220153155600179,2.077523947970738,,2.371333687574493,1.1675631887247153,,True,
egohumans,ego_test_tagging_007_tagging_extreme_cam06_cam05_b00359,shot3r,,007_tagging,extreme,168.44062341745672,4,streaming,1347.4760195165322,478.2235037897643,105.0670207038563,120.44854111920706,144.2317560322581,0.05307824727304714,1.1374984964773167,1.1374984964773167,0.5482388973966309,0.7289972899728997,8.0,3.2190988481229583,12.162535159099217,0.6384982832100649,2.4660189599909694,1.7834973029464622,1.8468727466891135,18.16861971664882,,True,
egohumans,ego_test_tagging_007_tagging_large_cam08_cam07_b00359,shot3r,,007_tagging,large,133.24529135600875,4,streaming,767.4245139596692,340.0866958970654,103.1293922949363,119.19002974862728,138.24332136319742,0.07352325711433615,0.08490219313964609,0.08490219313964609,0.7692307692307693,0.6987577639751553,2.0,1.7243840525901148,10.57200040261294,0.49536518869868196,0.7483477872469475,,1.422338613361117,14.010416473969926,,True,
egohumans,ego_test_tagging_007_tagging_small_cam02_cam06_b00359,shot3r,,007_tagging,small,42.21388742145035,4,streaming,558.3911594809381,290.4148120100645,112.963328325498,131.1975875030364,134.60415215462731,0.03685649531215671,0.5026973368948524,0.5026973368948524,0.5863013698630137,0.8481012658227848,6.0,1.4138973933622945,4.565977215233492,0.7141009492679438,0.6946799318386458,0.9076173525902416,1.1543577453061649,2.989454132981729,,True,
egohumans,ego_test_tagging_009_tagging_extreme_cam06_cam05_b00286,shot3r,,009_tagging,extreme,168.44062341745672,3,streaming,599.1689580566303,277.3876533494398,83.66529802389496,99.34322756012448,117.34307515079935,0.03718744597033219,0.412102707978655,0.412102707978655,0.858877086494689,0.9533333333333334,4.0,1.0623319575594543,16.905786186256638,0.2565425767941667,0.9608295775932889,0.7815537210748366,1.0566082704590862,14.88883007849768,,True,
egohumans,ego_test_tagging_009_tagging_large_cam07_cam08_b00286,shot3r,,009_tagging,large,133.24529135600875,3,streaming,2304.0624919320326,743.4520748059969,94.31626725441534,107.83892106227313,122.40307903382228,0.03051019977284395,0.03458095295705205,0.03458095295705205,0.45865834633385333,0.9766666666666667,6.0,2.4185391651941934,61.87372728160099,0.36546871001909764,2.012028237922825,1.6852469284703666,1.6980696144547787,81.4238143410957,,True,
egohumans,ego_test_tagging_009_tagging_medium_cam04_cam02_b00286,shot3r,,009_tagging,medium,84.48502099585055,3,streaming,724.8949721460135,200.94765549353167,82.04757354737728,96.82433749925686,74.74471199454666,0.02895719589713946,0.37445964321899267,0.37445964321899267,0.8466257668711656,0.9233333333333333,2.0,1.2098565417113187,3.799738694700218,0.5970299306755247,1.0383109310024081,0.18127649681940947,0.6934350964712716,1.6585131644927986,,True,
egohumans,ego_test_tagging_009_tagging_small_cam06_cam02_b00286,shot3r,,009_tagging,small,42.21388742145035,3,streaming,463.4266355988055,168.2545077687934,79.38966054704615,91.53717101591826,87.51602332985684,0.0395720743643753,0.510811284455587,0.510811284455587,0.8480243161094225,0.9333333333333333,2.0,0.886253125472399,3.729638741227102,0.5157800812927754,0.42193443003600534,0.21665116393914527,0.846553542033484,2.525065072122485,,True,
egohumans,ego_test_tagging_010_tagging_extreme_cam06_cam05_b00211,shot3r,,010_tagging,extreme,168.44062341745672,3,streaming,573.1499408832094,256.46230875548275,105.57754153118056,123.42203248525614,183.06564820102014,0.0399393749071005,0.5901116999660622,0.5901116999660622,0.8431952662721893,0.9733333333333334,10.0,0.9572576117255565,3.6651162788061282,0.3642595061149279,0.8537061086285124,0.6430474421500578,1.0541246548874845,2.2520026676408103,,True,
egohumans,ego_test_tagging_010_tagging_large_cam07_cam08_b00211,shot3r,,010_tagging,large,133.24529135600875,3,streaming,1176.485411331334,383.28106749867015,112.07406494491435,128.05006508318806,196.3634778255084,0.017657914097672287,0.6172837640222073,0.6172837640222073,0.7237762237762237,0.8479087452471483,9.0,2.5259763558721153,33.34355755694697,0.6469068729253709,1.9520091126462986,0.8967926723508173,3.0385995207966876,25.122708318277642,,True,
egohumans,ego_test_tagging_010_tagging_medium_cam02_cam04_b00211,shot3r,,010_tagging,medium,84.48502099585055,3,streaming,613.9858898276194,431.0904200820172,108.43226208670735,127.46555023228939,281.9772263719747,0.02600168703636049,0.36674262321907697,0.36674262321907697,0.7030497592295345,0.8566666666666667,10.0,1.3484031071405829,2.9248002044882986,0.6120526722023167,0.9678845739416736,1.2110994839248572,1.6091105592221933,4.5847875737285,,True,
egohumans,ego_test_tagging_010_tagging_small_cam02_cam06_b00211,shot3r,,010_tagging,small,42.21388742145035,3,streaming,612.2372700498228,399.14298892862826,109.74938649426527,130.2430109740784,253.66053625983156,0.027712337231111776,0.6025621671938446,0.6025621671938446,0.7088989441930619,0.9366666666666666,12.0,0.9248979290705076,5.1660213338002245,0.4706595876168554,0.7532698851188413,0.6169977969318228,0.5488761170882135,1.0926653198860217,,True,
egohumans,ego_test_tennis_004_tennis_extreme_cam15_cam05_b00601,shot3r,,004_tennis,extreme,179.87189111977324,2,streaming,482.9284024015094,170.61300643969284,85.44240498978328,109.7889818153315,117.27546782540254,0.015697657644615635,3.097733774440991,3.097733774440991,0.2932551319648094,0.3067484662576687,0.0,13.196409175171059,15.28961336305691,0.8096952191972667,,,14.128465650619567,5.417679060141669,,True,
egohumans,ego_test_tennis_004_tennis_large_cam01_cam07_b00601,shot3r,,004_tennis,large,125.78766204579658,2,streaming,1206.612535185754,307.29657006615366,69.26736950352654,81.77868758750895,110.01581690071885,0.010900731846665727,2.6782661876358844,2.6782661876358844,0.25936599423631124,0.225,0.0,7.7268902292734545,8.024923384883017,1.6551207848121672,,,7.820868855100051,9.296266040152606,,True,
egohumans,ego_test_tennis_004_tennis_medium_cam02_cam15_b00601,shot3r,,004_tennis,medium,81.94667722474215,2,streaming,759.2526447945331,252.3288081944843,77.10872940019722,93.79588947364462,110.92375686113121,0.015334488925885298,4.195636647192925,4.195636647192925,0.49382716049382713,0.5,0.0,10.642199461550998,15.1779315868785,0.812002823808415,8.952176888666004,,10.182709033981103,11.447079799185312,,True,
egohumans,ego_test_tennis_005_tennis_large_cam01_cam07_b00601,shot3r,,005_tennis,large,125.78766204579658,2,streaming,905.4807648053194,318.6229587102227,71.1408029798443,88.03190601198605,225.01742435061814,0.014259720190928957,2.341146217950126,2.341146217950126,0.26455026455026454,0.25,0.0,5.941557658734461,3.9089953013765006,0.7660178925512919,,,5.299238489071332,15.453366984122336,,True,
egohumans,ego_test_tennis_005_tennis_medium_cam02_cam15_b00601,shot3r,,005_tennis,medium,81.94667722474215,2,streaming,419.38348080281696,131.089564803992,69.58170816252701,87.31279303794625,126.77249352100974,0.026351946451886515,4.714378227174203,4.714378227174203,0.41379310344827586,0.42,0.0,12.403348418218123,23.8180292189937,0.8162788363129752,9.496328441133631,,12.498139974372886,17.958623090187324,,True,
egohumans,ego_test_tennis_005_tennis_small_cam10_cam09_b00601,shot3r,,005_tennis,small,16.980921456131554,2,streaming,678.6020146142644,657.7836677700601,80.2361416049559,94.26256141509282,89.61072582464291,0.024496135079049436,0.6071908755995783,0.6071908755995783,0.4097560975609756,0.42,0.0,1.775243504675066,4.708400578085874,0.7814770489753626,1.3424556197065551,,1.7249698446009107,3.141541584589558,,True,
egohumans,ego_test_tennis_006_tennis_extreme_cam15_cam05_b00651,shot3r,,006_tennis,extreme,179.87189111977324,2,streaming,357.08287710313886,154.55479286696928,73.24459216476544,88.43483027139126,84.4257231526181,0.036280910749181335,3.982629266474727,3.982629266474727,0.28160919540229884,0.245,0.0,13.453044097344382,15.747751574668186,1.2559803358504928,,,13.985023297241069,8.553400581703418,,True,
egohumans,ego_test_tennis_006_tennis_large_cam01_cam07_b00651,shot3r,,006_tennis,large,125.78766204579658,2,streaming,224.71396512830455,164.83112672455317,70.03914137768595,76.83346182084325,162.35616597143323,0.009502939863495336,2.8519453341507557,2.8519453341507557,0.2849002849002849,0.25,0.0,5.72560523010884,6.960413923966155,1.3577568892201102,,,6.760860438347687,13.039698740506791,,True,
egohumans,ego_test_tennis_007_tennis_small_cam09_cam10_b00776,shot3r,,007_tennis,small,16.980921456131554,2,streaming,1734.0662896680233,383.86085767007467,91.55578868137762,103.41248930140726,118.8088391222454,0.01674158365850187,0.7137123471599632,0.7137123471599632,0.5089974293059126,0.495,0.0,4.266046819305072,18.800735173527748,1.0116579389098488,2.4202288695609497,0.3458560801900767,1.8827802009438221,4.508149974081612,,True,
egohumans,ego_test_tennis_008_tennis_large_cam01_cam07_b00601,shot3r,,008_tennis,large,125.78766204579658,2,streaming,675.7278484538488,220.04160414865981,71.84826054134716,89.59496208615401,101.51236081948777,0.01087440577804396,2.903533784988986,2.903533784988986,0.2557544757033248,0.25,0.0,9.323309592730629,18.377944662496077,2.166656275282651,,,10.922191662875726,12.691589476516423,,True,
egohumans,ego_test_tennis_008_tennis_medium_cam11_cam07_b00601,shot3r,,008_tennis,medium,82.38817530883323,2,streaming,543.2303209777506,172.84675837979603,85.85480862459858,109.99679468537907,106.68912803845717,0.015755552477248694,3.015564739817407,3.015564739817407,0.24257425742574257,0.245,0.0,7.914414345398942,8.117527289882823,1.4370454170411817,,,7.415224656740503,21.427413301622426,,True,
egohumans,ego_test_tennis_009_tennis_extreme_cam05_cam15_b00601,shot3r,,009_tennis,extreme,179.87189111977324,2,streaming,522.19055274496,260.54135317789525,118.69224154651106,131.81545586310517,253.63266478035194,0.0744554091634322,3.2162957988680487,3.2162957988680487,0.1926605504587156,0.21212121212121213,0.0,11.051367298889827,16.152925148682996,0.7438078854711557,,,10.72966607036533,6.351384777528226,,True,
egohumans,ego_test_tennis_009_tennis_large_cam01_cam07_b00601,shot3r,,009_tennis,large,125.78766204579658,2,streaming,986.6144437139172,424.5348724182036,162.56249076525214,191.12620416479103,102.48162816407573,0.01932421672294588,2.7181952498646096,2.7181952498646096,0.18230563002680966,0.17435897435897435,0.0,3.9902705727128702,14.403986926468333,1.0213693322601223,,,3.92217154537921,14.848009353115184,,True,
egohumans,ego_test_tennis_009_tennis_small_cam09_cam10_b00601,shot3r,,009_tennis,small,16.980921456131554,2,streaming,737.8295566323341,295.1814505647477,79.12563972230296,93.04964305876788,78.55627241023811,0.01990683019049285,0.9059245540663771,0.9059245540663771,0.5024154589371981,0.5333333333333333,0.0,3.5733752418921125,19.022679448810223,1.0003725169965756,1.2310441423268046,0.8990436837185352,2.421877208872421,6.922806306217571,,True,
egohumans,ego_test_volleyball_001_volleyball_extreme_cam02_cam09_b00301,shot3r,,001_volleyball,extreme,179.59006809320533,4,streaming,405.24616861664714,342.2943502914653,189.62083608524853,231.4567318514044,176.33808565484424,0.011665017041629012,4.75001846406012,4.75001846406012,0.15681233933161953,0.21,7.0,10.95016262482702,17.016302973354644,3.06638267923102,7.755126034163521,,13.968739663415557,15.8202709169606,,True,
egohumans,ego_test_volleyball_001_volleyball_small_cam11_cam12_b00301,shot3r,,001_volleyball,small,18.67923355873031,4,streaming,1019.0871705928787,513.8239673813605,126.23978780659917,154.03460000666126,199.67950354528116,0.0077911953930347895,1.3086034163819904,1.3086034163819904,0.045454545454545456,0.0625,1.0,3.422954864660527,17.184874749656206,0.8770480250639813,2.341154113925464,,2.482036874752795,3.503157841620542,,True,
egohumans,ego_test_volleyball_002_volleyball_extreme_cam09_cam02_b00301,shot3r,,002_volleyball,extreme,179.59006809320533,4,streaming,952.7403582781569,370.08905871139154,220.21235557903498,258.41902093668887,377.5040305557284,0.016805966003874104,5.801994833448834,5.801994833448834,0.15881561238223418,0.2075,6.0,12.670002479423347,31.561985158349,2.0698093375916558,8.637864176091206,,16.526270001123617,8.459194912779525,,True,
egohumans,ego_test_volleyball_002_volleyball_medium_cam06_cam12_b00301,shot3r,,002_volleyball,medium,86.1109810584275,4,streaming,545.4258773437253,295.60718209239326,102.9842471083389,114.610297629337,117.77333217300196,0.008645846415796146,2.5893626050583083,2.5893626050583083,0.30451612903225805,0.2975,2.0,2.428274665027188,15.570020639656722,0.6879194009060532,4.685764029910169,,4.345021406070508,7.53261423121393,,True,
egohumans,ego_test_volleyball_002_volleyball_small_cam11_cam12_b00301,shot3r,,002_volleyball,small,18.67923355873031,4,streaming,1031.6039490935416,397.3840569075249,83.50679221207696,98.62171152674769,175.84218190080912,0.023309769777011248,1.690955647460561,1.690955647460561,0.3110419906687403,0.28055555555555556,0.0,2.1277686876749824,10.27233817167611,0.9148235839135326,3.4228373630221745,3.657060778446713,2.826107010879791,3.679288766523626,,True,
egohumans,ego_test_volleyball_004_volleyball_extreme_cam02_cam09_b00301,shot3r,,004_volleyball,extreme,179.59006809320533,4,streaming,834.3914138817936,540.3665607815202,197.52798198307175,239.96303580797039,451.7746157121122,0.012847700542004842,5.404872514141387,5.404872514141387,0.03857566765578635,0.0525,6.0,9.393903865512069,34.37426011184135,1.5130434278110256,8.43218909815887,,11.067610356700921,25.380978590399987,,True,
egohumans,ego_test_volleyball_004_volleyball_medium_cam12_cam06_b00301,shot3r,,004_volleyball,medium,86.1109810584275,4,streaming,877.6467758997866,544.234094109501,139.17723620418488,169.1223621435291,223.6895293066455,0.003993305244608402,2.0754534139575904,2.0754534139575904,0.19142857142857142,0.175,1.0,3.0653000829747192,8.11519344627176,1.468428131149385,1.7069166045488542,,4.278941105751851,2.527783451491592,,True,
egohumans,ego_test_volleyball_004_volleyball_small_cam11_cam12_b00301,shot3r,,004_volleyball,small,18.67923355873031,4,streaming,631.1476445597096,273.629311142388,87.5303662906307,104.70296100203423,186.2826540654495,0.007586635677620869,1.0840736253851977,1.0840736253851977,0.34893617021276596,0.3075,0.0,3.701498750848584,17.738412501119097,1.2639137029297172,2.1588475810962526,0.8352320518335085,2.2007668114003516,3.9219374977719794,,True,
