dataset,case_id,method,angle_stratum,angle_deg,person_count,status,failure_reason,catastrophic_evaluation,scene_point_count_pre,scene_point_count_post,correspondence_count,inlier_ratio,fit_residual,global_fitness,global_residual,matched_person_count,runtime_seconds
egobody,egobody_recording_20210907_S03_S04_01_extreme_kinect_13_kinect_11_b01801,r1,extreme,91.48307749587892,2,ok,,True,,,,,1.76404869556427,,,2,0.002439758000036818
egobody,egobody_recording_20210907_S03_S04_01_extreme_kinect_13_kinect_11_b01801,r2,extreme,91.48307749587892,2,ok,,False,,,22,1.0,0.046433407493896156,,,2,0.07509511900025245
egobody,egobody_recording_20210907_S03_S04_01_extreme_kinect_13_kinect_11_b01801,r3,extreme,91.48307749587892,2,ok,,True,2092,2358,1322,0.5606446140797285,0.16499911959938976,0.6212892281594572,0.2149410166077521,,2.0411427030003324
egobody,egobody_recording_20210907_S03_S04_01_medium_kinect_12_kinect_13_b01801,r1,medium,49.696641199786015,2,ok,,True,,,,,0.9663644433021545,,,2,0.003336748999572592
egobody,egobody_recording_20210907_S03_S04_01_medium_kinect_12_kinect_13_b01801,r2,medium,49.696641199786015,2,ok,,False,,,22,1.0,0.030080112630845243,,,2,0.10848715199972503
egobody,egobody_recording_20210907_S03_S04_01_medium_kinect_12_kinect_13_b01801,r3,medium,49.696641199786015,2,ok,,False,2572,1834,1129,0.6155943293347873,0.14036809345780313,0.7148309705561614,0.18509879397685,,1.7114181200004168
egobody,egobody_recording_20210907_S03_S04_01_small_kinect_11_kinect_12_b01801,r1,small,42.14973883873915,2,ok,,True,,,,,0.9376726746559143,,,2,0.0023837890003051143
egobody,egobody_recording_20210907_S03_S04_01_small_kinect_11_kinect_12_b01801,r2,small,42.14973883873915,2,ok,,False,,,22,1.0,0.041590446700643664,,,2,0.07348483400073746
egobody,egobody_recording_20210907_S03_S04_01_small_kinect_11_kinect_12_b01801,r3,small,42.14973883873915,2,ok,,False,2681,2343,1392,0.5941101152368758,0.14062272575488405,0.5761843790012804,0.19858521458122236,,1.7581691249997675
egobody,egobody_recording_20210911_S03_S08_01_extreme_kinect_13_kinect_11_b02141,r1,extreme,46.47292452247161,2,ok,,True,,,,,0.6636996865272522,,,2,0.0057756400001380825
egobody,egobody_recording_20210911_S03_S08_01_extreme_kinect_13_kinect_11_b02141,r2,extreme,46.47292452247161,2,ok,,False,,,22,1.0,0.043428225286243356,,,2,0.07566786499955924
egobody,egobody_recording_20210911_S03_S08_01_extreme_kinect_13_kinect_11_b02141,r3,extreme,46.47292452247161,2,ok,,False,3912,4043,2478,0.612911204551076,0.13411818470108142,0.6811773435567647,0.1695768339056728,,2.0862082639996515
egobody,egobody_recording_20210911_S03_S08_01_medium_kinect_11_kinect_12_b02141,r1,medium,26.815569616801337,2,ok,,True,,,,,0.4284137785434723,,,2,0.003303059999780089
egobody,egobody_recording_20210911_S03_S08_01_medium_kinect_11_kinect_12_b02141,r2,medium,26.815569616801337,2,ok,,False,,,22,1.0,0.13225973769954963,,,2,0.10885194200000115
egobody,egobody_recording_20210911_S03_S08_01_medium_kinect_11_kinect_12_b02141,r3,medium,26.815569616801337,2,ok,,False,4220,3503,2831,0.808164430488153,0.13063023578347735,0.8683985155580931,0.17602526634574803,,2.0005400589998317
egobody,egobody_recording_20210911_S03_S08_01_small_kinect_13_kinect_12_b02141,r1,small,19.844222642454152,2,ok,,False,,,,,0.2596893608570099,,,2,0.0033191100001204177
egobody,egobody_recording_20210911_S03_S08_01_small_kinect_13_kinect_12_b02141,r2,small,19.844222642454152,2,ok,,False,,,22,1.0,0.06916513526431056,,,2,0.09883242199975939
egobody,egobody_recording_20210911_S03_S08_01_small_kinect_13_kinect_12_b02141,r3,small,19.844222642454152,2,ok,,True,3912,3503,2452,0.6999714530402512,0.13730310076121116,0.7781901227519269,0.18057393501109237,,2.0378594779995183
egobody,egobody_recording_20210911_S03_S08_02_extreme_kinect_11_kinect_13_b03471,r1,extreme,46.47292452247161,2,ok,,True,,,,,0.6899238228797913,,,2,0.002440977999867755
egobody,egobody_recording_20210911_S03_S08_02_extreme_kinect_11_kinect_13_b03471,r2,extreme,46.47292452247161,2,ok,,False,,,22,1.0,0.07951920499660403,,,2,0.07859375099997123
egobody,egobody_recording_20210911_S03_S08_02_extreme_kinect_11_kinect_13_b03471,r3,extreme,46.47292452247161,2,ok,,False,3771,3916,2605,0.6652196118488254,0.13604842947975482,0.7083758937691522,0.18460761009071203,,0.5354037369997968
egobody,egobody_recording_20210911_S03_S08_02_medium_kinect_12_kinect_11_b03471,r1,medium,26.815569616801337,2,ok,,True,,,,,0.0,,,1,0.001720550999380066
egobody,egobody_recording_20210911_S03_S08_02_medium_kinect_12_kinect_11_b03471,r2,medium,26.815569616801337,2,ok,,False,,,11,1.0,0.006835110240371203,,,1,0.07169737000003806
egobody,egobody_recording_20210911_S03_S08_02_medium_kinect_12_kinect_11_b03471,r3,medium,26.815569616801337,2,ok,,False,2918,3969,2591,0.6528092718568909,0.12969228479020112,0.7084908037288989,0.18329903522158839,,0.5400992140002927
egobody,egobody_recording_20210911_S03_S08_02_small_kinect_13_kinect_12_b03471,r1,small,19.844222642454152,2,ok,,False,,,,,0.0,,,1,0.0016410980006185127
egobody,egobody_recording_20210911_S03_S08_02_small_kinect_13_kinect_12_b03471,r2,small,19.844222642454152,2,ok,,False,,,11,1.0,0.01016340865391945,,,1,0.07622955299939349
egobody,egobody_recording_20210911_S03_S08_02_small_kinect_13_kinect_12_b03471,r3,small,19.844222642454152,2,ok,,False,3987,2950,2288,0.775593220338983,0.12538188382514914,0.851864406779661,0.17055031089739742,,0.507826453999769
egobody,egobody_recording_20210921_S05_S12_01_extreme_kinect_11_kinect_13_b02281,r1,extreme,30.70533604440771,2,ok,,True,,,,,0.31391751766204834,,,2,0.002393025999481324
egobody,egobody_recording_20210921_S05_S12_01_extreme_kinect_11_kinect_13_b02281,r2,extreme,30.70533604440771,2,ok,,False,,,22,1.0,0.08318577374699339,,,2,0.09009806399990339
egobody,egobody_recording_20210921_S05_S12_01_extreme_kinect_11_kinect_13_b02281,r3,extreme,30.70533604440771,2,ok,,False,2535,1625,941,0.579076923076923,0.14421940287459167,0.6744615384615384,0.17540397530164523,,0.2401520690000325
egobody,egobody_recording_20210921_S05_S12_01_medium_kinect_12_kinect_11_b02281,r1,medium,26.229418630719106,2,ok,,True,,,,,0.34790611267089844,,,2,0.00288763799926528
egobody,egobody_recording_20210921_S05_S12_01_medium_kinect_12_kinect_11_b02281,r2,medium,26.229418630719106,2,ok,,False,,,22,1.0,0.0912444490361695,,,2,0.08437770000000455
egobody,egobody_recording_20210921_S05_S12_01_medium_kinect_12_kinect_11_b02281,r3,medium,26.229418630719106,2,ok,,False,1955,2863,1383,0.48305972755850507,0.14737602409608397,0.5434858539993014,0.19569110463870273,,0.22988771099971927
egobody,egobody_recording_20210921_S05_S12_01_small_kinect_13_kinect_12_b02281,r1,small,4.618278041803539,2,ok,,False,,,,,0.043670326471328735,,,2,0.004146428999774798
egobody,egobody_recording_20210921_S05_S12_01_small_kinect_13_kinect_12_b02281,r2,small,4.618278041803539,2,ok,,False,,,22,1.0,0.04293494795716343,,,2,0.07627495399992767
egobody,egobody_recording_20210921_S05_S12_01_small_kinect_13_kinect_12_b02281,r3,small,4.618278041803539,2,ok,,False,1641,2586,1334,0.5158546017014695,0.1344757175893756,0.55723124516628,0.16231052418812783,,0.21621170100024756
egobody,egobody_recording_20210921_S05_S12_02_extreme_kinect_13_kinect_11_b01916,r1,extreme,31.032654192611474,2,ok,,True,,,,,0.530170202255249,,,2,0.0024165730001186603
egobody,egobody_recording_20210921_S05_S12_02_extreme_kinect_13_kinect_11_b01916,r2,extreme,31.032654192611474,2,ok,,False,,,22,1.0,0.09367318019616343,,,2,0.07286027100053616
egobody,egobody_recording_20210921_S05_S12_02_extreme_kinect_13_kinect_11_b01916,r3,extreme,31.032654192611474,2,ok,,True,2323,2323,1103,0.4748170469220835,0.14656351607609872,0.5376668101592768,0.1848308818760162,,0.31750693199956004
egobody,egobody_recording_20210921_S05_S12_02_medium_kinect_12_kinect_11_b01916,r1,medium,26.566357478139803,2,ok,,True,,,,,0.4620402753353119,,,2,0.002218801999333664
egobody,egobody_recording_20210921_S05_S12_02_medium_kinect_12_kinect_11_b01916,r2,medium,26.566357478139803,2,ok,,False,,,22,1.0,0.07416296091985679,,,2,0.07307813399984298
egobody,egobody_recording_20210921_S05_S12_02_medium_kinect_12_kinect_11_b01916,r3,medium,26.566357478139803,2,ok,,False,2285,2323,1303,0.5609126130004305,0.12379290464340573,0.616874730951356,0.15854882483383892,,0.21902737300024455
egobody,egobody_recording_20210921_S05_S12_02_small_kinect_13_kinect_12_b01916,r1,small,4.618278041803539,2,ok,,False,,,,,0.08767624199390411,,,2,0.0023486190002586227
egobody,egobody_recording_20210921_S05_S12_02_small_kinect_13_kinect_12_b01916,r2,small,4.618278041803539,2,ok,,False,,,22,1.0,0.020821967833803103,,,2,0.07717310699990776
egobody,egobody_recording_20210921_S05_S12_02_small_kinect_13_kinect_12_b01916,r3,small,4.618278041803539,2,ok,,False,2323,2339,1254,0.5361265498076101,0.11018955180207719,0.5553655408294143,0.14664287196364933,,0.18101418200058106
egobody,egobody_recording_20210921_S05_S12_03_extreme_kinect_11_kinect_13_b03356,r1,extreme,31.032654192611474,2,ok,,True,,,,,0.41503262519836426,,,2,0.0027968519998466945
egobody,egobody_recording_20210921_S05_S12_03_extreme_kinect_11_kinect_13_b03356,r2,extreme,31.032654192611474,2,ok,,False,,,22,1.0,0.13427985846159152,,,2,0.07619635599985486
egobody,egobody_recording_20210921_S05_S12_03_extreme_kinect_11_kinect_13_b03356,r3,extreme,31.032654192611474,2,ok,,True,3218,1987,1148,0.5777554101660796,0.13745881134779417,0.653749370910921,0.1788395609715198,,0.33343967699966015
egobody,egobody_recording_20210921_S05_S12_03_medium_kinect_11_kinect_12_b03356,r1,medium,26.566357478139803,2,ok,,True,,,,,0.48884373903274536,,,2,0.0025120609998339205
egobody,egobody_recording_20210921_S05_S12_03_medium_kinect_11_kinect_12_b03356,r2,medium,26.566357478139803,2,ok,,False,,,22,1.0,0.07707975880571008,,,2,0.07695648200024152
egobody,egobody_recording_20210921_S05_S12_03_medium_kinect_11_kinect_12_b03356,r3,medium,26.566357478139803,2,ok,,True,3218,2195,1204,0.5485193621867882,0.13710753441740078,0.5917995444191344,0.17377103145546924,,0.3471889669999655
egobody,egobody_recording_20210921_S05_S12_03_small_kinect_12_kinect_13_b03356,r1,small,4.618278041803539,2,ok,,False,,,,,0.252470999956131,,,2,0.0025305849994765595
egobody,egobody_recording_20210921_S05_S12_03_small_kinect_12_kinect_13_b03356,r2,small,4.618278041803539,2,ok,,False,,,22,0.5,0.0044425506705853025,,,2,0.07489785699999629
egobody,egobody_recording_20210921_S05_S12_03_small_kinect_12_kinect_13_b03356,r3,small,4.618278041803539,2,ok,,False,2059,1987,1231,0.6195269250125818,0.13132686297440477,0.6708605938600906,0.17870366768303553,,0.18400781200034544
egobody,egobody_recording_20210929_S05_S16_01_extreme_kinect_11_kinect_13_b02576,r1,extreme,52.5256414985483,2,ok,,True,,,,,1.237980842590332,,,2,0.0024004910001167445
egobody,egobody_recording_20210929_S05_S16_01_extreme_kinect_11_kinect_13_b02576,r2,extreme,52.5256414985483,2,ok,,True,,,22,1.0,0.08448949851812021,,,2,0.0728703900003893
egobody,egobody_recording_20210929_S05_S16_01_extreme_kinect_11_kinect_13_b02576,r3,extreme,52.5256414985483,2,ok,,False,2183,4095,2106,0.5142857142857142,0.15829891807376947,0.5785103785103786,0.2034540298223635,,0.6084090260001176
egobody,egobody_recording_20210929_S05_S16_01_medium_kinect_11_kinect_12_b02576,r1,medium,31.179027558816564,2,ok,,True,,,,,0.5579252243041992,,,2,0.002466711000124633
egobody,egobody_recording_20210929_S05_S16_01_medium_kinect_11_kinect_12_b02576,r2,medium,31.179027558816564,2,ok,,False,,,22,1.0,0.019401710478683495,,,2,0.07729586999994353
egobody,egobody_recording_20210929_S05_S16_01_medium_kinect_11_kinect_12_b02576,r3,medium,31.179027558816564,2,ok,,False,2183,3513,2121,0.6037574722459437,0.15323735524743032,0.6831767719897524,0.20307475922276907,,0.4998118319999776
egobody,egobody_recording_20210929_S05_S16_01_small_kinect_12_kinect_13_b02576,r1,small,21.369319060800606,2,ok,,True,,,,,0.7449420690536499,,,2,0.0023935960007293033
egobody,egobody_recording_20210929_S05_S16_01_small_kinect_12_kinect_13_b02576,r2,small,21.369319060800606,2,ok,,True,,,22,1.0,0.05764804933417223,,,2,0.07744606400046905
egobody,egobody_recording_20210929_S05_S16_01_small_kinect_12_kinect_13_b02576,r3,small,21.369319060800606,2,ok,,False,3853,4095,3228,0.7882783882783883,0.13115382637523784,0.8766788766788767,0.16983420064402396,,0.4714168199998312
egobody,egobody_recording_20210929_S05_S16_02_extreme_kinect_13_kinect_11_b02316,r1,extreme,52.5256414985483,2,ok,,True,,,,,0.902578592300415,,,2,0.002451817999826744
egobody,egobody_recording_20210929_S05_S16_02_extreme_kinect_13_kinect_11_b02316,r2,extreme,52.5256414985483,2,ok,,False,,,22,1.0,0.10225531143701504,,,2,0.08656279899969377
egobody,egobody_recording_20210929_S05_S16_02_extreme_kinect_13_kinect_11_b02316,r3,extreme,52.5256414985483,2,ok,,False,3913,1878,1495,0.7960596379126731,0.1487897686367931,0.820021299254526,0.19751995351964846,,0.36357229099940014
egobody,egobody_recording_20210929_S05_S16_02_medium_kinect_11_kinect_12_b02316,r1,medium,31.179027558816564,2,ok,,True,,,,,0.6523023843765259,,,2,0.0022410210003727116
egobody,egobody_recording_20210929_S05_S16_02_medium_kinect_11_kinect_12_b02316,r2,medium,31.179027558816564,2,ok,,False,,,22,1.0,0.17124932713134583,,,2,0.07751866899980087
egobody,egobody_recording_20210929_S05_S16_02_medium_kinect_11_kinect_12_b02316,r3,medium,31.179027558816564,2,ok,,False,2032,3529,1982,0.5616321904222159,0.14914354718767134,0.6455086426749788,0.20652899198955327,,0.5178713779996542
egobody,egobody_recording_20210929_S05_S16_02_small_kinect_12_kinect_13_b02316,r1,small,21.369319060800606,2,ok,,True,,,,,0.3258137106895447,,,2,0.0025617960000090534
egobody,egobody_recording_20210929_S05_S16_02_small_kinect_12_kinect_13_b02316,r2,small,21.369319060800606,2,ok,,False,,,22,1.0,0.017495229705889417,,,2,0.07425299900023674
egobody,egobody_recording_20210929_S05_S16_02_small_kinect_12_kinect_13_b02316,r3,small,21.369319060800606,2,ok,,False,3448,3860,3035,0.7862694300518135,0.13182406276140898,0.8567357512953367,0.1735780440089591,,0.4418419929997981
egobody,egobody_recording_20210929_S05_S16_03_extreme_kinect_11_kinect_13_b01076,r1,extreme,52.5256414985483,2,ok,,True,,,,,1.169342041015625,,,2,0.0020993360003558337
egobody,egobody_recording_20210929_S05_S16_03_extreme_kinect_11_kinect_13_b01076,r2,extreme,52.5256414985483,2,ok,,True,,,22,1.0,0.046027342115952725,,,2,0.07260626700008288
egobody,egobody_recording_20210929_S05_S16_03_extreme_kinect_11_kinect_13_b01076,r3,extreme,52.5256414985483,2,ok,,False,2049,3981,2054,0.515950766139161,0.15939468949317478,0.5106757096206983,0.21713025134108616,,0.556110966000233
egobody,egobody_recording_20210929_S05_S16_03_medium_kinect_11_kinect_12_b01076,r1,medium,31.179027558816564,2,ok,,True,,,,,0.7749668955802917,,,2,0.0024452269999528653
egobody,egobody_recording_20210929_S05_S16_03_medium_kinect_11_kinect_12_b01076,r2,medium,31.179027558816564,2,ok,,True,,,22,1.0,0.037193920897725045,,,2,0.07368304100054957
egobody,egobody_recording_20210929_S05_S16_03_medium_kinect_11_kinect_12_b01076,r3,medium,31.179027558816564,2,ok,,False,2049,3699,2193,0.5928629359286294,0.15776153994307687,0.643146796431468,0.19008354752050202,,0.5454428109997025
egobody,egobody_recording_20210929_S05_S16_03_small_kinect_13_kinect_12_b01076,r1,small,21.369319060800606,2,ok,,True,,,,,0.49977216124534607,,,2,0.0024745179998717504
egobody,egobody_recording_20210929_S05_S16_03_small_kinect_13_kinect_12_b01076,r2,small,21.369319060800606,2,ok,,False,,,22,1.0,0.040886830796385415,,,2,0.07673365400023613
egobody,egobody_recording_20210929_S05_S16_03_small_kinect_13_kinect_12_b01076,r3,small,21.369319060800606,2,ok,,False,3919,3699,3425,0.9259259259259259,0.1331525303725669,0.9543119762097865,0.18162082663660442,,0.42499993599994923
egobody,egobody_recording_20210929_S05_S16_04_extreme_kinect_13_kinect_11_b02616,r1,extreme,52.5256414985483,2,ok,,True,,,,,1.0912458896636963,,,2,0.002430194000226038
egobody,egobody_recording_20210929_S05_S16_04_extreme_kinect_13_kinect_11_b02616,r2,extreme,52.5256414985483,2,ok,,True,,,22,1.0,0.04625876072245027,,,2,0.07523289299933822
egobody,egobody_recording_20210929_S05_S16_04_extreme_kinect_13_kinect_11_b02616,r3,extreme,52.5256414985483,2,ok,,False,3725,2072,1711,0.8257722007722008,0.1465196804157081,0.8667953667953668,0.19717760328534825,,0.4104023719992256
egobody,egobody_recording_20210929_S05_S16_04_medium_kinect_12_kinect_11_b02616,r1,medium,31.179027558816564,2,ok,,True,,,,,0.6283887028694153,,,2,0.002592241999991529
egobody,egobody_recording_20210929_S05_S16_04_medium_kinect_12_kinect_11_b02616,r2,medium,31.179027558816564,2,ok,,False,,,22,1.0,0.04491290164454515,,,2,0.08472816700032126
egobody,egobody_recording_20210929_S05_S16_04_medium_kinect_12_kinect_11_b02616,r3,medium,31.179027558816564,2,ok,,False,3975,2072,1710,0.8252895752895753,0.13806848294969928,0.888996138996139,0.16461580011161292,,0.35480037500019534
egobody,egobody_recording_20210929_S05_S16_04_small_kinect_12_kinect_13_b02616,r1,small,21.369319060800606,2,ok,,True,,,,,0.49992290139198303,,,2,0.0025127090002570185
egobody,egobody_recording_20210929_S05_S16_04_small_kinect_12_kinect_13_b02616,r2,small,21.369319060800606,2,ok,,True,,,22,1.0,0.054604692306120264,,,2,0.07427617400026065
egobody,egobody_recording_20210929_S05_S16_04_small_kinect_12_kinect_13_b02616,r3,small,21.369319060800606,2,ok,,False,3975,3687,2995,0.8123135340385137,0.1230382874369994,0.8972064008679143,0.16662126752487907,,0.49855387800016615
egobody,egobody_recording_20211002_S17_S15_01_extreme_kinect_11_kinect_13_b02701,r1,extreme,70.68115481500743,2,ok,,True,,,,,0.8316097259521484,,,2,0.0030057350004426553
egobody,egobody_recording_20211002_S17_S15_01_extreme_kinect_11_kinect_13_b02701,r2,extreme,70.68115481500743,2,ok,,False,,,22,1.0,0.023037186095723448,,,2,0.08328720699955738
egobody,egobody_recording_20211002_S17_S15_01_extreme_kinect_11_kinect_13_b02701,r3,extreme,70.68115481500743,2,ok,,True,6150,6332,3451,0.5450094756790903,0.15684641640680072,0.6075489576753,0.19521294362867858,,1.1438990530004958
egobody,egobody_recording_20211002_S17_S15_01_medium_kinect_12_kinect_13_b02701,r1,medium,45.59407765444697,2,ok,,True,,,,,0.7275704741477966,,,2,0.0021981239997330704
egobody,egobody_recording_20211002_S17_S15_01_medium_kinect_12_kinect_13_b02701,r2,medium,45.59407765444697,2,ok,,False,,,22,1.0,0.11554454171841963,,,2,0.072312717999921
egobody,egobody_recording_20211002_S17_S15_01_medium_kinect_12_kinect_13_b02701,r3,medium,45.59407765444697,2,ok,,True,4266,6332,2377,0.3753948199620973,0.1609988283110199,0.49226152874289325,0.2088886779000527,,0.8042955379996783
egobody,egobody_recording_20211002_S17_S15_01_small_kinect_12_kinect_11_b02701,r1,small,25.563800965418604,2,ok,,True,,,,,0.2216825783252716,,,2,0.002214144000390661
egobody,egobody_recording_20211002_S17_S15_01_small_kinect_12_kinect_11_b02701,r2,small,25.563800965418604,2,ok,,False,,,22,0.9090909090909091,0.05078075865790107,,,2,0.07760826800040377
egobody,egobody_recording_20211002_S17_S15_01_small_kinect_12_kinect_11_b02701,r3,small,25.563800965418604,2,ok,,True,4266,7614,3850,0.5056474914630943,0.1584620585862736,0.5612030470186499,0.20134786315196349,,0.9445828099997016
egobody,egobody_recording_20211002_S17_S15_02_extreme_kinect_13_kinect_11_b01321,r1,extreme,70.68115481500743,2,ok,,True,,,,,1.1390328407287598,,,2,0.0026964209992001997
egobody,egobody_recording_20211002_S17_S15_02_extreme_kinect_13_kinect_11_b01321,r2,extreme,70.68115481500743,2,ok,,False,,,22,1.0,0.10259010372294658,,,2,0.08360557800006063
egobody,egobody_recording_20211002_S17_S15_02_extreme_kinect_13_kinect_11_b01321,r3,extreme,70.68115481500743,2,ok,,True,8072,8258,3812,0.4616129813514168,0.15361809280966507,0.49394526519738435,0.19551173754272821,,1.8702723129999868
egobody,egobody_recording_20211002_S17_S15_02_medium_kinect_13_kinect_12_b01321,r1,medium,45.59407765444697,2,ok,,True,,,,,0.7809946537017822,,,2,0.0022394609995899373
egobody,egobody_recording_20211002_S17_S15_02_medium_kinect_13_kinect_12_b01321,r2,medium,45.59407765444697,2,ok,,False,,,22,1.0,0.06546462904846576,,,2,0.07568631300000561
egobody,egobody_recording_20211002_S17_S15_02_medium_kinect_13_kinect_12_b01321,r3,medium,45.59407765444697,2,ok,,True,8072,5443,3073,0.5645783575234246,0.1504126512524327,0.5397758589013412,0.19222451133158594,,1.095389167000576
egobody,egobody_recording_20211002_S17_S15_02_small_kinect_12_kinect_11_b01321,r1,small,25.563800965418604,2,ok,,True,,,,,0.4218938946723938,,,2,0.0030855439999868395
egobody,egobody_recording_20211002_S17_S15_02_small_kinect_12_kinect_11_b01321,r2,small,25.563800965418604,2,ok,,False,,,22,1.0,0.050661699015311895,,,2,0.08651174700025877
egobody,egobody_recording_20211002_S17_S15_02_small_kinect_12_kinect_11_b01321,r3,small,25.563800965418604,2,ok,,True,4801,8258,2902,0.3514168079438121,0.16479135537167122,0.3985226447081618,0.21146805784161865,,1.2576679169997078
egobody,egobody_recording_20211002_S17_S15_03_extreme_kinect_13_kinect_11_b02531,r1,extreme,70.68115481500743,2,ok,,True,,,,,1.0849429368972778,,,2,0.002193302000705444
egobody,egobody_recording_20211002_S17_S15_03_extreme_kinect_13_kinect_11_b02531,r2,extreme,70.68115481500743,2,ok,,False,,,22,1.0,0.14994209061501407,,,2,0.07250712099994416
egobody,egobody_recording_20211002_S17_S15_03_extreme_kinect_13_kinect_11_b02531,r3,extreme,70.68115481500743,2,ok,,True,6587,9114,4354,0.47772657450076805,0.15311498517418382,0.5527759490893132,0.19396141927890362,,1.6402316940002493
egobody,egobody_recording_20211002_S17_S15_03_medium_kinect_13_kinect_12_b02531,r1,medium,45.59407765444697,2,ok,,True,,,,,0.7457735538482666,,,2,0.0023077510004441137
egobody,egobody_recording_20211002_S17_S15_03_medium_kinect_13_kinect_12_b02531,r2,medium,45.59407765444697,2,ok,,False,,,22,1.0,0.13203028823801558,,,2,0.07229692599958071
egobody,egobody_recording_20211002_S17_S15_03_medium_kinect_13_kinect_12_b02531,r3,medium,45.59407765444697,2,ok,,True,6587,6423,3327,0.5179822512844465,0.1537561947632302,0.5790129223104469,0.19758946249421622,,0.9949820410001848
egobody,egobody_recording_20211002_S17_S15_03_small_kinect_11_kinect_12_b02531,r1,small,25.563800965418604,2,ok,,True,,,,,0.39745596051216125,,,2,0.0028005429994664155
egobody,egobody_recording_20211002_S17_S15_03_small_kinect_11_kinect_12_b02531,r2,small,25.563800965418604,2,ok,,False,,,22,1.0,0.04684746599568745,,,2,0.102672302999963
egobody,egobody_recording_20211002_S17_S15_03_small_kinect_11_kinect_12_b02531,r3,small,25.563800965418604,2,ok,,True,8457,6423,2993,0.46598162852249725,0.14899013193781524,0.49478436867507397,0.19786018173859155,,1.660119037000186
egobody,egobody_recording_20211004_S12_S20_01_extreme_kinect_11_kinect_13_b02556,r1,extreme,22.455810455946107,2,ok,,True,,,,,0.19929441809654236,,,2,0.0027973609994660364
egobody,egobody_recording_20211004_S12_S20_01_extreme_kinect_11_kinect_13_b02556,r2,extreme,22.455810455946107,2,ok,,False,,,22,0.9090909090909091,0.12871850252387673,,,2,0.08925615499993
egobody,egobody_recording_20211004_S12_S20_01_extreme_kinect_11_kinect_13_b02556,r3,extreme,22.455810455946107,2,ok,,True,1880,2189,1597,0.7295568752855185,0.14826247897208827,0.8387391502969392,0.1995493415812481,,0.2505549659999815
egobody,egobody_recording_20211004_S12_S20_01_medium_kinect_13_kinect_12_b02556,r1,medium,20.661167950912848,2,ok,,True,,,,,0.20047524571418762,,,2,0.002099690999784798
egobody,egobody_recording_20211004_S12_S20_01_medium_kinect_13_kinect_12_b02556,r2,medium,20.661167950912848,2,ok,,False,,,22,1.0,0.039634466203788285,,,2,0.07461301600051229
egobody,egobody_recording_20211004_S12_S20_01_medium_kinect_13_kinect_12_b02556,r3,medium,20.661167950912848,2,ok,,False,1941,2238,1834,0.8194816800714924,0.131499020723252,0.8865058087578195,0.1570950156833206,,0.15466109400040295
egobody,egobody_recording_20211004_S12_S20_01_small_kinect_11_kinect_12_b02556,r1,small,3.2418854744037855,2,ok,,False,,,,,0.19881446659564972,,,2,0.0023008099997241516
egobody,egobody_recording_20211004_S12_S20_01_small_kinect_11_kinect_12_b02556,r2,small,3.2418854744037855,2,ok,,False,,,22,0.9545454545454546,0.15466480500368893,,,2,0.0745461129999967
egobody,egobody_recording_20211004_S12_S20_01_small_kinect_11_kinect_12_b02556,r3,small,3.2418854744037855,2,ok,,False,1880,2238,1875,0.8378016085790885,0.14703605911561568,0.9128686327077749,0.18679272783218628,,0.19034232000012707
egobody,egobody_recording_20211004_S12_S20_02_extreme_kinect_13_kinect_11_b01776,r1,extreme,22.455810455946107,2,ok,,True,,,,,0.32855623960494995,,,2,0.00228757599961682
egobody,egobody_recording_20211004_S12_S20_02_extreme_kinect_13_kinect_11_b01776,r2,extreme,22.455810455946107,2,ok,,True,,,22,0.5,0.01620262700162209,,,2,0.07238369199967565
egobody,egobody_recording_20211004_S12_S20_02_extreme_kinect_13_kinect_11_b01776,r3,extreme,22.455810455946107,2,ok,,False,2241,2025,1221,0.6029629629629629,0.13669276023485974,0.6785185185185185,0.19527339127161045,,0.21123285299927375
egobody,egobody_recording_20211004_S12_S20_02_medium_kinect_13_kinect_12_b01776,r1,medium,20.661167950912848,2,ok,,True,,,,,0.18903326988220215,,,2,0.002253402999485843
egobody,egobody_recording_20211004_S12_S20_02_medium_kinect_13_kinect_12_b01776,r2,medium,20.661167950912848,2,ok,,True,,,22,0.9545454545454546,0.1351892794828949,,,2,0.0762215130007462
egobody,egobody_recording_20211004_S12_S20_02_medium_kinect_13_kinect_12_b01776,r3,medium,20.661167950912848,2,ok,,False,2241,2606,2131,0.8177283192632386,0.1328571181767824,0.8645433614735226,0.17618369037025292,,0.2620825440008048
egobody,egobody_recording_20211004_S12_S20_02_small_kinect_12_kinect_11_b01776,r1,small,3.2418854744037855,2,ok,,False,,,,,0.3555939197540283,,,2,0.0025073749993680394
egobody,egobody_recording_20211004_S12_S20_02_small_kinect_12_kinect_11_b01776,r2,small,3.2418854744037855,2,ok,,False,,,22,0.5,0.005355878531327144,,,2,0.07549291899977106
egobody,egobody_recording_20211004_S12_S20_02_small_kinect_12_kinect_11_b01776,r3,small,3.2418854744037855,2,ok,,False,2436,2025,1414,0.6982716049382716,0.13298806878033942,0.7703703703703704,0.18677414884140944,,0.2850931009998021
egobody,egobody_recording_20211004_S12_S20_03_extreme_kinect_11_kinect_13_b01986,r1,extreme,22.455810455946107,2,ok,,True,,,,,0.37147054076194763,,,2,0.0023528930005340953
egobody,egobody_recording_20211004_S12_S20_03_extreme_kinect_11_kinect_13_b01986,r2,extreme,22.455810455946107,2,ok,,True,,,22,0.5,0.011433354521341562,,,2,0.07649963499989099
egobody,egobody_recording_20211004_S12_S20_03_extreme_kinect_11_kinect_13_b01986,r3,extreme,22.455810455946107,2,ok,,True,2267,1954,1554,0.7952917093142272,0.1430262355998722,0.8950870010235414,0.19046143302208585,,0.2591619439999704
egobody,egobody_recording_20211004_S12_S20_03_medium_kinect_13_kinect_12_b01986,r1,medium,20.661167950912848,2,ok,,True,,,,,0.28124815225601196,,,2,0.002565900999798032
egobody,egobody_recording_20211004_S12_S20_03_medium_kinect_13_kinect_12_b01986,r2,medium,20.661167950912848,2,ok,,False,,,22,1.0,0.07078979595224708,,,2,0.08683967199976905
egobody,egobody_recording_20211004_S12_S20_03_medium_kinect_13_kinect_12_b01986,r3,medium,20.661167950912848,2,ok,,False,2343,2424,2072,0.8547854785478548,0.12886380155066648,0.8985148514851485,0.1547427749713177,,0.20257780100018863
egobody,egobody_recording_20211004_S12_S20_03_small_kinect_11_kinect_12_b01986,r1,small,3.2418854744037855,2,ok,,False,,,,,0.37621983885765076,,,2,0.002858769000340544
egobody,egobody_recording_20211004_S12_S20_03_small_kinect_11_kinect_12_b01986,r2,small,3.2418854744037855,2,ok,,False,,,22,0.5,0.004980251690479736,,,2,0.09185944699947868
egobody,egobody_recording_20211004_S12_S20_03_small_kinect_11_kinect_12_b01986,r3,small,3.2418854744037855,2,ok,,True,2267,2424,2154,0.8886138613861386,0.14121632694231376,0.9641089108910891,0.16752208779459535,,0.2209362970006623
egobody,egobody_recording_20211004_S12_S20_04_extreme_kinect_13_kinect_11_b03381,r1,extreme,22.455810455946107,2,ok,,True,,,,,0.47138550877571106,,,2,0.002588764999927662
egobody,egobody_recording_20211004_S12_S20_04_extreme_kinect_13_kinect_11_b03381,r2,extreme,22.455810455946107,2,ok,,True,,,22,0.5,0.018969501641108617,,,2,0.07454057699942496
egobody,egobody_recording_20211004_S12_S20_04_extreme_kinect_13_kinect_11_b03381,r3,extreme,22.455810455946107,2,ok,,False,2186,2074,1344,0.648023143683703,0.1365342182639063,0.6788813886210222,0.1894565138217592,,0.21989148700049554
egobody,egobody_recording_20211004_S12_S20_04_medium_kinect_13_kinect_12_b03381,r1,medium,20.661167950912848,2,ok,,True,,,,,0.16988006234169006,,,2,0.0022681840000586817
egobody,egobody_recording_20211004_S12_S20_04_medium_kinect_13_kinect_12_b03381,r2,medium,20.661167950912848,2,ok,,True,,,22,1.0,0.14354442311365737,,,2,0.07658508899930894
egobody,egobody_recording_20211004_S12_S20_04_medium_kinect_13_kinect_12_b03381,r3,medium,20.661167950912848,2,ok,,False,2186,2508,2087,0.8321371610845295,0.13151232024983397,0.8712121212121212,0.19184428793265135,,0.2018591739997646
egobody,egobody_recording_20211004_S12_S20_04_small_kinect_11_kinect_12_b03381,r1,small,3.2418854744037855,2,ok,,False,,,,,0.3612324595451355,,,2,0.002467985000293993
egobody,egobody_recording_20211004_S12_S20_04_small_kinect_11_kinect_12_b03381,r2,small,3.2418854744037855,2,ok,,False,,,22,0.5,0.006611622793605072,,,2,0.08294644099987636
egobody,egobody_recording_20211004_S12_S20_04_small_kinect_11_kinect_12_b03381,r3,small,3.2418854744037855,2,ok,,True,1997,2508,2141,0.8536682615629984,0.1431249683451692,0.930622009569378,0.1944648898332882,,0.2031279729999369
egobody,egobody_recording_20211004_S20_S12_01_extreme_kinect_13_kinect_11_b02766,r1,extreme,22.455810455946107,2,ok,,True,,,,,0.3046351671218872,,,2,0.0024281809992316994
egobody,egobody_recording_20211004_S20_S12_01_extreme_kinect_13_kinect_11_b02766,r2,extreme,22.455810455946107,2,ok,,True,,,22,1.0,0.10064839708411774,,,2,0.07699620099992899
egobody,egobody_recording_20211004_S20_S12_01_extreme_kinect_13_kinect_11_b02766,r3,extreme,22.455810455946107,2,ok,,False,1779,1583,988,0.624131396083386,0.13491421131029263,0.6632975363234365,0.1895711588854274,,0.18892286099980993
egobody,egobody_recording_20211004_S20_S12_01_medium_kinect_12_kinect_13_b02766,r1,medium,20.661167950912848,2,ok,,True,,,,,0.16448713839054108,,,2,0.002283144000102766
egobody,egobody_recording_20211004_S20_S12_01_medium_kinect_12_kinect_13_b02766,r2,medium,20.661167950912848,2,ok,,True,,,22,0.9090909090909091,0.14946283575267355,,,2,0.07362710100005643
egobody,egobody_recording_20211004_S20_S12_01_medium_kinect_12_kinect_13_b02766,r3,medium,20.661167950912848,2,ok,,False,2220,1630,1347,0.8263803680981595,0.12324821607329678,0.8852760736196319,0.1518148626586661,,0.1322632009996596
egobody,egobody_recording_20211004_S20_S12_01_small_kinect_12_kinect_11_b02766,r1,small,3.2418854744037855,2,ok,,False,,,,,0.3516741096973419,,,2,0.0022942089999560267
egobody,egobody_recording_20211004_S20_S12_01_small_kinect_12_kinect_11_b02766,r2,small,3.2418854744037855,2,ok,,True,,,22,1.0,0.06893131606300808,,,2,0.08250163399952726
egobody,egobody_recording_20211004_S20_S12_01_small_kinect_12_kinect_11_b02766,r3,small,3.2418854744037855,2,ok,,False,2220,1583,1112,0.7024636765634871,0.12368568467096609,0.7770056854074542,0.19394402948742712,,0.17174983599943516
egobody,egobody_recording_20211004_S20_S12_02_extreme_kinect_13_kinect_11_b01446,r1,extreme,22.455810455946107,2,ok,,True,,,,,0.09492017328739166,,,2,0.0021710480004912824
egobody,egobody_recording_20211004_S20_S12_02_extreme_kinect_13_kinect_11_b01446,r2,extreme,22.455810455946107,2,ok,,True,,,22,1.0,0.06243679101373877,,,2,0.07203052699969703
egobody,egobody_recording_20211004_S20_S12_02_extreme_kinect_13_kinect_11_b01446,r3,extreme,22.455810455946107,2,ok,,False,2667,2086,1378,0.660594439117929,0.13335420452077734,0.7344199424736337,0.1829767412228929,,0.24930280999979004
egobody,egobody_recording_20211004_S20_S12_02_medium_kinect_12_kinect_13_b01446,r1,medium,20.661167950912848,2,ok,,True,,,,,0.16048187017440796,,,2,0.002075012000204879
egobody,egobody_recording_20211004_S20_S12_02_medium_kinect_12_kinect_13_b01446,r2,medium,20.661167950912848,2,ok,,False,,,22,1.0,0.0332801108218227,,,2,0.07261774499966123
egobody,egobody_recording_20211004_S20_S12_02_medium_kinect_12_kinect_13_b01446,r3,medium,20.661167950912848,2,ok,,False,2513,2585,2045,0.7911025145067698,0.1324193401550167,0.8630560928433268,0.18218221543367893,,0.2091387049995319
egobody,egobody_recording_20211004_S20_S12_02_small_kinect_12_kinect_11_b01446,r1,small,3.2418854744037855,2,ok,,False,,,,,0.16623042523860931,,,2,0.002483391999703599
egobody,egobody_recording_20211004_S20_S12_02_small_kinect_12_kinect_11_b01446,r2,small,3.2418854744037855,2,ok,,True,,,22,1.0,0.04005452783355343,,,2,0.07962468899950181
egobody,egobody_recording_20211004_S20_S12_02_small_kinect_12_kinect_11_b01446,r3,small,3.2418854744037855,2,ok,,False,2513,2086,1533,0.7348993288590604,0.13244617978071374,0.7933844678811122,0.19475484056840198,,0.2474472620006054
egobody,egobody_recording_20211004_S20_S12_03_extreme_kinect_11_kinect_13_b01396,r1,extreme,22.455810455946107,2,ok,,True,,,,,0.514176070690155,,,2,0.0021122790003573755
egobody,egobody_recording_20211004_S20_S12_03_extreme_kinect_11_kinect_13_b01396,r2,extreme,22.455810455946107,2,ok,,True,,,22,0.5,0.017245150018586217,,,2,0.07866228999955638
egobody,egobody_recording_20211004_S20_S12_03_extreme_kinect_11_kinect_13_b01396,r3,extreme,22.455810455946107,2,ok,,False,2005,1922,1382,0.7190426638917794,0.15406290543994752,0.8028095733610822,0.18683046580141638,,0.2842022690001613
egobody,egobody_recording_20211004_S20_S12_03_medium_kinect_13_kinect_12_b01396,r1,medium,20.661167950912848,2,ok,,True,,,,,0.3364049196243286,,,2,0.0022119699997347197
egobody,egobody_recording_20211004_S20_S12_03_medium_kinect_13_kinect_12_b01396,r2,medium,20.661167950912848,2,ok,,False,,,22,1.0,0.05123104179739602,,,2,0.07751542599999084
egobody,egobody_recording_20211004_S20_S12_03_medium_kinect_13_kinect_12_b01396,r3,medium,20.661167950912848,2,ok,,False,2128,2257,1909,0.845813026140895,0.1266116012374479,0.8918918918918919,0.1803345885825235,,0.26199152499975753
egobody,egobody_recording_20211004_S20_S12_03_small_kinect_12_kinect_11_b01396,r1,small,3.2418854744037855,2,ok,,False,,,,,0.44231364130973816,,,2,0.0023349499997493695
egobody,egobody_recording_20211004_S20_S12_03_small_kinect_12_kinect_11_b01396,r2,small,3.2418854744037855,2,ok,,False,,,22,0.5,0.005083599074270346,,,2,0.07356898899979569
egobody,egobody_recording_20211004_S20_S12_03_small_kinect_12_kinect_11_b01396,r3,small,3.2418854744037855,2,ok,,False,2406,2060,1505,0.7305825242718447,0.13163640890642148,0.795631067961165,0.1690129386785283,,0.23559078400012368
egobody,egobody_recording_20211004_S20_S12_04_extreme_kinect_13_kinect_11_b03056,r1,extreme,22.455810455946107,2,ok,,True,,,,,0.34787195920944214,,,2,0.0022327369997583446
egobody,egobody_recording_20211004_S20_S12_04_extreme_kinect_13_kinect_11_b03056,r2,extreme,22.455810455946107,2,ok,,False,,,22,1.0,0.1257930741363327,,,2,0.07772640500024863
egobody,egobody_recording_20211004_S20_S12_04_extreme_kinect_13_kinect_11_b03056,r3,extreme,22.455810455946107,2,ok,,False,2437,2323,1585,0.6823073611708997,0.13758945383891613,0.7313818338355574,0.18913725531404868,,0.38025873599963234
egobody,egobody_recording_20211004_S20_S12_04_medium_kinect_12_kinect_13_b03056,r1,medium,20.661167950912848,2,ok,,True,,,,,0.40018048882484436,,,2,0.002240566000182298
egobody,egobody_recording_20211004_S20_S12_04_medium_kinect_12_kinect_13_b03056,r2,medium,20.661167950912848,2,ok,,False,,,22,1.0,0.01999827615588823,,,2,0.07252438999967126
egobody,egobody_recording_20211004_S20_S12_04_medium_kinect_12_kinect_13_b03056,r3,medium,20.661167950912848,2,ok,,False,2624,2668,2284,0.856071964017991,0.12798107229844335,0.9235382308845578,0.17027475278315213,,0.29730735599969194
egobody,egobody_recording_20211004_S20_S12_04_small_kinect_12_kinect_11_b03056,r1,small,3.2418854744037855,2,ok,,False,,,,,0.15363740921020508,,,2,0.002431019000141532
egobody,egobody_recording_20211004_S20_S12_04_small_kinect_12_kinect_11_b03056,r2,small,3.2418854744037855,2,ok,,False,,,22,1.0,0.1419850665765627,,,2,0.08455165699979261
egobody,egobody_recording_20211004_S20_S12_04_small_kinect_12_kinect_11_b03056,r3,small,3.2418854744037855,2,ok,,False,2624,2323,1779,0.7658200602668963,0.13293763095981945,0.8355574687903573,0.15908904778901561,,0.39075062899974
egobody,egobody_recording_20220225_S24_S25_01_extreme_kinect_14_kinect_15_b02966,r1,extreme,120.07581528789707,2,ok,,True,,,,,1.6996873617172241,,,2,0.0022844129998702556
egobody,egobody_recording_20220225_S24_S25_01_extreme_kinect_14_kinect_15_b02966,r2,extreme,120.07581528789707,2,ok,,False,,,22,0.5,0.009788128509980475,,,2,0.08613717899970652
egobody,egobody_recording_20220225_S24_S25_01_extreme_kinect_14_kinect_15_b02966,r3,extreme,120.07581528789707,2,ok,,True,3560,3269,1814,0.5549097583358825,0.16414192832669308,0.6313857448761089,0.20705257277104866,,0.41424080100023275
egobody,egobody_recording_20220225_S24_S25_01_medium_kinect_15_kinect_12_b02966,r1,medium,59.4765867158535,2,ok,,True,,,,,0.913199245929718,,,2,0.0026989739999407902
egobody,egobody_recording_20220225_S24_S25_01_medium_kinect_15_kinect_12_b02966,r2,medium,59.4765867158535,2,ok,,False,,,22,1.0,0.09754053174701185,,,2,0.07987757299997611
egobody,egobody_recording_20220225_S24_S25_01_medium_kinect_15_kinect_12_b02966,r3,medium,59.4765867158535,2,ok,,True,3373,4275,2008,0.4697076023391813,0.14526383388797365,0.4874853801169591,0.2063337124979738,,0.5401676359997509
egobody,egobody_recording_20220225_S24_S25_01_small_kinect_13_kinect_14_b02966,r1,small,20.71390052913915,2,ok,,True,,,,,0.3076072335243225,,,2,0.0022622229998887633
egobody,egobody_recording_20220225_S24_S25_01_small_kinect_13_kinect_14_b02966,r2,small,20.71390052913915,2,ok,,False,,,22,1.0,0.030682991570434304,,,2,0.07406989999981306
egobody,egobody_recording_20220225_S24_S25_01_small_kinect_13_kinect_14_b02966,r3,small,20.71390052913915,2,ok,,False,3578,3484,2469,0.7086681974741676,0.13897433890141883,0.7993685419058554,0.1815399672431488,,0.42559079300008307
egobody,egobody_recording_20220225_S24_S25_02_extreme_kinect_14_kinect_15_b03501,r1,extreme,120.16422565023468,2,ok,,True,,,,,2.2391514778137207,,,2,0.0022056060006434564
egobody,egobody_recording_20220225_S24_S25_02_extreme_kinect_14_kinect_15_b03501,r2,extreme,120.16422565023468,2,ok,,False,,,22,1.0,0.11878038873405695,,,2,0.07210848300019279
egobody,egobody_recording_20220225_S24_S25_02_extreme_kinect_14_kinect_15_b03501,r3,extreme,120.16422565023468,2,ok,,True,6015,5609,3780,0.6739169192369406,0.15149258682883762,0.7356034943840257,0.1903345519139863,,0.8761820519994217
egobody,egobody_recording_20220225_S24_S25_02_medium_kinect_12_kinect_15_b03501,r1,medium,59.47387894673275,2,ok,,True,,,,,1.2485159635543823,,,2,0.002242275999378762
egobody,egobody_recording_20220225_S24_S25_02_medium_kinect_12_kinect_15_b03501,r2,medium,59.47387894673275,2,ok,,False,,,22,1.0,0.10745595456455166,,,2,0.07334876000004442
egobody,egobody_recording_20220225_S24_S25_02_medium_kinect_12_kinect_15_b03501,r3,medium,59.47387894673275,2,ok,,True,4855,5609,2652,0.47281155286147264,0.14436298831885944,0.5352112676056338,0.1870596975738767,,0.6736035339999944
egobody,egobody_recording_20220225_S24_S25_02_small_kinect_13_kinect_14_b03501,r1,small,20.806914694474326,2,ok,,True,,,,,0.4721146821975708,,,2,0.0025736560000950703
egobody,egobody_recording_20220225_S24_S25_02_small_kinect_13_kinect_14_b03501,r2,small,20.806914694474326,2,ok,,False,,,22,1.0,0.06385651731470275,,,2,0.08256757100025425
egobody,egobody_recording_20220225_S24_S25_02_small_kinect_13_kinect_14_b03501,r3,small,20.806914694474326,2,ok,,False,4759,5954,3952,0.6637554585152838,0.14664403611621193,0.7643600940544172,0.19599233379830483,,0.8602461989994481
egobody,egobody_recording_20220225_S25_S24_01_extreme_kinect_15_kinect_14_b03341,r1,extreme,120.2698186712955,2,ok,,True,,,,,2.0451645851135254,,,2,0.0026215019997835043
egobody,egobody_recording_20220225_S25_S24_01_extreme_kinect_15_kinect_14_b03341,r2,extreme,120.2698186712955,2,ok,,False,,,22,1.0,0.09940771272754766,,,2,0.08020117300020502
egobody,egobody_recording_20220225_S25_S24_01_extreme_kinect_15_kinect_14_b03341,r3,extreme,120.2698186712955,2,ok,,True,3756,5902,2810,0.47610979329041003,0.15857261247506615,0.5516773974923754,0.21657993205757226,,0.842109177000566
egobody,egobody_recording_20220225_S25_S24_01_medium_kinect_15_kinect_12_b03341,r1,medium,59.493406479491085,2,ok,,True,,,,,1.1137161254882812,,,2,0.002120004000062181
egobody,egobody_recording_20220225_S25_S24_01_medium_kinect_15_kinect_12_b03341,r2,medium,59.493406479491085,2,ok,,False,,,22,1.0,0.05221254943409002,,,2,0.08347894800044742
egobody,egobody_recording_20220225_S25_S24_01_medium_kinect_15_kinect_12_b03341,r3,medium,59.493406479491085,2,ok,,True,3756,4626,2349,0.5077821011673151,0.15452278950956042,0.5203199308257674,0.20364071393403074,,0.6376477089997934
egobody,egobody_recording_20220225_S25_S24_01_small_kinect_13_kinect_14_b03341,r1,small,20.87329839801906,2,ok,,True,,,,,0.43143579363822937,,,2,0.0023763290000715642
egobody,egobody_recording_20220225_S25_S24_01_small_kinect_13_kinect_14_b03341,r2,small,20.87329839801906,2,ok,,False,,,22,1.0,0.05324057346838298,,,2,0.07375959299952228
egobody,egobody_recording_20220225_S25_S24_01_small_kinect_13_kinect_14_b03341,r3,small,20.87329839801906,2,ok,,False,3920,5902,3707,0.6280921721450355,0.15413730748345517,0.7214503558115893,0.20027855927256283,,0.7442239769998196
egobody,egobody_recording_20220225_S27_S26_01_extreme_kinect_15_kinect_14_b02876,r1,extreme,120.11809022820123,2,ok,,True,,,,,1.7571576833724976,,,2,0.002315144999556651
egobody,egobody_recording_20220225_S27_S26_01_extreme_kinect_15_kinect_14_b02876,r2,extreme,120.11809022820123,2,ok,,False,,,22,0.5909090909090909,0.16339868297644028,,,2,0.07236649100013892
egobody,egobody_recording_20220225_S27_S26_01_extreme_kinect_15_kinect_14_b02876,r3,extreme,120.11809022820123,2,ok,,True,3862,5199,2083,0.4006539719176765,0.15888924876541488,0.45335641469513366,0.2062246394156943,,0.6726023050005097
egobody,egobody_recording_20220225_S27_S26_01_medium_kinect_15_kinect_12_b02876,r1,medium,59.452379394418536,2,ok,,True,,,,,0.9340661764144897,,,2,0.0020925329999954556
egobody,egobody_recording_20220225_S27_S26_01_medium_kinect_15_kinect_12_b02876,r2,medium,59.452379394418536,2,ok,,False,,,22,1.0,0.03663372641045876,,,2,0.07279141700018954
egobody,egobody_recording_20220225_S27_S26_01_medium_kinect_15_kinect_12_b02876,r3,medium,59.452379394418536,2,ok,,True,3862,4183,2221,0.5309586421228784,0.14833730548414045,0.5381305283289505,0.21271227788472652,,0.3919952199994441
egobody,egobody_recording_20220225_S27_S26_01_small_kinect_14_kinect_13_b02876,r1,small,20.74358390434935,2,ok,,True,,,,,0.33262109756469727,,,2,0.0024849390001691063
egobody,egobody_recording_20220225_S27_S26_01_small_kinect_14_kinect_13_b02876,r2,small,20.74358390434935,2,ok,,False,,,22,1.0,0.0879419687821843,,,2,0.0881537400000525
egobody,egobody_recording_20220225_S27_S26_01_small_kinect_14_kinect_13_b02876,r3,small,20.74358390434935,2,ok,,False,4946,4355,3448,0.7917336394948336,0.13935651716688716,0.8870264064293915,0.17303803732753167,,0.7196583960003409
egobody,egobody_recording_20220225_S27_S26_02_extreme_kinect_15_kinect_14_b03911,r1,extreme,120.11809022820123,2,ok,,True,,,,,1.9951337575912476,,,2,0.002145342000403616
egobody,egobody_recording_20220225_S27_S26_02_extreme_kinect_15_kinect_14_b03911,r2,extreme,120.11809022820123,2,ok,,False,,,22,1.0,0.09411559416578864,,,2,0.08103742499952205
egobody,egobody_recording_20220225_S27_S26_02_extreme_kinect_15_kinect_14_b03911,r3,extreme,120.11809022820123,2,ok,,True,4695,5937,2562,0.4315310763011622,0.1509855961161843,0.5049688394812195,0.18895705265292437,,0.8930590619993382
egobody,egobody_recording_20220225_S27_S26_02_medium_kinect_12_kinect_15_b03911,r1,medium,59.452379394418536,2,ok,,True,,,,,0.9168730974197388,,,2,0.002312593000169727
egobody,egobody_recording_20220225_S27_S26_02_medium_kinect_12_kinect_15_b03911,r2,medium,59.452379394418536,2,ok,,True,,,22,0.6363636363636364,0.0504204313679899,,,2,0.08134278499983338
egobody,egobody_recording_20220225_S27_S26_02_medium_kinect_12_kinect_15_b03911,r3,medium,59.452379394418536,2,ok,,True,4934,3935,2166,0.5504447268106735,0.13730578303323857,0.5318932655654384,0.1965307391510781,,0.5401592949992846
egobody,egobody_recording_20220225_S27_S26_02_small_kinect_14_kinect_13_b03911,r1,small,20.74358390434935,2,ok,,True,,,,,0.5044756531715393,,,2,0.002222719000201323
egobody,egobody_recording_20220225_S27_S26_02_small_kinect_14_kinect_13_b03911,r2,small,20.74358390434935,2,ok,,False,,,22,1.0,0.06335767399909337,,,2,0.07607284000005166
egobody,egobody_recording_20220225_S27_S26_02_small_kinect_14_kinect_13_b03911,r3,small,20.74358390434935,2,ok,,False,5580,4551,3588,0.7883981542518128,0.14320191203731314,0.8013623379477038,0.1748712346903274,,0.6459011509996344
egobody,egobody_recording_20220225_S27_S26_03_extreme_kinect_14_kinect_15_b02455,r1,extreme,120.03136874972999,2,ok,,True,,,,,0.0,,,1,0.0012635900002351264
egobody,egobody_recording_20220225_S27_S26_03_extreme_kinect_14_kinect_15_b02455,r2,extreme,120.03136874972999,2,ok,,True,,,11,1.0,0.017784152774276963,,,1,0.07400897500065184
egobody,egobody_recording_20220225_S27_S26_03_extreme_kinect_14_kinect_15_b02455,r3,extreme,120.03136874972999,2,ok,,True,3531,3613,1860,0.5148076390810961,0.15129908297513414,0.5228342097979518,0.2264089489025176,,0.374072212000101
egobody,egobody_recording_20220225_S27_S26_03_medium_kinect_15_kinect_12_b02455,r1,medium,59.4400979150341,2,ok,,True,,,,,0.0,,,1,0.001388394000059634
egobody,egobody_recording_20220225_S27_S26_03_medium_kinect_15_kinect_12_b02455,r2,medium,59.4400979150341,2,ok,,False,,,11,1.0,0.010967795679173128,,,1,0.07117892200039933
egobody,egobody_recording_20220225_S27_S26_03_medium_kinect_15_kinect_12_b02455,r3,medium,59.4400979150341,2,ok,,False,3722,4322,2151,0.497686256362795,0.1370317237765214,0.5252198056455345,0.17309400935283178,,0.429191037000237
egobody,egobody_recording_20220225_S27_S26_03_small_kinect_14_kinect_13_b02455,r1,small,20.688272059067994,2,ok,,True,,,,,0.2864800691604614,,,2,0.00213708699993731
egobody,egobody_recording_20220225_S27_S26_03_small_kinect_14_kinect_13_b02455,r2,small,20.688272059067994,2,ok,,False,,,22,1.0,0.08436721130867215,,,2,0.08899436200044875
egobody,egobody_recording_20220225_S27_S26_03_small_kinect_14_kinect_13_b02455,r3,small,20.688272059067994,2,ok,,False,3531,3676,2865,0.779379760609358,0.14048342979702852,0.8019586507072906,0.19764333372111215,,0.4120504209995488
egobody,egobody_recording_20220225_S27_S26_04_extreme_kinect_15_kinect_14_b03731,r1,extreme,120.03136874972999,2,ok,,True,,,,,0.0,,,1,0.0014675490001536673
egobody,egobody_recording_20220225_S27_S26_04_extreme_kinect_15_kinect_14_b03731,r2,extreme,120.03136874972999,2,ok,,True,,,11,1.0,0.015480232140497296,,,1,0.07794640400061326
egobody,egobody_recording_20220225_S27_S26_04_extreme_kinect_15_kinect_14_b03731,r3,extreme,120.03136874972999,2,ok,,True,3377,3433,1308,0.3810078648412467,0.14783924109904953,0.3946985144188756,0.21493817540611357,,0.44735946800028614
egobody,egobody_recording_20220225_S27_S26_04_medium_kinect_15_kinect_12_b03731,r1,medium,59.4400979150341,2,ok,,True,,,,,0.0,,,1,0.0017151729998658993
egobody,egobody_recording_20220225_S27_S26_04_medium_kinect_15_kinect_12_b03731,r2,medium,59.4400979150341,2,ok,,False,,,11,1.0,0.00896961251107866,,,1,0.08695939199969871
egobody,egobody_recording_20220225_S27_S26_04_medium_kinect_15_kinect_12_b03731,r3,medium,59.4400979150341,2,ok,,True,3377,4412,2087,0.47302810516772437,0.14758637135725386,0.541704442429737,0.19032952069993722,,0.5634939190003934
egobody,egobody_recording_20220225_S27_S26_04_small_kinect_14_kinect_13_b03731,r1,small,20.688272059067994,2,ok,,True,,,,,0.22608833014965057,,,2,0.002365370999541483
egobody,egobody_recording_20220225_S27_S26_04_small_kinect_14_kinect_13_b03731,r2,small,20.688272059067994,2,ok,,False,,,22,1.0,0.05990074460417869,,,2,0.07418250499995338
egobody,egobody_recording_20220225_S27_S26_04_small_kinect_14_kinect_13_b03731,r3,small,20.688272059067994,2,ok,,False,3468,3586,2822,0.7869492470719465,0.14112365345910066,0.8368655883993308,0.18828517747595624,,0.37666176299990184
egobody,egobody_recording_20220312_S29_S28_01_extreme_kinect_15_kinect_14_b03231,r1,extreme,115.13902477352097,2,ok,,True,,,,,1.5338042974472046,,,2,0.0021600000000034925
egobody,egobody_recording_20220312_S29_S28_01_extreme_kinect_15_kinect_14_b03231,r2,extreme,115.13902477352097,2,ok,,False,,,22,1.0,0.09607469467663696,,,2,0.07321876300011354
egobody,egobody_recording_20220312_S29_S28_01_extreme_kinect_15_kinect_14_b03231,r3,extreme,115.13902477352097,2,ok,,True,2086,3092,1339,0.4330530401034929,0.15357056280394746,0.5333117723156533,0.20223338225024914,,0.32544514700020954
egobody,egobody_recording_20220312_S29_S28_01_medium_kinect_12_kinect_15_b03231,r1,medium,51.06385423091083,2,ok,,True,,,,,0.6994589567184448,,,2,0.002490715000021737
egobody,egobody_recording_20220312_S29_S28_01_medium_kinect_12_kinect_15_b03231,r2,medium,51.06385423091083,2,ok,,False,,,22,1.0,0.05017558899040966,,,2,0.0838404209998771
egobody,egobody_recording_20220312_S29_S28_01_medium_kinect_12_kinect_15_b03231,r3,medium,51.06385423091083,2,ok,,True,2936,2209,1552,0.7025803531009507,0.13993819830379758,0.7700316885468538,0.17156826559573438,,0.29515600000013364
egobody,egobody_recording_20220312_S29_S28_01_small_kinect_11_kinect_15_b03231,r1,small,19.168336335397417,2,ok,,False,,,,,0.27199870347976685,,,2,0.0022686269994665054
egobody,egobody_recording_20220312_S29_S28_01_small_kinect_11_kinect_15_b03231,r2,small,19.168336335397417,2,ok,,False,,,22,1.0,0.0347451438840483,,,2,0.07648780699946656
egobody,egobody_recording_20220312_S29_S28_01_small_kinect_11_kinect_15_b03231,r3,small,19.168336335397417,2,ok,,False,2146,2209,1869,0.8460842009959257,0.12750468461500597,0.8048890900860117,0.19681305391704396,,0.26335194100010995
egobody,egobody_recording_20220312_S29_S28_02_extreme_kinect_14_kinect_15_b01761,r1,extreme,115.13399034269364,2,ok,,True,,,,,1.0577762126922607,,,2,0.002376421000008122
egobody,egobody_recording_20220312_S29_S28_02_extreme_kinect_14_kinect_15_b01761,r2,extreme,115.13399034269364,2,ok,,True,,,22,0.8181818181818182,0.12499520505237029,,,2,0.0788212220004425
egobody,egobody_recording_20220312_S29_S28_02_extreme_kinect_14_kinect_15_b01761,r3,extreme,115.13399034269364,2,ok,,True,2226,1764,1117,0.6332199546485261,0.13920629895339198,0.7465986394557823,0.19536968336199095,,0.30195299799925124
egobody,egobody_recording_20220312_S29_S28_02_medium_kinect_15_kinect_12_b01761,r1,medium,51.090667008210325,2,ok,,True,,,,,0.8483054041862488,,,2,0.0020060890001332154
egobody,egobody_recording_20220312_S29_S28_02_medium_kinect_15_kinect_12_b01761,r2,medium,51.090667008210325,2,ok,,False,,,22,1.0,0.09104093869498332,,,2,0.07422808600040298
egobody,egobody_recording_20220312_S29_S28_02_medium_kinect_15_kinect_12_b01761,r3,medium,51.090667008210325,2,ok,,False,1813,2855,1773,0.621015761821366,0.14513052109905566,0.7274956217162872,0.18981625069163088,,0.26434033700024884
egobody,egobody_recording_20220312_S29_S28_02_small_kinect_11_kinect_15_b01761,r1,small,19.202425575395196,2,ok,,True,,,,,0.29698505997657776,,,2,0.0021083639994685655
egobody,egobody_recording_20220312_S29_S28_02_small_kinect_11_kinect_15_b01761,r2,small,19.202425575395196,2,ok,,False,,,22,1.0,0.021818424435579242,,,2,0.07399593900026957
egobody,egobody_recording_20220312_S29_S28_02_small_kinect_11_kinect_15_b01761,r3,small,19.202425575395196,2,ok,,False,1943,1764,1568,0.8888888888888888,0.12912917408856261,0.9336734693877551,0.16982033100244495,,0.13505945899942162
egobody,egobody_recording_20220312_S29_S28_03_extreme_kinect_15_kinect_14_b03281,r1,extreme,115.13399034269364,2,ok,,True,,,,,1.6375768184661865,,,2,0.002247450000140816
egobody,egobody_recording_20220312_S29_S28_03_extreme_kinect_15_kinect_14_b03281,r2,extreme,115.13399034269364,2,ok,,False,,,22,1.0,0.10154808042012445,,,2,0.07491370600018854
egobody,egobody_recording_20220312_S29_S28_03_extreme_kinect_15_kinect_14_b03281,r3,extreme,115.13399034269364,2,ok,,True,1520,2211,1110,0.5020352781546812,0.14684822281826826,0.5771144278606966,0.20633716822999862,,0.18459181299931515
egobody,egobody_recording_20220312_S29_S28_03_medium_kinect_15_kinect_12_b03281,r1,medium,51.090667008210325,2,ok,,True,,,,,0.7855398654937744,,,2,0.002283726999849023
egobody,egobody_recording_20220312_S29_S28_03_medium_kinect_15_kinect_12_b03281,r2,medium,51.090667008210325,2,ok,,False,,,22,1.0,0.041567044263823266,,,2,0.07247789399934845
egobody,egobody_recording_20220312_S29_S28_03_medium_kinect_15_kinect_12_b03281,r3,medium,51.090667008210325,2,ok,,False,1520,2920,1660,0.5684931506849316,0.14337223132942856,0.6688356164383562,0.20856913550329442,,0.19393066500015266
egobody,egobody_recording_20220312_S29_S28_03_small_kinect_11_kinect_15_b03281,r1,small,19.202425575395196,2,ok,,True,,,,,0.30586135387420654,,,2,0.0024969879996206146
egobody,egobody_recording_20220312_S29_S28_03_small_kinect_11_kinect_15_b03281,r2,small,19.202425575395196,2,ok,,False,,,22,1.0,0.016625649493400722,,,2,0.0781060110002727
egobody,egobody_recording_20220312_S29_S28_03_small_kinect_11_kinect_15_b03281,r3,small,19.202425575395196,2,ok,,False,1852,1866,1600,0.857449088960343,0.12932674291330706,0.8938906752411575,0.1750814660289229,,0.214387820000411
egobody,egobody_recording_20220312_S29_S28_04_extreme_kinect_14_kinect_15_b04816,r1,extreme,115.13399034269364,2,ok,,True,,,,,0.0,,,1,0.0015527129999099998
egobody,egobody_recording_20220312_S29_S28_04_extreme_kinect_14_kinect_15_b04816,r2,extreme,115.13399034269364,2,ok,,False,,,11,1.0,0.015301984816791207,,,1,0.07469820900041668
egobody,egobody_recording_20220312_S29_S28_04_extreme_kinect_14_kinect_15_b04816,r3,extreme,115.13399034269364,2,ok,,True,2054,2006,1355,0.6754735792622134,0.1455232202401236,0.751246261216351,0.18982134852230692,,0.28901966699959303
egobody,egobody_recording_20220312_S29_S28_04_medium_kinect_12_kinect_15_b04816,r1,medium,51.090667008210325,2,ok,,True,,,,,0.727211058139801,,,2,0.0021224149995759944
egobody,egobody_recording_20220312_S29_S28_04_medium_kinect_12_kinect_15_b04816,r2,medium,51.090667008210325,2,ok,,False,,,22,0.5909090909090909,0.0881808617543978,,,2,0.07329444799961493
egobody,egobody_recording_20220312_S29_S28_04_medium_kinect_12_kinect_15_b04816,r3,medium,51.090667008210325,2,ok,,False,2892,2006,1511,0.7532402791625125,0.12675992815582704,0.7761714855433699,0.200080083825038,,0.31530127600035485
egobody,egobody_recording_20220312_S29_S28_04_small_kinect_15_kinect_11_b04816,r1,small,19.202425575395196,2,ok,,True,,,,,0.2174394130706787,,,2,0.0022477479997178307
egobody,egobody_recording_20220312_S29_S28_04_small_kinect_15_kinect_11_b04816,r2,small,19.202425575395196,2,ok,,False,,,22,1.0,0.05120929050852477,,,2,0.07378785500077356
egobody,egobody_recording_20220312_S29_S28_04_small_kinect_15_kinect_11_b04816,r3,small,19.202425575395196,2,ok,,False,1515,2003,1563,0.7803295057413879,0.1261571121503896,0.8567149276085871,0.16479537457926938,,0.2066502509997008
egobody,egobody_recording_20220312_S29_S28_05_extreme_kinect_15_kinect_14_b02786,r1,extreme,115.09910123030112,2,ok,,True,,,,,0.0,,,1,0.001247550999323721
egobody,egobody_recording_20220312_S29_S28_05_extreme_kinect_15_kinect_14_b02786,r2,extreme,115.09910123030112,2,ok,,True,,,11,1.0,0.006936436733030653,,,1,0.07156621400008589
egobody,egobody_recording_20220312_S29_S28_05_extreme_kinect_15_kinect_14_b02786,r3,extreme,115.09910123030112,2,ok,,True,2664,3072,1998,0.650390625,0.14225922139324784,0.6552734375,0.1826186562188246,,0.4528916909994223
egobody,egobody_recording_20220312_S29_S28_05_medium_kinect_15_kinect_12_b02786,r1,medium,51.07897717909217,2,ok,,True,,,,,0.0,,,1,0.0013044709994574077
egobody,egobody_recording_20220312_S29_S28_05_medium_kinect_15_kinect_12_b02786,r2,medium,51.07897717909217,2,ok,,False,,,11,1.0,0.014891611281642047,,,1,0.07132524600001489
egobody,egobody_recording_20220312_S29_S28_05_medium_kinect_15_kinect_12_b02786,r3,medium,51.07897717909217,2,ok,,False,2664,3229,2206,0.6831836481882936,0.13451986053088966,0.7745432022297926,0.17561905925885196,,0.3090805439996984
egobody,egobody_recording_20220312_S29_S28_05_small_kinect_11_kinect_15_b02786,r1,small,19.191924578423738,2,ok,,False,,,,,0.0,,,1,0.001438536000023305
egobody,egobody_recording_20220312_S29_S28_05_small_kinect_11_kinect_15_b02786,r2,small,19.191924578423738,2,ok,,False,,,11,1.0,0.007626914380203828,,,1,0.07425621299989871
egobody,egobody_recording_20220312_S29_S28_05_small_kinect_11_kinect_15_b02786,r3,small,19.191924578423738,2,ok,,False,2473,2337,1271,0.543859649122807,0.14526437909933979,0.6046213093709885,0.1973856430871645,,0.3086978619994625
egobody,egobody_recording_20220318_S31_S32_01_extreme_kinect_14_kinect_11_b03185,r1,extreme,177.47470299453147,2,ok,,True,,,,,0.12643545866012573,,,2,0.0021314309997251257
egobody,egobody_recording_20220318_S31_S32_01_extreme_kinect_14_kinect_11_b03185,r2,extreme,177.47470299453147,2,ok,,True,,,22,1.0,0.02604739230357691,,,2,0.07431161400018027
egobody,egobody_recording_20220318_S31_S32_01_extreme_kinect_14_kinect_11_b03185,r3,extreme,177.47470299453147,2,ok,,True,3255,2546,1419,0.5573448546739984,0.1645999683737498,0.6492537313432836,0.21291998061656287,,0.4137474930003009
egobody,egobody_recording_20220318_S31_S32_01_medium_kinect_14_kinect_13_b03185,r1,medium,116.1168296043275,2,ok,,True,,,,,1.0793697834014893,,,2,0.002209760999903665
egobody,egobody_recording_20220318_S31_S32_01_medium_kinect_14_kinect_13_b03185,r2,medium,116.1168296043275,2,ok,,True,,,22,1.0,0.03694268011644727,,,2,0.0772670719998132
egobody,egobody_recording_20220318_S31_S32_01_medium_kinect_14_kinect_13_b03185,r3,medium,116.1168296043275,2,ok,,True,3255,3757,1975,0.5256853872770828,0.16555594358805256,0.5770561618312483,0.22175430136246274,,0.5276056450002216
egobody,egobody_recording_20220318_S31_S32_01_small_kinect_11_kinect_12_b03185,r1,small,19.808472625035698,2,ok,,True,,,,,0.33877161145210266,,,2,0.00232252099976904
egobody,egobody_recording_20220318_S31_S32_01_small_kinect_11_kinect_12_b03185,r2,small,19.808472625035698,2,ok,,False,,,22,1.0,0.017437839419305524,,,2,0.07411844900070719
egobody,egobody_recording_20220318_S31_S32_01_small_kinect_11_kinect_12_b03185,r3,small,19.808472625035698,2,ok,,False,2433,2784,2021,0.725933908045977,0.13986771006842566,0.7722701149425287,0.1924112097369149,,0.3785997770000904
egobody,egobody_recording_20220318_S32_S31_01_extreme_kinect_11_kinect_14_b03251,r1,extreme,177.463142416097,2,ok,,True,,,,,0.10858152061700821,,,2,0.002174262999687926
egobody,egobody_recording_20220318_S32_S31_01_extreme_kinect_11_kinect_14_b03251,r2,extreme,177.463142416097,2,ok,,True,,,22,0.9090909090909091,0.07134485225661687,,,2,0.07238786300058564
egobody,egobody_recording_20220318_S32_S31_01_extreme_kinect_11_kinect_14_b03251,r3,extreme,177.463142416097,2,ok,,True,3394,3550,1858,0.5233802816901408,0.1526417421401509,0.5943661971830986,0.20005651715740896,,0.45509377399957884
egobody,egobody_recording_20220318_S32_S31_01_medium_kinect_13_kinect_14_b03251,r1,medium,116.1242600246617,2,ok,,True,,,,,1.6584720611572266,,,2,0.0021725189999415306
egobody,egobody_recording_20220318_S32_S31_01_medium_kinect_13_kinect_14_b03251,r2,medium,116.1242600246617,2,ok,,False,,,22,1.0,0.061587039907539914,,,2,0.07221408900022652
egobody,egobody_recording_20220318_S32_S31_01_medium_kinect_13_kinect_14_b03251,r3,medium,116.1242600246617,2,ok,,True,4414,3550,1883,0.5304225352112676,0.161872342457035,0.5966197183098592,0.2040714504235966,,0.4563294149993453
egobody,egobody_recording_20220318_S32_S31_01_small_kinect_11_kinect_12_b03251,r1,small,19.799048417466157,2,ok,,True,,,,,0.2911364734172821,,,2,0.002134573999683198
egobody,egobody_recording_20220318_S32_S31_01_small_kinect_11_kinect_12_b03251,r2,small,19.799048417466157,2,ok,,False,,,22,1.0,0.0773311064226668,,,2,0.0766731579997213
egobody,egobody_recording_20220318_S32_S31_01_small_kinect_11_kinect_12_b03251,r3,small,19.799048417466157,2,ok,,False,3394,2935,2406,0.8197614991482113,0.1361469744186717,0.889267461669506,0.18457477984786852,,0.3450524829995629
egobody,egobody_recording_20220318_S32_S31_02_extreme_kinect_14_kinect_11_b03001,r1,extreme,177.46908434331888,2,ok,,True,,,,,0.11116699874401093,,,2,0.001997439000660961
egobody,egobody_recording_20220318_S32_S31_02_extreme_kinect_14_kinect_11_b03001,r2,extreme,177.46908434331888,2,ok,,True,,,22,1.0,0.05908731713043762,,,2,0.07433817499986617
egobody,egobody_recording_20220318_S32_S31_02_extreme_kinect_14_kinect_11_b03001,r3,extreme,177.46908434331888,2,ok,,True,3728,2938,1732,0.5895166780122533,0.15901653238227584,0.6960517358747447,0.20093418394289572,,0.48539453300054447
egobody,egobody_recording_20220318_S32_S31_02_medium_kinect_13_kinect_14_b03001,r1,medium,116.21867345125742,2,ok,,True,,,,,1.2263211011886597,,,2,0.0021304349993442884
egobody,egobody_recording_20220318_S32_S31_02_medium_kinect_13_kinect_14_b03001,r2,medium,116.21867345125742,2,ok,,True,,,22,1.0,0.050254112053022944,,,2,0.0874736120003945
egobody,egobody_recording_20220318_S32_S31_02_medium_kinect_13_kinect_14_b03001,r3,medium,116.21867345125742,2,ok,,True,4559,2978,1690,0.5674949630624581,0.15481872356968704,0.5916722632639355,0.19895059843874194,,0.466610768999999
egobody,egobody_recording_20220318_S32_S31_02_small_kinect_11_kinect_12_b03001,r1,small,19.80446864421221,2,ok,,False,,,,,0.32043278217315674,,,2,0.0025688069999887375
egobody,egobody_recording_20220318_S32_S31_02_small_kinect_11_kinect_12_b03001,r2,small,19.80446864421221,2,ok,,False,,,22,1.0,0.028417373995457785,,,2,0.08244612100043014
egobody,egobody_recording_20220318_S32_S31_02_small_kinect_11_kinect_12_b03001,r3,small,19.80446864421221,2,ok,,False,3485,3189,2447,0.7673251803073063,0.13721233121352944,0.8529319535904673,0.1643980733415549,,0.3887132019999626
egobody,egobody_recording_20220318_S33_S34_01_extreme_kinect_14_kinect_11_b03921,r1,extreme,177.41669257912048,2,ok,,True,,,,,1.1254538297653198,,,2,0.002263525000671507
egobody,egobody_recording_20220318_S33_S34_01_extreme_kinect_14_kinect_11_b03921,r2,extreme,177.41669257912048,2,ok,,False,,,22,1.0,0.061720564251333015,,,2,0.07242524299999786
egobody,egobody_recording_20220318_S33_S34_01_extreme_kinect_14_kinect_11_b03921,r3,extreme,177.41669257912048,2,ok,,True,3458,2909,1563,0.5372980405637676,0.1561775484966601,0.6562392574767961,0.20561891546131197,,0.46930382899972756
egobody,egobody_recording_20220318_S33_S34_01_medium_kinect_13_kinect_14_b03921,r1,medium,116.04562885726455,2,ok,,True,,,,,1.0077486038208008,,,2,0.002631451000524976
egobody,egobody_recording_20220318_S33_S34_01_medium_kinect_13_kinect_14_b03921,r2,medium,116.04562885726455,2,ok,,False,,,22,1.0,0.03832583627857055,,,2,0.07596936800018739
egobody,egobody_recording_20220318_S33_S34_01_medium_kinect_13_kinect_14_b03921,r3,medium,116.04562885726455,2,ok,,True,4507,3211,1615,0.5029585798816568,0.15360465338496995,0.5668016194331984,0.20696745261426863,,0.4487279640006818
egobody,egobody_recording_20220318_S33_S34_01_small_kinect_12_kinect_11_b03921,r1,small,19.758426189077163,2,ok,,True,,,,,0.19060677289962769,,,2,0.0020668619999923976
egobody,egobody_recording_20220318_S33_S34_01_small_kinect_12_kinect_11_b03921,r2,small,19.758426189077163,2,ok,,False,,,22,1.0,0.015013900541820557,,,2,0.0759872879998511
egobody,egobody_recording_20220318_S33_S34_01_small_kinect_12_kinect_11_b03921,r3,small,19.758426189077163,2,ok,,False,3043,2909,1889,0.6493640426263321,0.12899932625441612,0.6909590924716398,0.1787065987649352,,0.3746589349993883
egobody,egobody_recording_20220318_S33_S34_02_extreme_kinect_11_kinect_14_b03381,r1,extreme,177.412171599804,2,ok,,True,,,,,0.07623564451932907,,,2,0.0025079799997911323
egobody,egobody_recording_20220318_S33_S34_02_extreme_kinect_11_kinect_14_b03381,r2,extreme,177.412171599804,2,ok,,True,,,22,1.0,0.03672136379415267,,,2,0.0747978379995402
egobody,egobody_recording_20220318_S33_S34_02_extreme_kinect_11_kinect_14_b03381,r3,extreme,177.412171599804,2,ok,,True,3030,3547,1641,0.4626444882999718,0.16386578357660433,0.5241048773611503,0.20899647870779675,,0.43636467099986476
egobody,egobody_recording_20220318_S33_S34_02_medium_kinect_14_kinect_13_b03381,r1,medium,116.08341309765864,2,ok,,True,,,,,0.7685234546661377,,,2,0.0023120650002965704
egobody,egobody_recording_20220318_S33_S34_02_medium_kinect_14_kinect_13_b03381,r2,medium,116.08341309765864,2,ok,,True,,,22,1.0,0.08867549893161007,,,2,0.07765404000019771
egobody,egobody_recording_20220318_S33_S34_02_medium_kinect_14_kinect_13_b03381,r3,medium,116.08341309765864,2,ok,,True,3147,4504,1615,0.3585701598579041,0.16854263697478455,0.4675843694493783,0.22051119972863872,,0.5735522530003436
egobody,egobody_recording_20220318_S33_S34_02_small_kinect_12_kinect_11_b03381,r1,small,19.758590485021195,2,ok,,True,,,,,0.2979871332645416,,,2,0.0022194140001374763
egobody,egobody_recording_20220318_S33_S34_02_small_kinect_12_kinect_11_b03381,r2,small,19.758590485021195,2,ok,,False,,,22,1.0,0.024016818499451874,,,2,0.07421400500061281
egobody,egobody_recording_20220318_S33_S34_02_small_kinect_12_kinect_11_b03381,r3,small,19.758590485021195,2,ok,,False,3015,3839,2560,0.6668403230007814,0.14825811461455984,0.7423808283407137,0.19579223655289021,,0.41648213999997097
egobody,egobody_recording_20220318_S34_S33_01_extreme_kinect_11_kinect_14_b02656,r1,extreme,177.65196146631197,2,ok,,True,,,,,1.5939157009124756,,,2,0.0020474370003285003
egobody,egobody_recording_20220318_S34_S33_01_extreme_kinect_11_kinect_14_b02656,r2,extreme,177.65196146631197,2,ok,,False,,,22,0.5,0.016651131238886743,,,2,0.07216890700055956
egobody,egobody_recording_20220318_S34_S33_01_extreme_kinect_11_kinect_14_b02656,r3,extreme,177.65196146631197,2,ok,,True,2340,2893,987,0.341168337366056,0.15850250217995593,0.40200483926719666,0.21269697322643136,,0.3558679799998572
egobody,egobody_recording_20220318_S34_S33_01_medium_kinect_14_kinect_13_b02656,r1,medium,116.09364276526574,2,ok,,True,,,,,1.4698591232299805,,,2,0.0020644500000344124
egobody,egobody_recording_20220318_S34_S33_01_medium_kinect_14_kinect_13_b02656,r2,medium,116.09364276526574,2,ok,,False,,,22,0.8636363636363636,0.1607845783705342,,,2,0.07246818800012989
egobody,egobody_recording_20220318_S34_S33_01_medium_kinect_14_kinect_13_b02656,r3,medium,116.09364276526574,2,ok,,True,2885,3216,1464,0.4552238805970149,0.16582748992958501,0.49844527363184077,0.2154815517022456,,0.43696187299974554
egobody,egobody_recording_20220318_S34_S33_01_small_kinect_12_kinect_11_b02656,r1,small,19.94263228193401,2,ok,,True,,,,,0.1326160430908203,,,2,0.0026906299999609473
egobody,egobody_recording_20220318_S34_S33_01_small_kinect_12_kinect_11_b02656,r2,small,19.94263228193401,2,ok,,True,,,22,1.0,0.05901460325995534,,,2,0.08753211600014765
egobody,egobody_recording_20220318_S34_S33_01_small_kinect_12_kinect_11_b02656,r3,small,19.94263228193401,2,ok,,False,2747,2518,1875,0.7446386020651311,0.13748442664664878,0.8212867355043686,0.19814776718674118,,0.24094122400038032
egobody,egobody_recording_20220318_S34_S33_02_extreme_kinect_11_kinect_14_b04321,r1,extreme,177.65196146631197,2,ok,,True,,,,,1.9446617364883423,,,2,0.0021925250002823304
egobody,egobody_recording_20220318_S34_S33_02_extreme_kinect_11_kinect_14_b04321,r2,extreme,177.65196146631197,2,ok,,False,,,22,1.0,0.08825901414300961,,,2,0.08102105499983736
egobody,egobody_recording_20220318_S34_S33_02_extreme_kinect_11_kinect_14_b04321,r3,extreme,177.65196146631197,2,ok,,True,2869,3479,1171,0.3365909744179362,0.15847471083335746,0.4027019258407588,0.20772106456953426,,0.4730584559993076
egobody,egobody_recording_20220318_S34_S33_02_medium_kinect_13_kinect_14_b04321,r1,medium,116.09364276526574,2,ok,,True,,,,,1.528595209121704,,,2,0.0021495869996215333
egobody,egobody_recording_20220318_S34_S33_02_medium_kinect_13_kinect_14_b04321,r2,medium,116.09364276526574,2,ok,,False,,,22,0.5909090909090909,0.12506418034969108,,,2,0.07708541699958005
egobody,egobody_recording_20220318_S34_S33_02_medium_kinect_13_kinect_14_b04321,r3,medium,116.09364276526574,2,ok,,True,4503,3479,1735,0.4987065248634665,0.155460475003435,0.5947111238861742,0.19739148788732247,,0.6254779110004165
egobody,egobody_recording_20220318_S34_S33_02_small_kinect_12_kinect_11_b04321,r1,small,19.94263228193401,2,ok,,True,,,,,0.26901063323020935,,,2,0.002075119000437553
egobody,egobody_recording_20220318_S34_S33_02_small_kinect_12_kinect_11_b04321,r2,small,19.94263228193401,2,ok,,False,,,22,1.0,0.137670619357227,,,2,0.07376192799983983
egobody,egobody_recording_20220318_S34_S33_02_small_kinect_12_kinect_11_b04321,r3,small,19.94263228193401,2,ok,,False,3433,3054,2151,0.7043222003929273,0.12697962955235806,0.7783235101506222,0.17234613517341835,,0.40659986900027434
egobody,egobody_recording_20220318_S34_S33_03_extreme_kinect_11_kinect_14_b03186,r1,extreme,177.44670276946619,2,ok,,True,,,,,1.6070153713226318,,,2,0.0025267490000260295
egobody,egobody_recording_20220318_S34_S33_03_extreme_kinect_11_kinect_14_b03186,r2,extreme,177.44670276946619,2,ok,,False,,,22,1.0,0.03874730306154742,,,2,0.08866385700002866
egobody,egobody_recording_20220318_S34_S33_03_extreme_kinect_11_kinect_14_b03186,r3,extreme,177.44670276946619,2,ok,,True,3604,3808,1970,0.5173319327731093,0.1477614634853003,0.5766806722689075,0.19610453093130337,,0.5170457920003173
egobody,egobody_recording_20220318_S34_S33_03_medium_kinect_14_kinect_13_b03186,r1,medium,116.09037414376164,2,ok,,True,,,,,1.4220925569534302,,,2,0.002059561999885773
egobody,egobody_recording_20220318_S34_S33_03_medium_kinect_14_kinect_13_b03186,r2,medium,116.09037414376164,2,ok,,False,,,22,0.8636363636363636,0.17083466346601547,,,2,0.07228004399985366
egobody,egobody_recording_20220318_S34_S33_03_medium_kinect_14_kinect_13_b03186,r3,medium,116.09037414376164,2,ok,,True,3349,4573,2022,0.4421605073256068,0.1631750927860539,0.5313798381806254,0.21459830643558359,,0.6825527700002567
egobody,egobody_recording_20220318_S34_S33_03_small_kinect_11_kinect_12_b03186,r1,small,19.77927135891685,2,ok,,False,,,,,0.29969924688339233,,,2,0.0021499029999176855
egobody,egobody_recording_20220318_S34_S33_03_small_kinect_11_kinect_12_b03186,r2,small,19.77927135891685,2,ok,,False,,,22,1.0,0.11238352669449259,,,2,0.07597718600027292
egobody,egobody_recording_20220318_S34_S33_03_small_kinect_11_kinect_12_b03186,r3,small,19.77927135891685,2,ok,,False,3604,3764,2840,0.7545164718384697,0.14349771017312932,0.8549415515409139,0.17771745551218188,,0.47460580300048605
egobody,egobody_recording_20220415_S35_S36_01_extreme_kinect_14_kinect_13_b02261,r1,extreme,172.49988670938046,2,ok,,True,,,,,1.6922500133514404,,,2,0.0022677309998471173
egobody,egobody_recording_20220415_S35_S36_01_extreme_kinect_14_kinect_13_b02261,r2,extreme,172.49988670938046,2,ok,,False,,,22,1.0,0.040451029303582284,,,2,0.07518584199988254
egobody,egobody_recording_20220415_S35_S36_01_extreme_kinect_14_kinect_13_b02261,r3,extreme,172.49988670938046,2,ok,,True,2974,2027,1547,0.7631968426245683,0.14901786157531763,0.8519980266403552,0.1963715694110345,,0.24612872899979266
egobody,egobody_recording_20220415_S35_S36_01_medium_kinect_15_kinect_13_b02261,r1,medium,88.68425090421236,2,ok,,True,,,,,1.1193586587905884,,,2,0.002132571999936772
egobody,egobody_recording_20220415_S35_S36_01_medium_kinect_15_kinect_13_b02261,r2,medium,88.68425090421236,2,ok,,False,,,22,1.0,0.057482483724739034,,,2,0.07513403600023594
egobody,egobody_recording_20220415_S35_S36_01_medium_kinect_15_kinect_13_b02261,r3,medium,88.68425090421236,2,ok,,True,2169,2027,1291,0.6369018253576715,0.15649910689071805,0.7474099654662062,0.2146335473895021,,0.33027034499991714
egobody,egobody_recording_20220415_S35_S36_01_small_kinect_11_kinect_12_b02261,r1,small,31.106017345157483,2,ok,,True,,,,,0.4256208539009094,,,2,0.002910524000071746
egobody,egobody_recording_20220415_S35_S36_01_small_kinect_11_kinect_12_b02261,r2,small,31.106017345157483,2,ok,,False,,,22,1.0,0.03715880963054841,,,2,0.0856545050000932
egobody,egobody_recording_20220415_S35_S36_01_small_kinect_11_kinect_12_b02261,r3,small,31.106017345157483,2,ok,,False,2345,2346,1873,0.7983802216538789,0.14193223026790452,0.8836317135549873,0.18082020587432984,,0.3132543789997726
egobody,egobody_recording_20220415_S35_S36_02_extreme_kinect_13_kinect_14_b02241,r1,extreme,172.53482342388367,2,ok,,True,,,,,1.602009654045105,,,2,0.0022307549998004106
egobody,egobody_recording_20220415_S35_S36_02_extreme_kinect_13_kinect_14_b02241,r2,extreme,172.53482342388367,2,ok,,False,,,22,1.0,0.04200017496250063,,,2,0.07237559300028806
egobody,egobody_recording_20220415_S35_S36_02_extreme_kinect_13_kinect_14_b02241,r3,extreme,172.53482342388367,2,ok,,True,2170,3296,1838,0.5576456310679612,0.14981872547382893,0.6225728155339806,0.18939681076681034,,0.3784946050000144
egobody,egobody_recording_20220415_S35_S36_02_medium_kinect_13_kinect_15_b02241,r1,medium,88.71913291540228,2,ok,,True,,,,,1.0261083841323853,,,2,0.002193313000134367
egobody,egobody_recording_20220415_S35_S36_02_medium_kinect_13_kinect_15_b02241,r2,medium,88.71913291540228,2,ok,,False,,,22,1.0,0.058695162951275526,,,2,0.07217026299986173
egobody,egobody_recording_20220415_S35_S36_02_medium_kinect_13_kinect_15_b02241,r3,medium,88.71913291540228,2,ok,,True,2170,2779,1473,0.5300467794170565,0.15554173886335212,0.6185678301547319,0.20077989347113995,,0.31417186799990304
egobody,egobody_recording_20220415_S35_S36_02_small_kinect_11_kinect_12_b02241,r1,small,31.096398207097053,2,ok,,True,,,,,0.3812442421913147,,,2,0.0020027709997521015
egobody,egobody_recording_20220415_S35_S36_02_small_kinect_11_kinect_12_b02241,r2,small,31.096398207097053,2,ok,,False,,,22,1.0,0.03784651929220537,,,2,0.07210681099968497
egobody,egobody_recording_20220415_S35_S36_02_small_kinect_11_kinect_12_b02241,r3,small,31.096398207097053,2,ok,,False,2901,2916,2399,0.8227023319615913,0.13487604696881697,0.9101508916323731,0.17089885202098354,,0.2747551150005165
egohumans,ego_test_badminton_001_badminton_large_cam11_cam15_b00301,r1,large,129.11100777070405,4,ok,,True,,,,,4.703219890594482,,,3,0.005304628983139992
egohumans,ego_test_badminton_001_badminton_large_cam11_cam15_b00301,r2,large,129.11100777070405,4,ransac_failed,prediction-only inlier ratio below frozen threshold,True,,,33,0.3333333333333333,,,,3,0.09667616314254701
egohumans,ego_test_badminton_001_badminton_large_cam11_cam15_b00301,r3,large,129.11100777070405,4,ok,,True,73125,13979,2607,0.18649402675441734,0.054036766454025054,0.32412905071893555,0.0795996268019096,,42.459434036165476
egohumans,ego_test_badminton_001_badminton_medium_cam02_cam15_b00301,r1,medium,84.89051940767783,4,ok,,True,,,,,3.4843454360961914,,,3,0.01145181804895401
egohumans,ego_test_badminton_001_badminton_medium_cam02_cam15_b00301,r2,medium,84.89051940767783,4,ok,,True,,,33,0.6363636363636364,0.08439511837449186,,,3,0.12395211891271174
egohumans,ego_test_badminton_001_badminton_medium_cam02_cam15_b00301,r3,medium,84.89051940767783,4,ok,,True,25661,13979,1499,0.10723227698690893,0.0524774460155963,0.1626010444237785,0.07617239165964806,,12.440066938987002
egohumans,ego_test_badminton_001_badminton_small_cam06_cam02_b00301,r1,small,26.643837491418292,4,ok,,True,,,,,3.5434577465057373,,,5,0.013726070988923311
egohumans,ego_test_badminton_001_badminton_small_cam06_cam02_b00301,r2,small,26.643837491418292,4,ransac_failed,prediction-only inlier ratio below frozen threshold,True,,,55,0.38181818181818183,,,,5,0.10849063703790307
egohumans,ego_test_badminton_001_badminton_small_cam06_cam02_b00301,r3,small,26.643837491418292,4,icp_failed,prediction-only ICP fitness/residual gate failed,True,24084,30783,655,0.021277978104798104,0.05760790343580549,,,,24.43109299009666
egohumans,ego_test_badminton_005_badminton_extreme_cam13_cam01_b00326,r1,extreme,179.07621644799116,4,ok,,True,,,,,0.6257802844047546,,,2,0.003360354108735919
egohumans,ego_test_badminton_005_badminton_extreme_cam13_cam01_b00326,r2,extreme,179.07621644799116,4,ok,,True,,,22,0.5,0.028513268866542544,,,2,0.11519164103083313
egohumans,ego_test_badminton_005_badminton_extreme_cam13_cam01_b00326,r3,extreme,179.07621644799116,4,icp_failed,prediction-only ICP fitness/residual gate failed,True,48369,14663,283,0.019300279615358386,0.05912091857527552,,,,23.11157459905371
egohumans,ego_test_badminton_005_badminton_large_cam11_cam15_b00326,r1,large,129.11100777070405,4,ok,,True,,,,,2.081416130065918,,,3,0.010105255991220474
egohumans,ego_test_badminton_005_badminton_large_cam11_cam15_b00326,r2,large,129.11100777070405,4,ransac_failed,prediction-only inlier ratio below frozen threshold,True,,,33,0.3333333333333333,,,,3,0.12341577908955514
egohumans,ego_test_badminton_005_badminton_large_cam11_cam15_b00326,r3,large,129.11100777070405,4,ok,,True,72394,16204,2122,0.13095531967415452,0.05930884019195526,0.29992594421130586,0.0855211234197102,,34.6008554790169
egohumans,ego_test_badminton_005_badminton_medium_cam02_cam15_b00326,r1,medium,84.89051940767783,4,ok,,True,,,,,3.7566356658935547,,,3,0.011966131860390306
egohumans,ego_test_badminton_005_badminton_medium_cam02_cam15_b00326,r2,medium,84.89051940767783,4,ransac_failed,prediction-only inlier ratio below frozen threshold,True,,,33,0.3333333333333333,,,,3,0.12009576591663063
egohumans,ego_test_badminton_005_badminton_medium_cam02_cam15_b00326,r3,medium,84.89051940767783,4,ok,,True,20249,16204,1362,0.08405332016785978,0.05406277168934916,0.11052826462601827,0.07848697007329354,,12.639516731956974
egohumans,ego_test_badminton_005_badminton_small_cam02_cam06_b00326,r1,small,26.643837491418292,4,ok,,True,,,,,3.4462006092071533,,,3,0.022967885015532374
egohumans,ego_test_badminton_005_badminton_small_cam02_cam06_b00326,r2,small,26.643837491418292,4,ransac_failed,prediction-only inlier ratio below frozen threshold,True,,,33,0.3333333333333333,,,,3,0.11383785703219473
egohumans,ego_test_badminton_005_badminton_small_cam02_cam06_b00326,r3,small,26.643837491418292,4,icp_failed,prediction-only ICP fitness/residual gate failed,True,20249,22107,520,0.023521961369701905,0.05662916793364219,,,,14.457435486838222
egohumans,ego_test_basketball_001_basketball_extreme_cam05_cam04_b00301,r1,extreme,175.7926702306491,4,ok,,True,,,,,5.291567325592041,,,4,0.009390152059495449
egohumans,ego_test_basketball_001_basketball_extreme_cam05_cam04_b00301,r2,extreme,175.7926702306491,4,ok,,True,,,44,0.5,0.04420022010806657,,,4,0.12604585802182555
egohumans,ego_test_basketball_001_basketball_extreme_cam05_cam04_b00301,r3,extreme,175.7926702306491,4,ransac_failed,FPFH/RANSAC correspondence set below frozen threshold,True,39449,38834,0,0.0,0.0,,,,46.61403050785884
egohumans,ego_test_basketball_001_basketball_large_cam05_cam01_b00301,r1,large,135.63601485679797,4,ok,,True,,,,,1.6832749843597412,,,4,0.03005448286421597
egohumans,ego_test_basketball_001_basketball_large_cam05_cam01_b00301,r2,large,135.63601485679797,4,ransac_failed,prediction-only inlier ratio below frozen threshold,True,,,44,0.36363636363636365,,,,4,0.1171922660432756
egohumans,ego_test_basketball_001_basketball_large_cam05_cam01_b00301,r3,large,135.63601485679797,4,ransac_failed,FPFH/RANSAC correspondence set below frozen threshold,True,39449,48006,0,0.0,0.0,,,,75.77561095007695
egohumans,ego_test_basketball_001_basketball_medium_cam01_cam03_b00301,r1,medium,89.37582102596456,4,ok,,True,,,,,3.8682878017425537,,,3,0.006675380049273372
egohumans,ego_test_basketball_001_basketball_medium_cam01_cam03_b00301,r2,medium,89.37582102596456,4,ok,,True,,,33,0.6363636363636364,0.11732003725825876,,,3,0.09309566603042185
egohumans,ego_test_basketball_001_basketball_medium_cam01_cam03_b00301,r3,medium,89.37582102596456,4,icp_failed,prediction-only ICP fitness/residual gate failed,True,44531,40387,808,0.020006437715106348,0.05792759531130216,,,,55.84659668803215
egohumans,ego_test_basketball_001_basketball_small_cam06_cam03_b00301,r1,small,46.97895939215392,4,ok,,True,,,,,2.9731476306915283,,,3,0.009853788884356618
egohumans,ego_test_basketball_001_basketball_small_cam06_cam03_b00301,r2,small,46.97895939215392,4,ok,,True,,,33,0.6666666666666666,0.06538317255215742,,,3,0.21879481617361307
egohumans,ego_test_basketball_001_basketball_small_cam06_cam03_b00301,r3,small,46.97895939215392,4,icp_failed,prediction-only ICP fitness/residual gate failed,True,48302,40387,1155,0.02859831133780672,0.05719192504354835,,,,67.6843594389502
egohumans,ego_test_basketball_002_basketball_extreme_cam04_cam05_b00301,r1,extreme,175.7926702306491,4,ok,,True,,,,,1.6044089794158936,,,2,0.004871367011219263
egohumans,ego_test_basketball_002_basketball_extreme_cam04_cam05_b00301,r2,extreme,175.7926702306491,4,ok,,True,,,22,0.5,0.019886809625737106,,,2,0.13602304900996387
egohumans,ego_test_basketball_002_basketball_extreme_cam04_cam05_b00301,r3,extreme,175.7926702306491,4,icp_failed,prediction-only ICP fitness/residual gate failed,True,40273,26824,280,0.010438413361169102,0.05751706803682065,,,,37.525625098031014
egohumans,ego_test_basketball_002_basketball_large_cam01_cam05_b00301,r1,large,135.63601485679797,4,ok,,True,,,,,2.738920211791992,,,3,0.006925221066921949
egohumans,ego_test_basketball_002_basketball_large_cam01_cam05_b00301,r2,large,135.63601485679797,4,ok,,True,,,33,0.6666666666666666,0.06504460767673675,,,3,0.12076557916589081
egohumans,ego_test_basketball_002_basketball_large_cam01_cam05_b00301,r3,large,135.63601485679797,4,icp_failed,prediction-only ICP fitness/residual gate failed,True,45828,26824,850,0.03168804056069192,0.05906483672241247,,,,35.36018328508362
egohumans,ego_test_basketball_002_basketball_medium_cam03_cam01_b00301,r1,medium,89.37582102596456,4,ok,,True,,,,,1.6066350936889648,,,2,0.0068608170840889215
egohumans,ego_test_basketball_002_basketball_medium_cam03_cam01_b00301,r2,medium,89.37582102596456,4,ok,,True,,,22,0.5,0.008689431768343381,,,2,0.1297511390876025
egohumans,ego_test_basketball_002_basketball_medium_cam03_cam01_b00301,r3,medium,89.37582102596456,4,icp_failed,prediction-only ICP fitness/residual gate failed,True,39526,51612,444,0.008602650546384562,0.05719662996091362,,,,63.29565412807278
egohumans,ego_test_basketball_002_basketball_small_cam06_cam03_b00301,r1,small,46.97895939215392,4,ok,,True,,,,,0.8904165625572205,,,2,0.004207937978208065
egohumans,ego_test_basketball_002_basketball_small_cam06_cam03_b00301,r2,small,46.97895939215392,4,ok,,True,,,22,1.0,0.100364168894329,,,2,0.09314157790504396
egohumans,ego_test_basketball_002_basketball_small_cam06_cam03_b00301,r3,small,46.97895939215392,4,icp_failed,prediction-only ICP fitness/residual gate failed,True,41617,42013,282,0.006712208126056221,0.055737319094334846,,,,60.225271242903545
egohumans,ego_test_basketball_003_basketball_medium_cam03_cam01_b00286,r1,medium,89.37582102596456,4,ok,,True,,,,,2.577990770339966,,,2,0.004200855968520045
egohumans,ego_test_basketball_003_basketball_medium_cam03_cam01_b00286,r2,medium,89.37582102596456,4,ok,,True,,,22,0.5909090909090909,0.10056885596060426,,,2,0.0930637379642576
egohumans,ego_test_basketball_003_basketball_medium_cam03_cam01_b00286,r3,medium,89.37582102596456,4,ransac_failed,FPFH/RANSAC correspondence set below frozen threshold,True,37543,44494,0,0.0,0.0,,,,45.11763831600547
egohumans,ego_test_basketball_003_basketball_small_cam03_cam06_b00286,r1,small,46.97895939215392,4,ok,,True,,,,,2.063974380493164,,,2,0.003046870930120349
egohumans,ego_test_basketball_003_basketball_small_cam03_cam06_b00286,r2,small,46.97895939215392,4,ok,,True,,,22,0.5,0.012669812846842632,,,2,0.11095774499699473
egohumans,ego_test_basketball_003_basketball_small_cam03_cam06_b00286,r3,small,46.97895939215392,4,icp_failed,prediction-only ICP fitness/residual gate failed,True,37543,40684,334,0.008209615573689903,0.05222637515713601,,,,47.10357963596471
egohumans,ego_test_fencing_001_fencing_extreme_cam10_cam07_b00301,r1,extreme,179.63049026315505,3,ok,,True,,,,,2.232339382171631,,,2,0.005137762986123562
egohumans,ego_test_fencing_001_fencing_extreme_cam10_cam07_b00301,r2,extreme,179.63049026315505,3,ok,,True,,,22,0.5,0.009209397375513292,,,2,0.09334706189110875
egohumans,ego_test_fencing_001_fencing_extreme_cam10_cam07_b00301,r3,extreme,179.63049026315505,3,ok,,True,34365,16903,2455,0.14524048985387208,0.05585364655147082,0.2128024611015796,0.07290557699525116,,21.99010677705519
egohumans,ego_test_fencing_001_fencing_large_cam14_cam03_b00301,r1,large,124.72057936413194,3,ok,,True,,,,,3.36426043510437,,,3,0.00819961610250175
egohumans,ego_test_fencing_001_fencing_large_cam14_cam03_b00301,r2,large,124.72057936413194,3,ok,,True,,,33,0.6666666666666666,0.05607198948168233,,,3,0.1397804708685726
egohumans,ego_test_fencing_001_fencing_large_cam14_cam03_b00301,r3,large,124.72057936413194,3,ok,,True,21589,11034,2350,0.21297806779046582,0.054550116146570904,0.1914083741163676,0.07589055370184718,,14.101672368124127
egohumans,ego_test_fencing_001_fencing_medium_cam13_cam10_b00301,r1,medium,78.5930968243489,3,ok,,True,,,,,2.1169700622558594,,,2,0.008689656853675842
egohumans,ego_test_fencing_001_fencing_medium_cam13_cam10_b00301,r2,medium,78.5930968243489,3,ok,,True,,,22,0.5,0.020238867672393326,,,2,0.12732363305985928
egohumans,ego_test_fencing_001_fencing_medium_cam13_cam10_b00301,r3,medium,78.5930968243489,3,ok,,True,12611,23919,2473,0.10339060997533342,0.05586504810472373,0.10840754212132614,0.08430738338628427,,15.876643603900447
egohumans,ego_test_fencing_001_fencing_small_cam15_cam04_b00301,r1,small,32.80413490444774,3,ok,,True,,,,,0.0,,,1,0.0034629260189831257
egohumans,ego_test_fencing_001_fencing_small_cam15_cam04_b00301,r2,small,32.80413490444774,3,ok,,True,,,11,1.0,0.005106465070828531,,,1,0.14919799915514886
egohumans,ego_test_fencing_001_fencing_small_cam15_cam04_b00301,r3,small,32.80413490444774,3,icp_failed,prediction-only ICP fitness/residual gate failed,True,7909,25019,1422,0.05683680402893801,0.056091821813720515,,,,10.131414469098672
egohumans,ego_test_fencing_002_fencing_extreme_cam10_cam07_b00301,r1,extreme,179.63049026315505,3,ok,,True,,,,,0.6597650051116943,,,2,0.004422835074365139
egohumans,ego_test_fencing_002_fencing_extreme_cam10_cam07_b00301,r2,extreme,179.63049026315505,3,ok,,True,,,22,1.0,0.05378396335130323,,,2,0.13082846207544208
egohumans,ego_test_fencing_002_fencing_extreme_cam10_cam07_b00301,r3,extreme,179.63049026315505,3,ok,,True,12539,30074,3428,0.11398550242734588,0.055068745356242725,0.16619006450754806,0.07535818310732802,,22.76783961383626
egohumans,ego_test_fencing_002_fencing_large_cam11_cam12_b00301,r1,large,127.00912657201151,3,ok,,True,,,,,2.661487102508545,,,2,0.004300163127481937
egohumans,ego_test_fencing_002_fencing_large_cam11_cam12_b00301,r2,large,127.00912657201151,3,ok,,True,,,22,1.0,0.07109126489219603,,,2,0.12073985114693642
egohumans,ego_test_fencing_002_fencing_large_cam11_cam12_b00301,r3,large,127.00912657201151,3,ok,,True,17584,11297,2062,0.1825263344250686,0.05605185095801619,0.22758254403824024,0.06733463515717865,,9.468004569178447
egohumans,ego_test_fencing_002_fencing_medium_cam01_cam08_b00301,r1,medium,80.24555273385398,3,ok,,True,,,,,2.7813351154327393,,,3,0.008903189096599817
egohumans,ego_test_fencing_002_fencing_medium_cam01_cam08_b00301,r2,medium,80.24555273385398,3,ransac_failed,prediction-only inlier ratio below frozen threshold,True,,,33,0.3333333333333333,,,,3,0.11149058490991592
egohumans,ego_test_fencing_002_fencing_medium_cam01_cam08_b00301,r3,medium,80.24555273385398,3,ok,,True,12602,29162,2769,0.09495233523077978,0.05757251170648073,0.11847609903298814,0.08362386548224436,,17.25616224692203
egohumans,ego_test_fencing_002_fencing_small_cam03_cam13_b00301,r1,small,26.478785574919005,3,ok,,True,,,,,0.716911256313324,,,3,0.02223360794596374
egohumans,ego_test_fencing_002_fencing_small_cam03_cam13_b00301,r2,small,26.478785574919005,3,ok,,False,,,33,0.7272727272727273,0.12654183304613809,,,3,0.19791192887350917
egohumans,ego_test_fencing_002_fencing_small_cam03_cam13_b00301,r3,small,26.478785574919005,3,ok,,False,11587,10367,3332,0.3214044564483457,0.050715641457775074,0.2739461753641362,0.08040725828546086,,7.354810242075473
egohumans,ego_test_fencing_003_fencing_extreme_cam10_cam07_b00301,r1,extreme,179.63049026315505,3,ok,,True,,,,,3.7803590297698975,,,2,0.0049165121745318174
egohumans,ego_test_fencing_003_fencing_extreme_cam10_cam07_b00301,r2,extreme,179.63049026315505,3,ok,,True,,,22,0.5,0.019895473461587418,,,2,0.0983878648839891
egohumans,ego_test_fencing_003_fencing_extreme_cam10_cam07_b00301,r3,extreme,179.63049026315505,3,ok,,True,52866,34111,9540,0.27967517809504266,0.05823099864844879,0.46820673682976166,0.07801379277740493,,83.24789700680412
egohumans,ego_test_fencing_003_fencing_large_cam11_cam12_b00301,r1,large,127.00912657201151,3,ok,,True,,,,,1.3875880241394043,,,2,0.0049578039906919
egohumans,ego_test_fencing_003_fencing_large_cam11_cam12_b00301,r2,large,127.00912657201151,3,ok,,False,,,22,1.0,0.07121168517878516,,,2,0.14745221193879843
egohumans,ego_test_fencing_003_fencing_large_cam11_cam12_b00301,r3,large,127.00912657201151,3,ok,,True,12464,11088,1333,0.12022005772005773,0.055771460981575365,0.1774891774891775,0.07518328702041177,,9.101472420152277
egohumans,ego_test_fencing_003_fencing_medium_cam08_cam01_b00301,r1,medium,80.24555273385398,3,ok,,True,,,,,1.5041484832763672,,,3,0.006955715827643871
egohumans,ego_test_fencing_003_fencing_medium_cam08_cam01_b00301,r2,medium,80.24555273385398,3,ok,,True,,,33,0.6666666666666666,0.05383874626161358,,,3,0.10193526884540915
egohumans,ego_test_fencing_003_fencing_medium_cam08_cam01_b00301,r3,medium,80.24555273385398,3,icp_failed,prediction-only ICP fitness/residual gate failed,True,22964,11658,847,0.07265397152170183,0.055240206252821125,,,,10.254883134039119
egohumans,ego_test_fencing_003_fencing_small_cam13_cam03_b00301,r1,small,26.478785574919005,3,ok,,True,,,,,0.47986501455307007,,,2,0.005143705988302827
egohumans,ego_test_fencing_003_fencing_small_cam13_cam03_b00301,r2,small,26.478785574919005,3,ok,,True,,,22,1.0,0.12765278465481808,,,2,0.11265751300379634
egohumans,ego_test_fencing_003_fencing_small_cam13_cam03_b00301,r3,small,26.478785574919005,3,ok,,True,10595,8911,3089,0.3466502076085737,0.0508479120780251,0.43182583323981594,0.07496505151165314,,4.200004908023402
egohumans,ego_test_legoassemble_002_legoassemble_extreme_cam04_cam03_b00226,r1,extreme,176.74916252624004,3,ok,,True,,,,,1.8559168577194214,,,3,0.008355170954018831
egohumans,ego_test_legoassemble_002_legoassemble_extreme_cam04_cam03_b00226,r2,extreme,176.74916252624004,3,ok,,False,,,33,0.6666666666666666,0.09738438111377298,,,3,0.09781482303515077
egohumans,ego_test_legoassemble_002_legoassemble_extreme_cam04_cam03_b00226,r3,extreme,176.74916252624004,3,ok,,True,14459,10183,2313,0.22714327801237355,0.055583211316621195,0.3632524796229009,0.07551034507294054,,8.973322433885187
egohumans,ego_test_legoassemble_002_legoassemble_large_cam01_cam05_b00226,r1,large,137.15383521381244,3,ok,,True,,,,,1.5400731563568115,,,2,0.004395375959575176
egohumans,ego_test_legoassemble_002_legoassemble_large_cam01_cam05_b00226,r2,large,137.15383521381244,3,ok,,False,,,22,1.0,0.14547912986285508,,,2,0.15223551099188626
egohumans,ego_test_legoassemble_002_legoassemble_large_cam01_cam05_b00226,r3,large,137.15383521381244,3,ok,,True,11048,13644,1669,0.1223248314277338,0.05589317170673979,0.20961594840222808,0.07884639960138204,,8.085374420043081
egohumans,ego_test_legoassemble_002_legoassemble_medium_cam07_cam05_b00226,r1,medium,88.19512876534553,3,ok,,True,,,,,1.1993975639343262,,,3,0.005356529960408807
egohumans,ego_test_legoassemble_002_legoassemble_medium_cam07_cam05_b00226,r2,medium,88.19512876534553,3,ok,,False,,,33,0.6666666666666666,0.08515478491817113,,,3,0.10114905098453164
egohumans,ego_test_legoassemble_002_legoassemble_medium_cam07_cam05_b00226,r3,medium,88.19512876534553,3,ok,,True,8768,13644,1753,0.1284813837584286,0.05658682074000585,0.2233948988566403,0.08070653396583924,,5.926865983987227
egohumans,ego_test_legoassemble_002_legoassemble_small_cam03_cam05_b00226,r1,small,37.71896481875086,3,ok,,True,,,,,0.5144495368003845,,,3,0.006818542955443263
egohumans,ego_test_legoassemble_002_legoassemble_small_cam03_cam05_b00226,r2,small,37.71896481875086,3,ok,,False,,,33,1.0,0.14617858625993366,,,3,0.15610543102957308
egohumans,ego_test_legoassemble_002_legoassemble_small_cam03_cam05_b00226,r3,small,37.71896481875086,3,ok,,False,11810,13644,3272,0.23981237173849312,0.054802462420376494,0.2958076810319554,0.07200607396672652,,11.206381351221353
egohumans,ego_test_legoassemble_003_legoassemble_extreme_cam03_cam04_b00301,r1,extreme,176.74916252624004,3,ok,,True,,,,,2.063689708709717,,,2,0.004959029145538807
egohumans,ego_test_legoassemble_003_legoassemble_extreme_cam03_cam04_b00301,r2,extreme,176.74916252624004,3,ok,,False,,,22,1.0,0.06574208092997674,,,2,0.11933072307147086
egohumans,ego_test_legoassemble_003_legoassemble_extreme_cam03_cam04_b00301,r3,extreme,176.74916252624004,3,ok,,True,13096,12044,2369,0.19669545001660577,0.054457397710367644,0.2678512122218532,0.0759119891898973,,12.03447228600271
egohumans,ego_test_legoassemble_003_legoassemble_large_cam05_cam01_b00301,r1,large,137.15383521381244,3,ok,,True,,,,,1.4642164707183838,,,2,0.0043793730437755585
egohumans,ego_test_legoassemble_003_legoassemble_large_cam05_cam01_b00301,r2,large,137.15383521381244,3,ok,,True,,,22,1.0,0.07338336116408346,,,2,0.11052626394666731
egohumans,ego_test_legoassemble_003_legoassemble_large_cam05_cam01_b00301,r3,large,137.15383521381244,3,ok,,True,13736,11258,1855,0.1647717178895008,0.05721720282189091,0.27091845798543257,0.08030231822340249,,11.759113739943132
egohumans,ego_test_legoassemble_003_legoassemble_medium_cam05_cam07_b00301,r1,medium,88.19512876534553,3,ok,,True,,,,,1.4548616409301758,,,2,0.010831182822585106
egohumans,ego_test_legoassemble_003_legoassemble_medium_cam05_cam07_b00301,r2,medium,88.19512876534553,3,ok,,True,,,22,0.5,0.008562244348459173,,,2,0.14637170219793916
egohumans,ego_test_legoassemble_003_legoassemble_medium_cam05_cam07_b00301,r3,medium,88.19512876534553,3,ok,,True,13736,9994,2201,0.22023213928357013,0.053483433103407786,0.25255153091855115,0.07641864795001845,,10.702751437900588
egohumans,ego_test_legoassemble_003_legoassemble_small_cam05_cam03_b00301,r1,small,37.71896481875086,3,ok,,True,,,,,1.3644605875015259,,,2,0.0036969080101698637
egohumans,ego_test_legoassemble_003_legoassemble_small_cam05_cam03_b00301,r2,small,37.71896481875086,3,ok,,True,,,22,0.9545454545454546,0.1032858898070297,,,2,0.1016234690323472
egohumans,ego_test_legoassemble_003_legoassemble_small_cam05_cam03_b00301,r3,small,37.71896481875086,3,ok,,True,13736,10549,1883,0.17850033178500332,0.05502344035633616,0.28125888709830316,0.07607472263844331,,6.775697339093313
egohumans,ego_test_legoassemble_004_legoassemble_extreme_cam03_cam04_b00301,r1,extreme,176.74916252624004,3,ok,,True,,,,,2.4213058948516846,,,3,0.0054518659599125385
egohumans,ego_test_legoassemble_004_legoassemble_extreme_cam03_cam04_b00301,r2,extreme,176.74916252624004,3,ok,,False,,,33,0.696969696969697,0.0810375122431083,,,3,0.1010820739902556
egohumans,ego_test_legoassemble_004_legoassemble_extreme_cam03_cam04_b00301,r3,extreme,176.74916252624004,3,ok,,True,13341,11730,2135,0.18201193520886616,0.055883036275996736,0.24901960784313726,0.07384625445003863,,7.705733665963635
egohumans,ego_test_legoassemble_004_legoassemble_large_cam05_cam01_b00301,r1,large,137.15383521381244,3,ok,,True,,,,,1.9586762189865112,,,2,0.0040327319875359535
egohumans,ego_test_legoassemble_004_legoassemble_large_cam05_cam01_b00301,r2,large,137.15383521381244,3,ok,,True,,,22,1.0,0.10399529008146362,,,2,0.0928619799669832
egohumans,ego_test_legoassemble_004_legoassemble_large_cam05_cam01_b00301,r3,large,137.15383521381244,3,ok,,True,9556,11204,1245,0.11112102820421278,0.05498520518953167,0.1873438057836487,0.07948751840524106,,5.537496499950066
egohumans,ego_test_legoassemble_004_legoassemble_medium_cam07_cam05_b00301,r1,medium,88.19512876534553,3,ok,,True,,,,,1.0548895597457886,,,2,0.004607463022693992
egohumans,ego_test_legoassemble_004_legoassemble_medium_cam07_cam05_b00301,r2,medium,88.19512876534553,3,ok,,True,,,22,0.5,0.00396516869303207,,,2,0.11372739588841796
egohumans,ego_test_legoassemble_004_legoassemble_medium_cam07_cam05_b00301,r3,medium,88.19512876534553,3,ok,,True,16347,12239,3857,0.31514012582727347,0.05601286791750274,0.44611487866655775,0.07791231394865529,,11.04995322204195
egohumans,ego_test_legoassemble_004_legoassemble_small_cam03_cam05_b00301,r1,small,37.71896481875086,3,ok,,True,,,,,0.7611010670661926,,,3,0.01271869894117117
egohumans,ego_test_legoassemble_004_legoassemble_small_cam03_cam05_b00301,r2,small,37.71896481875086,3,ok,,False,,,33,0.6666666666666666,0.0759837441387746,,,3,0.15793068590573967
egohumans,ego_test_legoassemble_004_legoassemble_small_cam03_cam05_b00301,r3,small,37.71896481875086,3,ok,,True,13341,12239,2615,0.21366124683389165,0.05634919772598338,0.2974916251327723,0.07521798202860086,,11.558673129882663
egohumans,ego_test_tagging_002_tagging_extreme_cam06_cam05_b00111,r1,extreme,168.44062341745672,4,ok,,True,,,,,2.851179838180542,,,3,0.009303895989432931
egohumans,ego_test_tagging_002_tagging_extreme_cam06_cam05_b00111,r2,extreme,168.44062341745672,4,ok,,True,,,33,0.6060606060606061,0.0997123920966618,,,3,0.13737572310492396
egohumans,ego_test_tagging_002_tagging_extreme_cam06_cam05_b00111,r3,extreme,168.44062341745672,4,ok,,True,53010,19553,2357,0.12054416202117323,0.056276812937218125,0.21331764946555515,0.07964637044595654,,37.56532884389162
egohumans,ego_test_tagging_002_tagging_large_cam07_cam08_b00111,r1,large,133.24529135600875,4,ok,,True,,,,,0.0,,,1,0.0037236360367387533
egohumans,ego_test_tagging_002_tagging_large_cam07_cam08_b00111,r2,large,133.24529135600875,4,ok,,True,,,11,1.0,0.014707458512730148,,,1,0.10000005201436579
egohumans,ego_test_tagging_002_tagging_large_cam07_cam08_b00111,r3,large,133.24529135600875,4,ok,,True,37721,29500,2718,0.09213559322033898,0.0578975447304699,0.1683728813559322,0.08003058037153878,,49.96178243821487
egohumans,ego_test_tagging_002_tagging_medium_cam02_cam04_b00111,r1,medium,84.48502099585055,4,ok,,True,,,,,2.4642856121063232,,,4,0.008132484974339604
egohumans,ego_test_tagging_002_tagging_medium_cam02_cam04_b00111,r2,medium,84.48502099585055,4,ok,,False,,,44,0.5,0.10393419476216095,,,4,0.09901848807930946
egohumans,ego_test_tagging_002_tagging_medium_cam02_cam04_b00111,r3,medium,84.48502099585055,4,icp_failed,prediction-only ICP fitness/residual gate failed,True,43216,27129,905,0.033359135979947656,0.05598037523661035,,,,44.298272175947204
egohumans,ego_test_tagging_002_tagging_small_cam02_cam06_b00111,r1,small,42.21388742145035,4,ok,,True,,,,,1.6515154838562012,,,3,0.006783497054129839
egohumans,ego_test_tagging_002_tagging_small_cam02_cam06_b00111,r2,small,42.21388742145035,4,ransac_failed,prediction-only inlier ratio below frozen threshold,True,,,33,0.3333333333333333,,,,3,0.09396963682956994
egohumans,ego_test_tagging_002_tagging_small_cam02_cam06_b00111,r3,small,42.21388742145035,4,icp_failed,prediction-only ICP fitness/residual gate failed,True,43216,51058,1094,0.021426612871636178,0.05777590147286521,,,,60.17724635382183
egohumans,ego_test_tagging_003_tagging_extreme_cam05_cam06_b00156,r1,extreme,168.44062341745672,4,ok,,True,,,,,3.2753124237060547,,,4,0.011482465080916882
egohumans,ego_test_tagging_003_tagging_extreme_cam05_cam06_b00156,r2,extreme,168.44062341745672,4,ok,,True,,,44,0.5,0.03728853071716764,,,4,0.17037062416784465
egohumans,ego_test_tagging_003_tagging_extreme_cam05_cam06_b00156,r3,extreme,168.44062341745672,4,icp_failed,prediction-only ICP fitness/residual gate failed,True,27949,44046,2145,0.04869908731780411,0.05593262942506807,,,,41.3382447748445
egohumans,ego_test_tagging_003_tagging_large_cam07_cam08_b00156,r1,large,133.24529135600875,4,ok,,True,,,,,1.153367042541504,,,2,0.0062350190710276365
egohumans,ego_test_tagging_003_tagging_large_cam07_cam08_b00156,r2,large,133.24529135600875,4,ok,,True,,,22,0.8636363636363636,0.10104603269862877,,,2,0.129170784028247
egohumans,ego_test_tagging_003_tagging_large_cam07_cam08_b00156,r3,large,133.24529135600875,4,ok,,True,47486,21067,1951,0.09260929415673802,0.05679553378067459,0.17415863673043147,0.08234012637450108,,38.49334269808605
egohumans,ego_test_tagging_003_tagging_medium_cam04_cam02_b00156,r1,medium,84.48502099585055,4,ok,,True,,,,,1.5446885824203491,,,3,0.013273997930809855
egohumans,ego_test_tagging_003_tagging_medium_cam04_cam02_b00156,r2,medium,84.48502099585055,4,ok,,True,,,33,0.9696969696969697,0.14548497560786144,,,3,0.11984039098024368
egohumans,ego_test_tagging_003_tagging_medium_cam04_cam02_b00156,r3,medium,84.48502099585055,4,icp_failed,prediction-only ICP fitness/residual gate failed,True,44493,34358,2292,0.06670935444437977,0.055273689231599615,,,,51.34808344813064
egohumans,ego_test_tagging_003_tagging_small_cam06_cam02_b00156,r1,small,42.21388742145035,4,ok,,True,,,,,0.9096232056617737,,,3,0.008412003982812166
egohumans,ego_test_tagging_003_tagging_small_cam06_cam02_b00156,r2,small,42.21388742145035,4,ok,,True,,,33,0.6666666666666666,0.05205998776974061,,,3,0.1135736380238086
egohumans,ego_test_tagging_003_tagging_small_cam06_cam02_b00156,r3,small,42.21388742145035,4,icp_failed,prediction-only ICP fitness/residual gate failed,True,56781,34358,1295,0.03769136736713429,0.05880100759186726,,,,55.51594551606104
egohumans,ego_test_tagging_005_tagging_extreme_cam05_cam06_b00221,r1,extreme,168.44062341745672,4,ok,,True,,,,,2.9792380332946777,,,4,0.010339319938793778
egohumans,ego_test_tagging_005_tagging_extreme_cam05_cam06_b00221,r2,extreme,168.44062341745672,4,ok,,True,,,44,0.4772727272727273,0.09925320577649903,,,4,0.11843783897347748
egohumans,ego_test_tagging_005_tagging_extreme_cam05_cam06_b00221,r3,extreme,168.44062341745672,4,ok,,True,29041,51238,4155,0.08109215816386275,0.056234812420427396,0.13683203872126157,0.0801502395642096,,69.16697578900494
egohumans,ego_test_tagging_005_tagging_large_cam07_cam08_b00221,r1,large,133.24529135600875,4,ok,,True,,,,,2.328049421310425,,,3,0.006958048092201352
egohumans,ego_test_tagging_005_tagging_large_cam07_cam08_b00221,r2,large,133.24529135600875,4,ransac_failed,prediction-only inlier ratio below frozen threshold,True,,,33,0.3333333333333333,,,,3,0.10411551198922098
egohumans,ego_test_tagging_005_tagging_large_cam07_cam08_b00221,r3,large,133.24529135600875,4,ok,,True,65456,32272,2925,0.09063584531482399,0.05686176899212935,0.15053296975706495,0.07889218551824571,,96.1547427601181
egohumans,ego_test_tagging_005_tagging_medium_cam02_cam04_b00221,r1,medium,84.48502099585055,4,ok,,True,,,,,2.880136728286743,,,3,0.008160084951668978
egohumans,ego_test_tagging_005_tagging_medium_cam02_cam04_b00221,r2,medium,84.48502099585055,4,ok,,True,,,33,0.6666666666666666,0.05223047937269803,,,3,0.11653559189289808
egohumans,ego_test_tagging_005_tagging_medium_cam02_cam04_b00221,r3,medium,84.48502099585055,4,icp_failed,prediction-only ICP fitness/residual gate failed,True,46744,46718,2776,0.059420351898625795,0.055410741386957334,,,,97.412074143067
egohumans,ego_test_tagging_005_tagging_small_cam02_cam06_b00221,r1,small,42.21388742145035,4,ok,,True,,,,,1.4756437540054321,,,4,0.010550773004069924
egohumans,ego_test_tagging_005_tagging_small_cam02_cam06_b00221,r2,small,42.21388742145035,4,ok,,True,,,44,0.5,0.04409934757721689,,,4,0.1333809948991984
egohumans,ego_test_tagging_005_tagging_small_cam02_cam06_b00221,r3,small,42.21388742145035,4,icp_failed,prediction-only ICP fitness/residual gate failed,True,46744,51238,2267,0.04424450603068036,0.056333384982376805,,,,107.18004265613854
egohumans,ego_test_tagging_006_tagging_extreme_cam05_cam06_b00186,r1,extreme,168.44062341745672,4,ok,,True,,,,,3.125141143798828,,,3,0.008221806958317757
egohumans,ego_test_tagging_006_tagging_extreme_cam05_cam06_b00186,r2,extreme,168.44062341745672,4,ransac_failed,prediction-only inlier ratio below frozen threshold,True,,,33,0.3333333333333333,,,,3,0.1134842149913311
egohumans,ego_test_tagging_006_tagging_extreme_cam05_cam06_b00186,r3,extreme,168.44062341745672,4,icp_failed,prediction-only ICP fitness/residual gate failed,True,24143,68791,761,0.011062493640156415,0.0573458129168237,,,,63.14401194406673
egohumans,ego_test_tagging_006_tagging_large_cam08_cam07_b00186,r1,large,133.24529135600875,4,ok,,True,,,,,3.935667037963867,,,3,0.01562063000164926
egohumans,ego_test_tagging_006_tagging_large_cam08_cam07_b00186,r2,large,133.24529135600875,4,ransac_failed,prediction-only inlier ratio below frozen threshold,True,,,33,0.3333333333333333,,,,3,0.1865235201548785
egohumans,ego_test_tagging_006_tagging_large_cam08_cam07_b00186,r3,large,133.24529135600875,4,icp_failed,prediction-only ICP fitness/residual gate failed,True,22433,73179,1967,0.026879295972888396,0.056813216431987376,,,,93.46220700396225
egohumans,ego_test_tagging_006_tagging_medium_cam02_cam04_b00186,r1,medium,84.48502099585055,4,ok,,True,,,,,2.200421094894409,,,3,0.007006867090240121
egohumans,ego_test_tagging_006_tagging_medium_cam02_cam04_b00186,r2,medium,84.48502099585055,4,ok,,True,,,33,0.5757575757575758,0.15945898674745593,,,3,0.10954767582006752
egohumans,ego_test_tagging_006_tagging_medium_cam02_cam04_b00186,r3,medium,84.48502099585055,4,icp_failed,prediction-only ICP fitness/residual gate failed,True,43153,53804,3355,0.06235595866478329,0.05402869123633414,,,,111.72267736797221
egohumans,ego_test_tagging_006_tagging_small_cam02_cam06_b00186,r1,small,42.21388742145035,4,ok,,True,,,,,1.9285794496536255,,,3,0.010502756107598543
egohumans,ego_test_tagging_006_tagging_small_cam02_cam06_b00186,r2,small,42.21388742145035,4,ransac_failed,prediction-only inlier ratio below frozen threshold,True,,,33,0.3333333333333333,,,,3,0.12849909299984574
egohumans,ego_test_tagging_006_tagging_small_cam02_cam06_b00186,r3,small,42.21388742145035,4,ransac_failed,FPFH/RANSAC correspondence set below frozen threshold,True,43153,68791,0,0.0,0.0,,,,107.57041437411681
egohumans,ego_test_tagging_007_tagging_extreme_cam06_cam05_b00359,r1,extreme,168.44062341745672,4,ok,,True,,,,,3.3477282524108887,,,2,0.0038160360418260098
egohumans,ego_test_tagging_007_tagging_extreme_cam06_cam05_b00359,r2,extreme,168.44062341745672,4,ok,,True,,,22,1.0,0.17148094211815731,,,2,0.09506062883883715
egohumans,ego_test_tagging_007_tagging_extreme_cam06_cam05_b00359,r3,extreme,168.44062341745672,4,ok,,True,45832,30733,3159,0.10278853349819413,0.05806653919949943,0.1941886571437868,0.08245566064535403,,45.41034669498913
egohumans,ego_test_tagging_007_tagging_large_cam08_cam07_b00359,r1,large,133.24529135600875,4,ok,,True,,,,,1.9538960456848145,,,2,0.004336280981078744
egohumans,ego_test_tagging_007_tagging_large_cam08_cam07_b00359,r2,large,133.24529135600875,4,ok,,True,,,22,0.5,0.010968435909378287,,,2,0.11006861180067062
egohumans,ego_test_tagging_007_tagging_large_cam08_cam07_b00359,r3,large,133.24529135600875,4,icp_failed,prediction-only ICP fitness/residual gate failed,True,39881,68743,4468,0.06499570865397204,0.057130372216895896,,,,151.9867025099229
egohumans,ego_test_tagging_007_tagging_small_cam02_cam06_b00359,r1,small,42.21388742145035,4,ok,,True,,,,,1.2533525228500366,,,3,0.007148363860324025
egohumans,ego_test_tagging_007_tagging_small_cam02_cam06_b00359,r2,small,42.21388742145035,4,ok,,True,,,33,1.0,0.12149373678452975,,,3,0.10913514089770615
egohumans,ego_test_tagging_007_tagging_small_cam02_cam06_b00359,r3,small,42.21388742145035,4,icp_failed,prediction-only ICP fitness/residual gate failed,True,38265,44333,1989,0.044864998984954774,0.05540450084874974,,,,61.65305796219036
egohumans,ego_test_tagging_009_tagging_extreme_cam06_cam05_b00286,r1,extreme,168.44062341745672,3,ok,,True,,,,,1.8190971612930298,,,3,0.009301564190536737
egohumans,ego_test_tagging_009_tagging_extreme_cam06_cam05_b00286,r2,extreme,168.44062341745672,3,ok,,False,,,33,0.9393939393939394,0.14499902788940008,,,3,0.10451327194459736
egohumans,ego_test_tagging_009_tagging_extreme_cam06_cam05_b00286,r3,extreme,168.44062341745672,3,icp_failed,prediction-only ICP fitness/residual gate failed,True,37431,34395,2488,0.07233609536269807,0.05748690357067513,,,,48.888684779871255
egohumans,ego_test_tagging_009_tagging_large_cam07_cam08_b00286,r1,large,133.24529135600875,3,ok,,True,,,,,1.7200692892074585,,,3,0.00801814696751535
egohumans,ego_test_tagging_009_tagging_large_cam07_cam08_b00286,r2,large,133.24529135600875,3,ok,,False,,,33,0.9393939393939394,0.13648359534235133,,,3,0.10770452115684748
egohumans,ego_test_tagging_009_tagging_large_cam07_cam08_b00286,r3,large,133.24529135600875,3,ok,,True,54220,31663,3044,0.09613744749392035,0.05657555174359033,0.16192401225405048,0.07840378029521151,,66.42331435112283
egohumans,ego_test_tagging_009_tagging_medium_cam04_cam02_b00286,r1,medium,84.48502099585055,3,ok,,True,,,,,2.0403757095336914,,,3,0.00809954502619803
egohumans,ego_test_tagging_009_tagging_medium_cam04_cam02_b00286,r2,medium,84.48502099585055,3,ok,,False,,,33,0.6666666666666666,0.11236722406406327,,,3,0.11691204411908984
egohumans,ego_test_tagging_009_tagging_medium_cam04_cam02_b00286,r3,medium,84.48502099585055,3,icp_failed,prediction-only ICP fitness/residual gate failed,True,29660,38432,1918,0.049906328059950045,0.05617161610048899,,,,46.21704897703603
egohumans,ego_test_tagging_009_tagging_small_cam06_cam02_b00286,r1,small,42.21388742145035,3,ok,,True,,,,,0.5932987332344055,,,3,0.007061314070597291
egohumans,ego_test_tagging_009_tagging_small_cam06_cam02_b00286,r2,small,42.21388742145035,3,ok,,False,,,33,0.6666666666666666,0.029151594650764324,,,3,0.09636141592636704
egohumans,ego_test_tagging_009_tagging_small_cam06_cam02_b00286,r3,small,42.21388742145035,3,icp_failed,prediction-only ICP fitness/residual gate failed,True,37431,38432,1825,0.04748646960865945,0.05677541101902974,,,,56.51037046685815
egohumans,ego_test_tagging_010_tagging_extreme_cam06_cam05_b00211,r1,extreme,168.44062341745672,3,ok,,True,,,,,3.2558112144470215,,,4,0.008772712899371982
egohumans,ego_test_tagging_010_tagging_extreme_cam06_cam05_b00211,r2,extreme,168.44062341745672,3,ok,,True,,,44,0.5,0.1324677609973674,,,4,0.09695229586213827
egohumans,ego_test_tagging_010_tagging_extreme_cam06_cam05_b00211,r3,extreme,168.44062341745672,3,icp_failed,prediction-only ICP fitness/residual gate failed,True,45329,28578,1389,0.048603821121142136,0.057950081127158756,,,,49.36711678886786
egohumans,ego_test_tagging_010_tagging_large_cam07_cam08_b00211,r1,large,133.24529135600875,3,ok,,True,,,,,2.7671635150909424,,,3,0.007741156034171581
egohumans,ego_test_tagging_010_tagging_large_cam07_cam08_b00211,r2,large,133.24529135600875,3,ok,,True,,,33,0.6666666666666666,0.08878098538235894,,,3,0.14889357308857143
egohumans,ego_test_tagging_010_tagging_large_cam07_cam08_b00211,r3,large,133.24529135600875,3,ok,,True,47793,25795,2683,0.10401240550494281,0.057973151350944434,0.18364024035665827,0.08090637401066783,,50.84679254516959
egohumans,ego_test_tagging_010_tagging_medium_cam02_cam04_b00211,r1,medium,84.48502099585055,3,ok,,True,,,,,1.9503706693649292,,,3,0.00822806404903531
egohumans,ego_test_tagging_010_tagging_medium_cam02_cam04_b00211,r2,medium,84.48502099585055,3,ok,,True,,,33,0.6666666666666666,0.06816480787906888,,,3,0.13982980092987418
egohumans,ego_test_tagging_010_tagging_medium_cam02_cam04_b00211,r3,medium,84.48502099585055,3,ransac_failed,FPFH/RANSAC correspondence set below frozen threshold,True,43189,39243,0,0.0,0.0,,,,58.2623866989743
egohumans,ego_test_tagging_010_tagging_small_cam02_cam06_b00211,r1,small,42.21388742145035,3,ok,,True,,,,,1.1722936630249023,,,3,0.007762809982523322
egohumans,ego_test_tagging_010_tagging_small_cam02_cam06_b00211,r2,small,42.21388742145035,3,ok,,False,,,33,0.6666666666666666,0.06226737631026569,,,3,0.117117467103526
egohumans,ego_test_tagging_010_tagging_small_cam02_cam06_b00211,r3,small,42.21388742145035,3,icp_failed,prediction-only ICP fitness/residual gate failed,True,43189,43725,2600,0.05946255002858777,0.05743391242251898,,,,60.940741491969675
egohumans,ego_test_tennis_004_tennis_extreme_cam15_cam05_b00601,r1,extreme,179.87189111977324,2,ok,,True,,,,,0.0,,,1,0.002999556018039584
egohumans,ego_test_tennis_004_tennis_extreme_cam15_cam05_b00601,r2,extreme,179.87189111977324,2,ok,,True,,,11,1.0,0.014596035865370454,,,1,0.10128288296982646
egohumans,ego_test_tennis_004_tennis_extreme_cam15_cam05_b00601,r3,extreme,179.87189111977324,2,ransac_failed,FPFH/RANSAC correspondence set below frozen threshold,True,41324,34203,0,0.0,0.0,,,,22.17904895800166
egohumans,ego_test_tennis_004_tennis_large_cam01_cam07_b00601,r1,large,125.78766204579658,2,ok,,True,,,,,0.0,,,1,0.001878994982689619
egohumans,ego_test_tennis_004_tennis_large_cam01_cam07_b00601,r2,large,125.78766204579658,2,ok,,True,,,11,1.0,0.009625001394759749,,,1,0.09307024185545743
egohumans,ego_test_tennis_004_tennis_large_cam01_cam07_b00601,r3,large,125.78766204579658,2,ransac_failed,FPFH/RANSAC correspondence set below frozen threshold,True,42423,63620,0,0.0,0.0,,,,53.1707699149847
egohumans,ego_test_tennis_004_tennis_medium_cam02_cam15_b00601,r1,medium,81.94667722474215,2,ok,,True,,,,,0.0,,,1,0.0017622930463403463
egohumans,ego_test_tennis_004_tennis_medium_cam02_cam15_b00601,r2,medium,81.94667722474215,2,ok,,True,,,11,1.0,0.013757637893762071,,,1,0.0877478860784322
egohumans,ego_test_tennis_004_tennis_medium_cam02_cam15_b00601,r3,medium,81.94667722474215,2,ransac_failed,FPFH/RANSAC correspondence set below frozen threshold,True,49646,39690,0,0.0,0.0,,,,32.50203803787008
egohumans,ego_test_tennis_005_tennis_large_cam01_cam07_b00601,r1,large,125.78766204579658,2,ok,,True,,,,,0.0,,,1,0.0025856811553239822
egohumans,ego_test_tennis_005_tennis_large_cam01_cam07_b00601,r2,large,125.78766204579658,2,ok,,True,,,11,1.0,0.011448378314353554,,,1,0.09275891399011016
egohumans,ego_test_tennis_005_tennis_large_cam01_cam07_b00601,r3,large,125.78766204579658,2,ransac_failed,FPFH/RANSAC correspondence set below frozen threshold,True,51052,49288,0,0.0,0.0,,,,43.97778319497593
egohumans,ego_test_tennis_005_tennis_medium_cam02_cam15_b00601,r1,medium,81.94667722474215,2,ok,,True,,,,,3.017258882522583,,,2,0.0038405009545385838
egohumans,ego_test_tennis_005_tennis_medium_cam02_cam15_b00601,r2,medium,81.94667722474215,2,ok,,True,,,22,0.5,0.011630258983842574,,,2,0.10032092011533678
egohumans,ego_test_tennis_005_tennis_medium_cam02_cam15_b00601,r3,medium,81.94667722474215,2,ransac_failed,FPFH/RANSAC correspondence set below frozen threshold,True,51676,35629,0,0.0,0.0,,,,30.43347914982587
egohumans,ego_test_tennis_005_tennis_small_cam10_cam09_b00601,r1,small,16.980921456131554,2,ok,,True,,,,,0.0,,,1,0.0018287368584424257
egohumans,ego_test_tennis_005_tennis_small_cam10_cam09_b00601,r2,small,16.980921456131554,2,ok,,True,,,11,1.0,0.008027869250633647,,,1,0.09854820906184614
egohumans,ego_test_tennis_005_tennis_small_cam10_cam09_b00601,r3,small,16.980921456131554,2,ransac_failed,FPFH/RANSAC correspondence set below frozen threshold,True,47763,76085,0,0.0,0.0,,,,87.74164784699678
egohumans,ego_test_tennis_006_tennis_extreme_cam15_cam05_b00651,r1,extreme,179.87189111977324,2,ok,,True,,,,,0.0,,,1,0.002181369811296463
egohumans,ego_test_tennis_006_tennis_extreme_cam15_cam05_b00651,r2,extreme,179.87189111977324,2,ok,,True,,,11,1.0,0.023560713517260676,,,1,0.12193153495900333
egohumans,ego_test_tennis_006_tennis_extreme_cam15_cam05_b00651,r3,extreme,179.87189111977324,2,ransac_failed,FPFH/RANSAC correspondence set below frozen threshold,True,38991,74355,0,0.0,0.0,,,,53.73305672686547
egohumans,ego_test_tennis_006_tennis_large_cam01_cam07_b00651,r1,large,125.78766204579658,2,ok,,True,,,,,0.0,,,1,0.002717427909374237
egohumans,ego_test_tennis_006_tennis_large_cam01_cam07_b00651,r2,large,125.78766204579658,2,ok,,True,,,11,1.0,0.008479408589938219,,,1,0.15493165492080152
egohumans,ego_test_tennis_006_tennis_large_cam01_cam07_b00651,r3,large,125.78766204579658,2,ransac_failed,FPFH/RANSAC correspondence set below frozen threshold,True,33664,42107,0,0.0,0.0,,,,26.057430098066106
egohumans,ego_test_tennis_007_tennis_small_cam09_cam10_b00776,r1,small,16.980921456131554,2,ok,,True,,,,,0.0,,,1,0.0013557421043515205
egohumans,ego_test_tennis_007_tennis_small_cam09_cam10_b00776,r2,small,16.980921456131554,2,ok,,True,,,11,1.0,0.019733604301679312,,,1,0.11228332412429154
egohumans,ego_test_tennis_007_tennis_small_cam09_cam10_b00776,r3,small,16.980921456131554,2,icp_failed,prediction-only ICP fitness/residual gate failed,True,65111,40625,632,0.015556923076923078,0.05352359661162922,,,,42.565078421961516
egohumans,ego_test_tennis_008_tennis_large_cam01_cam07_b00601,r1,large,125.78766204579658,2,ok,,True,,,,,4.414207458496094,,,2,0.003765229834243655
egohumans,ego_test_tennis_008_tennis_large_cam01_cam07_b00601,r2,large,125.78766204579658,2,ok,,True,,,22,0.5,0.006553234734335201,,,2,0.1148811390157789
egohumans,ego_test_tennis_008_tennis_large_cam01_cam07_b00601,r3,large,125.78766204579658,2,ransac_failed,FPFH/RANSAC correspondence set below frozen threshold,True,43298,41524,0,0.0,0.0,,,,29.92382107488811
egohumans,ego_test_tennis_008_tennis_medium_cam11_cam07_b00601,r1,medium,82.38817530883323,2,ok,,True,,,,,8.762091636657715,,,2,0.003345227101817727
egohumans,ego_test_tennis_008_tennis_medium_cam11_cam07_b00601,r2,medium,82.38817530883323,2,ok,,True,,,22,0.5,0.017801826470280238,,,2,0.12367905303835869
egohumans,ego_test_tennis_008_tennis_medium_cam11_cam07_b00601,r3,medium,82.38817530883323,2,icp_failed,prediction-only ICP fitness/residual gate failed,True,43596,41524,88,0.0021192563336865427,0.059794247970613,,,,33.03880903380923
egohumans,ego_test_tennis_009_tennis_extreme_cam05_cam15_b00601,r1,extreme,179.87189111977324,2,ok,,True,,,,,5.848443031311035,,,2,0.004386594984680414
egohumans,ego_test_tennis_009_tennis_extreme_cam05_cam15_b00601,r2,extreme,179.87189111977324,2,ok,,True,,,22,0.5,0.018438645329753613,,,2,0.1121353879570961
egohumans,ego_test_tennis_009_tennis_extreme_cam05_cam15_b00601,r3,extreme,179.87189111977324,2,ransac_failed,FPFH/RANSAC correspondence set below frozen threshold,True,48370,25221,0,0.0,0.0,,,,14.952860305085778
egohumans,ego_test_tennis_009_tennis_large_cam01_cam07_b00601,r1,large,125.78766204579658,2,ok,,True,,,,,5.673933506011963,,,2,0.002548906020820141
egohumans,ego_test_tennis_009_tennis_large_cam01_cam07_b00601,r2,large,125.78766204579658,2,ok,,True,,,22,0.5,0.014610695290777064,,,2,0.09695030911825597
egohumans,ego_test_tennis_009_tennis_large_cam01_cam07_b00601,r3,large,125.78766204579658,2,ransac_failed,FPFH/RANSAC correspondence set below frozen threshold,True,44906,51844,0,0.0,0.0,,,,35.48387018102221
egohumans,ego_test_tennis_009_tennis_small_cam09_cam10_b00601,r1,small,16.980921456131554,2,ok,,True,,,,,1.133484959602356,,,2,0.004311398835852742
egohumans,ego_test_tennis_009_tennis_small_cam09_cam10_b00601,r2,small,16.980921456131554,2,ok,,False,,,22,0.5,0.0031529772474711564,,,2,0.1162856980226934
egohumans,ego_test_tennis_009_tennis_small_cam09_cam10_b00601,r3,small,16.980921456131554,2,ransac_failed,FPFH/RANSAC correspondence set below frozen threshold,True,45311,41777,0,0.0,0.0,,,,36.021338682156056
egohumans,ego_test_volleyball_001_volleyball_extreme_cam02_cam09_b00301,r1,extreme,179.59006809320533,4,ok,,True,,,,,4.1286420822143555,,,5,0.013384013902395964
egohumans,ego_test_volleyball_001_volleyball_extreme_cam02_cam09_b00301,r2,extreme,179.59006809320533,4,ransac_failed,prediction-only inlier ratio below frozen threshold,True,,,55,0.23636363636363636,,,,5,0.10441031609661877
egohumans,ego_test_volleyball_001_volleyball_extreme_cam02_cam09_b00301,r3,extreme,179.59006809320533,4,icp_failed,prediction-only ICP fitness/residual gate failed,True,36791,13915,701,0.050377290693496224,0.05933447544654038,,,,14.81324172904715
egohumans,ego_test_volleyball_001_volleyball_small_cam11_cam12_b00301,r1,small,18.67923355873031,4,ok,,True,,,,,1.7496867179870605,,,3,0.005274432012811303
egohumans,ego_test_volleyball_001_volleyball_small_cam11_cam12_b00301,r2,small,18.67923355873031,4,ok,,True,,,33,0.5454545454545454,0.13100586137283055,,,3,0.10590452002361417
egohumans,ego_test_volleyball_001_volleyball_small_cam11_cam12_b00301,r3,small,18.67923355873031,4,ok,,True,21420,19842,1646,0.08295534724322146,0.05605852927579086,0.14645701038201794,0.0822767065104441,,11.390846358146518
egohumans,ego_test_volleyball_002_volleyball_extreme_cam09_cam02_b00301,r1,extreme,179.59006809320533,4,ok,,True,,,,,2.4298911094665527,,,4,0.010508366860449314
egohumans,ego_test_volleyball_002_volleyball_extreme_cam09_cam02_b00301,r2,extreme,179.59006809320533,4,ransac_failed,prediction-only inlier ratio below frozen threshold,True,,,44,0.25,,,,4,0.11833369103260338
egohumans,ego_test_volleyball_002_volleyball_extreme_cam09_cam02_b00301,r3,extreme,179.59006809320533,4,icp_failed,prediction-only ICP fitness/residual gate failed,True,18815,29098,696,0.023919169702385043,0.05742865622725869,,,,16.34141190093942
egohumans,ego_test_volleyball_002_volleyball_medium_cam06_cam12_b00301,r1,medium,86.1109810584275,4,ok,,True,,,,,3.7423322200775146,,,3,0.005717639112845063
egohumans,ego_test_volleyball_002_volleyball_medium_cam06_cam12_b00301,r2,medium,86.1109810584275,4,ransac_failed,prediction-only inlier ratio below frozen threshold,True,,,33,0.3333333333333333,,,,3,0.10825841897167265
egohumans,ego_test_volleyball_002_volleyball_medium_cam06_cam12_b00301,r3,medium,86.1109810584275,4,ok,,True,19285,24147,3098,0.1282975110779807,0.05526431490375299,0.2134426636849298,0.08019143947624481,,12.77165561588481
egohumans,ego_test_volleyball_002_volleyball_small_cam11_cam12_b00301,r1,small,18.67923355873031,4,ok,,True,,,,,4.14945650100708,,,2,0.004082908853888512
egohumans,ego_test_volleyball_002_volleyball_small_cam11_cam12_b00301,r2,small,18.67923355873031,4,ok,,True,,,22,0.5,0.012417445100158943,,,2,0.0974275169428438
egohumans,ego_test_volleyball_002_volleyball_small_cam11_cam12_b00301,r3,small,18.67923355873031,4,icp_failed,prediction-only ICP fitness/residual gate failed,True,29200,24147,1111,0.04600985629684847,0.05738399938914463,,,,20.802906109951437
egohumans,ego_test_volleyball_004_volleyball_extreme_cam02_cam09_b00301,r1,extreme,179.59006809320533,4,ok,,True,,,,,2.8783953189849854,,,3,0.010335633996874094
egohumans,ego_test_volleyball_004_volleyball_extreme_cam02_cam09_b00301,r2,extreme,179.59006809320533,4,ransac_failed,prediction-only inlier ratio below frozen threshold,True,,,33,0.3333333333333333,,,,3,0.10961734689772129
egohumans,ego_test_volleyball_004_volleyball_extreme_cam02_cam09_b00301,r3,extreme,179.59006809320533,4,icp_failed,prediction-only ICP fitness/residual gate failed,True,22538,14086,754,0.05352832599744427,0.05477941704866208,,,,11.728509824024513
egohumans,ego_test_volleyball_004_volleyball_medium_cam12_cam06_b00301,r1,medium,86.1109810584275,4,ok,,True,,,,,0.6108424663543701,,,3,0.008782858029007912
egohumans,ego_test_volleyball_004_volleyball_medium_cam12_cam06_b00301,r2,medium,86.1109810584275,4,ok,,True,,,33,0.6666666666666666,0.030448944741276428,,,3,0.11956249014474452
egohumans,ego_test_volleyball_004_volleyball_medium_cam12_cam06_b00301,r3,medium,86.1109810584275,4,ok,,True,23437,20633,2627,0.127320312121359,0.054841350287548093,0.13769204672127175,0.08043354712819989,,18.237627072026953
egohumans,ego_test_volleyball_004_volleyball_small_cam11_cam12_b00301,r1,small,18.67923355873031,4,ok,,True,,,,,0.8028784990310669,,,2,0.006925105815753341
egohumans,ego_test_volleyball_004_volleyball_small_cam11_cam12_b00301,r2,small,18.67923355873031,4,ok,,True,,,22,0.5,0.009815777451576137,,,2,0.13621423300355673
egohumans,ego_test_volleyball_004_volleyball_small_cam11_cam12_b00301,r3,small,18.67923355873031,4,icp_failed,prediction-only ICP fitness/residual gate failed,True,20128,26266,937,0.03567349425112312,0.0562359866786809,,,,17.240398018155247
