case_id,cluster,angle_stratum,internal_method,internal_method_key,metric,online,internal,internal_advantage
mvh150_0001,100021,small,Human3R,m0_strict_human3r,PA-MPJPE_mm,26.31227183445642,24.8220780099392,1.4901938245172204
mvh150_0001,100021,small,Human3R,m0_strict_human3r,Anchor-MPJPE_mm,103.03349835720574,329.80436194701423,-226.77086358980847
mvh150_0001,100021,small,Human3R,m0_strict_human3r,Anchor-root_mm,71.6179044599226,314.28382574523636,-242.66592128531374
mvh150_0001,100021,small,Human3R,m0_strict_human3r,Orientation_deg,30.17951522382965,30.900653394933762,-0.721138171104112
mvh150_0001,100021,small,Human3R,m0_strict_human3r,Seam-root_mm,94.43134180895755,99.46123587266338,-5.029894063705825
mvh150_0001,100021,small,Human3R,m0_strict_human3r,Seam-orientation_deg,18.230025689664348,45.45404404393753,-27.22401835427318
mvh150_0001,100021,small,Human3R,m0_strict_human3r,Camera-rotation_deg,45.00146863368075,45.14109092474261,-0.13962229106186186
mvh150_0001,100021,small,Human3R,m0_strict_human3r,Camera-translation_m,0.8553692231811457,0.8322160310974716,0.023153192083674168
mvh150_0001,100021,small,Human3R,m0_strict_human3r,Coverage,0.98,1.0,0.020000000000000018
mvh150_0001,100021,small,BRIDGE3R,m15_bridge3r_full,PA-MPJPE_mm,26.31227183445642,24.837605026239096,1.474666808217325
mvh150_0001,100021,small,BRIDGE3R,m15_bridge3r_full,Anchor-MPJPE_mm,103.03349835720574,647.8082368138424,-544.7747384566367
mvh150_0001,100021,small,BRIDGE3R,m15_bridge3r_full,Anchor-root_mm,71.6179044599226,657.0117138053469,-585.3938093454243
mvh150_0001,100021,small,BRIDGE3R,m15_bridge3r_full,Orientation_deg,30.17951522382965,73.11555931823605,-42.9360440944064
mvh150_0001,100021,small,BRIDGE3R,m15_bridge3r_full,Seam-root_mm,94.43134180895755,988.6283750410507,-894.1970332320932
mvh150_0001,100021,small,BRIDGE3R,m15_bridge3r_full,Seam-orientation_deg,18.230025689664348,141.39483420639266,-123.16480851672831
mvh150_0001,100021,small,BRIDGE3R,m15_bridge3r_full,Camera-rotation_deg,45.00146863368075,139.57752981155045,-94.57606117786969
mvh150_0001,100021,small,BRIDGE3R,m15_bridge3r_full,Camera-translation_m,0.8553692231811457,3.213360293026669,-2.3579910698455233
mvh150_0001,100021,small,BRIDGE3R,m15_bridge3r_full,Coverage,0.98,1.0,0.020000000000000018
mvh150_0002,100021,medium,Human3R,m0_strict_human3r,PA-MPJPE_mm,27.125805198447235,25.112620647225214,2.0131845512220217
mvh150_0002,100021,medium,Human3R,m0_strict_human3r,Anchor-MPJPE_mm,129.18872272984262,215.1263915252861,-85.93766879544347
mvh150_0002,100021,medium,Human3R,m0_strict_human3r,Anchor-root_mm,117.03424871389821,201.73889017384045,-84.70464145994224
mvh150_0002,100021,medium,Human3R,m0_strict_human3r,Orientation_deg,41.29708119527389,36.939509656158144,4.357571539115746
mvh150_0002,100021,medium,Human3R,m0_strict_human3r,Seam-root_mm,152.3215708061452,52.95353623435362,99.36803457179157
mvh150_0002,100021,medium,Human3R,m0_strict_human3r,Seam-orientation_deg,30.965341376571054,64.16541633220646,-33.20007495563541
mvh150_0002,100021,medium,Human3R,m0_strict_human3r,Camera-rotation_deg,75.2768297495936,72.94491648097114,2.3319132686224577
mvh150_0002,100021,medium,Human3R,m0_strict_human3r,Camera-translation_m,1.1411631169971443,1.229783358498713,-0.08862024150156866
mvh150_0002,100021,medium,Human3R,m0_strict_human3r,Coverage,0.98,1.0,0.020000000000000018
mvh150_0002,100021,medium,BRIDGE3R,m15_bridge3r_full,PA-MPJPE_mm,27.125805198447235,25.13902392068849,1.9867812777587446
mvh150_0002,100021,medium,BRIDGE3R,m15_bridge3r_full,Anchor-MPJPE_mm,129.18872272984262,234.65413446864733,-105.4654117388047
mvh150_0002,100021,medium,BRIDGE3R,m15_bridge3r_full,Anchor-root_mm,117.03424871389821,110.06294539591977,6.971303317978439
mvh150_0002,100021,medium,BRIDGE3R,m15_bridge3r_full,Orientation_deg,41.29708119527389,54.847065118453806,-13.549983923179916
mvh150_0002,100021,medium,BRIDGE3R,m15_bridge3r_full,Seam-root_mm,152.3215708061452,12.117637586764035,140.20393321938116
mvh150_0002,100021,medium,BRIDGE3R,m15_bridge3r_full,Seam-orientation_deg,30.965341376571054,63.878122001017246,-32.91278062444619
mvh150_0002,100021,medium,BRIDGE3R,m15_bridge3r_full,Camera-rotation_deg,75.2768297495936,106.60144953100122,-31.32461978140762
mvh150_0002,100021,medium,BRIDGE3R,m15_bridge3r_full,Camera-translation_m,1.1411631169971443,2.7464683517351425,-1.6053052347379981
mvh150_0002,100021,medium,BRIDGE3R,m15_bridge3r_full,Coverage,0.98,1.0,0.020000000000000018
mvh150_0003,100021,large,Human3R,m0_strict_human3r,PA-MPJPE_mm,33.28065586621161,30.599407251100242,2.681248615111368
mvh150_0003,100021,large,Human3R,m0_strict_human3r,Anchor-MPJPE_mm,229.0002284361235,300.63192281518644,-71.63169437906294
mvh150_0003,100021,large,Human3R,m0_strict_human3r,Anchor-root_mm,216.18972103746256,276.8382118144624,-60.648490776999836
mvh150_0003,100021,large,Human3R,m0_strict_human3r,Orientation_deg,56.08266245854846,50.342671838056994,5.739990620491469
mvh150_0003,100021,large,Human3R,m0_strict_human3r,Seam-root_mm,291.4989983836963,931.4891778243599,-639.9901794406636
mvh150_0003,100021,large,Human3R,m0_strict_human3r,Seam-orientation_deg,53.21593302637476,103.30704541432875,-50.09111238795399
mvh150_0003,100021,large,Human3R,m0_strict_human3r,Camera-rotation_deg,111.07825736559563,88.24017709572932,22.83808026986631
mvh150_0003,100021,large,Human3R,m0_strict_human3r,Camera-translation_m,2.223772289923977,1.4812411113067312,0.7425311786172459
mvh150_0003,100021,large,Human3R,m0_strict_human3r,Coverage,0.98,1.0,0.020000000000000018
mvh150_0003,100021,large,BRIDGE3R,m15_bridge3r_full,PA-MPJPE_mm,33.28065586621161,30.54743466705637,2.733221199155242
mvh150_0003,100021,large,BRIDGE3R,m15_bridge3r_full,Anchor-MPJPE_mm,229.0002284361235,369.4195535820915,-140.419325145968
mvh150_0003,100021,large,BRIDGE3R,m15_bridge3r_full,Anchor-root_mm,216.18972103746256,329.5325107754574,-113.34278973799485
mvh150_0003,100021,large,BRIDGE3R,m15_bridge3r_full,Orientation_deg,56.08266245854846,34.278242738515786,21.804419720032676
mvh150_0003,100021,large,BRIDGE3R,m15_bridge3r_full,Seam-root_mm,291.4989983836963,661.7844488493485,-370.28545046565216
mvh150_0003,100021,large,BRIDGE3R,m15_bridge3r_full,Seam-orientation_deg,53.21593302637476,81.69192669193872,-28.475993665563955
mvh150_0003,100021,large,BRIDGE3R,m15_bridge3r_full,Camera-rotation_deg,111.07825736559563,67.45768767248151,43.62056969311412
mvh150_0003,100021,large,BRIDGE3R,m15_bridge3r_full,Camera-translation_m,2.223772289923977,2.7724033341088865,-0.5486310441849094
mvh150_0003,100021,large,BRIDGE3R,m15_bridge3r_full,Coverage,0.98,1.0,0.020000000000000018
mvh150_0004,100021,very_large,Human3R,m0_strict_human3r,PA-MPJPE_mm,33.4147000657856,26.13676737974273,7.277932686042874
mvh150_0004,100021,very_large,Human3R,m0_strict_human3r,Anchor-MPJPE_mm,160.62777217800226,246.06406138907604,-85.43628921107378
mvh150_0004,100021,very_large,Human3R,m0_strict_human3r,Anchor-root_mm,109.94573944520197,154.80329187052806,-44.85755242532609
mvh150_0004,100021,very_large,Human3R,m0_strict_human3r,Orientation_deg,75.32871635644486,94.5540858600246,-19.225369503579742
mvh150_0004,100021,very_large,Human3R,m0_strict_human3r,Seam-root_mm,116.07477953984753,215.51895558831143,-99.4441760484639
mvh150_0004,100021,very_large,Human3R,m0_strict_human3r,Seam-orientation_deg,49.61735390693011,123.18048574002121,-73.56313183309109
mvh150_0004,100021,very_large,Human3R,m0_strict_human3r,Camera-rotation_deg,135.00667109012682,165.6757816307922,-30.669110540665372
mvh150_0004,100021,very_large,Human3R,m0_strict_human3r,Camera-translation_m,2.037862249343675,2.3548476838322756,-0.3169854344886005
mvh150_0004,100021,very_large,Human3R,m0_strict_human3r,Coverage,0.98,1.0,0.020000000000000018
mvh150_0004,100021,very_large,BRIDGE3R,m15_bridge3r_full,PA-MPJPE_mm,33.4147000657856,26.187870485561692,7.22682958022391
mvh150_0004,100021,very_large,BRIDGE3R,m15_bridge3r_full,Anchor-MPJPE_mm,160.62777217800226,217.0279975647092,-56.40022538670695
mvh150_0004,100021,very_large,BRIDGE3R,m15_bridge3r_full,Anchor-root_mm,109.94573944520197,65.43162055806248,44.51411888713949
mvh150_0004,100021,very_large,BRIDGE3R,m15_bridge3r_full,Orientation_deg,75.32871635644486,62.444886243795324,12.883830112649534
mvh150_0004,100021,very_large,BRIDGE3R,m15_bridge3r_full,Seam-root_mm,116.07477953984753,122.88804888708103,-6.813269347233501
mvh150_0004,100021,very_large,BRIDGE3R,m15_bridge3r_full,Seam-orientation_deg,49.61735390693011,120.62100636710531,-71.0036524601752
mvh150_0004,100021,very_large,BRIDGE3R,m15_bridge3r_full,Camera-rotation_deg,135.00667109012682,14.74737186058834,120.25929922953847
mvh150_0004,100021,very_large,BRIDGE3R,m15_bridge3r_full,Camera-translation_m,2.037862249343675,1.271317690029971,0.7665445593137041
mvh150_0004,100021,very_large,BRIDGE3R,m15_bridge3r_full,Coverage,0.98,1.0,0.020000000000000018
mvh150_0005,100021,extreme,Human3R,m0_strict_human3r,PA-MPJPE_mm,29.945978839822576,32.6934858405651,-2.7475070007425266
mvh150_0005,100021,extreme,Human3R,m0_strict_human3r,Anchor-MPJPE_mm,160.1931567219278,394.6063045112983,-234.41314778937047
mvh150_0005,100021,extreme,Human3R,m0_strict_human3r,Anchor-root_mm,117.91829833405093,372.8778568882799,-254.95955855422898
mvh150_0005,100021,extreme,Human3R,m0_strict_human3r,Orientation_deg,92.30828101672634,86.20637780001944,6.101903216706901
mvh150_0005,100021,extreme,Human3R,m0_strict_human3r,Seam-root_mm,162.92497374357944,314.6189318581509,-151.69395811457147
mvh150_0005,100021,extreme,Human3R,m0_strict_human3r,Seam-orientation_deg,38.02693938390008,161.9748725397355,-123.94793315583541
mvh150_0005,100021,extreme,Human3R,m0_strict_human3r,Camera-rotation_deg,167.34459566938375,157.82557015875582,9.519025510627927
mvh150_0005,100021,extreme,Human3R,m0_strict_human3r,Camera-translation_m,2.452079754149453,1.3932125962694024,1.0588671578800506
mvh150_0005,100021,extreme,Human3R,m0_strict_human3r,Coverage,0.98,1.0,0.020000000000000018
mvh150_0005,100021,extreme,BRIDGE3R,m15_bridge3r_full,PA-MPJPE_mm,29.945978839822576,32.72896218901515,-2.7829833491925733
mvh150_0005,100021,extreme,BRIDGE3R,m15_bridge3r_full,Anchor-MPJPE_mm,160.1931567219278,274.59159214388245,-114.39843542195464
mvh150_0005,100021,extreme,BRIDGE3R,m15_bridge3r_full,Anchor-root_mm,117.91829833405093,182.00607219172696,-64.08777385767603
mvh150_0005,100021,extreme,BRIDGE3R,m15_bridge3r_full,Orientation_deg,92.30828101672634,69.5023195611749,22.80596145555144
mvh150_0005,100021,extreme,BRIDGE3R,m15_bridge3r_full,Seam-root_mm,162.92497374357944,58.37282065321855,104.55215309036089
mvh150_0005,100021,extreme,BRIDGE3R,m15_bridge3r_full,Seam-orientation_deg,38.02693938390008,161.72627645275537,-123.6993370688553
mvh150_0005,100021,extreme,BRIDGE3R,m15_bridge3r_full,Camera-rotation_deg,167.34459566938375,52.47626542126575,114.868330248118
mvh150_0005,100021,extreme,BRIDGE3R,m15_bridge3r_full,Camera-translation_m,2.452079754149453,1.2822194401726545,1.1698603139767985
mvh150_0005,100021,extreme,BRIDGE3R,m15_bridge3r_full,Coverage,0.98,1.0,0.020000000000000018
mvh150_0006,100022,small,Human3R,m0_strict_human3r,PA-MPJPE_mm,19.72112379094958,22.00259915757555,-2.281475366625969
mvh150_0006,100022,small,Human3R,m0_strict_human3r,Anchor-MPJPE_mm,88.34022794278647,97.61114858286078,-9.270920640074308
mvh150_0006,100022,small,Human3R,m0_strict_human3r,Anchor-root_mm,69.70073302882405,73.20520470769773,-3.504471678873685
mvh150_0006,100022,small,Human3R,m0_strict_human3r,Orientation_deg,25.431563386716636,27.08284431733895,-1.6512809306223133
mvh150_0006,100022,small,Human3R,m0_strict_human3r,Seam-root_mm,117.10691399106014,82.27038993633624,34.836524054723895
mvh150_0006,100022,small,Human3R,m0_strict_human3r,Seam-orientation_deg,20.344515603548444,47.249337133687725,-26.90482153013928
mvh150_0006,100022,small,Human3R,m0_strict_human3r,Camera-rotation_deg,44.205933189076,45.60408067119416,-1.398147482118162
mvh150_0006,100022,small,Human3R,m0_strict_human3r,Camera-translation_m,0.9278802710766324,0.9064871233597046,0.021393147716927796
mvh150_0006,100022,small,Human3R,m0_strict_human3r,Coverage,0.98,1.0,0.020000000000000018
mvh150_0006,100022,small,BRIDGE3R,m15_bridge3r_full,PA-MPJPE_mm,19.72112379094958,22.040750775705146,-2.3196269847555655
mvh150_0006,100022,small,BRIDGE3R,m15_bridge3r_full,Anchor-MPJPE_mm,88.34022794278647,239.96479033716068,-151.6245623943742
mvh150_0006,100022,small,BRIDGE3R,m15_bridge3r_full,Anchor-root_mm,69.70073302882405,146.18110728334952,-76.48037425452547
mvh150_0006,100022,small,BRIDGE3R,m15_bridge3r_full,Orientation_deg,25.431563386716636,115.42074816354055,-89.98918477682392
mvh150_0006,100022,small,BRIDGE3R,m15_bridge3r_full,Seam-root_mm,117.10691399106014,23.605292000890046,93.5016219901701
mvh150_0006,100022,small,BRIDGE3R,m15_bridge3r_full,Seam-orientation_deg,20.344515603548444,46.37632626058879,-26.031810657040346
mvh150_0006,100022,small,BRIDGE3R,m15_bridge3r_full,Camera-rotation_deg,44.205933189076,111.01939481695449,-66.8134616278785
mvh150_0006,100022,small,BRIDGE3R,m15_bridge3r_full,Camera-translation_m,0.9278802710766324,2.8678679077512026,-1.9399876366745703
mvh150_0006,100022,small,BRIDGE3R,m15_bridge3r_full,Coverage,0.98,1.0,0.020000000000000018
mvh150_0007,100022,medium,Human3R,m0_strict_human3r,PA-MPJPE_mm,20.41001494515139,22.19993864006602,-1.7899236949146307
mvh150_0007,100022,medium,Human3R,m0_strict_human3r,Anchor-MPJPE_mm,123.65167521775426,131.97342036607344,-8.32174514831918
mvh150_0007,100022,medium,Human3R,m0_strict_human3r,Anchor-root_mm,99.68332923906247,83.7882789872399,15.895050251822568
mvh150_0007,100022,medium,Human3R,m0_strict_human3r,Orientation_deg,48.93329096798734,50.826804102841706,-1.8935131348543663
mvh150_0007,100022,medium,Human3R,m0_strict_human3r,Seam-root_mm,165.45760642944768,45.813945204418324,119.64366122502935
mvh150_0007,100022,medium,Human3R,m0_strict_human3r,Seam-orientation_deg,32.1824299638925,65.66858635462654,-33.48615639073404
mvh150_0007,100022,medium,Human3R,m0_strict_human3r,Camera-rotation_deg,74.79247473540306,79.64319957796818,-4.850724842565114
mvh150_0007,100022,medium,Human3R,m0_strict_human3r,Camera-translation_m,1.2835013519230516,1.4766423778636446,-0.19314102594059301
mvh150_0007,100022,medium,Human3R,m0_strict_human3r,Coverage,0.98,1.0,0.020000000000000018
mvh150_0007,100022,medium,BRIDGE3R,m15_bridge3r_full,PA-MPJPE_mm,20.41001494515139,22.24885883908005,-1.8388438939286615
mvh150_0007,100022,medium,BRIDGE3R,m15_bridge3r_full,Anchor-MPJPE_mm,123.65167521775426,340.12076060160007,-216.46908538384582
mvh150_0007,100022,medium,BRIDGE3R,m15_bridge3r_full,Anchor-root_mm,99.68332923906247,328.18532347536956,-228.5019942363071
mvh150_0007,100022,medium,BRIDGE3R,m15_bridge3r_full,Orientation_deg,48.93329096798734,60.62192132232542,-11.68863035433808
mvh150_0007,100022,medium,BRIDGE3R,m15_bridge3r_full,Seam-root_mm,165.45760642944768,762.9818208419462,-597.5242144124985
mvh150_0007,100022,medium,BRIDGE3R,m15_bridge3r_full,Seam-orientation_deg,32.1824299638925,121.67579319571148,-89.49336323181898
mvh150_0007,100022,medium,BRIDGE3R,m15_bridge3r_full,Camera-rotation_deg,74.79247473540306,114.38041856842474,-39.58794383302168
mvh150_0007,100022,medium,BRIDGE3R,m15_bridge3r_full,Camera-translation_m,1.2835013519230516,3.41291627940826,-2.1294149274852083
mvh150_0007,100022,medium,BRIDGE3R,m15_bridge3r_full,Coverage,0.98,1.0,0.020000000000000018
mvh150_0008,100022,large,Human3R,m0_strict_human3r,PA-MPJPE_mm,20.438989861937078,20.757369714669323,-0.3183798527322459
mvh150_0008,100022,large,Human3R,m0_strict_human3r,Anchor-MPJPE_mm,136.19530697731145,133.5169204808475,2.6783864964639577
mvh150_0008,100022,large,Human3R,m0_strict_human3r,Anchor-root_mm,106.50858892205908,72.88510503527938,33.623483886779695
mvh150_0008,100022,large,Human3R,m0_strict_human3r,Orientation_deg,52.73104834147928,59.95224957538644,-7.221201233907159
mvh150_0008,100022,large,Human3R,m0_strict_human3r,Seam-root_mm,160.40107669154875,104.93145686004995,55.469619831498804
mvh150_0008,100022,large,Human3R,m0_strict_human3r,Seam-orientation_deg,48.22603524973587,101.6561479890053,-53.43011273926943
mvh150_0008,100022,large,Human3R,m0_strict_human3r,Camera-rotation_deg,98.44330157901085,123.1276008348043,-24.684299255793448
mvh150_0008,100022,large,Human3R,m0_strict_human3r,Camera-translation_m,0.5450074797329466,2.3129040984228872,-1.7678966186899405
mvh150_0008,100022,large,Human3R,m0_strict_human3r,Coverage,0.98,1.0,0.020000000000000018
mvh150_0008,100022,large,BRIDGE3R,m15_bridge3r_full,PA-MPJPE_mm,20.438989861937078,20.675923963194972,-0.23693410125789427
mvh150_0008,100022,large,BRIDGE3R,m15_bridge3r_full,Anchor-MPJPE_mm,136.19530697731145,559.972277363579,-423.7769703862675
mvh150_0008,100022,large,BRIDGE3R,m15_bridge3r_full,Anchor-root_mm,106.50858892205908,536.4918813417979,-429.98329241973886
mvh150_0008,100022,large,BRIDGE3R,m15_bridge3r_full,Orientation_deg,52.73104834147928,44.04942087470851,8.68162746677077
mvh150_0008,100022,large,BRIDGE3R,m15_bridge3r_full,Seam-root_mm,160.40107669154875,951.9668626991898,-791.5657860076411
mvh150_0008,100022,large,BRIDGE3R,m15_bridge3r_full,Seam-orientation_deg,48.22603524973587,90.18680574008768,-41.960770490351806
mvh150_0008,100022,large,BRIDGE3R,m15_bridge3r_full,Camera-rotation_deg,98.44330157901085,74.33599542847028,24.107306150540566
mvh150_0008,100022,large,BRIDGE3R,m15_bridge3r_full,Camera-translation_m,0.5450074797329466,2.5428994836613383,-1.9978920039283916
mvh150_0008,100022,large,BRIDGE3R,m15_bridge3r_full,Coverage,0.98,1.0,0.020000000000000018
mvh150_0009,100022,very_large,Human3R,m0_strict_human3r,PA-MPJPE_mm,22.29355438403631,27.71048229248708,-5.41692790845077
mvh150_0009,100022,very_large,Human3R,m0_strict_human3r,Anchor-MPJPE_mm,147.13682582207932,431.7848908293359,-284.6480650072566
mvh150_0009,100022,very_large,Human3R,m0_strict_human3r,Anchor-root_mm,102.97379210604042,424.3220271237377,-321.3482350176973
mvh150_0009,100022,very_large,Human3R,m0_strict_human3r,Orientation_deg,76.88158915399265,64.06339335409837,12.818195799894283
mvh150_0009,100022,very_large,Human3R,m0_strict_human3r,Seam-root_mm,161.273240580165,138.4804400064325,22.792800573732507
mvh150_0009,100022,very_large,Human3R,m0_strict_human3r,Seam-orientation_deg,49.591657036893295,128.83258906200956,-79.24093202511627
mvh150_0009,100022,very_large,Human3R,m0_strict_human3r,Camera-rotation_deg,135.00667109012682,123.87357787931816,11.133093210808653
mvh150_0009,100022,very_large,Human3R,m0_strict_human3r,Camera-translation_m,2.037862249343675,2.1313671676162924,-0.09350491827261731
mvh150_0009,100022,very_large,Human3R,m0_strict_human3r,Coverage,0.98,1.0,0.020000000000000018
mvh150_0009,100022,very_large,BRIDGE3R,m15_bridge3r_full,PA-MPJPE_mm,22.29355438403631,27.71393381651502,-5.420379432478711
mvh150_0009,100022,very_large,BRIDGE3R,m15_bridge3r_full,Anchor-MPJPE_mm,147.13682582207932,503.95614312020587,-356.8193172981265
mvh150_0009,100022,very_large,BRIDGE3R,m15_bridge3r_full,Anchor-root_mm,102.97379210604042,501.4590369720408,-398.48524486600036
mvh150_0009,100022,very_large,BRIDGE3R,m15_bridge3r_full,Orientation_deg,76.88158915399265,22.178030358392377,54.70355879560027
mvh150_0009,100022,very_large,BRIDGE3R,m15_bridge3r_full,Seam-root_mm,161.273240580165,862.8048360317016,-701.5315954515365
mvh150_0009,100022,very_large,BRIDGE3R,m15_bridge3r_full,Seam-orientation_deg,49.591657036893295,44.70461022210544,4.887046814787858
mvh150_0009,100022,very_large,BRIDGE3R,m15_bridge3r_full,Camera-rotation_deg,135.00667109012682,42.63137930670159,92.37529178342523
mvh150_0009,100022,very_large,BRIDGE3R,m15_bridge3r_full,Camera-translation_m,2.037862249343675,1.7175857034151352,0.32027654592853994
mvh150_0009,100022,very_large,BRIDGE3R,m15_bridge3r_full,Coverage,0.98,1.0,0.020000000000000018
mvh150_0010,100022,extreme,Human3R,m0_strict_human3r,PA-MPJPE_mm,21.266322744813664,26.54062647186301,-5.274303727049347
mvh150_0010,100022,extreme,Human3R,m0_strict_human3r,Anchor-MPJPE_mm,195.1486660660047,240.7877230407084,-45.63905697470372
mvh150_0010,100022,extreme,Human3R,m0_strict_human3r,Anchor-root_mm,171.32864550165502,167.2310442011458,4.097601300509211
mvh150_0010,100022,extreme,Human3R,m0_strict_human3r,Orientation_deg,88.23175673199235,69.05502946028811,19.176727271704237
mvh150_0010,100022,extreme,Human3R,m0_strict_human3r,Seam-root_mm,315.3690478483831,241.42751375634302,73.94153409204009
mvh150_0010,100022,extreme,Human3R,m0_strict_human3r,Seam-orientation_deg,53.80368345512319,150.69164566049972,-96.88796220537652
mvh150_0010,100022,extreme,Human3R,m0_strict_human3r,Camera-rotation_deg,174.11039325415962,60.84378923419174,113.26660401996787
mvh150_0010,100022,extreme,Human3R,m0_strict_human3r,Camera-translation_m,2.3916023902434334,1.4212752814988912,0.9703271087445422
mvh150_0010,100022,extreme,Human3R,m0_strict_human3r,Coverage,0.98,1.0,0.020000000000000018
mvh150_0010,100022,extreme,BRIDGE3R,m15_bridge3r_full,PA-MPJPE_mm,21.266322744813664,26.140939857004934,-4.87461711219127
mvh150_0010,100022,extreme,BRIDGE3R,m15_bridge3r_full,Anchor-MPJPE_mm,195.1486660660047,381.77177320521764,-186.62310713921295
mvh150_0010,100022,extreme,BRIDGE3R,m15_bridge3r_full,Anchor-root_mm,171.32864550165502,325.1029862828527,-153.7743407811977
mvh150_0010,100022,extreme,BRIDGE3R,m15_bridge3r_full,Orientation_deg,88.23175673199235,87.08032950591725,1.1514272260751
mvh150_0010,100022,extreme,BRIDGE3R,m15_bridge3r_full,Seam-root_mm,315.3690478483831,35.499888101000316,279.8691597473828
mvh150_0010,100022,extreme,BRIDGE3R,m15_bridge3r_full,Seam-orientation_deg,53.80368345512319,160.15657928594447,-106.35289583082128
mvh150_0010,100022,extreme,BRIDGE3R,m15_bridge3r_full,Camera-rotation_deg,174.11039325415962,93.50773156849552,80.6026616856641
mvh150_0010,100022,extreme,BRIDGE3R,m15_bridge3r_full,Camera-translation_m,2.3916023902434334,1.4084441961174783,0.9831581941259551
mvh150_0010,100022,extreme,BRIDGE3R,m15_bridge3r_full,Coverage,0.98,1.0,0.020000000000000018
mvh150_0011,100023,small,Human3R,m0_strict_human3r,PA-MPJPE_mm,30.22948696393523,31.343156562572318,-1.1136695986370881
mvh150_0011,100023,small,Human3R,m0_strict_human3r,Anchor-MPJPE_mm,102.80729881434301,141.6453715147256,-38.8380727003826
mvh150_0011,100023,small,Human3R,m0_strict_human3r,Anchor-root_mm,78.34161883064344,112.47985747282291,-34.13823864217947
mvh150_0011,100023,small,Human3R,m0_strict_human3r,Orientation_deg,30.349500228286253,48.82606917133205,-18.476568943045798
mvh150_0011,100023,small,Human3R,m0_strict_human3r,Seam-root_mm,108.98212434232232,30.970298246661493,78.01182609566084
mvh150_0011,100023,small,Human3R,m0_strict_human3r,Seam-orientation_deg,21.28308956103854,51.83498062434078,-30.55189106330224
mvh150_0011,100023,small,Human3R,m0_strict_human3r,Camera-rotation_deg,45.00146863368075,79.97135373660149,-34.969885102920735
mvh150_0011,100023,small,Human3R,m0_strict_human3r,Camera-translation_m,0.8553692231811457,2.105785405113694,-1.2504161819325486
mvh150_0011,100023,small,Human3R,m0_strict_human3r,Coverage,0.9933333333333333,1.0,0.00666666666666671
mvh150_0011,100023,small,BRIDGE3R,m15_bridge3r_full,PA-MPJPE_mm,30.22948696393523,31.259001447025458,-1.029514483090228
mvh150_0011,100023,small,BRIDGE3R,m15_bridge3r_full,Anchor-MPJPE_mm,102.80729881434301,529.2138341365552,-426.40653532221216
mvh150_0011,100023,small,BRIDGE3R,m15_bridge3r_full,Anchor-root_mm,78.34161883064344,506.8585188377733,-428.5169000071299
mvh150_0011,100023,small,BRIDGE3R,m15_bridge3r_full,Orientation_deg,30.349500228286253,67.59756436494862,-37.24806413666237
mvh150_0011,100023,small,BRIDGE3R,m15_bridge3r_full,Seam-root_mm,108.98212434232232,927.9106210942386,-818.9284967519163
mvh150_0011,100023,small,BRIDGE3R,m15_bridge3r_full,Seam-orientation_deg,21.28308956103854,140.81489712069938,-119.53180755966085
mvh150_0011,100023,small,BRIDGE3R,m15_bridge3r_full,Camera-rotation_deg,45.00146863368075,125.78232985985858,-80.78086122617782
mvh150_0011,100023,small,BRIDGE3R,m15_bridge3r_full,Camera-translation_m,0.8553692231811457,3.3385663898805693,-2.4831971666994237
mvh150_0011,100023,small,BRIDGE3R,m15_bridge3r_full,Coverage,0.9933333333333333,1.0,0.00666666666666671
mvh150_0012,100023,medium,Human3R,m0_strict_human3r,PA-MPJPE_mm,29.019424038051362,30.260255295587108,-1.2408312575357456
mvh150_0012,100023,medium,Human3R,m0_strict_human3r,Anchor-MPJPE_mm,156.12637673835633,287.6152229073049,-131.48884616894856
mvh150_0012,100023,medium,Human3R,m0_strict_human3r,Anchor-root_mm,132.34529891815657,269.53864631235143,-137.19334739419486
mvh150_0012,100023,medium,Human3R,m0_strict_human3r,Orientation_deg,39.657014765467466,19.797336521009797,19.85967824445767
mvh150_0012,100023,medium,Human3R,m0_strict_human3r,Seam-root_mm,164.64624720992538,68.62806651534216,96.01818069458322
mvh150_0012,100023,medium,Human3R,m0_strict_human3r,Seam-orientation_deg,31.22873835636152,63.89111718502233,-32.662378828660806
mvh150_0012,100023,medium,Human3R,m0_strict_human3r,Camera-rotation_deg,74.17352219454133,37.19942780643419,36.97409438810715
mvh150_0012,100023,medium,Human3R,m0_strict_human3r,Camera-translation_m,1.2821743123699776,1.3277409036700305,-0.04556659130005292
mvh150_0012,100023,medium,Human3R,m0_strict_human3r,Coverage,0.98,0.9866666666666667,0.00666666666666671
mvh150_0012,100023,medium,BRIDGE3R,m15_bridge3r_full,PA-MPJPE_mm,29.019424038051362,30.248266390094773,-1.2288423520434115
mvh150_0012,100023,medium,BRIDGE3R,m15_bridge3r_full,Anchor-MPJPE_mm,156.12637673835633,571.2680876802093,-415.141710941853
mvh150_0012,100023,medium,BRIDGE3R,m15_bridge3r_full,Anchor-root_mm,132.34529891815657,549.8071019592414,-417.46180304108486
mvh150_0012,100023,medium,BRIDGE3R,m15_bridge3r_full,Orientation_deg,39.657014765467466,58.52557784129212,-18.868563075824653
mvh150_0012,100023,medium,BRIDGE3R,m15_bridge3r_full,Seam-root_mm,164.64624720992538,904.6042149632907,-739.9579677533653
mvh150_0012,100023,medium,BRIDGE3R,m15_bridge3r_full,Seam-orientation_deg,31.22873835636152,102.40056704072356,-71.17182868436204
mvh150_0012,100023,medium,BRIDGE3R,m15_bridge3r_full,Camera-rotation_deg,74.17352219454133,103.76914791272739,-29.595625718186056
mvh150_0012,100023,medium,BRIDGE3R,m15_bridge3r_full,Camera-translation_m,1.2821743123699776,3.1208519750226866,-1.838677662652709
mvh150_0012,100023,medium,BRIDGE3R,m15_bridge3r_full,Coverage,0.98,0.9866666666666667,0.00666666666666671
mvh150_0013,100023,large,Human3R,m0_strict_human3r,PA-MPJPE_mm,29.06477702322606,29.69909633242171,-0.63431930919565
mvh150_0013,100023,large,Human3R,m0_strict_human3r,Anchor-MPJPE_mm,285.525133173757,384.52435011572106,-98.99921694196405
mvh150_0013,100023,large,Human3R,m0_strict_human3r,Anchor-root_mm,276.8841916599559,359.59804494962043,-82.71385328966454
mvh150_0013,100023,large,Human3R,m0_strict_human3r,Orientation_deg,62.798324353314825,72.79357283968979,-9.995248486374962
mvh150_0013,100023,large,Human3R,m0_strict_human3r,Seam-root_mm,314.7928434250425,578.6274963153472,-263.8346528903047
mvh150_0013,100023,large,Human3R,m0_strict_human3r,Seam-orientation_deg,58.952540042961736,110.82537878819103,-51.872838745229295
mvh150_0013,100023,large,Human3R,m0_strict_human3r,Camera-rotation_deg,107.20039837521531,137.02645492211082,-29.8260565468955
mvh150_0013,100023,large,Human3R,m0_strict_human3r,Camera-translation_m,2.9253331273246084,1.8625490118755017,1.0627841154491067
mvh150_0013,100023,large,Human3R,m0_strict_human3r,Coverage,0.98,1.0,0.020000000000000018
mvh150_0013,100023,large,BRIDGE3R,m15_bridge3r_full,PA-MPJPE_mm,29.06477702322606,29.62959504710855,-0.5648180238824878
mvh150_0013,100023,large,BRIDGE3R,m15_bridge3r_full,Anchor-MPJPE_mm,285.525133173757,265.4199237068009,20.105209466956126
mvh150_0013,100023,large,BRIDGE3R,m15_bridge3r_full,Anchor-root_mm,276.8841916599559,191.40958207212807,85.47460958782781
mvh150_0013,100023,large,BRIDGE3R,m15_bridge3r_full,Orientation_deg,62.798324353314825,74.19007079641544,-11.391746443100615
mvh150_0013,100023,large,BRIDGE3R,m15_bridge3r_full,Seam-root_mm,314.7928434250425,429.70476117466563,-114.91191774962311
mvh150_0013,100023,large,BRIDGE3R,m15_bridge3r_full,Seam-orientation_deg,58.952540042961736,114.13487745822053,-55.18233741525879
mvh150_0013,100023,large,BRIDGE3R,m15_bridge3r_full,Camera-rotation_deg,107.20039837521531,152.61137048429956,-45.41097210908424
mvh150_0013,100023,large,BRIDGE3R,m15_bridge3r_full,Camera-translation_m,2.9253331273246084,1.7792585338226499,1.1460745935019585
mvh150_0013,100023,large,BRIDGE3R,m15_bridge3r_full,Coverage,0.98,1.0,0.020000000000000018
mvh150_0014,100023,very_large,Human3R,m0_strict_human3r,PA-MPJPE_mm,26.931574687083355,30.34264871690983,-3.4110740298264766
mvh150_0014,100023,very_large,Human3R,m0_strict_human3r,Anchor-MPJPE_mm,189.86544274954392,269.42687969286544,-79.56143694332152
mvh150_0014,100023,very_large,Human3R,m0_strict_human3r,Anchor-root_mm,165.08294265161945,235.92780190813332,-70.84485925651387
mvh150_0014,100023,very_large,Human3R,m0_strict_human3r,Orientation_deg,69.12341848311489,73.10209592916695,-3.9786774460520604
mvh150_0014,100023,very_large,Human3R,m0_strict_human3r,Seam-root_mm,123.73434214477709,830.215875631601,-706.4815334868239
mvh150_0014,100023,very_large,Human3R,m0_strict_human3r,Seam-orientation_deg,52.818270394594904,47.30556838466904,5.512702009925867
mvh150_0014,100023,very_large,Human3R,m0_strict_human3r,Camera-rotation_deg,141.24084321076086,146.37659475886514,-5.135751548104281
mvh150_0014,100023,very_large,Human3R,m0_strict_human3r,Camera-translation_m,2.201424246440171,1.6337506139457374,0.5676736324944338
mvh150_0014,100023,very_large,Human3R,m0_strict_human3r,Coverage,0.98,1.0,0.020000000000000018
mvh150_0014,100023,very_large,BRIDGE3R,m15_bridge3r_full,PA-MPJPE_mm,26.931574687083355,30.462772983645166,-3.5311982965618114
mvh150_0014,100023,very_large,BRIDGE3R,m15_bridge3r_full,Anchor-MPJPE_mm,189.86544274954392,373.4586009861251,-183.59315823658116
mvh150_0014,100023,very_large,BRIDGE3R,m15_bridge3r_full,Anchor-root_mm,165.08294265161945,356.04021636159916,-190.95727370997972
mvh150_0014,100023,very_large,BRIDGE3R,m15_bridge3r_full,Orientation_deg,69.12341848311489,24.054358036659483,45.06906044645541
mvh150_0014,100023,very_large,BRIDGE3R,m15_bridge3r_full,Seam-root_mm,123.73434214477709,615.114887502953,-491.38054535817594
mvh150_0014,100023,very_large,BRIDGE3R,m15_bridge3r_full,Seam-orientation_deg,52.818270394594904,32.62213243179131,20.196137962803597
mvh150_0014,100023,very_large,BRIDGE3R,m15_bridge3r_full,Camera-rotation_deg,141.24084321076086,48.116080491841245,93.12476271891961
mvh150_0014,100023,very_large,BRIDGE3R,m15_bridge3r_full,Camera-translation_m,2.201424246440171,1.386675130638801,0.8147491158013702
mvh150_0014,100023,very_large,BRIDGE3R,m15_bridge3r_full,Coverage,0.98,1.0,0.020000000000000018
mvh150_0015,100023,extreme,Human3R,m0_strict_human3r,PA-MPJPE_mm,29.73282433853933,34.82789156461039,-5.095067226071059
mvh150_0015,100023,extreme,Human3R,m0_strict_human3r,Anchor-MPJPE_mm,181.38131177303657,182.03866512414766,-0.6573533511110838
mvh150_0015,100023,extreme,Human3R,m0_strict_human3r,Anchor-root_mm,128.4987234748045,111.0338741855166,17.464849289287912
mvh150_0015,100023,extreme,Human3R,m0_strict_human3r,Orientation_deg,88.23442010322908,91.03892472683071,-2.8045046236016304
mvh150_0015,100023,extreme,Human3R,m0_strict_human3r,Seam-root_mm,106.04040522837222,423.84140744111687,-317.80100221274466
mvh150_0015,100023,extreme,Human3R,m0_strict_human3r,Seam-orientation_deg,53.83520519346934,160.58136192328985,-106.74615672982051
mvh150_0015,100023,extreme,Human3R,m0_strict_human3r,Camera-rotation_deg,166.67865496462926,159.99359745760967,6.685057507019593
mvh150_0015,100023,extreme,Human3R,m0_strict_human3r,Camera-translation_m,2.2862746694126406,2.125801635316148,0.16047303409649238
mvh150_0015,100023,extreme,Human3R,m0_strict_human3r,Coverage,0.98,1.0,0.020000000000000018
mvh150_0015,100023,extreme,BRIDGE3R,m15_bridge3r_full,PA-MPJPE_mm,29.73282433853933,34.7832066627416,-5.050382324202268
mvh150_0015,100023,extreme,BRIDGE3R,m15_bridge3r_full,Anchor-MPJPE_mm,181.38131177303657,370.40388143580293,-189.02256966276636
mvh150_0015,100023,extreme,BRIDGE3R,m15_bridge3r_full,Anchor-root_mm,128.4987234748045,360.3037600690899,-231.80503659428538
mvh150_0015,100023,extreme,BRIDGE3R,m15_bridge3r_full,Orientation_deg,88.23442010322908,19.67271244117627,68.56170766205281
mvh150_0015,100023,extreme,BRIDGE3R,m15_bridge3r_full,Seam-root_mm,106.04040522837222,604.9034391355234,-498.8630339071512
mvh150_0015,100023,extreme,BRIDGE3R,m15_bridge3r_full,Seam-orientation_deg,53.83520519346934,23.798525699593856,30.036679493875486
mvh150_0015,100023,extreme,BRIDGE3R,m15_bridge3r_full,Camera-rotation_deg,166.67865496462926,39.79836678093225,126.88028818369702
mvh150_0015,100023,extreme,BRIDGE3R,m15_bridge3r_full,Camera-translation_m,2.2862746694126406,1.4052206535169676,0.881054015895673
mvh150_0015,100023,extreme,BRIDGE3R,m15_bridge3r_full,Coverage,0.98,1.0,0.020000000000000018
mvh150_0016,100024,small,Human3R,m0_strict_human3r,PA-MPJPE_mm,27.320887800818163,25.71055909422764,1.610328706590522
mvh150_0016,100024,small,Human3R,m0_strict_human3r,Anchor-MPJPE_mm,108.9940875026925,118.25951592870403,-9.265428426011539
mvh150_0016,100024,small,Human3R,m0_strict_human3r,Anchor-root_mm,81.11487040556264,80.84305174600507,0.27181865955756734
mvh150_0016,100024,small,Human3R,m0_strict_human3r,Orientation_deg,36.02443317440509,45.09453872674429,-9.0701055523392
mvh150_0016,100024,small,Human3R,m0_strict_human3r,Seam-root_mm,110.48741190306825,215.04584037118158,-104.55842846811333
mvh150_0016,100024,small,Human3R,m0_strict_human3r,Seam-orientation_deg,23.64739851535767,49.59093713507239,-25.94353861971472
mvh150_0016,100024,small,Human3R,m0_strict_human3r,Camera-rotation_deg,45.00146863368075,63.63245067219811,-18.63098203851736
mvh150_0016,100024,small,Human3R,m0_strict_human3r,Camera-translation_m,0.8553692231811457,1.6817485673862707,-0.8263793442051249
mvh150_0016,100024,small,Human3R,m0_strict_human3r,Coverage,0.98,1.0,0.020000000000000018
mvh150_0016,100024,small,BRIDGE3R,m15_bridge3r_full,PA-MPJPE_mm,27.320887800818163,25.700447547732264,1.6204402530858992
mvh150_0016,100024,small,BRIDGE3R,m15_bridge3r_full,Anchor-MPJPE_mm,108.9940875026925,212.84618177097988,-103.85209426828739
mvh150_0016,100024,small,BRIDGE3R,m15_bridge3r_full,Anchor-root_mm,81.11487040556264,88.34312693481185,-7.228256529249208
mvh150_0016,100024,small,BRIDGE3R,m15_bridge3r_full,Orientation_deg,36.02443317440509,47.16703364418094,-11.14260046977585
mvh150_0016,100024,small,BRIDGE3R,m15_bridge3r_full,Seam-root_mm,110.48741190306825,30.238222713946882,80.24918918912137
mvh150_0016,100024,small,BRIDGE3R,m15_bridge3r_full,Seam-orientation_deg,23.64739851535767,48.0774051442219,-24.43000662886423
mvh150_0016,100024,small,BRIDGE3R,m15_bridge3r_full,Camera-rotation_deg,45.00146863368075,133.36316528514018,-88.36169665145943
mvh150_0016,100024,small,BRIDGE3R,m15_bridge3r_full,Camera-translation_m,0.8553692231811457,3.050150664634697,-2.1947814414535514
mvh150_0016,100024,small,BRIDGE3R,m15_bridge3r_full,Coverage,0.98,1.0,0.020000000000000018
mvh150_0017,100024,medium,Human3R,m0_strict_human3r,PA-MPJPE_mm,26.97364992063918,26.2907319637939,0.6829179568452801
mvh150_0017,100024,medium,Human3R,m0_strict_human3r,Anchor-MPJPE_mm,157.63665173013197,349.39129224492217,-191.7546405147902
mvh150_0017,100024,medium,Human3R,m0_strict_human3r,Anchor-root_mm,138.92952727357738,336.32635249327495,-197.39682521969758
mvh150_0017,100024,medium,Human3R,m0_strict_human3r,Orientation_deg,41.27023340576733,80.08318668045503,-38.8129532746877
mvh150_0017,100024,medium,Human3R,m0_strict_human3r,Seam-root_mm,200.989432930872,1241.237224712182,-1040.24779178131
mvh150_0017,100024,medium,Human3R,m0_strict_human3r,Seam-orientation_deg,32.05155444747077,166.75556156583113,-134.70400711836035
mvh150_0017,100024,medium,Human3R,m0_strict_human3r,Camera-rotation_deg,75.10069073139333,149.05107253885163,-73.9503818074583
mvh150_0017,100024,medium,Human3R,m0_strict_human3r,Camera-translation_m,1.2251419881284802,3.506567368956849,-2.281425380828369
mvh150_0017,100024,medium,Human3R,m0_strict_human3r,Coverage,0.98,1.0,0.020000000000000018
mvh150_0017,100024,medium,BRIDGE3R,m15_bridge3r_full,PA-MPJPE_mm,26.97364992063918,26.310223534587802,0.6634263860513769
mvh150_0017,100024,medium,BRIDGE3R,m15_bridge3r_full,Anchor-MPJPE_mm,157.63665173013197,234.16046050082727,-76.5238087706953
mvh150_0017,100024,medium,BRIDGE3R,m15_bridge3r_full,Anchor-root_mm,138.92952727357738,125.70896906014512,13.220558213432255
mvh150_0017,100024,medium,BRIDGE3R,m15_bridge3r_full,Orientation_deg,41.27023340576733,112.3352444483307,-71.06501104256337
mvh150_0017,100024,medium,BRIDGE3R,m15_bridge3r_full,Seam-root_mm,200.989432930872,256.70346630638466,-55.714033375512656
mvh150_0017,100024,medium,BRIDGE3R,m15_bridge3r_full,Seam-orientation_deg,32.05155444747077,75.84860806761921,-43.79705362014844
mvh150_0017,100024,medium,BRIDGE3R,m15_bridge3r_full,Camera-rotation_deg,75.10069073139333,45.592332650376406,29.508358081016922
mvh150_0017,100024,medium,BRIDGE3R,m15_bridge3r_full,Camera-translation_m,1.2251419881284802,0.9752295290326796,0.24991245909580062
mvh150_0017,100024,medium,BRIDGE3R,m15_bridge3r_full,Coverage,0.98,1.0,0.020000000000000018
mvh150_0018,100024,large,Human3R,m0_strict_human3r,PA-MPJPE_mm,26.672601088525735,26.83152675102601,-0.15892566250027684
mvh150_0018,100024,large,Human3R,m0_strict_human3r,Anchor-MPJPE_mm,277.04153601469136,249.33724284592245,27.704293168768913
mvh150_0018,100024,large,Human3R,m0_strict_human3r,Anchor-root_mm,272.09666877049665,197.5395908848535,74.55707788564314
mvh150_0018,100024,large,Human3R,m0_strict_human3r,Orientation_deg,62.281941504935396,90.07926932226556,-27.797327817330164
mvh150_0018,100024,large,Human3R,m0_strict_human3r,Seam-root_mm,450.971462591858,992.0457099631064,-541.0742473712485
mvh150_0018,100024,large,Human3R,m0_strict_human3r,Seam-orientation_deg,63.798884583111985,146.07780641822194,-82.27892183510995
mvh150_0018,100024,large,Human3R,m0_strict_human3r,Camera-rotation_deg,105.1426763849853,165.9026923643081,-60.760015979322816
mvh150_0018,100024,large,Human3R,m0_strict_human3r,Camera-translation_m,1.8714443892211605,3.0070725516444323,-1.1356281624232718
mvh150_0018,100024,large,Human3R,m0_strict_human3r,Coverage,0.98,1.0,0.020000000000000018
mvh150_0018,100024,large,BRIDGE3R,m15_bridge3r_full,PA-MPJPE_mm,26.672601088525735,26.998430071472704,-0.3258289829469696
mvh150_0018,100024,large,BRIDGE3R,m15_bridge3r_full,Anchor-MPJPE_mm,277.04153601469136,240.39108743337206,36.650448581319296
mvh150_0018,100024,large,BRIDGE3R,m15_bridge3r_full,Anchor-root_mm,272.09666877049665,113.94677891355583,158.14988985694083
mvh150_0018,100024,large,BRIDGE3R,m15_bridge3r_full,Orientation_deg,62.281941504935396,94.48486927018513,-32.20292776524973
mvh150_0018,100024,large,BRIDGE3R,m15_bridge3r_full,Seam-root_mm,450.971462591858,212.4195282637734,238.55193432808463
mvh150_0018,100024,large,BRIDGE3R,m15_bridge3r_full,Seam-orientation_deg,63.798884583111985,59.7642128159223,4.0346717671896855
mvh150_0018,100024,large,BRIDGE3R,m15_bridge3r_full,Camera-rotation_deg,105.1426763849853,52.19161694242568,52.95105944255961
mvh150_0018,100024,large,BRIDGE3R,m15_bridge3r_full,Camera-translation_m,1.8714443892211605,1.0942002421930337,0.7772441470281268
mvh150_0018,100024,large,BRIDGE3R,m15_bridge3r_full,Coverage,0.98,1.0,0.020000000000000018
mvh150_0019,100024,very_large,Human3R,m0_strict_human3r,PA-MPJPE_mm,27.46843441862966,28.29974548841159,-0.8313110697819326
mvh150_0019,100024,very_large,Human3R,m0_strict_human3r,Anchor-MPJPE_mm,201.2857588526027,275.50398657574726,-74.21822772314457
mvh150_0019,100024,very_large,Human3R,m0_strict_human3r,Anchor-root_mm,172.70675187940805,194.05130616512784,-21.344554285719795
mvh150_0019,100024,very_large,Human3R,m0_strict_human3r,Orientation_deg,72.22029512999387,72.60269412203711,-0.38239899204323535
mvh150_0019,100024,very_large,Human3R,m0_strict_human3r,Seam-root_mm,92.36247944894764,340.45862311045204,-248.0961436615044
mvh150_0019,100024,very_large,Human3R,m0_strict_human3r,Seam-orientation_deg,18.7234497985066,45.469004860405825,-26.745555061899225
mvh150_0019,100024,very_large,Human3R,m0_strict_human3r,Camera-rotation_deg,135.00667109012682,145.452823770475,-10.446152680348177
mvh150_0019,100024,very_large,Human3R,m0_strict_human3r,Camera-translation_m,2.037862249343675,2.040891521947759,-0.0030292726040839213
mvh150_0019,100024,very_large,Human3R,m0_strict_human3r,Coverage,0.98,1.0,0.020000000000000018
mvh150_0019,100024,very_large,BRIDGE3R,m15_bridge3r_full,PA-MPJPE_mm,27.46843441862966,28.265753510124632,-0.7973190914949733
mvh150_0019,100024,very_large,BRIDGE3R,m15_bridge3r_full,Anchor-MPJPE_mm,201.2857588526027,236.07656915930585,-34.79081030670315
mvh150_0019,100024,very_large,BRIDGE3R,m15_bridge3r_full,Anchor-root_mm,172.70675187940805,97.04414285349011,75.66260902591793
mvh150_0019,100024,very_large,BRIDGE3R,m15_bridge3r_full,Orientation_deg,72.22029512999387,92.56515447665501,-20.34485934666114
mvh150_0019,100024,very_large,BRIDGE3R,m15_bridge3r_full,Seam-root_mm,92.36247944894764,108.0925850127002,-15.73010556375256
mvh150_0019,100024,very_large,BRIDGE3R,m15_bridge3r_full,Seam-orientation_deg,18.7234497985066,87.5153014872683,-68.79185168876171
mvh150_0019,100024,very_large,BRIDGE3R,m15_bridge3r_full,Camera-rotation_deg,135.00667109012682,48.24313053486325,86.76354055526357
mvh150_0019,100024,very_large,BRIDGE3R,m15_bridge3r_full,Camera-translation_m,2.037862249343675,1.3216271989688255,0.7162350503748496
mvh150_0019,100024,very_large,BRIDGE3R,m15_bridge3r_full,Coverage,0.98,1.0,0.020000000000000018
mvh150_0020,100024,extreme,Human3R,m0_strict_human3r,PA-MPJPE_mm,28.980580060701428,25.936660431096165,3.043919629605263
mvh150_0020,100024,extreme,Human3R,m0_strict_human3r,Anchor-MPJPE_mm,158.5644167812541,248.39131570668064,-89.82689892542655
mvh150_0020,100024,extreme,Human3R,m0_strict_human3r,Anchor-root_mm,108.1847076293862,161.37758518276038,-53.19287755337419
mvh150_0020,100024,extreme,Human3R,m0_strict_human3r,Orientation_deg,86.75785516432566,60.47839451155057,26.279460652775093
mvh150_0020,100024,extreme,Human3R,m0_strict_human3r,Seam-root_mm,193.8684179930828,385.3795698206141,-191.5111518275313
mvh150_0020,100024,extreme,Human3R,m0_strict_human3r,Seam-orientation_deg,13.398775411256535,104.0619550788179,-90.66317966756137
mvh150_0020,100024,extreme,Human3R,m0_strict_human3r,Camera-rotation_deg,165.10219597423995,94.69434116779374,70.40785480644621
mvh150_0020,100024,extreme,Human3R,m0_strict_human3r,Camera-translation_m,2.1746429921043187,1.6221746386378046,0.552468353466514
mvh150_0020,100024,extreme,Human3R,m0_strict_human3r,Coverage,0.98,0.9933333333333333,0.013333333333333308
mvh150_0020,100024,extreme,BRIDGE3R,m15_bridge3r_full,PA-MPJPE_mm,28.980580060701428,26.034535753280185,2.946044307421243
mvh150_0020,100024,extreme,BRIDGE3R,m15_bridge3r_full,Anchor-MPJPE_mm,158.5644167812541,226.0004854472516,-67.43606866599751
mvh150_0020,100024,extreme,BRIDGE3R,m15_bridge3r_full,Anchor-root_mm,108.1847076293862,125.34934215629102,-17.16463452690482
mvh150_0020,100024,extreme,BRIDGE3R,m15_bridge3r_full,Orientation_deg,86.75785516432566,64.89349727330173,21.86435789102393
mvh150_0020,100024,extreme,BRIDGE3R,m15_bridge3r_full,Seam-root_mm,193.8684179930828,235.89061598609237,-42.02219799300957
mvh150_0020,100024,extreme,BRIDGE3R,m15_bridge3r_full,Seam-orientation_deg,13.398775411256535,90.60233136790656,-77.20355595665002
mvh150_0020,100024,extreme,BRIDGE3R,m15_bridge3r_full,Camera-rotation_deg,165.10219597423995,55.164699895128905,109.93749607911104
mvh150_0020,100024,extreme,BRIDGE3R,m15_bridge3r_full,Camera-translation_m,2.1746429921043187,2.5157567034899553,-0.3411137113856366
mvh150_0020,100024,extreme,BRIDGE3R,m15_bridge3r_full,Coverage,0.98,0.9933333333333333,0.013333333333333308
mvh150_0021,100025,small,Human3R,m0_strict_human3r,PA-MPJPE_mm,25.936801554520983,25.81149466311429,0.12530689140669438
mvh150_0021,100025,small,Human3R,m0_strict_human3r,Anchor-MPJPE_mm,132.565150171522,134.36093093584705,-1.795780764325059
mvh150_0021,100025,small,Human3R,m0_strict_human3r,Anchor-root_mm,93.82196879238407,106.58336001546989,-12.761391223085823
mvh150_0021,100025,small,Human3R,m0_strict_human3r,Orientation_deg,44.823125741531555,35.665025520886154,9.158100220645402
mvh150_0021,100025,small,Human3R,m0_strict_human3r,Seam-root_mm,137.83868679553737,66.42298588845745,71.41570090707992
mvh150_0021,100025,small,Human3R,m0_strict_human3r,Seam-orientation_deg,22.955671056616936,40.394658922672704,-17.43898786605577
mvh150_0021,100025,small,Human3R,m0_strict_human3r,Camera-rotation_deg,44.85956420736317,61.15332162066421,-16.293757413301037
mvh150_0021,100025,small,Human3R,m0_strict_human3r,Camera-translation_m,0.8305288498504729,1.476493917627667,-0.6459650677771941
mvh150_0021,100025,small,Human3R,m0_strict_human3r,Coverage,0.9933333333333333,1.0,0.00666666666666671
mvh150_0021,100025,small,BRIDGE3R,m15_bridge3r_full,PA-MPJPE_mm,25.936801554520983,25.963134298129003,-0.026332743608019626
mvh150_0021,100025,small,BRIDGE3R,m15_bridge3r_full,Anchor-MPJPE_mm,132.565150171522,237.46961303593386,-104.90446286441187
mvh150_0021,100025,small,BRIDGE3R,m15_bridge3r_full,Anchor-root_mm,93.82196879238407,125.01968827253168,-31.19771948014761
mvh150_0021,100025,small,BRIDGE3R,m15_bridge3r_full,Orientation_deg,44.823125741531555,105.22814887490505,-60.40502313337349
mvh150_0021,100025,small,BRIDGE3R,m15_bridge3r_full,Seam-root_mm,137.83868679553737,21.122250916088756,116.71643587944861
mvh150_0021,100025,small,BRIDGE3R,m15_bridge3r_full,Seam-orientation_deg,22.955671056616936,38.160870342026676,-15.20519928540974
mvh150_0021,100025,small,BRIDGE3R,m15_bridge3r_full,Camera-rotation_deg,44.85956420736317,143.87626540408093,-99.01670119671775
mvh150_0021,100025,small,BRIDGE3R,m15_bridge3r_full,Camera-translation_m,0.8305288498504729,3.547817458794394,-2.717288608943921
mvh150_0021,100025,small,BRIDGE3R,m15_bridge3r_full,Coverage,0.9933333333333333,1.0,0.00666666666666671
mvh150_0022,100025,medium,Human3R,m0_strict_human3r,PA-MPJPE_mm,26.142225264556917,26.463826767006886,-0.321601502449969
mvh150_0022,100025,medium,Human3R,m0_strict_human3r,Anchor-MPJPE_mm,188.93313372637922,211.3016258393637,-22.368492112984484
mvh150_0022,100025,medium,Human3R,m0_strict_human3r,Anchor-root_mm,156.17120478111715,196.6782710643855,-40.50706628326836
mvh150_0022,100025,medium,Human3R,m0_strict_human3r,Orientation_deg,59.63567894017334,16.386325879357436,43.249353060815906
mvh150_0022,100025,medium,Human3R,m0_strict_human3r,Seam-root_mm,,612.0544612261601,
mvh150_0022,100025,medium,Human3R,m0_strict_human3r,Seam-orientation_deg,,25.015786078048468,
mvh150_0022,100025,medium,Human3R,m0_strict_human3r,Camera-rotation_deg,72.5730549475868,11.297344561402417,61.27571038618438
mvh150_0022,100025,medium,Human3R,m0_strict_human3r,Camera-translation_m,1.34612042164461,1.6447816210979018,-0.2986611994532917
mvh150_0022,100025,medium,Human3R,m0_strict_human3r,Coverage,0.9666666666666667,1.0,0.033333333333333326
mvh150_0022,100025,medium,BRIDGE3R,m15_bridge3r_full,PA-MPJPE_mm,26.142225264556917,26.976576687891246,-0.8343514233343292
mvh150_0022,100025,medium,BRIDGE3R,m15_bridge3r_full,Anchor-MPJPE_mm,188.93313372637922,249.26830784622283,-60.3351741198436
mvh150_0022,100025,medium,BRIDGE3R,m15_bridge3r_full,Anchor-root_mm,156.17120478111715,140.47703437241455,15.694170408702604
mvh150_0022,100025,medium,BRIDGE3R,m15_bridge3r_full,Orientation_deg,59.63567894017334,132.8880250953423,-73.25234615516896
mvh150_0022,100025,medium,BRIDGE3R,m15_bridge3r_full,Seam-root_mm,,174.81040326566327,
mvh150_0022,100025,medium,BRIDGE3R,m15_bridge3r_full,Seam-orientation_deg,,10.412992754398035,
mvh150_0022,100025,medium,BRIDGE3R,m15_bridge3r_full,Camera-rotation_deg,72.5730549475868,134.42555431211164,-61.852499364524846
mvh150_0022,100025,medium,BRIDGE3R,m15_bridge3r_full,Camera-translation_m,1.34612042164461,3.410661459340679,-2.0645410376960687
mvh150_0022,100025,medium,BRIDGE3R,m15_bridge3r_full,Coverage,0.9666666666666667,1.0,0.033333333333333326
mvh150_0023,100025,large,Human3R,m0_strict_human3r,PA-MPJPE_mm,25.677537786233778,25.682745763387736,-0.005207977153958154
mvh150_0023,100025,large,Human3R,m0_strict_human3r,Anchor-MPJPE_mm,234.3604902599356,377.6855219100703,-143.3250316501347
mvh150_0023,100025,large,Human3R,m0_strict_human3r,Anchor-root_mm,218.31008660437163,375.1060156026723,-156.79592899830067
mvh150_0023,100025,large,Human3R,m0_strict_human3r,Orientation_deg,54.40914826597393,13.428624600721836,40.98052366525209
mvh150_0023,100025,large,Human3R,m0_strict_human3r,Seam-root_mm,,1388.8536691876632,
mvh150_0023,100025,large,Human3R,m0_strict_human3r,Seam-orientation_deg,,11.142018865515876,
mvh150_0023,100025,large,Human3R,m0_strict_human3r,Camera-rotation_deg,102.10704129227213,19.605024875939577,82.50201641633255
mvh150_0023,100025,large,Human3R,m0_strict_human3r,Camera-translation_m,2.0495980907127778,1.4695945068735534,0.5800035838392243
mvh150_0023,100025,large,Human3R,m0_strict_human3r,Coverage,0.9733333333333334,1.0,0.026666666666666616
mvh150_0023,100025,large,BRIDGE3R,m15_bridge3r_full,PA-MPJPE_mm,25.677537786233778,26.105395372198565,-0.4278575859647873
mvh150_0023,100025,large,BRIDGE3R,m15_bridge3r_full,Anchor-MPJPE_mm,234.3604902599356,226.28825083497173,8.072239424963868
mvh150_0023,100025,large,BRIDGE3R,m15_bridge3r_full,Anchor-root_mm,218.31008660437163,116.71335476827716,101.59673183609448
mvh150_0023,100025,large,BRIDGE3R,m15_bridge3r_full,Orientation_deg,54.40914826597393,63.30521825742077,-8.896069991446836
mvh150_0023,100025,large,BRIDGE3R,m15_bridge3r_full,Seam-root_mm,,430.2649831851714,
mvh150_0023,100025,large,BRIDGE3R,m15_bridge3r_full,Seam-orientation_deg,,163.51350944482923,
mvh150_0023,100025,large,BRIDGE3R,m15_bridge3r_full,Camera-rotation_deg,102.10704129227213,143.11919879335574,-41.01215750108361
mvh150_0023,100025,large,BRIDGE3R,m15_bridge3r_full,Camera-translation_m,2.0495980907127778,2.2215090337136276,-0.17191094300084986
mvh150_0023,100025,large,BRIDGE3R,m15_bridge3r_full,Coverage,0.9733333333333334,1.0,0.026666666666666616
mvh150_0024,100025,very_large,Human3R,m0_strict_human3r,PA-MPJPE_mm,31.667553773881856,29.35832657677744,2.3092271971044163
mvh150_0024,100025,very_large,Human3R,m0_strict_human3r,Anchor-MPJPE_mm,203.91810696183734,363.6534711845209,-159.7353642226836
mvh150_0024,100025,very_large,Human3R,m0_strict_human3r,Anchor-root_mm,148.64787637767657,357.87880715701846,-209.2309307793419
mvh150_0024,100025,very_large,Human3R,m0_strict_human3r,Orientation_deg,88.91475822172583,65.73900049145963,23.1757577302662
mvh150_0024,100025,very_large,Human3R,m0_strict_human3r,Seam-root_mm,142.65933544237376,924.171770882383,-781.5124354400093
mvh150_0024,100025,very_large,Human3R,m0_strict_human3r,Seam-orientation_deg,6.976905460522974,118.72245613549035,-111.74555067496738
mvh150_0024,100025,very_large,Human3R,m0_strict_human3r,Camera-rotation_deg,135.00667109012682,122.02390075578056,12.982770334346256
mvh150_0024,100025,very_large,Human3R,m0_strict_human3r,Camera-translation_m,2.037862249343675,2.481679522831062,-0.4438172734873871
mvh150_0024,100025,very_large,Human3R,m0_strict_human3r,Coverage,0.98,1.0,0.020000000000000018
mvh150_0024,100025,very_large,BRIDGE3R,m15_bridge3r_full,PA-MPJPE_mm,31.667553773881856,30.027926107927925,1.639627665953931
mvh150_0024,100025,very_large,BRIDGE3R,m15_bridge3r_full,Anchor-MPJPE_mm,203.91810696183734,246.55266324639882,-42.634556284561484
mvh150_0024,100025,very_large,BRIDGE3R,m15_bridge3r_full,Anchor-root_mm,148.64787637767657,132.959753547846,15.688122829830576
mvh150_0024,100025,very_large,BRIDGE3R,m15_bridge3r_full,Orientation_deg,88.91475822172583,98.97635880776637,-10.06160058604054
mvh150_0024,100025,very_large,BRIDGE3R,m15_bridge3r_full,Seam-root_mm,142.65933544237376,416.1098899764647,-273.4505545340909
mvh150_0024,100025,very_large,BRIDGE3R,m15_bridge3r_full,Seam-orientation_deg,6.976905460522974,134.0119685597017,-127.03506309917873
mvh150_0024,100025,very_large,BRIDGE3R,m15_bridge3r_full,Camera-rotation_deg,135.00667109012682,57.33252466846421,77.67414642166261
mvh150_0024,100025,very_large,BRIDGE3R,m15_bridge3r_full,Camera-translation_m,2.037862249343675,1.0570553061650536,0.9808069431786215
mvh150_0024,100025,very_large,BRIDGE3R,m15_bridge3r_full,Coverage,0.98,1.0,0.020000000000000018
mvh150_0025,100025,extreme,Human3R,m0_strict_human3r,PA-MPJPE_mm,29.245792751180176,31.408639338978823,-2.162846587798647
mvh150_0025,100025,extreme,Human3R,m0_strict_human3r,Anchor-MPJPE_mm,215.8353378297441,338.7345356171498,-122.89919778740568
mvh150_0025,100025,extreme,Human3R,m0_strict_human3r,Anchor-root_mm,169.82639138330018,324.53478878054193,-154.70839739724175
mvh150_0025,100025,extreme,Human3R,m0_strict_human3r,Orientation_deg,96.06511983284327,39.910572280703704,56.15454755213956
mvh150_0025,100025,extreme,Human3R,m0_strict_human3r,Seam-root_mm,,717.6543406403108,
mvh150_0025,100025,extreme,Human3R,m0_strict_human3r,Seam-orientation_deg,,9.727916042551609,
mvh150_0025,100025,extreme,Human3R,m0_strict_human3r,Camera-rotation_deg,164.38279037401793,71.86506004519858,92.51773032881935
mvh150_0025,100025,extreme,Human3R,m0_strict_human3r,Camera-translation_m,2.28806269869716,0.9553593918015473,1.332703306895613
mvh150_0025,100025,extreme,Human3R,m0_strict_human3r,Coverage,0.9733333333333334,1.0,0.026666666666666616
mvh150_0025,100025,extreme,BRIDGE3R,m15_bridge3r_full,PA-MPJPE_mm,29.245792751180176,32.09360331278133,-2.8478105616011575
mvh150_0025,100025,extreme,BRIDGE3R,m15_bridge3r_full,Anchor-MPJPE_mm,215.8353378297441,258.08421899765614,-42.24888116791203
mvh150_0025,100025,extreme,BRIDGE3R,m15_bridge3r_full,Anchor-root_mm,169.82639138330018,168.79092119979515,1.0354701835050264
mvh150_0025,100025,extreme,BRIDGE3R,m15_bridge3r_full,Orientation_deg,96.06511983284327,118.91092338856421,-22.84580355572095
mvh150_0025,100025,extreme,BRIDGE3R,m15_bridge3r_full,Seam-root_mm,,289.50954939318154,
mvh150_0025,100025,extreme,BRIDGE3R,m15_bridge3r_full,Seam-orientation_deg,,132.96079868549947,
mvh150_0025,100025,extreme,BRIDGE3R,m15_bridge3r_full,Camera-rotation_deg,164.38279037401793,64.64431629006208,99.73847408395585
mvh150_0025,100025,extreme,BRIDGE3R,m15_bridge3r_full,Camera-translation_m,2.28806269869716,1.618430065140593,0.6696326335565672
mvh150_0025,100025,extreme,BRIDGE3R,m15_bridge3r_full,Coverage,0.9733333333333334,1.0,0.026666666666666616
mvh150_0026,200021,small,Human3R,m0_strict_human3r,PA-MPJPE_mm,28.38281998360305,23.34707685153996,5.035743132063089
mvh150_0026,200021,small,Human3R,m0_strict_human3r,Anchor-MPJPE_mm,256.80165246388117,80.56213397146963,176.23951849241155
mvh150_0026,200021,small,Human3R,m0_strict_human3r,Anchor-root_mm,179.87022130434661,63.858383437798715,116.01183786654789
mvh150_0026,200021,small,Human3R,m0_strict_human3r,Orientation_deg,25.25125334195847,17.42553237883969,7.82572096311878
mvh150_0026,200021,small,Human3R,m0_strict_human3r,Seam-root_mm,60.574844404085376,58.67379097380178,1.9010534302835964
mvh150_0026,200021,small,Human3R,m0_strict_human3r,Seam-orientation_deg,12.19870439329658,36.895925376345836,-24.697220983049256
mvh150_0026,200021,small,Human3R,m0_strict_human3r,Camera-rotation_deg,41.03354819983469,29.88140388321493,11.152144316619761
mvh150_0026,200021,small,Human3R,m0_strict_human3r,Camera-translation_m,1.0837833386040705,0.562944041404027,0.5208392972000435
mvh150_0026,200021,small,Human3R,m0_strict_human3r,Coverage,0.98,1.0,0.020000000000000018
mvh150_0026,200021,small,BRIDGE3R,m15_bridge3r_full,PA-MPJPE_mm,28.38281998360305,23.292699081863404,5.090120901739645
mvh150_0026,200021,small,BRIDGE3R,m15_bridge3r_full,Anchor-MPJPE_mm,256.80165246388117,78.90946685604108,177.89218560784008
mvh150_0026,200021,small,BRIDGE3R,m15_bridge3r_full,Anchor-root_mm,179.87022130434661,61.880901337671,117.98931996667562
mvh150_0026,200021,small,BRIDGE3R,m15_bridge3r_full,Orientation_deg,25.25125334195847,20.550885049716605,4.7003682922418655
mvh150_0026,200021,small,BRIDGE3R,m15_bridge3r_full,Seam-root_mm,60.574844404085376,51.01506364250611,9.559780761579269
mvh150_0026,200021,small,BRIDGE3R,m15_bridge3r_full,Seam-orientation_deg,12.19870439329658,36.41133495620385,-24.212630562907272
mvh150_0026,200021,small,BRIDGE3R,m15_bridge3r_full,Camera-rotation_deg,41.03354819983469,46.661158976241396,-5.627610776406705
mvh150_0026,200021,small,BRIDGE3R,m15_bridge3r_full,Camera-translation_m,1.0837833386040705,0.8405272543868134,0.24325608421725708
mvh150_0026,200021,small,BRIDGE3R,m15_bridge3r_full,Coverage,0.98,1.0,0.020000000000000018
mvh150_0027,200021,medium,Human3R,m0_strict_human3r,PA-MPJPE_mm,28.375693029086897,23.402235236013667,4.97345779307323
mvh150_0027,200021,medium,Human3R,m0_strict_human3r,Anchor-MPJPE_mm,220.8565947121419,93.05915254192156,127.79744217022035
mvh150_0027,200021,medium,Human3R,m0_strict_human3r,Anchor-root_mm,122.46773666303939,76.83539498222983,45.63234168080956
mvh150_0027,200021,medium,Human3R,m0_strict_human3r,Orientation_deg,35.95975495990547,18.13383530350042,17.82591965640505
mvh150_0027,200021,medium,Human3R,m0_strict_human3r,Seam-root_mm,83.91229584312077,511.75856032252045,-427.8462644793997
mvh150_0027,200021,medium,Human3R,m0_strict_human3r,Seam-orientation_deg,19.59018527385788,28.362851233862685,-8.772665960004804
mvh150_0027,200021,medium,Human3R,m0_strict_human3r,Camera-rotation_deg,67.20877082100436,35.6928076596606,31.515963161343763
mvh150_0027,200021,medium,Human3R,m0_strict_human3r,Camera-translation_m,1.266285544517705,0.5282659671125248,0.7380195774051802
mvh150_0027,200021,medium,Human3R,m0_strict_human3r,Coverage,0.98,0.9733333333333334,-0.006666666666666599
mvh150_0027,200021,medium,BRIDGE3R,m15_bridge3r_full,PA-MPJPE_mm,28.375693029086897,23.32374600158582,5.051947027501075
mvh150_0027,200021,medium,BRIDGE3R,m15_bridge3r_full,Anchor-MPJPE_mm,220.8565947121419,101.28169032300262,119.57490438913929
mvh150_0027,200021,medium,BRIDGE3R,m15_bridge3r_full,Anchor-root_mm,122.46773666303939,89.27808409120031,33.189652571839076
mvh150_0027,200021,medium,BRIDGE3R,m15_bridge3r_full,Orientation_deg,35.95975495990547,15.741389104450557,20.218365855454913
mvh150_0027,200021,medium,BRIDGE3R,m15_bridge3r_full,Seam-root_mm,83.91229584312077,621.5632039703481,-537.6509081272274
mvh150_0027,200021,medium,BRIDGE3R,m15_bridge3r_full,Seam-orientation_deg,19.59018527385788,34.90334685061934,-15.313161576761463
mvh150_0027,200021,medium,BRIDGE3R,m15_bridge3r_full,Camera-rotation_deg,67.20877082100436,41.02092316326275,26.187847657741614
mvh150_0027,200021,medium,BRIDGE3R,m15_bridge3r_full,Camera-translation_m,1.266285544517705,0.3673275178583969,0.8989580266593081
mvh150_0027,200021,medium,BRIDGE3R,m15_bridge3r_full,Coverage,0.98,0.9733333333333334,-0.006666666666666599
mvh150_0028,200021,large,Human3R,m0_strict_human3r,PA-MPJPE_mm,29.254287797333983,24.470512128393537,4.7837756689404465
mvh150_0028,200021,large,Human3R,m0_strict_human3r,Anchor-MPJPE_mm,157.72649903693804,252.36079893437767,-94.63429989743963
mvh150_0028,200021,large,Human3R,m0_strict_human3r,Anchor-root_mm,127.355249248746,249.959812274993,-122.60456302624699
mvh150_0028,200021,large,Human3R,m0_strict_human3r,Orientation_deg,65.06357951499537,8.429037838671363,56.634541676324005
mvh150_0028,200021,large,Human3R,m0_strict_human3r,Seam-root_mm,205.11948061220562,1341.2672280144445,-1136.147747402239
mvh150_0028,200021,large,Human3R,m0_strict_human3r,Seam-orientation_deg,47.80563284255903,69.0002046144005,-21.194571771841474
mvh150_0028,200021,large,Human3R,m0_strict_human3r,Camera-rotation_deg,110.89085683239185,10.510837470924637,100.3800193614672
mvh150_0028,200021,large,Human3R,m0_strict_human3r,Camera-translation_m,2.176676266550242,0.8275594820377672,1.3491167845124747
mvh150_0028,200021,large,Human3R,m0_strict_human3r,Coverage,0.9933333333333333,0.9733333333333334,-0.019999999999999907
mvh150_0028,200021,large,BRIDGE3R,m15_bridge3r_full,PA-MPJPE_mm,29.254287797333983,24.52886747399681,4.725420323337172
mvh150_0028,200021,large,BRIDGE3R,m15_bridge3r_full,Anchor-MPJPE_mm,157.72649903693804,222.1360730705769,-64.40957403363888
mvh150_0028,200021,large,BRIDGE3R,m15_bridge3r_full,Anchor-root_mm,127.355249248746,220.0371808716778,-92.6819316229318
mvh150_0028,200021,large,BRIDGE3R,m15_bridge3r_full,Orientation_deg,65.06357951499537,9.026031566051852,56.03754794894351
mvh150_0028,200021,large,BRIDGE3R,m15_bridge3r_full,Seam-root_mm,205.11948061220562,1245.805233615017,-1040.6857530028115
mvh150_0028,200021,large,BRIDGE3R,m15_bridge3r_full,Seam-orientation_deg,47.80563284255903,94.90725665273753,-47.1016238101785
mvh150_0028,200021,large,BRIDGE3R,m15_bridge3r_full,Camera-rotation_deg,110.89085683239185,16.784702936265756,94.10615389612609
mvh150_0028,200021,large,BRIDGE3R,m15_bridge3r_full,Camera-translation_m,2.176676266550242,1.1682984402024776,1.0083778263477643
mvh150_0028,200021,large,BRIDGE3R,m15_bridge3r_full,Coverage,0.9933333333333333,0.9733333333333334,-0.019999999999999907
mvh150_0029,200021,very_large,Human3R,m0_strict_human3r,PA-MPJPE_mm,28.217444215915748,25.9383615579651,2.2790826579506493
mvh150_0029,200021,very_large,Human3R,m0_strict_human3r,Anchor-MPJPE_mm,227.93291053367724,150.7444816089232,77.18842892475405
mvh150_0029,200021,very_large,Human3R,m0_strict_human3r,Anchor-root_mm,143.53804909025914,75.73962757138304,67.7984215188761
mvh150_0029,200021,very_large,Human3R,m0_strict_human3r,Orientation_deg,70.45604036545645,87.3920906392149,-16.936050273758454
mvh150_0029,200021,very_large,Human3R,m0_strict_human3r,Seam-root_mm,81.32304066766103,532.5817279437541,-451.2586872760931
mvh150_0029,200021,very_large,Human3R,m0_strict_human3r,Seam-orientation_deg,45.07924629645767,143.2230786525677,-98.14383235611002
mvh150_0029,200021,very_large,Human3R,m0_strict_human3r,Camera-rotation_deg,131.87431460591273,164.25133181082407,-32.37701720491134
mvh150_0029,200021,very_large,Human3R,m0_strict_human3r,Camera-translation_m,3.181970550587139,2.574448510699965,0.6075220398871743
mvh150_0029,200021,very_large,Human3R,m0_strict_human3r,Coverage,0.98,1.0,0.020000000000000018
mvh150_0029,200021,very_large,BRIDGE3R,m15_bridge3r_full,PA-MPJPE_mm,28.217444215915748,25.878804771814426,2.3386394441013216
mvh150_0029,200021,very_large,BRIDGE3R,m15_bridge3r_full,Anchor-MPJPE_mm,227.93291053367724,154.45248284675267,73.48042768692457
mvh150_0029,200021,very_large,BRIDGE3R,m15_bridge3r_full,Anchor-root_mm,143.53804909025914,82.26355522043652,61.27449386982262
mvh150_0029,200021,very_large,BRIDGE3R,m15_bridge3r_full,Orientation_deg,70.45604036545645,87.0392376587159,-16.58319729325946
mvh150_0029,200021,very_large,BRIDGE3R,m15_bridge3r_full,Seam-root_mm,81.32304066766103,547.3716769706568,-466.0486363029958
mvh150_0029,200021,very_large,BRIDGE3R,m15_bridge3r_full,Seam-orientation_deg,45.07924629645767,144.01407020333144,-98.93482390687377
mvh150_0029,200021,very_large,BRIDGE3R,m15_bridge3r_full,Camera-rotation_deg,131.87431460591273,150.8617020857529,-18.98738747984018
mvh150_0029,200021,very_large,BRIDGE3R,m15_bridge3r_full,Camera-translation_m,3.181970550587139,2.36945822854875,0.8125123220383892
mvh150_0029,200021,very_large,BRIDGE3R,m15_bridge3r_full,Coverage,0.98,1.0,0.020000000000000018
mvh150_0030,200021,extreme,Human3R,m0_strict_human3r,PA-MPJPE_mm,28.92979183088268,24.880786425541405,4.049005405341276
mvh150_0030,200021,extreme,Human3R,m0_strict_human3r,Anchor-MPJPE_mm,227.31648488465166,407.1868553498792,-179.87037046522752
mvh150_0030,200021,extreme,Human3R,m0_strict_human3r,Anchor-root_mm,176.98654538937487,407.6703155712233,-230.68377018184842
mvh150_0030,200021,extreme,Human3R,m0_strict_human3r,Orientation_deg,85.80492914606442,70.22657551936767,15.578353626696753
mvh150_0030,200021,extreme,Human3R,m0_strict_human3r,Seam-root_mm,202.43107956798372,804.9239119791987,-602.492832411215
mvh150_0030,200021,extreme,Human3R,m0_strict_human3r,Seam-orientation_deg,26.99292829619476,169.46319489208935,-142.4702665958946
mvh150_0030,200021,extreme,Human3R,m0_strict_human3r,Camera-rotation_deg,158.90613098255628,130.69087545344544,28.215255529110834
mvh150_0030,200021,extreme,Human3R,m0_strict_human3r,Camera-translation_m,1.9912456908893914,1.4503026984346687,0.5409429924547227
mvh150_0030,200021,extreme,Human3R,m0_strict_human3r,Coverage,0.98,0.9733333333333334,-0.006666666666666599
mvh150_0030,200021,extreme,BRIDGE3R,m15_bridge3r_full,PA-MPJPE_mm,28.92979183088268,24.786049597618344,4.143742233264337
mvh150_0030,200021,extreme,BRIDGE3R,m15_bridge3r_full,Anchor-MPJPE_mm,227.31648488465166,232.66370826047662,-5.347223375824967
mvh150_0030,200021,extreme,BRIDGE3R,m15_bridge3r_full,Anchor-root_mm,176.98654538937487,189.24211096118947,-12.2555655718146
mvh150_0030,200021,extreme,BRIDGE3R,m15_bridge3r_full,Orientation_deg,85.80492914606442,82.85792648404059,2.9470026620238343
mvh150_0030,200021,extreme,BRIDGE3R,m15_bridge3r_full,Seam-root_mm,202.43107956798372,280.12069772480106,-77.68961815681735
mvh150_0030,200021,extreme,BRIDGE3R,m15_bridge3r_full,Seam-orientation_deg,26.99292829619476,160.05330660362816,-133.0603783074334
mvh150_0030,200021,extreme,BRIDGE3R,m15_bridge3r_full,Camera-rotation_deg,158.90613098255628,165.98186111508363,-7.0757301325273545
mvh150_0030,200021,extreme,BRIDGE3R,m15_bridge3r_full,Camera-translation_m,1.9912456908893914,2.0016006583633055,-0.010354967473914067
mvh150_0030,200021,extreme,BRIDGE3R,m15_bridge3r_full,Coverage,0.98,0.9733333333333334,-0.006666666666666599
mvh150_0031,200022,small,Human3R,m0_strict_human3r,PA-MPJPE_mm,31.023291144388853,27.60046575249941,3.422825391889443
mvh150_0031,200022,small,Human3R,m0_strict_human3r,Anchor-MPJPE_mm,90.10058031472514,95.7684588863683,-5.667878571643158
mvh150_0031,200022,small,Human3R,m0_strict_human3r,Anchor-root_mm,65.3559788247725,85.46313503649363,-20.10715621172112
mvh150_0031,200022,small,Human3R,m0_strict_human3r,Orientation_deg,26.01753588387076,21.577402759919014,4.440133123951746
mvh150_0031,200022,small,Human3R,m0_strict_human3r,Seam-root_mm,51.141980046568534,83.38613799049392,-32.24415794392539
mvh150_0031,200022,small,Human3R,m0_strict_human3r,Seam-orientation_deg,16.39522194064835,38.487476222621495,-22.092254281973144
mvh150_0031,200022,small,Human3R,m0_strict_human3r,Camera-rotation_deg,43.485848363969865,36.74333891359826,6.742509450371607
mvh150_0031,200022,small,Human3R,m0_strict_human3r,Camera-translation_m,1.0139906975887436,0.7008773344394299,0.3131133631493137
mvh150_0031,200022,small,Human3R,m0_strict_human3r,Coverage,0.98,1.0,0.020000000000000018
mvh150_0031,200022,small,BRIDGE3R,m15_bridge3r_full,PA-MPJPE_mm,31.023291144388853,27.79026071167425,3.233030432714603
mvh150_0031,200022,small,BRIDGE3R,m15_bridge3r_full,Anchor-MPJPE_mm,90.10058031472514,81.95043872459085,8.150141590134282
mvh150_0031,200022,small,BRIDGE3R,m15_bridge3r_full,Anchor-root_mm,65.3559788247725,62.56005900501686,2.795919819755646
mvh150_0031,200022,small,BRIDGE3R,m15_bridge3r_full,Orientation_deg,26.01753588387076,15.505844161225808,10.511691722644953
mvh150_0031,200022,small,BRIDGE3R,m15_bridge3r_full,Seam-root_mm,51.141980046568534,70.00721668190172,-18.86523663533319
mvh150_0031,200022,small,BRIDGE3R,m15_bridge3r_full,Seam-orientation_deg,16.39522194064835,25.455096991739875,-9.059875051091524
mvh150_0031,200022,small,BRIDGE3R,m15_bridge3r_full,Camera-rotation_deg,43.485848363969865,21.548344581352158,21.937503782617707
mvh150_0031,200022,small,BRIDGE3R,m15_bridge3r_full,Camera-translation_m,1.0139906975887436,0.3080051656540404,0.7059855319347033
mvh150_0031,200022,small,BRIDGE3R,m15_bridge3r_full,Coverage,0.98,1.0,0.020000000000000018
mvh150_0032,200022,medium,Human3R,m0_strict_human3r,PA-MPJPE_mm,31.041993064547686,29.866052924689516,1.1759401398581701
mvh150_0032,200022,medium,Human3R,m0_strict_human3r,Anchor-MPJPE_mm,105.66478762596007,104.60967534929755,1.055112276662527
mvh150_0032,200022,medium,Human3R,m0_strict_human3r,Anchor-root_mm,62.82593657605541,74.83351511821593,-12.007578542160516
mvh150_0032,200022,medium,Human3R,m0_strict_human3r,Orientation_deg,36.88981901778448,32.783941088894906,4.105877928889576
mvh150_0032,200022,medium,Human3R,m0_strict_human3r,Seam-root_mm,62.15131446939914,87.76232640443487,-25.611011935035734
mvh150_0032,200022,medium,Human3R,m0_strict_human3r,Seam-orientation_deg,24.825670778849783,55.24153572952726,-30.415864950677474
mvh150_0032,200022,medium,Human3R,m0_strict_human3r,Camera-rotation_deg,66.99380024172045,62.83811110406628,4.155689137654171
mvh150_0032,200022,medium,Human3R,m0_strict_human3r,Camera-translation_m,1.283260255003201,1.24390971127593,0.03935054372727098
mvh150_0032,200022,medium,Human3R,m0_strict_human3r,Coverage,0.98,1.0,0.020000000000000018
mvh150_0032,200022,medium,BRIDGE3R,m15_bridge3r_full,PA-MPJPE_mm,31.041993064547686,30.017722376628324,1.024270687919362
mvh150_0032,200022,medium,BRIDGE3R,m15_bridge3r_full,Anchor-MPJPE_mm,105.66478762596007,95.73633143779332,9.928456188166749
mvh150_0032,200022,medium,BRIDGE3R,m15_bridge3r_full,Anchor-root_mm,62.82593657605541,62.286471862641484,0.5394647134139277
mvh150_0032,200022,medium,BRIDGE3R,m15_bridge3r_full,Orientation_deg,36.88981901778448,25.784786847656765,11.105032170127718
mvh150_0032,200022,medium,BRIDGE3R,m15_bridge3r_full,Seam-root_mm,62.15131446939914,69.47691789353564,-7.325603424136503
mvh150_0032,200022,medium,BRIDGE3R,m15_bridge3r_full,Seam-orientation_deg,24.825670778849783,45.10092056406206,-20.275249785212274
mvh150_0032,200022,medium,BRIDGE3R,m15_bridge3r_full,Camera-rotation_deg,66.99380024172045,45.28936374869107,21.704436493029377
mvh150_0032,200022,medium,BRIDGE3R,m15_bridge3r_full,Camera-translation_m,1.283260255003201,0.5148616435603999,0.7683986114428012
mvh150_0032,200022,medium,BRIDGE3R,m15_bridge3r_full,Coverage,0.98,1.0,0.020000000000000018
mvh150_0033,200022,large,Human3R,m0_strict_human3r,PA-MPJPE_mm,30.711167985202373,30.05706764191913,0.6541003432832433
mvh150_0033,200022,large,Human3R,m0_strict_human3r,Anchor-MPJPE_mm,332.79886434431563,167.0812604771056,165.71760386721004
mvh150_0033,200022,large,Human3R,m0_strict_human3r,Anchor-root_mm,281.48230417195526,116.06158447069318,165.4207197012621
mvh150_0033,200022,large,Human3R,m0_strict_human3r,Orientation_deg,67.13630648382843,64.86524986634689,2.2710566174815483
mvh150_0033,200022,large,Human3R,m0_strict_human3r,Seam-root_mm,142.92550243316342,188.14301042697954,-45.21750799381613
mvh150_0033,200022,large,Human3R,m0_strict_human3r,Seam-orientation_deg,41.72407813403134,120.48085837122586,-78.75678023719453
mvh150_0033,200022,large,Human3R,m0_strict_human3r,Camera-rotation_deg,113.87204313995171,119.91395040187517,-6.0419072619234555
mvh150_0033,200022,large,Human3R,m0_strict_human3r,Camera-translation_m,3.7401384713581614,2.236242071701747,1.5038963996564143
mvh150_0033,200022,large,Human3R,m0_strict_human3r,Coverage,0.9933333333333333,1.0,0.00666666666666671
mvh150_0033,200022,large,BRIDGE3R,m15_bridge3r_full,PA-MPJPE_mm,30.711167985202373,30.093143420043496,0.6180245651588763
mvh150_0033,200022,large,BRIDGE3R,m15_bridge3r_full,Anchor-MPJPE_mm,332.79886434431563,281.37440045005974,51.424463894255894
mvh150_0033,200022,large,BRIDGE3R,m15_bridge3r_full,Anchor-root_mm,281.48230417195526,250.87828728127351,30.60401689068175
mvh150_0033,200022,large,BRIDGE3R,m15_bridge3r_full,Orientation_deg,67.13630648382843,84.82262496119289,-17.686318477364452
mvh150_0033,200022,large,BRIDGE3R,m15_bridge3r_full,Seam-root_mm,142.92550243316342,224.32486620739002,-81.3993637742266
mvh150_0033,200022,large,BRIDGE3R,m15_bridge3r_full,Seam-orientation_deg,41.72407813403134,122.45775060091962,-80.7336724668883
mvh150_0033,200022,large,BRIDGE3R,m15_bridge3r_full,Camera-rotation_deg,113.87204313995171,162.83533443588394,-48.96329129593222
mvh150_0033,200022,large,BRIDGE3R,m15_bridge3r_full,Camera-translation_m,3.7401384713581614,2.6724205476595326,1.0677179236986287
mvh150_0033,200022,large,BRIDGE3R,m15_bridge3r_full,Coverage,0.9933333333333333,1.0,0.00666666666666671
mvh150_0034,200022,very_large,Human3R,m0_strict_human3r,PA-MPJPE_mm,29.150708971826912,27.513540678163864,1.6371682936630485
mvh150_0034,200022,very_large,Human3R,m0_strict_human3r,Anchor-MPJPE_mm,171.37674952287452,156.27874803610104,15.098001486773484
mvh150_0034,200022,very_large,Human3R,m0_strict_human3r,Anchor-root_mm,108.75146515768215,72.45991002737632,36.291555130305824
mvh150_0034,200022,very_large,Human3R,m0_strict_human3r,Orientation_deg,70.87259357298336,86.71600713172388,-15.843413558740522
mvh150_0034,200022,very_large,Human3R,m0_strict_human3r,Seam-root_mm,169.6168086384412,356.5118670347307,-186.8950583962895
mvh150_0034,200022,very_large,Human3R,m0_strict_human3r,Seam-orientation_deg,35.11280836950166,151.54759847618274,-116.43479010668108
mvh150_0034,200022,very_large,Human3R,m0_strict_human3r,Camera-rotation_deg,137.70241968793698,165.24694086048746,-27.544521172550475
mvh150_0034,200022,very_large,Human3R,m0_strict_human3r,Camera-translation_m,2.207474651516486,2.74975260218504,-0.542277950668554
mvh150_0034,200022,very_large,Human3R,m0_strict_human3r,Coverage,0.98,1.0,0.020000000000000018
mvh150_0034,200022,very_large,BRIDGE3R,m15_bridge3r_full,PA-MPJPE_mm,29.150708971826912,27.701968513659395,1.4487404581675172
mvh150_0034,200022,very_large,BRIDGE3R,m15_bridge3r_full,Anchor-MPJPE_mm,171.37674952287452,167.30068893753662,4.076060585337899
mvh150_0034,200022,very_large,BRIDGE3R,m15_bridge3r_full,Anchor-root_mm,108.75146515768215,74.66165112697257,34.089814030709576
mvh150_0034,200022,very_large,BRIDGE3R,m15_bridge3r_full,Orientation_deg,70.87259357298336,87.5597999130555,-16.687206340072137
mvh150_0034,200022,very_large,BRIDGE3R,m15_bridge3r_full,Seam-root_mm,169.6168086384412,246.16429911641458,-76.54749047797338
mvh150_0034,200022,very_large,BRIDGE3R,m15_bridge3r_full,Seam-orientation_deg,35.11280836950166,163.82886442644138,-128.71605605693972
mvh150_0034,200022,very_large,BRIDGE3R,m15_bridge3r_full,Camera-rotation_deg,137.70241968793698,168.01648883975042,-30.31406915181344
mvh150_0034,200022,very_large,BRIDGE3R,m15_bridge3r_full,Camera-translation_m,2.207474651516486,2.9819822039419477,-0.7745075524254617
mvh150_0034,200022,very_large,BRIDGE3R,m15_bridge3r_full,Coverage,0.98,1.0,0.020000000000000018
mvh150_0035,200022,extreme,Human3R,m0_strict_human3r,PA-MPJPE_mm,30.08451263900198,30.04780386652077,0.03670877248120874
mvh150_0035,200022,extreme,Human3R,m0_strict_human3r,Anchor-MPJPE_mm,156.8530888210074,441.84871884652256,-284.9956300255152
mvh150_0035,200022,extreme,Human3R,m0_strict_human3r,Anchor-root_mm,85.49146301898756,418.0023546318607,-332.51089161287314
mvh150_0035,200022,extreme,Human3R,m0_strict_human3r,Orientation_deg,76.83584826715303,59.88265874224699,16.953189524906037
mvh150_0035,200022,extreme,Human3R,m0_strict_human3r,Seam-root_mm,153.23566474373996,457.9139862967901,-304.6783215530501
mvh150_0035,200022,extreme,Human3R,m0_strict_human3r,Seam-orientation_deg,19.210056628759205,154.91136344933423,-135.70130682057504
mvh150_0035,200022,extreme,Human3R,m0_strict_human3r,Camera-rotation_deg,159.5761120780952,107.53700939787728,52.03910268021792
mvh150_0035,200022,extreme,Human3R,m0_strict_human3r,Camera-translation_m,2.9315938709611236,1.549689182474838,1.3819046884862856
mvh150_0035,200022,extreme,Human3R,m0_strict_human3r,Coverage,0.9933333333333333,1.0,0.00666666666666671
mvh150_0035,200022,extreme,BRIDGE3R,m15_bridge3r_full,PA-MPJPE_mm,30.08451263900198,30.080567374414148,0.003945264587830621
mvh150_0035,200022,extreme,BRIDGE3R,m15_bridge3r_full,Anchor-MPJPE_mm,156.8530888210074,349.0979923173396,-192.24490349633223
mvh150_0035,200022,extreme,BRIDGE3R,m15_bridge3r_full,Anchor-root_mm,85.49146301898756,319.67131917438314,-234.17985615539558
mvh150_0035,200022,extreme,BRIDGE3R,m15_bridge3r_full,Orientation_deg,76.83584826715303,60.79131563650534,16.044532630647687
mvh150_0035,200022,extreme,BRIDGE3R,m15_bridge3r_full,Seam-root_mm,153.23566474373996,1211.3395993774866,-1058.1039346337466
mvh150_0035,200022,extreme,BRIDGE3R,m15_bridge3r_full,Seam-orientation_deg,19.210056628759205,173.47545437694993,-154.2653977481907
mvh150_0035,200022,extreme,BRIDGE3R,m15_bridge3r_full,Camera-rotation_deg,159.5761120780952,75.73411496052525,83.84199711756996
mvh150_0035,200022,extreme,BRIDGE3R,m15_bridge3r_full,Camera-translation_m,2.9315938709611236,1.3508768181304363,1.5807170528306873
mvh150_0035,200022,extreme,BRIDGE3R,m15_bridge3r_full,Coverage,0.9933333333333333,1.0,0.00666666666666671
mvh150_0036,200023,small,Human3R,m0_strict_human3r,PA-MPJPE_mm,35.677981774747586,31.017049769812935,4.660932004934651
mvh150_0036,200023,small,Human3R,m0_strict_human3r,Anchor-MPJPE_mm,118.23202223023239,104.53462151137214,13.697400718860251
mvh150_0036,200023,small,Human3R,m0_strict_human3r,Anchor-root_mm,100.41003169130128,80.98345001874362,19.42658167255766
mvh150_0036,200023,small,Human3R,m0_strict_human3r,Orientation_deg,24.02579214969103,18.838868594558758,5.186923555132271
mvh150_0036,200023,small,Human3R,m0_strict_human3r,Seam-root_mm,113.98342905955721,20.279148254903472,93.70428080465373
mvh150_0036,200023,small,Human3R,m0_strict_human3r,Seam-orientation_deg,16.750504917146067,35.63748696285536,-18.886982045709296
mvh150_0036,200023,small,Human3R,m0_strict_human3r,Camera-rotation_deg,43.11799486145738,45.45103321167391,-2.333038350216526
mvh150_0036,200023,small,Human3R,m0_strict_human3r,Camera-translation_m,1.0480444158132263,1.089669403109701,-0.04162498729647468
mvh150_0036,200023,small,Human3R,m0_strict_human3r,Coverage,0.9933333333333333,1.0,0.00666666666666671
mvh150_0036,200023,small,BRIDGE3R,m15_bridge3r_full,PA-MPJPE_mm,35.677981774747586,31.039202802147702,4.638778972599884
mvh150_0036,200023,small,BRIDGE3R,m15_bridge3r_full,Anchor-MPJPE_mm,118.23202223023239,98.93162222749169,19.3004000027407
mvh150_0036,200023,small,BRIDGE3R,m15_bridge3r_full,Anchor-root_mm,100.41003169130128,71.76488851848283,28.64514317281845
mvh150_0036,200023,small,BRIDGE3R,m15_bridge3r_full,Orientation_deg,24.02579214969103,20.07081492683184,3.9549772228591884
mvh150_0036,200023,small,BRIDGE3R,m15_bridge3r_full,Seam-root_mm,113.98342905955721,17.721835305014785,96.26159375454242
mvh150_0036,200023,small,BRIDGE3R,m15_bridge3r_full,Seam-orientation_deg,16.750504917146067,36.22889111633013,-19.478386199184065
mvh150_0036,200023,small,BRIDGE3R,m15_bridge3r_full,Camera-rotation_deg,43.11799486145738,48.65235414503499,-5.534359283577608
mvh150_0036,200023,small,BRIDGE3R,m15_bridge3r_full,Camera-translation_m,1.0480444158132263,1.2290212585949398,-0.18097684278171355
mvh150_0036,200023,small,BRIDGE3R,m15_bridge3r_full,Coverage,0.9933333333333333,1.0,0.00666666666666671
mvh150_0037,200023,medium,Human3R,m0_strict_human3r,PA-MPJPE_mm,36.6855727148204,32.140493346766704,4.545079368053699
mvh150_0037,200023,medium,Human3R,m0_strict_human3r,Anchor-MPJPE_mm,167.6656416638599,121.42898025020773,46.23666141365217
mvh150_0037,200023,medium,Human3R,m0_strict_human3r,Anchor-root_mm,144.30908217446486,81.39135170737097,62.91773046709389
mvh150_0037,200023,medium,Human3R,m0_strict_human3r,Orientation_deg,33.610614113744425,30.095345635427826,3.5152684783165995
mvh150_0037,200023,medium,Human3R,m0_strict_human3r,Seam-root_mm,191.35723489273093,79.15612478673185,112.20111010599908
mvh150_0037,200023,medium,Human3R,m0_strict_human3r,Seam-orientation_deg,25.951278529436955,55.6643689580185,-29.713090428581545
mvh150_0037,200023,medium,Human3R,m0_strict_human3r,Camera-rotation_deg,66.97360619661106,69.48419458673904,-2.510588390127978
mvh150_0037,200023,medium,Human3R,m0_strict_human3r,Camera-translation_m,1.5341874798479345,1.5746776045947117,-0.04049012474677727
mvh150_0037,200023,medium,Human3R,m0_strict_human3r,Coverage,0.98,1.0,0.020000000000000018
mvh150_0037,200023,medium,BRIDGE3R,m15_bridge3r_full,PA-MPJPE_mm,36.6855727148204,32.142043560381154,4.543529154439248
mvh150_0037,200023,medium,BRIDGE3R,m15_bridge3r_full,Anchor-MPJPE_mm,167.6656416638599,118.67560217122809,48.99003949263181
mvh150_0037,200023,medium,BRIDGE3R,m15_bridge3r_full,Anchor-root_mm,144.30908217446486,74.39045482400054,69.91862735046432
mvh150_0037,200023,medium,BRIDGE3R,m15_bridge3r_full,Orientation_deg,33.610614113744425,31.364945328422188,2.2456687853222377
mvh150_0037,200023,medium,BRIDGE3R,m15_bridge3r_full,Seam-root_mm,191.35723489273093,98.66403059792023,92.6932042948107
mvh150_0037,200023,medium,BRIDGE3R,m15_bridge3r_full,Seam-orientation_deg,25.951278529436955,56.69267595248607,-30.741397423049115
mvh150_0037,200023,medium,BRIDGE3R,m15_bridge3r_full,Camera-rotation_deg,66.97360619661106,72.7992049948015,-5.825598798190441
mvh150_0037,200023,medium,BRIDGE3R,m15_bridge3r_full,Camera-translation_m,1.5341874798479345,1.7219261329018192,-0.1877386530538847
mvh150_0037,200023,medium,BRIDGE3R,m15_bridge3r_full,Coverage,0.98,1.0,0.020000000000000018
mvh150_0038,200023,large,Human3R,m0_strict_human3r,PA-MPJPE_mm,34.14459397424348,31.367250488992322,2.777343485251155
mvh150_0038,200023,large,Human3R,m0_strict_human3r,Anchor-MPJPE_mm,206.69855313752967,169.5069726347799,37.19158050274976
mvh150_0038,200023,large,Human3R,m0_strict_human3r,Anchor-root_mm,154.0512758158503,96.71917418438638,57.332101631463914
mvh150_0038,200023,large,Human3R,m0_strict_human3r,Orientation_deg,59.6312330968168,64.59687160154593,-4.965638504729128
mvh150_0038,200023,large,Human3R,m0_strict_human3r,Seam-root_mm,300.6482485816129,16.081085648675863,284.56716293293704
mvh150_0038,200023,large,Human3R,m0_strict_human3r,Seam-orientation_deg,58.129400243834546,123.24683361478442,-65.11743337094987
mvh150_0038,200023,large,Human3R,m0_strict_human3r,Camera-rotation_deg,110.86573804350233,115.16633501632627,-4.300596972823939
mvh150_0038,200023,large,Human3R,m0_strict_human3r,Camera-translation_m,2.199441433905697,2.3293104479162823,-0.12986901401058537
mvh150_0038,200023,large,Human3R,m0_strict_human3r,Coverage,0.9933333333333333,1.0,0.00666666666666671
mvh150_0038,200023,large,BRIDGE3R,m15_bridge3r_full,PA-MPJPE_mm,34.14459397424348,31.395303934642687,2.7492900396007904
mvh150_0038,200023,large,BRIDGE3R,m15_bridge3r_full,Anchor-MPJPE_mm,206.69855313752967,234.7639787550419,-28.065425617512233
mvh150_0038,200023,large,BRIDGE3R,m15_bridge3r_full,Anchor-root_mm,154.0512758158503,106.40071814677188,47.65055766907841
mvh150_0038,200023,large,BRIDGE3R,m15_bridge3r_full,Orientation_deg,59.6312330968168,65.9364408631366,-6.305207766319796
mvh150_0038,200023,large,BRIDGE3R,m15_bridge3r_full,Seam-root_mm,300.6482485816129,11.58815279303817,289.06009578857476
mvh150_0038,200023,large,BRIDGE3R,m15_bridge3r_full,Seam-orientation_deg,58.129400243834546,123.2342039601924,-65.10480371635785
mvh150_0038,200023,large,BRIDGE3R,m15_bridge3r_full,Camera-rotation_deg,110.86573804350233,22.488118346546088,88.37761969695624
mvh150_0038,200023,large,BRIDGE3R,m15_bridge3r_full,Camera-translation_m,2.199441433905697,0.5731136886301652,1.6263277452755318
mvh150_0038,200023,large,BRIDGE3R,m15_bridge3r_full,Coverage,0.9933333333333333,1.0,0.00666666666666671
mvh150_0039,200023,very_large,Human3R,m0_strict_human3r,PA-MPJPE_mm,34.91987337100793,31.77060826655362,3.1492651044543116
mvh150_0039,200023,very_large,Human3R,m0_strict_human3r,Anchor-MPJPE_mm,241.34557821290133,238.60195990384528,2.743618309056046
mvh150_0039,200023,very_large,Human3R,m0_strict_human3r,Anchor-root_mm,200.14848116275624,176.37986029734975,23.76862086540649
mvh150_0039,200023,very_large,Human3R,m0_strict_human3r,Orientation_deg,67.62040620326648,87.18237425132439,-19.561968048057906
mvh150_0039,200023,very_large,Human3R,m0_strict_human3r,Seam-root_mm,266.1516488403367,493.1325106107732,-226.9808617704365
mvh150_0039,200023,very_large,Human3R,m0_strict_human3r,Seam-orientation_deg,48.14782290690941,163.945982742264,-115.79815983535458
mvh150_0039,200023,very_large,Human3R,m0_strict_human3r,Camera-rotation_deg,136.91894892892668,156.62640045904638,-19.707451530119698
mvh150_0039,200023,very_large,Human3R,m0_strict_human3r,Camera-translation_m,2.7588994789490227,2.5937073704301628,0.1651921085188599
mvh150_0039,200023,very_large,Human3R,m0_strict_human3r,Coverage,0.98,1.0,0.020000000000000018
mvh150_0039,200023,very_large,BRIDGE3R,m15_bridge3r_full,PA-MPJPE_mm,34.91987337100793,31.797082061142387,3.122791309865544
mvh150_0039,200023,very_large,BRIDGE3R,m15_bridge3r_full,Anchor-MPJPE_mm,241.34557821290133,247.40873269868598,-6.063154485784651
mvh150_0039,200023,very_large,BRIDGE3R,m15_bridge3r_full,Anchor-root_mm,200.14848116275624,186.02230801733864,14.126173145417596
mvh150_0039,200023,very_large,BRIDGE3R,m15_bridge3r_full,Orientation_deg,67.62040620326648,90.30584032187211,-22.685434118605627
mvh150_0039,200023,very_large,BRIDGE3R,m15_bridge3r_full,Seam-root_mm,266.1516488403367,332.525192380355,-66.37354354001832
mvh150_0039,200023,very_large,BRIDGE3R,m15_bridge3r_full,Seam-orientation_deg,48.14782290690941,166.63200604684016,-118.48418313993075
mvh150_0039,200023,very_large,BRIDGE3R,m15_bridge3r_full,Camera-rotation_deg,136.91894892892668,166.68361977558646,-29.764670846659783
mvh150_0039,200023,very_large,BRIDGE3R,m15_bridge3r_full,Camera-translation_m,2.7588994789490227,2.719068891505173,0.03983058744384982
mvh150_0039,200023,very_large,BRIDGE3R,m15_bridge3r_full,Coverage,0.98,1.0,0.020000000000000018
mvh150_0040,200023,extreme,Human3R,m0_strict_human3r,PA-MPJPE_mm,34.217172993866214,30.062337726071505,4.154835267794709
mvh150_0040,200023,extreme,Human3R,m0_strict_human3r,Anchor-MPJPE_mm,268.2187312753068,195.66391597251584,72.55481530279098
mvh150_0040,200023,extreme,Human3R,m0_strict_human3r,Anchor-root_mm,204.99339449082913,133.45327716506756,71.54011732576157
mvh150_0040,200023,extreme,Human3R,m0_strict_human3r,Orientation_deg,72.61527383026757,79.40432228377144,-6.789048453503867
mvh150_0040,200023,extreme,Human3R,m0_strict_human3r,Seam-root_mm,183.21280635832267,33.08834680728301,150.12445955103965
mvh150_0040,200023,extreme,Human3R,m0_strict_human3r,Seam-orientation_deg,49.32245111669649,151.49144530064495,-102.16899418394846
mvh150_0040,200023,extreme,Human3R,m0_strict_human3r,Camera-rotation_deg,156.36811294295765,160.56582298972256,-4.197710046764911
mvh150_0040,200023,extreme,Human3R,m0_strict_human3r,Camera-translation_m,2.1548520707211702,2.632543220402769,-0.47769114968159876
mvh150_0040,200023,extreme,Human3R,m0_strict_human3r,Coverage,0.98,1.0,0.020000000000000018
mvh150_0040,200023,extreme,BRIDGE3R,m15_bridge3r_full,PA-MPJPE_mm,34.217172993866214,30.047605274803992,4.169567719062222
mvh150_0040,200023,extreme,BRIDGE3R,m15_bridge3r_full,Anchor-MPJPE_mm,268.2187312753068,193.48649266347772,74.7322386118291
mvh150_0040,200023,extreme,BRIDGE3R,m15_bridge3r_full,Anchor-root_mm,204.99339449082913,130.0514458318535,74.94194865897563
mvh150_0040,200023,extreme,BRIDGE3R,m15_bridge3r_full,Orientation_deg,72.61527383026757,79.52139417446561,-6.906120344198044
mvh150_0040,200023,extreme,BRIDGE3R,m15_bridge3r_full,Seam-root_mm,183.21280635832267,61.394139114713866,121.8186672436088
mvh150_0040,200023,extreme,BRIDGE3R,m15_bridge3r_full,Seam-orientation_deg,49.32245111669649,151.97553539006475,-102.65308427336825
mvh150_0040,200023,extreme,BRIDGE3R,m15_bridge3r_full,Camera-rotation_deg,156.36811294295765,163.5610245152059,-7.192911572248249
mvh150_0040,200023,extreme,BRIDGE3R,m15_bridge3r_full,Camera-translation_m,2.1548520707211702,2.6011533197333856,-0.44630124901221535
mvh150_0040,200023,extreme,BRIDGE3R,m15_bridge3r_full,Coverage,0.98,1.0,0.020000000000000018
mvh150_0041,200024,small,Human3R,m0_strict_human3r,PA-MPJPE_mm,27.924951672855048,22.10529693673154,5.819654736123507
mvh150_0041,200024,small,Human3R,m0_strict_human3r,Anchor-MPJPE_mm,295.69294861384805,98.45193782063625,197.24101079321179
mvh150_0041,200024,small,Human3R,m0_strict_human3r,Anchor-root_mm,213.3358965120558,94.25719344970379,119.078703062352
mvh150_0041,200024,small,Human3R,m0_strict_human3r,Orientation_deg,26.451888412854675,6.744248343074242,19.70764006978043
mvh150_0041,200024,small,Human3R,m0_strict_human3r,Seam-root_mm,54.22535396905255,271.21577820083616,-216.9904242317836
mvh150_0041,200024,small,Human3R,m0_strict_human3r,Seam-orientation_deg,20.682900072963726,19.55244717222174,1.130452900741986
mvh150_0041,200024,small,Human3R,m0_strict_human3r,Camera-rotation_deg,44.63828112757104,13.940945924585305,30.697335202985734
mvh150_0041,200024,small,Human3R,m0_strict_human3r,Camera-translation_m,1.10978144777171,0.19676909687310992,0.9130123508986001
mvh150_0041,200024,small,Human3R,m0_strict_human3r,Coverage,0.9933333333333333,1.0,0.00666666666666671
mvh150_0041,200024,small,BRIDGE3R,m15_bridge3r_full,PA-MPJPE_mm,27.924951672855048,22.12814398462578,5.7968076882292685
mvh150_0041,200024,small,BRIDGE3R,m15_bridge3r_full,Anchor-MPJPE_mm,295.69294861384805,104.71151623256593,190.9814323812821
mvh150_0041,200024,small,BRIDGE3R,m15_bridge3r_full,Anchor-root_mm,213.3358965120558,99.28051386086068,114.05538265119512
mvh150_0041,200024,small,BRIDGE3R,m15_bridge3r_full,Orientation_deg,26.451888412854675,11.987014017521801,14.464874395332874
mvh150_0041,200024,small,BRIDGE3R,m15_bridge3r_full,Seam-root_mm,54.22535396905255,193.46703770175912,-139.24168373270658
mvh150_0041,200024,small,BRIDGE3R,m15_bridge3r_full,Seam-orientation_deg,20.682900072963726,25.64140742256177,-4.958507349598044
mvh150_0041,200024,small,BRIDGE3R,m15_bridge3r_full,Camera-rotation_deg,44.63828112757104,38.62079765975646,6.0174834678145785
mvh150_0041,200024,small,BRIDGE3R,m15_bridge3r_full,Camera-translation_m,1.10978144777171,0.6610814105019226,0.44870003726978747
mvh150_0041,200024,small,BRIDGE3R,m15_bridge3r_full,Coverage,0.9933333333333333,1.0,0.00666666666666671
mvh150_0042,200024,medium,Human3R,m0_strict_human3r,PA-MPJPE_mm,29.19090290197335,23.243645960952357,5.947256941020992
mvh150_0042,200024,medium,Human3R,m0_strict_human3r,Anchor-MPJPE_mm,268.6703784512511,111.00811636504281,157.6622620862083
mvh150_0042,200024,medium,Human3R,m0_strict_human3r,Anchor-root_mm,154.35509307046644,105.78009963541602,48.574993435050416
mvh150_0042,200024,medium,Human3R,m0_strict_human3r,Orientation_deg,36.56276473071614,12.684438147259021,23.878326583457117
mvh150_0042,200024,medium,Human3R,m0_strict_human3r,Seam-root_mm,70.99169943550143,746.8434170836355,-675.851717648134
mvh150_0042,200024,medium,Human3R,m0_strict_human3r,Seam-orientation_deg,30.782505729503907,50.00374271969619,-19.221236990192285
mvh150_0042,200024,medium,Human3R,m0_strict_human3r,Camera-rotation_deg,70.03926513878486,15.079667178661648,54.959597960123205
mvh150_0042,200024,medium,Human3R,m0_strict_human3r,Camera-translation_m,1.5279768643517135,1.1523716695868602,0.3756051947648533
mvh150_0042,200024,medium,Human3R,m0_strict_human3r,Coverage,0.98,1.0,0.020000000000000018
mvh150_0042,200024,medium,BRIDGE3R,m15_bridge3r_full,PA-MPJPE_mm,29.19090290197335,23.2264258886842,5.964477013289148
mvh150_0042,200024,medium,BRIDGE3R,m15_bridge3r_full,Anchor-MPJPE_mm,268.6703784512511,109.79464053045844,158.8757379207927
mvh150_0042,200024,medium,BRIDGE3R,m15_bridge3r_full,Anchor-root_mm,154.35509307046644,104.73833440229129,49.61675866817515
mvh150_0042,200024,medium,BRIDGE3R,m15_bridge3r_full,Orientation_deg,36.56276473071614,12.984208194233842,23.578556536482296
mvh150_0042,200024,medium,BRIDGE3R,m15_bridge3r_full,Seam-root_mm,70.99169943550143,470.2261923475483,-399.2344929120469
mvh150_0042,200024,medium,BRIDGE3R,m15_bridge3r_full,Seam-orientation_deg,30.782505729503907,48.95992340466882,-18.177417675164914
mvh150_0042,200024,medium,BRIDGE3R,m15_bridge3r_full,Camera-rotation_deg,70.03926513878486,8.788371694397282,61.25089344438757
mvh150_0042,200024,medium,BRIDGE3R,m15_bridge3r_full,Camera-translation_m,1.5279768643517135,0.9173084868757648,0.6106683774759487
mvh150_0042,200024,medium,BRIDGE3R,m15_bridge3r_full,Coverage,0.98,1.0,0.020000000000000018
mvh150_0043,200024,large,Human3R,m0_strict_human3r,PA-MPJPE_mm,30.19204437324856,25.5679883391815,4.62405603406706
mvh150_0043,200024,large,Human3R,m0_strict_human3r,Anchor-MPJPE_mm,290.63460096749344,207.03635997458264,83.5982409929108
mvh150_0043,200024,large,Human3R,m0_strict_human3r,Anchor-root_mm,194.1335025884081,196.8503597217555,-2.716857133347389
mvh150_0043,200024,large,Human3R,m0_strict_human3r,Orientation_deg,62.595106118464784,19.798523885163824,42.79658223330096
mvh150_0043,200024,large,Human3R,m0_strict_human3r,Seam-root_mm,13.602474564772487,1706.8932776817542,-1693.2908031169816
mvh150_0043,200024,large,Human3R,m0_strict_human3r,Seam-orientation_deg,46.88792680496295,117.8313447366639,-70.94341793170094
mvh150_0043,200024,large,Human3R,m0_strict_human3r,Camera-rotation_deg,112.20251457131774,28.874393488322912,83.32812108299483
mvh150_0043,200024,large,Human3R,m0_strict_human3r,Camera-translation_m,2.710699722659321,0.9375448490893348,1.773154873569986
mvh150_0043,200024,large,Human3R,m0_strict_human3r,Coverage,0.9933333333333333,1.0,0.00666666666666671
mvh150_0043,200024,large,BRIDGE3R,m15_bridge3r_full,PA-MPJPE_mm,30.19204437324856,25.53691060797625,4.655133765272311
mvh150_0043,200024,large,BRIDGE3R,m15_bridge3r_full,Anchor-MPJPE_mm,290.63460096749344,245.23776939880705,45.396831568686395
mvh150_0043,200024,large,BRIDGE3R,m15_bridge3r_full,Anchor-root_mm,194.1335025884081,239.42622523401388,-45.29272264560578
mvh150_0043,200024,large,BRIDGE3R,m15_bridge3r_full,Orientation_deg,62.595106118464784,16.47168903493979,46.123417083525
mvh150_0043,200024,large,BRIDGE3R,m15_bridge3r_full,Seam-root_mm,13.602474564772487,1651.3826372730055,-1637.7801627082329
mvh150_0043,200024,large,BRIDGE3R,m15_bridge3r_full,Seam-orientation_deg,46.88792680496295,43.58958347311812,3.2983433318448334
mvh150_0043,200024,large,BRIDGE3R,m15_bridge3r_full,Camera-rotation_deg,112.20251457131774,20.806106736227342,91.3964078350904
mvh150_0043,200024,large,BRIDGE3R,m15_bridge3r_full,Camera-translation_m,2.710699722659321,0.8489782068359604,1.8617215158233604
mvh150_0043,200024,large,BRIDGE3R,m15_bridge3r_full,Coverage,0.9933333333333333,1.0,0.00666666666666671
mvh150_0044,200024,very_large,Human3R,m0_strict_human3r,PA-MPJPE_mm,29.150363153465285,25.381207830122175,3.76915532334311
mvh150_0044,200024,very_large,Human3R,m0_strict_human3r,Anchor-MPJPE_mm,317.7768071472407,216.03780538012296,101.73900176711771
mvh150_0044,200024,very_large,Human3R,m0_strict_human3r,Anchor-root_mm,200.30080188645044,129.40050486674528,70.90029701970516
mvh150_0044,200024,very_large,Human3R,m0_strict_human3r,Orientation_deg,69.87790735263101,80.83905336787345,-10.961146015242434
mvh150_0044,200024,very_large,Human3R,m0_strict_human3r,Seam-root_mm,54.27466507726446,1488.4924343315088,-1434.2177692542443
mvh150_0044,200024,very_large,Human3R,m0_strict_human3r,Seam-orientation_deg,29.180653572857103,90.37461291103688,-61.19395933817977
mvh150_0044,200024,very_large,Human3R,m0_strict_human3r,Camera-rotation_deg,135.100231695588,164.02034975666783,-28.92011806107982
mvh150_0044,200024,very_large,Human3R,m0_strict_human3r,Camera-translation_m,1.9174815396962857,2.7786116500729694,-0.8611301103766837
mvh150_0044,200024,very_large,Human3R,m0_strict_human3r,Coverage,0.98,1.0,0.020000000000000018
mvh150_0044,200024,very_large,BRIDGE3R,m15_bridge3r_full,PA-MPJPE_mm,29.150363153465285,25.383505321239422,3.7668578322258632
mvh150_0044,200024,very_large,BRIDGE3R,m15_bridge3r_full,Anchor-MPJPE_mm,317.7768071472407,218.08314655548324,99.69366059175744
mvh150_0044,200024,very_large,BRIDGE3R,m15_bridge3r_full,Anchor-root_mm,200.30080188645044,130.75175319400614,69.5490486924443
mvh150_0044,200024,very_large,BRIDGE3R,m15_bridge3r_full,Orientation_deg,69.87790735263101,87.81517891070011,-17.9372715580691
mvh150_0044,200024,very_large,BRIDGE3R,m15_bridge3r_full,Seam-root_mm,54.27466507726446,1516.3410921369436,-1462.0664270596792
mvh150_0044,200024,very_large,BRIDGE3R,m15_bridge3r_full,Seam-orientation_deg,29.180653572857103,113.12559483713852,-83.94494126428143
mvh150_0044,200024,very_large,BRIDGE3R,m15_bridge3r_full,Camera-rotation_deg,135.100231695588,165.32418974819916,-30.223958052611152
mvh150_0044,200024,very_large,BRIDGE3R,m15_bridge3r_full,Camera-translation_m,1.9174815396962857,2.8486781801854164,-0.9311966404891308
mvh150_0044,200024,very_large,BRIDGE3R,m15_bridge3r_full,Coverage,0.98,1.0,0.020000000000000018
mvh150_0045,200024,extreme,Human3R,m0_strict_human3r,PA-MPJPE_mm,30.79468555363166,26.24811880655785,4.546566747073808
mvh150_0045,200024,extreme,Human3R,m0_strict_human3r,Anchor-MPJPE_mm,184.37731756191698,185.6468964793007,-1.2695789173837113
mvh150_0045,200024,extreme,Human3R,m0_strict_human3r,Anchor-root_mm,111.11963204610225,74.1106354883228,37.008996557779454
mvh150_0045,200024,extreme,Human3R,m0_strict_human3r,Orientation_deg,75.93911068426452,78.98313545434291,-3.0440247700783942
mvh150_0045,200024,extreme,Human3R,m0_strict_human3r,Seam-root_mm,46.61129049433569,81.11163204116585,-34.50034154683016
mvh150_0045,200024,extreme,Human3R,m0_strict_human3r,Seam-orientation_deg,24.315174625086357,158.80697790537826,-134.4918032802919
mvh150_0045,200024,extreme,Human3R,m0_strict_human3r,Camera-rotation_deg,159.66055226499952,158.3853429874933,1.2752092775062351
mvh150_0045,200024,extreme,Human3R,m0_strict_human3r,Camera-translation_m,2.573831830415206,2.563546228713476,0.010285601701730318
mvh150_0045,200024,extreme,Human3R,m0_strict_human3r,Coverage,0.98,1.0,0.020000000000000018
mvh150_0045,200024,extreme,BRIDGE3R,m15_bridge3r_full,PA-MPJPE_mm,30.79468555363166,26.235664474826688,4.559021078804971
mvh150_0045,200024,extreme,BRIDGE3R,m15_bridge3r_full,Anchor-MPJPE_mm,184.37731756191698,501.14729038360656,-316.7699728216896
mvh150_0045,200024,extreme,BRIDGE3R,m15_bridge3r_full,Anchor-root_mm,111.11963204610225,495.7251302444252,-384.60549819832295
mvh150_0045,200024,extreme,BRIDGE3R,m15_bridge3r_full,Orientation_deg,75.93911068426452,8.197135656946914,67.74197502731761
mvh150_0045,200024,extreme,BRIDGE3R,m15_bridge3r_full,Seam-root_mm,46.61129049433569,887.3200397371468,-840.7087492428111
mvh150_0045,200024,extreme,BRIDGE3R,m15_bridge3r_full,Seam-orientation_deg,24.315174625086357,8.37171348495596,15.943461140130397
mvh150_0045,200024,extreme,BRIDGE3R,m15_bridge3r_full,Camera-rotation_deg,159.66055226499952,9.16284210494725,150.49771016005226
mvh150_0045,200024,extreme,BRIDGE3R,m15_bridge3r_full,Camera-translation_m,2.573831830415206,0.5196389903970905,2.0541928400181155
mvh150_0045,200024,extreme,BRIDGE3R,m15_bridge3r_full,Coverage,0.98,1.0,0.020000000000000018
mvh150_0046,200025,small,Human3R,m0_strict_human3r,PA-MPJPE_mm,34.06658494319769,27.087710834041932,6.978874109155758
mvh150_0046,200025,small,Human3R,m0_strict_human3r,Anchor-MPJPE_mm,102.82227382568342,137.47982667130253,-34.65755284561911
mvh150_0046,200025,small,Human3R,m0_strict_human3r,Anchor-root_mm,72.2223170193511,122.05057907290526,-49.82826205355417
mvh150_0046,200025,small,Human3R,m0_strict_human3r,Orientation_deg,25.237007702199897,25.295083257326322,-0.05807555512642537
mvh150_0046,200025,small,Human3R,m0_strict_human3r,Seam-root_mm,42.83353746751883,103.68387531908559,-60.850337851566756
mvh150_0046,200025,small,Human3R,m0_strict_human3r,Seam-orientation_deg,4.722767038246322,33.9684361794272,-29.24566914118088
mvh150_0046,200025,small,Human3R,m0_strict_human3r,Camera-rotation_deg,41.81871167988726,43.78499337684052,-1.96628169695326
mvh150_0046,200025,small,Human3R,m0_strict_human3r,Camera-translation_m,0.7440920287912878,1.0013691106255516,-0.2572770818342638
mvh150_0046,200025,small,Human3R,m0_strict_human3r,Coverage,0.9933333333333333,1.0,0.00666666666666671
mvh150_0046,200025,small,BRIDGE3R,m15_bridge3r_full,PA-MPJPE_mm,34.06658494319769,27.134857349780575,6.931727593417115
mvh150_0046,200025,small,BRIDGE3R,m15_bridge3r_full,Anchor-MPJPE_mm,102.82227382568342,148.07470656880093,-45.25243274311751
mvh150_0046,200025,small,BRIDGE3R,m15_bridge3r_full,Anchor-root_mm,72.2223170193511,104.20777812587447,-31.985461106523374
mvh150_0046,200025,small,BRIDGE3R,m15_bridge3r_full,Orientation_deg,25.237007702199897,29.501822855982255,-4.264815153782358
mvh150_0046,200025,small,BRIDGE3R,m15_bridge3r_full,Seam-root_mm,42.83353746751883,109.14326717754193,-66.3097297100231
mvh150_0046,200025,small,BRIDGE3R,m15_bridge3r_full,Seam-orientation_deg,4.722767038246322,33.71639905574511,-28.993632017498786
mvh150_0046,200025,small,BRIDGE3R,m15_bridge3r_full,Camera-rotation_deg,41.81871167988726,84.94104957219898,-43.12233789231172
mvh150_0046,200025,small,BRIDGE3R,m15_bridge3r_full,Camera-translation_m,0.7440920287912878,1.6961850268399257,-0.9520929980486379
mvh150_0046,200025,small,BRIDGE3R,m15_bridge3r_full,Coverage,0.9933333333333333,1.0,0.00666666666666671
mvh150_0047,200025,medium,Human3R,m0_strict_human3r,PA-MPJPE_mm,34.98226163564802,28.61925765218178,6.363003983466243
mvh150_0047,200025,medium,Human3R,m0_strict_human3r,Anchor-MPJPE_mm,111.71335556481347,132.92673123807435,-21.213375673260884
mvh150_0047,200025,medium,Human3R,m0_strict_human3r,Anchor-root_mm,75.50020162270353,108.20959342131955,-32.709391798616025
mvh150_0047,200025,medium,Human3R,m0_strict_human3r,Orientation_deg,36.17861106630547,35.92137688621172,0.25723418009375365
mvh150_0047,200025,medium,Human3R,m0_strict_human3r,Seam-root_mm,93.5695771601278,79.83766389671034,13.731913263417468
mvh150_0047,200025,medium,Human3R,m0_strict_human3r,Seam-orientation_deg,11.045666300523978,50.75400942501872,-39.708343124494746
mvh150_0047,200025,medium,Human3R,m0_strict_human3r,Camera-rotation_deg,65.62905583536454,68.7146945847914,-3.085638749426863
mvh150_0047,200025,medium,Human3R,m0_strict_human3r,Camera-translation_m,1.0215046218298296,1.505006010450237,-0.48350138862040737
mvh150_0047,200025,medium,Human3R,m0_strict_human3r,Coverage,0.98,1.0,0.020000000000000018
mvh150_0047,200025,medium,BRIDGE3R,m15_bridge3r_full,PA-MPJPE_mm,34.98226163564802,28.67642996370688,6.305831671941142
mvh150_0047,200025,medium,BRIDGE3R,m15_bridge3r_full,Anchor-MPJPE_mm,111.71335556481347,157.9169017872407,-46.203546222427235
mvh150_0047,200025,medium,BRIDGE3R,m15_bridge3r_full,Anchor-root_mm,75.50020162270353,102.38312425000302,-26.882922627299493
mvh150_0047,200025,medium,BRIDGE3R,m15_bridge3r_full,Orientation_deg,36.17861106630547,39.74035469746847,-3.5617436311629973
mvh150_0047,200025,medium,BRIDGE3R,m15_bridge3r_full,Seam-root_mm,93.5695771601278,71.94916570006588,21.62041146006193
mvh150_0047,200025,medium,BRIDGE3R,m15_bridge3r_full,Seam-orientation_deg,11.045666300523978,50.42611747799059,-39.38045117746661
mvh150_0047,200025,medium,BRIDGE3R,m15_bridge3r_full,Camera-rotation_deg,65.62905583536454,109.10667146227019,-43.477615626905646
mvh150_0047,200025,medium,BRIDGE3R,m15_bridge3r_full,Camera-translation_m,1.0215046218298296,1.9687999235913862,-0.9472953017615566
mvh150_0047,200025,medium,BRIDGE3R,m15_bridge3r_full,Coverage,0.98,1.0,0.020000000000000018
mvh150_0048,200025,large,Human3R,m0_strict_human3r,PA-MPJPE_mm,33.99141853276303,29.640210811444632,4.351207721318396
mvh150_0048,200025,large,Human3R,m0_strict_human3r,Anchor-MPJPE_mm,162.7194775123402,138.3588595035632,24.36061800877701
mvh150_0048,200025,large,Human3R,m0_strict_human3r,Anchor-root_mm,113.03305800894918,79.51219104511169,33.52086696383749
mvh150_0048,200025,large,Human3R,m0_strict_human3r,Orientation_deg,62.57090296138092,61.48491860197189,1.085984359409025
mvh150_0048,200025,large,Human3R,m0_strict_human3r,Seam-root_mm,70.77356644619064,298.1708021851377,-227.39723573894705
mvh150_0048,200025,large,Human3R,m0_strict_human3r,Seam-orientation_deg,81.31032959274641,150.63766865559836,-69.32733906285195
mvh150_0048,200025,large,Human3R,m0_strict_human3r,Camera-rotation_deg,112.43287383466108,114.156857039562,-1.723983204900918
mvh150_0048,200025,large,Human3R,m0_strict_human3r,Camera-translation_m,2.199699159203249,2.2344694389899775,-0.03477027978672842
mvh150_0048,200025,large,Human3R,m0_strict_human3r,Coverage,0.9933333333333333,1.0,0.00666666666666671
mvh150_0048,200025,large,BRIDGE3R,m15_bridge3r_full,PA-MPJPE_mm,33.99141853276303,29.57977335055985,4.411645182203177
mvh150_0048,200025,large,BRIDGE3R,m15_bridge3r_full,Anchor-MPJPE_mm,162.7194775123402,144.96438697930918,17.755090533031023
mvh150_0048,200025,large,BRIDGE3R,m15_bridge3r_full,Anchor-root_mm,113.03305800894918,83.46459321547282,29.568464793476366
mvh150_0048,200025,large,BRIDGE3R,m15_bridge3r_full,Orientation_deg,62.57090296138092,60.351347245389995,2.2195557159909214
mvh150_0048,200025,large,BRIDGE3R,m15_bridge3r_full,Seam-root_mm,70.77356644619064,309.2538984532549,-238.48033200706428
mvh150_0048,200025,large,BRIDGE3R,m15_bridge3r_full,Seam-orientation_deg,81.31032959274641,150.9267286073604,-69.61639901461398
mvh150_0048,200025,large,BRIDGE3R,m15_bridge3r_full,Camera-rotation_deg,112.43287383466108,94.14538902190611,18.28748481275497
mvh150_0048,200025,large,BRIDGE3R,m15_bridge3r_full,Camera-translation_m,2.199699159203249,1.8790657737354677,0.3206333854677814
mvh150_0048,200025,large,BRIDGE3R,m15_bridge3r_full,Coverage,0.9933333333333333,1.0,0.00666666666666671
mvh150_0049,200025,very_large,Human3R,m0_strict_human3r,PA-MPJPE_mm,32.94697535724563,27.434523782242703,5.512451575002924
mvh150_0049,200025,very_large,Human3R,m0_strict_human3r,Anchor-MPJPE_mm,154.54862136772863,266.6988730690945,-112.15025170136585
mvh150_0049,200025,very_large,Human3R,m0_strict_human3r,Anchor-root_mm,80.34974886809891,239.6768421240763,-159.3270932559774
mvh150_0049,200025,very_large,Human3R,m0_strict_human3r,Orientation_deg,67.40873597049777,77.24161288138805,-9.832876910890278
mvh150_0049,200025,very_large,Human3R,m0_strict_human3r,Seam-root_mm,168.18285547686585,953.9517432292096,-785.7688877523437
mvh150_0049,200025,very_large,Human3R,m0_strict_human3r,Seam-orientation_deg,29.799052777959357,11.645478731953839,18.153574046005517
mvh150_0049,200025,very_large,Human3R,m0_strict_human3r,Camera-rotation_deg,138.39051650724957,144.69086240531115,-6.300345898061579
mvh150_0049,200025,very_large,Human3R,m0_strict_human3r,Camera-translation_m,2.186834656583017,2.5890585445051353,-0.4022238879221183
mvh150_0049,200025,very_large,Human3R,m0_strict_human3r,Coverage,0.9933333333333333,1.0,0.00666666666666671
mvh150_0049,200025,very_large,BRIDGE3R,m15_bridge3r_full,PA-MPJPE_mm,32.94697535724563,27.5364218268562,5.4105535303894285
mvh150_0049,200025,very_large,BRIDGE3R,m15_bridge3r_full,Anchor-MPJPE_mm,154.54862136772863,253.65190943450833,-99.1032880667797
mvh150_0049,200025,very_large,BRIDGE3R,m15_bridge3r_full,Anchor-root_mm,80.34974886809891,197.1030028446657,-116.75325397656678
mvh150_0049,200025,very_large,BRIDGE3R,m15_bridge3r_full,Orientation_deg,67.40873597049777,79.51063185897132,-12.10189588847355
mvh150_0049,200025,very_large,BRIDGE3R,m15_bridge3r_full,Seam-root_mm,168.18285547686585,863.1285196476824,-694.9456641708166
mvh150_0049,200025,very_large,BRIDGE3R,m15_bridge3r_full,Seam-orientation_deg,29.799052777959357,10.977929844116638,18.82112293384272
mvh150_0049,200025,very_large,BRIDGE3R,m15_bridge3r_full,Camera-rotation_deg,138.39051650724957,157.91098624442316,-19.520469737173585
mvh150_0049,200025,very_large,BRIDGE3R,m15_bridge3r_full,Camera-translation_m,2.186834656583017,2.9208859080692173,-0.7340512514862003
mvh150_0049,200025,very_large,BRIDGE3R,m15_bridge3r_full,Coverage,0.9933333333333333,1.0,0.00666666666666671
mvh150_0050,200025,extreme,Human3R,m0_strict_human3r,PA-MPJPE_mm,35.98687777608029,31.41062901063471,4.57624876544558
mvh150_0050,200025,extreme,Human3R,m0_strict_human3r,Anchor-MPJPE_mm,183.46834613106364,149.742603921378,33.72574220968565
mvh150_0050,200025,extreme,Human3R,m0_strict_human3r,Anchor-root_mm,124.21400196209807,76.51651411313699,47.697487848961075
mvh150_0050,200025,extreme,Human3R,m0_strict_human3r,Orientation_deg,79.23730563263445,77.62318445379374,1.6141211788407048
mvh150_0050,200025,extreme,Human3R,m0_strict_human3r,Seam-root_mm,138.8070374336685,275.8059533486265,-136.99891591495796
mvh150_0050,200025,extreme,Human3R,m0_strict_human3r,Seam-orientation_deg,55.54295277109611,118.55831072717433,-63.01535795607822
mvh150_0050,200025,extreme,Human3R,m0_strict_human3r,Camera-rotation_deg,159.89600994699063,158.18503536762017,1.7109745793704576
mvh150_0050,200025,extreme,Human3R,m0_strict_human3r,Camera-translation_m,2.415871478716294,2.5440491534447824,-0.12817767472848862
mvh150_0050,200025,extreme,Human3R,m0_strict_human3r,Coverage,0.9933333333333333,1.0,0.00666666666666671
mvh150_0050,200025,extreme,BRIDGE3R,m15_bridge3r_full,PA-MPJPE_mm,35.98687777608029,31.44905492468549,4.5378228513948
mvh150_0050,200025,extreme,BRIDGE3R,m15_bridge3r_full,Anchor-MPJPE_mm,183.46834613106364,262.1263038582098,-78.65795772714614
mvh150_0050,200025,extreme,BRIDGE3R,m15_bridge3r_full,Anchor-root_mm,124.21400196209807,132.95826448769142,-8.744262525593356
mvh150_0050,200025,extreme,BRIDGE3R,m15_bridge3r_full,Orientation_deg,79.23730563263445,66.48652993669693,12.75077569593752
mvh150_0050,200025,extreme,BRIDGE3R,m15_bridge3r_full,Seam-root_mm,138.8070374336685,424.1767472095484,-285.36970977587987
mvh150_0050,200025,extreme,BRIDGE3R,m15_bridge3r_full,Seam-orientation_deg,55.54295277109611,139.4891338563454,-83.9461810852493
mvh150_0050,200025,extreme,BRIDGE3R,m15_bridge3r_full,Camera-rotation_deg,159.89600994699063,162.93023286302065,-3.034222916030018
mvh150_0050,200025,extreme,BRIDGE3R,m15_bridge3r_full,Camera-translation_m,2.415871478716294,2.078686952037418,0.3371845266788758
mvh150_0050,200025,extreme,BRIDGE3R,m15_bridge3r_full,Coverage,0.9933333333333333,1.0,0.00666666666666671
