ATE_SE3_m,ATE_Sim3_m,Coverage,IDF1,MPJPE_mm,PA-MPJPE_mm,Precision,W-MPJPE_mm,WA-MPJPE_mm,angle_stratum,case_id,dataset,inference_status,method,seconds,time_access,unit
1.4509991224808532,0.10719014825991383,1.0,1.0,82.9351156580135,44.60334672455293,1.0,716.7472114495337,745.5882440048069,extreme,egobody_recording_20210907_S03_S04_01_extreme_kinect_13_kinect_11_b01801,egobody,audited,JOSH,395.91038799396483,offline_full_sequence,recording_20210907_S03_S04_01
0.9751498262558225,0.08544386978362005,1.0,1.0,84.03749815263687,47.175653356362105,1.0,482.46217025592193,415.38184060820583,medium,egobody_recording_20210907_S03_S04_01_medium_kinect_12_kinect_13_b01801,egobody,audited,JOSH,398.6643851819681,offline_full_sequence,recording_20210907_S03_S04_01
0.07268976385784144,0.04249931526694217,1.0,1.0,74.33392482306192,46.44917979240081,1.0,172.34575394063532,139.71665636531412,medium,egobody_recording_20210911_S03_S08_02_medium_kinect_12_kinect_11_b03471,egobody,audited,JOSH,410.18561369896634,offline_full_sequence,recording_20210911_S03_S08_02
0.10855413587847051,0.10848925835635906,0.9966666666666667,0.9966666666666667,68.0428191482166,45.24970721919258,0.9966666666666667,155.94394203953757,128.62218560036965,extreme,egobody_recording_20210911_S03_S08_02_extreme_kinect_11_kinect_13_b03471,egobody,audited,JOSH,411.34122509497683,offline_full_sequence,recording_20210911_S03_S08_02
0.1297742430385792,0.04887174611425619,1.0,0.9523809523809523,91.39887167607384,43.81168872209208,0.9090909090909091,243.63175524700267,187.04631801221427,small,egobody_recording_20210907_S03_S04_01_small_kinect_11_kinect_12_b01801,egobody,audited,JOSH,412.0704284218955,offline_full_sequence,recording_20210907_S03_S04_01
0.1105870185550517,0.1084723779916285,0.9966666666666667,0.9966666666666667,54.48304726443385,36.76909917111913,0.9966666666666667,224.43639935540784,157.86428681394688,extreme,egobody_recording_20210911_S03_S08_01_extreme_kinect_13_kinect_11_b02141,egobody,audited,JOSH,426.9130209510331,offline_full_sequence,recording_20210911_S03_S08_01
0.04245461978080094,0.04246963398178018,1.0,1.0,61.526092004383635,40.671109432379694,1.0,96.99521452237427,83.6286290593496,medium,egobody_recording_20210911_S03_S08_01_medium_kinect_11_kinect_12_b02141,egobody,audited,JOSH,438.26456015603617,offline_full_sequence,recording_20210911_S03_S08_01
0.0728132141386255,0.06607770521402304,1.0,1.0,60.16419432509175,38.89615426235203,1.0,170.98837989493725,127.61547196136743,small,egobody_recording_20210911_S03_S08_01_small_kinect_13_kinect_12_b02141,egobody,audited,JOSH,443.89656559895957,offline_full_sequence,recording_20210911_S03_S08_01
0.06605967659202322,0.0660646285953723,1.0,1.0,66.29333888678035,38.7609876457424,1.0,132.6167124237907,110.53933664198092,small,egobody_recording_20210911_S03_S08_02_small_kinect_13_kinect_12_b03471,egobody,audited,JOSH,405.79043687001104,offline_full_sequence,recording_20210911_S03_S08_02
0.2300723604792565,0.06812153320145481,1.0,1.0,64.61037767351951,37.72024075553697,1.0,146.94332023554318,114.69558406153776,extreme,egobody_recording_20210921_S05_S12_01_extreme_kinect_11_kinect_13_b02281,egobody,audited,JOSH,425.46937669604085,offline_full_sequence,recording_20210921_S05_S12_01
0.33507732115824385,0.06820700991425327,1.0,1.0,66.11381901495493,35.72922917002877,1.0,115.16595133944061,105.08316047797746,extreme,egobody_recording_20210921_S05_S12_02_extreme_kinect_13_kinect_11_b01916,egobody,audited,JOSH,415.3966791720013,offline_full_sequence,recording_20210921_S05_S12_02
0.28469229391926953,0.0681996750228642,1.0,1.0,83.90894885190944,42.576048557991015,1.0,258.5861955247327,124.74341704204912,extreme,egobody_recording_20210921_S05_S12_03_extreme_kinect_11_kinect_13_b03356,egobody,audited,JOSH,388.42903327802196,offline_full_sequence,recording_20210921_S05_S12_03
0.11052202413830624,0.03875199877899105,1.0,1.0,64.85666626769245,35.22157365284385,1.0,155.69192772399757,80.82084870624632,medium,egobody_recording_20210921_S05_S12_02_medium_kinect_12_kinect_11_b01916,egobody,audited,JOSH,428.1300397439627,offline_full_sequence,recording_20210921_S05_S12_02
0.1158481607514336,0.038742195885626135,1.0,0.967741935483871,55.672484950015885,32.19815596221354,0.9375,74.47469480962269,58.24954419189214,medium,egobody_recording_20210921_S05_S12_01_medium_kinect_12_kinect_11_b02281,egobody,audited,JOSH,453.52368204301456,offline_full_sequence,recording_20210921_S05_S12_01
0.031114484250879523,0.031119655217416563,1.0,0.9523809523809523,61.785243509153176,32.99469160140852,0.9090909090909091,94.13008086648627,83.66504465152526,small,egobody_recording_20210921_S05_S12_02_small_kinect_13_kinect_12_b01916,egobody,audited,JOSH,424.8901060190401,offline_full_sequence,recording_20210921_S05_S12_02
0.031149239199615125,0.031115853910642546,1.0,0.8253094910591472,59.085274827714386,35.022451823458525,0.702576112412178,107.41577169511062,83.26897643993296,small,egobody_recording_20210921_S05_S12_01_small_kinect_13_kinect_12_b02281,egobody,audited,JOSH,490.0328549389378,offline_full_sequence,recording_20210921_S05_S12_01
0.12714675675355985,0.038781969944368375,1.0,1.0,81.43061241283958,43.81571032496341,1.0,280.20967116848135,148.94989118492467,medium,egobody_recording_20210921_S05_S12_03_medium_kinect_11_kinect_12_b03356,egobody,audited,JOSH,400.31660847796593,offline_full_sequence,recording_20210921_S05_S12_03
0.03408870791398235,0.031119755403633948,1.0,1.0,91.19914457982159,43.93694557645452,1.0,198.6251833318399,126.14624531712722,small,egobody_recording_20210921_S05_S12_03_small_kinect_12_kinect_13_b03356,egobody,audited,JOSH,411.14794172893744,offline_full_sequence,recording_20210921_S05_S12_03
0.4921007129967116,0.08050129878777715,1.0,1.0,59.26244866912906,42.99772906421964,1.0,303.98795683548667,253.55447808924268,extreme,egobody_recording_20210929_S05_S16_01_extreme_kinect_11_kinect_13_b02576,egobody,audited,JOSH,411.403955264017,offline_full_sequence,recording_20210929_S05_S16_01
0.037231057844170794,0.03720508155472183,1.0,1.0,58.26580006857733,41.20309803149063,1.0,146.7474895021758,106.57669643486868,medium,egobody_recording_20210929_S05_S16_01_medium_kinect_11_kinect_12_b02576,egobody,audited,JOSH,415.49342848197557,offline_full_sequence,recording_20210929_S05_S16_01
0.6620117057771838,0.0805935854007424,1.0,1.0,79.30775708000421,49.15623038493899,1.0,232.331148851412,212.72700849822908,extreme,egobody_recording_20210929_S05_S16_02_extreme_kinect_13_kinect_11_b02316,egobody,audited,JOSH,389.54769084596774,offline_full_sequence,recording_20210929_S05_S16_02
0.05021159713801601,0.04521763389512708,1.0,1.0,62.333993698443834,41.6513078601674,1.0,106.6036267325059,94.31100714675992,small,egobody_recording_20210929_S05_S16_01_small_kinect_12_kinect_13_b02576,egobody,audited,JOSH,403.0072681560414,offline_full_sequence,recording_20210929_S05_S16_01
0.04308733791225742,0.03719516002287118,1.0,1.0,77.02056535912574,49.445546728856485,1.0,102.4241015292506,89.05409730113315,medium,egobody_recording_20210929_S05_S16_02_medium_kinect_11_kinect_12_b02316,egobody,audited,JOSH,431.8079418670386,offline_full_sequence,recording_20210929_S05_S16_02
0.08994004028879507,0.045136300383596374,1.0,1.0,82.41082590579126,51.816110194822386,1.0,147.339008872782,97.16102578855919,small,egobody_recording_20210929_S05_S16_02_small_kinect_12_kinect_13_b02316,egobody,audited,JOSH,405.54395117104286,offline_full_sequence,recording_20210929_S05_S16_02
0.46137443555286,0.08050540300892398,1.0,1.0,68.11737536275099,43.95428915606344,1.0,195.65252571951984,151.84130464011167,extreme,egobody_recording_20210929_S05_S16_03_extreme_kinect_11_kinect_13_b01076,egobody,audited,JOSH,426.3465769609902,offline_full_sequence,recording_20210929_S05_S16_03
0.04584181429299602,0.04516613467180254,1.0,1.0,67.42029980212685,44.46685739523136,1.0,135.523950028733,87.49943015260813,small,egobody_recording_20210929_S05_S16_03_small_kinect_13_kinect_12_b01076,egobody,audited,JOSH,401.7363240849809,offline_full_sequence,recording_20210929_S05_S16_03
0.39275811112747255,0.0805266653024064,1.0,1.0,53.63552135706043,32.25252309583731,1.0,185.3758683591049,150.91898114390676,extreme,egobody_recording_20210929_S05_S16_04_extreme_kinect_13_kinect_11_b02616,egobody,audited,JOSH,414.4680093869101,offline_full_sequence,recording_20210929_S05_S16_04
0.03986657577659582,0.03723812502907984,1.0,1.0,56.56693458579377,33.52007307165661,1.0,116.81143480441848,70.48035763605517,medium,egobody_recording_20210929_S05_S16_04_medium_kinect_12_kinect_11_b02616,egobody,audited,JOSH,415.2940152029623,offline_full_sequence,recording_20210929_S05_S16_04
0.04517501573116937,0.04516314392333592,1.0,1.0,54.15752850514629,31.99197254592079,1.0,120.79201003206336,74.05391459161285,small,egobody_recording_20210929_S05_S16_04_small_kinect_12_kinect_13_b02616,egobody,audited,JOSH,412.40286973002367,offline_full_sequence,recording_20210929_S05_S16_04
0.03721406981445803,0.03721638663770573,1.0,1.0,70.26341763358006,43.9784311639677,1.0,114.75463195565237,87.47667965172984,medium,egobody_recording_20210929_S05_S16_03_medium_kinect_11_kinect_12_b01076,egobody,audited,JOSH,434.12281318899477,offline_full_sequence,recording_20210929_S05_S16_03
0.03429309427342076,0.03422487062935142,1.0,1.0,71.35175438696768,36.56091133042401,1.0,155.6087190481317,139.55564270569792,medium,egobody_recording_20211002_S17_S15_01_medium_kinect_12_kinect_13_b02701,egobody,audited,JOSH,393.8378499149694,offline_full_sequence,recording_20211002_S17_S15_01
0.9282447428677936,0.08076537269281138,1.0,0.8888888888888888,64.8105425687077,35.682282993243575,0.8,365.6496825724356,341.21804208147074,extreme,egobody_recording_20211002_S17_S15_01_extreme_kinect_11_kinect_13_b02701,egobody,audited,JOSH,447.14299501205096,offline_full_sequence,recording_20211002_S17_S15_01
,,0.0,0.0,,,0.0,,,extreme,egobody_recording_20211002_S17_S15_02_extreme_kinect_13_kinect_11_b01321,egobody,inference_failed,JOSH,,offline_full_sequence,recording_20211002_S17_S15_02
,,0.0,0.0,,,0.0,,,small,egobody_recording_20211002_S17_S15_02_small_kinect_12_kinect_11_b01321,egobody,inference_failed,JOSH,,offline_full_sequence,recording_20211002_S17_S15_02
0.05649824116238458,0.03420784848414916,1.0,1.0,90.76181469976993,50.26215364945894,1.0,251.0797541904668,193.83101849230314,medium,egobody_recording_20211002_S17_S15_02_medium_kinect_13_kinect_12_b01321,egobody,audited,JOSH,401.4491786810104,offline_full_sequence,recording_20211002_S17_S15_02
0.513364688786543,0.08079803243698326,1.0,1.0,86.77752607190148,48.318114143426605,1.0,308.93247732147626,251.8053792181845,extreme,egobody_recording_20211002_S17_S15_03_extreme_kinect_13_kinect_11_b02531,egobody,audited,JOSH,394.2030955121154,offline_full_sequence,recording_20211002_S17_S15_03
0.08768856072574259,0.055701316407069434,1.0,0.8888888888888888,72.04852835914683,38.03495232835739,0.8,139.9953426991083,119.78188742404396,small,egobody_recording_20211002_S17_S15_01_small_kinect_12_kinect_11_b02701,egobody,audited,JOSH,448.4177320159506,offline_full_sequence,recording_20211002_S17_S15_01
0.11103993885798434,0.03424366771365568,1.0,1.0,80.53314998975738,46.48025555757786,1.0,170.0878826640858,162.34821600494575,medium,egobody_recording_20211002_S17_S15_03_medium_kinect_13_kinect_12_b02531,egobody,audited,JOSH,406.66581354499795,offline_full_sequence,recording_20211002_S17_S15_03
0.13335711754678956,0.0557473619207835,1.0,0.9523809523809523,92.6149283839598,58.06943088430483,0.9090909090909091,206.34049170109319,166.7510806740319,small,egobody_recording_20211002_S17_S15_03_small_kinect_11_kinect_12_b02531,egobody,audited,JOSH,419.59413580596447,offline_full_sequence,recording_20211002_S17_S15_03
0.9246420496656831,0.08443753737411647,0.9966666666666667,0.9966666666666667,65.22834076121175,34.84558346369434,0.9966666666666667,421.3259392570693,332.81528783335557,extreme,egobody_recording_20211004_S12_S20_01_extreme_kinect_11_kinect_13_b02556,egobody,audited,JOSH,431.6516123220208,offline_full_sequence,recording_20211004_S12_S20_01
0.04017066114763342,0.04017789082774544,1.0,1.0,63.79682472528138,38.6187983679521,1.0,101.67238747848823,95.1306059162714,medium,egobody_recording_20211004_S12_S20_01_medium_kinect_13_kinect_12_b02556,egobody,audited,JOSH,418.46557575202314,offline_full_sequence,recording_20211004_S12_S20_01
0.07323149912838695,0.046215021099105795,1.0,1.0,62.204817332051356,35.082494230949806,1.0,187.5199804118517,144.1689837083533,small,egobody_recording_20211004_S12_S20_01_small_kinect_11_kinect_12_b02556,egobody,audited,JOSH,398.31697650504066,offline_full_sequence,recording_20211004_S12_S20_01
0.8451375135131294,0.08438187088695143,1.0,1.0,80.55718089398327,37.325594957145185,1.0,319.9347309546975,301.7883233454483,extreme,egobody_recording_20211004_S12_S20_02_extreme_kinect_13_kinect_11_b01776,egobody,audited,JOSH,404.7760767680593,offline_full_sequence,recording_20211004_S12_S20_02
0.05065349616499084,0.04619430708834526,1.0,1.0,77.727354318956,39.375308454538654,1.0,202.933558126979,168.19196117546792,small,egobody_recording_20211004_S12_S20_02_small_kinect_12_kinect_11_b01776,egobody,audited,JOSH,399.2284505890566,offline_full_sequence,recording_20211004_S12_S20_02
0.050741836841958536,0.04016577227041882,1.0,1.0,72.46576218599088,32.913635679234986,1.0,117.41870143603732,106.19911631441073,medium,egobody_recording_20211004_S12_S20_02_medium_kinect_13_kinect_12_b01776,egobody,audited,JOSH,415.7876118479762,offline_full_sequence,recording_20211004_S12_S20_02
0.4357572332057934,0.08437511481123146,1.0,1.0,82.18155492255978,32.62494486474346,1.0,345.819226379665,201.16780973889624,extreme,egobody_recording_20211004_S12_S20_03_extreme_kinect_11_kinect_13_b01986,egobody,audited,JOSH,422.7257584069157,offline_full_sequence,recording_20211004_S12_S20_03
0.06402962155492434,0.04017360883083302,1.0,1.0,75.66007183886785,33.81749383266228,1.0,113.79536723152256,99.17508366570327,medium,egobody_recording_20211004_S12_S20_03_medium_kinect_13_kinect_12_b01986,egobody,audited,JOSH,422.8356797620072,offline_full_sequence,recording_20211004_S12_S20_03
0.046212374542515026,0.04620046850615458,1.0,1.0,71.00067868431445,34.566982588573765,1.0,288.1050197756,163.98911307891174,small,egobody_recording_20211004_S12_S20_03_small_kinect_11_kinect_12_b01986,egobody,audited,JOSH,448.54475535906386,offline_full_sequence,recording_20211004_S12_S20_03
0.04022574034165616,0.04021120117611873,1.0,1.0,85.91576340224192,38.715997045315014,1.0,111.56841847717078,101.4166767819968,medium,egobody_recording_20211004_S12_S20_04_medium_kinect_13_kinect_12_b03381,egobody,audited,JOSH,433.32152492995374,offline_full_sequence,recording_20211004_S12_S20_04
0.4964734297201151,0.08431326979157285,1.0,1.0,85.09410594592985,37.89202911373282,1.0,186.96655931328948,167.38997672123705,extreme,egobody_recording_20211004_S12_S20_04_extreme_kinect_13_kinect_11_b03381,egobody,audited,JOSH,455.1868167509674,offline_full_sequence,recording_20211004_S12_S20_04
0.15972190061296668,0.04629726103951363,0.9966666666666667,0.9966666666666667,81.22986560884233,38.71076417375785,0.9966666666666667,230.6295338924544,207.43285159212542,small,egobody_recording_20211004_S12_S20_04_small_kinect_11_kinect_12_b03381,egobody,audited,JOSH,394.92400469910353,offline_full_sequence,recording_20211004_S12_S20_04
1.349748179591933,0.08462002476915804,1.0,1.0,77.69275974735581,35.75541644987026,1.0,543.6688906419963,454.940778792386,extreme,egobody_recording_20211004_S20_S12_01_extreme_kinect_13_kinect_11_b02766,egobody,audited,JOSH,398.70701880089473,offline_full_sequence,recording_20211004_S20_S12_01
0.10056228787615928,0.04020499469553176,1.0,1.0,71.38690506401608,34.89838121138363,1.0,150.21358860725164,126.95948086698033,medium,egobody_recording_20211004_S20_S12_01_medium_kinect_12_kinect_13_b02766,egobody,audited,JOSH,402.73991665808717,offline_full_sequence,recording_20211004_S20_S12_01
0.05066948772778048,0.04630816424676223,1.0,1.0,74.30966894305418,31.562577192999107,1.0,159.36154811535474,136.53569639627648,small,egobody_recording_20211004_S20_S12_01_small_kinect_12_kinect_11_b02766,egobody,audited,JOSH,395.9491677900078,offline_full_sequence,recording_20211004_S20_S12_01
0.6227472739810838,0.08434613990220116,1.0,1.0,79.19750414569037,38.4387152624402,1.0,351.47134932566473,259.6598205115118,extreme,egobody_recording_20211004_S20_S12_02_extreme_kinect_13_kinect_11_b01446,egobody,audited,JOSH,434.1731570470147,offline_full_sequence,recording_20211004_S20_S12_02
0.06773823338671607,0.04019508331123839,1.0,1.0,67.60830132506635,40.27043712993552,1.0,194.47452844434017,122.27015578450262,medium,egobody_recording_20211004_S20_S12_02_medium_kinect_12_kinect_13_b01446,egobody,audited,JOSH,460.08686406497145,offline_full_sequence,recording_20211004_S20_S12_02
0.5975817874933658,0.08444678375886046,1.0,1.0,78.53483350837001,46.35530445359456,1.0,316.5392655597503,223.53001664523788,extreme,egobody_recording_20211004_S20_S12_03_extreme_kinect_11_kinect_13_b01396,egobody,audited,JOSH,431.3429238969111,offline_full_sequence,recording_20211004_S20_S12_03
0.046759689320773984,0.04620060713786695,1.0,1.0,77.25022010935395,38.46863037609464,1.0,185.99289025550092,143.7642891882768,small,egobody_recording_20211004_S20_S12_02_small_kinect_12_kinect_11_b01446,egobody,audited,JOSH,456.71085235395003,offline_full_sequence,recording_20211004_S20_S12_02
0.05006526022727397,0.046204016316475915,1.0,1.0,79.40037252431016,38.329717631852226,1.0,216.87598935935583,175.5891439723192,small,egobody_recording_20211004_S20_S12_03_small_kinect_12_kinect_11_b01396,egobody,audited,JOSH,425.87318632297684,offline_full_sequence,recording_20211004_S20_S12_03
0.040313694496995574,0.04026427987976001,1.0,1.0,69.06155445037963,40.046911446473906,1.0,101.1466821609084,78.1909005136562,medium,egobody_recording_20211004_S20_S12_03_medium_kinect_13_kinect_12_b01396,egobody,audited,JOSH,446.5298913710285,offline_full_sequence,recording_20211004_S20_S12_03
0.596244644321983,0.0843384888622784,1.0,1.0,82.16301394428878,36.56403854816007,1.0,314.3598794637436,228.4769435411748,extreme,egobody_recording_20211004_S20_S12_04_extreme_kinect_13_kinect_11_b03056,egobody,audited,JOSH,422.3494368419633,offline_full_sequence,recording_20211004_S20_S12_04
0.041083608063797177,0.04017899495183797,1.0,1.0,70.77846974483315,36.516315091780214,1.0,133.63187009948172,108.81161121534433,medium,egobody_recording_20211004_S20_S12_04_medium_kinect_12_kinect_13_b03056,egobody,audited,JOSH,442.7349169229856,offline_full_sequence,recording_20211004_S20_S12_04
0.12065545916458528,0.04623571326127609,1.0,1.0,79.95553686984955,35.88736612976423,1.0,242.70294451325395,204.40201015461156,small,egobody_recording_20211004_S20_S12_04_small_kinect_12_kinect_11_b03056,egobody,audited,JOSH,402.36782605492044,offline_full_sequence,recording_20211004_S20_S12_04
3.0049815044546246,0.1738139383955292,0.9966666666666667,0.99,60.7001498423215,40.581254564492,0.9966666666666667,1052.8982887777045,915.1444206003355,extreme,egobody_recording_20220225_S24_S25_01_extreme_kinect_14_kinect_15_b02966,egobody,audited,JOSH,433.57005995104555,offline_full_sequence,recording_20220225_S24_S25_01
0.949916615393019,0.11463390797075583,1.0,1.0,48.77782532075444,37.36808910062185,1.0,364.0287304673159,342.5186897790604,medium,egobody_recording_20220225_S24_S25_01_medium_kinect_15_kinect_12_b02966,egobody,audited,JOSH,405.12321653595427,offline_full_sequence,recording_20220225_S24_S25_01
0.10794013115301612,0.041200348690741774,1.0,1.0,62.814151955393584,48.801688842787314,1.0,154.143852338271,118.1995415104906,small,egobody_recording_20220225_S24_S25_01_small_kinect_13_kinect_14_b02966,egobody,audited,JOSH,429.0864164439845,offline_full_sequence,recording_20220225_S24_S25_01
0.6533604625587552,0.17321238772337505,0.85,0.9071428571428571,63.41927449967759,38.74466981387484,0.9807692307692307,436.4302670618851,426.25330209293514,extreme,egobody_recording_20220225_S24_S25_02_extreme_kinect_14_kinect_15_b03501,egobody,audited,JOSH,394.5985535150394,offline_full_sequence,recording_20220225_S24_S25_02
0.15148870612704252,0.11464965158809835,0.8566666666666667,0.9178571428571428,59.883357644697305,36.444703046314956,0.9884615384615385,190.3845086449812,180.60781504471888,medium,egobody_recording_20220225_S24_S25_02_medium_kinect_12_kinect_15_b03501,egobody,audited,JOSH,398.3859390259604,offline_full_sequence,recording_20220225_S24_S25_02
0.04147587118183257,0.04148842494502749,1.0,1.0,63.42766373145775,39.206761105969406,1.0,110.48075185988908,83.85379093886687,small,egobody_recording_20220225_S24_S25_02_small_kinect_13_kinect_14_b03501,egobody,audited,JOSH,413.2473652389599,offline_full_sequence,recording_20220225_S24_S25_02
2.4708559179590464,0.17349643659413855,0.9933333333333333,0.9866666666666667,58.830722704950375,33.07270655133883,0.9933333333333333,1129.3777293154485,911.5140020574229,extreme,egobody_recording_20220225_S25_S24_01_extreme_kinect_15_kinect_14_b03341,egobody,audited,JOSH,431.4214795359876,offline_full_sequence,recording_20220225_S25_S24_01
0.3716605727703856,0.11466893401450863,1.0,1.0,60.05127534958151,38.05656633779091,1.0,414.5644058579968,325.1927782992114,medium,egobody_recording_20220225_S25_S24_01_medium_kinect_15_kinect_12_b03341,egobody,audited,JOSH,417.8676216030144,offline_full_sequence,recording_20220225_S25_S24_01
0.04158773523821909,0.04157888047766356,1.0,1.0,58.62548492549138,33.35151076292566,1.0,108.97948276073346,102.69092762207671,small,egobody_recording_20220225_S25_S24_01_small_kinect_13_kinect_14_b03341,egobody,audited,JOSH,451.6349386269576,offline_full_sequence,recording_20220225_S25_S24_01
2.225135404566498,0.17292467279042403,1.0,0.9933333333333333,88.4423037989398,52.04702291479733,1.0,817.6099981061417,773.413447528057,extreme,egobody_recording_20220225_S27_S26_01_extreme_kinect_15_kinect_14_b02876,egobody,audited,JOSH,450.61592488893075,offline_full_sequence,recording_20220225_S27_S26_01
0.17268843068937326,0.11446112039959698,1.0,1.0,80.75173826383738,47.8991736631172,1.0,172.7110728716005,129.36465328980432,medium,egobody_recording_20220225_S27_S26_01_medium_kinect_15_kinect_12_b02876,egobody,audited,JOSH,420.6104184301221,offline_full_sequence,recording_20220225_S27_S26_01
1.7963724557446086,0.17286089093576354,1.0,0.9933333333333333,80.02173644247999,47.21795246491993,1.0,707.0203884457159,652.3900770713137,extreme,egobody_recording_20220225_S27_S26_02_extreme_kinect_15_kinect_14_b03911,egobody,audited,JOSH,413.9846923170262,offline_full_sequence,recording_20220225_S27_S26_02
0.1606561856652165,0.1145415093332424,1.0,1.0,84.84827108827483,48.110806532475166,1.0,166.18737040345178,150.04467306557228,medium,egobody_recording_20220225_S27_S26_02_medium_kinect_12_kinect_15_b03911,egobody,audited,JOSH,412.4612370910472,offline_full_sequence,recording_20220225_S27_S26_02
0.04138486784166585,0.041385570874006836,1.0,1.0,91.17176765305325,50.10494914175809,1.0,110.06686807494047,105.74082803991693,small,egobody_recording_20220225_S27_S26_01_small_kinect_14_kinect_13_b02876,egobody,audited,JOSH,447.37251339899376,offline_full_sequence,recording_20220225_S27_S26_01
0.04134483426748504,0.04134961187024452,1.0,1.0,73.50944770059925,39.794530155551605,1.0,130.9437761006689,121.48308813709936,small,egobody_recording_20220225_S27_S26_02_small_kinect_14_kinect_13_b03911,egobody,audited,JOSH,422.1141527710133,offline_full_sequence,recording_20220225_S27_S26_02
3.19746767504103,0.17814899855962038,1.0,0.9933333333333333,85.88744653521115,53.366327791490995,1.0,792.6188128147392,567.6480826261112,extreme,egobody_recording_20220225_S27_S26_03_extreme_kinect_14_kinect_15_b02455,egobody,audited,JOSH,429.54857225494925,offline_full_sequence,recording_20220225_S27_S26_03
1.2774746902924887,0.11448181286046712,1.0,1.0,88.29742705210961,54.68435576306878,1.0,346.7734895408195,338.3425650463028,medium,egobody_recording_20220225_S27_S26_03_medium_kinect_15_kinect_12_b02455,egobody,audited,JOSH,430.5698648080579,offline_full_sequence,recording_20220225_S27_S26_03
3.179085677536446,0.17412049838069946,1.0,0.9933333333333333,87.11011136947499,59.5739672334239,1.0,672.6779413580157,612.0313489787948,extreme,egobody_recording_20220225_S27_S26_04_extreme_kinect_15_kinect_14_b03731,egobody,audited,JOSH,413.6614116540295,offline_full_sequence,recording_20220225_S27_S26_04
0.04343189326708921,0.041289523751740304,1.0,1.0,77.93149197678567,54.364893800067826,1.0,107.70235868357302,93.25982258065882,small,egobody_recording_20220225_S27_S26_03_small_kinect_14_kinect_13_b02455,egobody,audited,JOSH,426.8785665629548,offline_full_sequence,recording_20220225_S27_S26_03
1.3967039900883536,0.11446467736810907,1.0,1.0,98.60090088009017,70.02701835062335,1.0,484.3483626126123,395.48802148177685,medium,egobody_recording_20220225_S27_S26_04_medium_kinect_15_kinect_12_b03731,egobody,audited,JOSH,412.84867907396983,offline_full_sequence,recording_20220225_S27_S26_04
0.04126403659329549,0.041257853357917734,1.0,1.0,90.14882787871089,57.284583883939725,1.0,118.60451869507177,110.68140646227663,small,egobody_recording_20220225_S27_S26_04_small_kinect_14_kinect_13_b03731,egobody,audited,JOSH,423.3287695910549,offline_full_sequence,recording_20220225_S27_S26_04
2.012512564862692,0.14639329900641224,0.9933333333333333,0.9866666666666667,59.38868991868382,36.76556871884092,0.9933333333333333,1379.7321204656428,811.1242587052956,extreme,egobody_recording_20220312_S29_S28_01_extreme_kinect_15_kinect_14_b03231,egobody,audited,JOSH,458.2335674398928,offline_full_sequence,recording_20220312_S29_S28_01
0.1788951732497813,0.09476203977748035,1.0,1.0,58.505835394146345,37.25142551812799,1.0,150.86476692599123,140.40446108252561,medium,egobody_recording_20220312_S29_S28_01_medium_kinect_12_kinect_15_b03231,egobody,audited,JOSH,447.3206167459721,offline_full_sequence,recording_20220312_S29_S28_01
0.2025509427477918,0.047005114171619684,1.0,1.0,54.650129697479386,33.43002391223394,1.0,156.08944660960333,135.23157449248177,small,egobody_recording_20220312_S29_S28_01_small_kinect_11_kinect_15_b03231,egobody,audited,JOSH,437.42635748302564,offline_full_sequence,recording_20220312_S29_S28_01
2.5520034652763472,0.14738980461510612,1.0,0.7454242928452579,45.45975593646801,22.266681053787185,0.9966777408637874,1035.187734189223,938.9280980124398,extreme,egobody_recording_20220312_S29_S28_02_extreme_kinect_14_kinect_15_b01761,egobody,audited,JOSH,457.2187294330797,offline_full_sequence,recording_20220312_S29_S28_02
0.9506070680072933,0.09487095805571123,1.0,1.0,51.202823452162626,23.260532342143996,1.0,445.18208405573836,397.7490994117375,medium,egobody_recording_20220312_S29_S28_02_medium_kinect_15_kinect_12_b01761,egobody,audited,JOSH,428.63633290695725,offline_full_sequence,recording_20220312_S29_S28_02
0.04697116654243121,0.04698745612050191,1.0,1.0,54.60313584680914,24.52962897692316,1.0,76.44372331745977,64.67993225730297,small,egobody_recording_20220312_S29_S28_02_small_kinect_11_kinect_15_b01761,egobody,audited,JOSH,429.695531049103,offline_full_sequence,recording_20220312_S29_S28_02
2.5264248543348526,0.14607068885511354,0.9966666666666667,0.9933333333333333,51.77670495953365,26.588022134648533,0.9966666666666667,1044.5423791251133,900.9809469538367,extreme,egobody_recording_20220312_S29_S28_03_extreme_kinect_15_kinect_14_b03281,egobody,audited,JOSH,429.9615920999786,offline_full_sequence,recording_20220312_S29_S28_03
0.986153444542974,0.09497751663590165,1.0,1.0,55.11751059130307,26.786188679708392,1.0,602.7751280839634,490.0801196462794,medium,egobody_recording_20220312_S29_S28_03_medium_kinect_15_kinect_12_b03281,egobody,audited,JOSH,436.7799421719392,offline_full_sequence,recording_20220312_S29_S28_03
0.05794055825628873,0.04704377063792156,1.0,1.0,54.060527631000575,24.407660737411064,1.0,71.06918649202109,64.53352834797546,small,egobody_recording_20220312_S29_S28_03_small_kinect_11_kinect_15_b03281,egobody,audited,JOSH,451.81917200802127,offline_full_sequence,recording_20220312_S29_S28_03
1.6415046031019638,0.1464834296377582,0.7566666666666667,0.7566666666666667,60.07538373374453,28.187067945679864,0.7566666666666667,1373.696240358806,930.240626114988,extreme,egobody_recording_20220312_S29_S28_04_extreme_kinect_14_kinect_15_b04816,egobody,audited,JOSH,411.4967531259754,offline_full_sequence,recording_20220312_S29_S28_04
0.650902713462727,0.09487126916750317,1.0,1.0,70.57984172705466,31.482686025650377,1.0,324.55772858926906,279.9120941771076,medium,egobody_recording_20220312_S29_S28_04_medium_kinect_12_kinect_15_b04816,egobody,audited,JOSH,398.03081557602854,offline_full_sequence,recording_20220312_S29_S28_04
0.04780809738845221,0.04706133590683844,1.0,1.0,58.3882344748165,33.15655482005247,1.0,75.78771330949417,63.722926544516355,small,egobody_recording_20220312_S29_S28_04_small_kinect_15_kinect_11_b04816,egobody,audited,JOSH,424.7744970539934,offline_full_sequence,recording_20220312_S29_S28_04
1.7016519531590282,0.14614939235852506,0.9966666666666667,0.9933333333333333,85.05801510163705,61.14424110797921,0.9966666666666667,804.9277679745746,614.0104662817921,extreme,egobody_recording_20220312_S29_S28_05_extreme_kinect_15_kinect_14_b02786,egobody,audited,JOSH,412.0817243210622,offline_full_sequence,recording_20220312_S29_S28_05
0.10835707653902339,0.0946711497401005,1.0,1.0,89.8436754270763,63.383912398181685,1.0,134.66221118685263,112.2628173784736,medium,egobody_recording_20220312_S29_S28_05_medium_kinect_15_kinect_12_b02786,egobody,audited,JOSH,411.564575470984,offline_full_sequence,recording_20220312_S29_S28_05
0.06557858862021654,0.04692386585094775,1.0,1.0,114.64407785907791,84.20140889113668,1.0,505.7952287421687,572.7846005886659,small,egobody_recording_20220312_S29_S28_05_small_kinect_11_kinect_15_b02786,egobody,audited,JOSH,393.1345335219521,offline_full_sequence,recording_20220312_S29_S28_05
3.5495484540183875,0.18979640017827412,1.0,0.9866666666666667,53.04871343252381,26.099007613681295,1.0,1117.9628628691253,1128.275676248919,extreme,egobody_recording_20220318_S31_S32_01_extreme_kinect_14_kinect_11_b03185,egobody,audited,JOSH,419.83914532500785,offline_full_sequence,recording_20220318_S31_S32_01
3.1950633687502674,0.1755843265326875,0.9966666666666667,0.9933333333333333,48.388067075901574,27.79572044578277,0.9966666666666667,950.7534442792481,896.2594936311091,medium,egobody_recording_20220318_S31_S32_01_medium_kinect_14_kinect_13_b03185,egobody,audited,JOSH,396.13453876401763,offline_full_sequence,recording_20220318_S31_S32_01
0.040449692317841734,0.04046652801723693,1.0,1.0,49.614447785162675,29.120858728610948,1.0,88.49681641689867,56.96406049965801,small,egobody_recording_20220318_S31_S32_01_small_kinect_11_kinect_12_b03185,egobody,audited,JOSH,416.5209391899989,offline_full_sequence,recording_20220318_S31_S32_01
3.4684642471449463,0.18922106875368158,1.0,0.9866666666666667,52.80200691213922,29.924449037601995,1.0,1511.0498794189305,1173.7124332411397,extreme,egobody_recording_20220318_S32_S31_01_extreme_kinect_11_kinect_14_b03251,egobody,audited,JOSH,408.7082356849569,offline_full_sequence,recording_20220318_S32_S31_01
3.1149364997700073,0.17604248763997912,0.9966666666666667,0.9933333333333333,54.69021891579053,34.12511108205506,0.9966666666666667,1245.0296987302756,961.7513823035725,medium,egobody_recording_20220318_S32_S31_01_medium_kinect_13_kinect_14_b03251,egobody,audited,JOSH,414.310971507919,offline_full_sequence,recording_20220318_S32_S31_01
3.5353734207425767,0.18973142519210873,1.0,0.9866666666666667,62.813657689211325,37.072309841467494,1.0,1446.7957243915967,1237.5138954234578,extreme,egobody_recording_20220318_S32_S31_02_extreme_kinect_14_kinect_11_b03001,egobody,audited,JOSH,407.4050353320199,offline_full_sequence,recording_20220318_S32_S31_02
3.1437519044201365,0.17681808815412975,0.9966666666666667,0.9933333333333333,59.83186267335631,34.807788466383855,0.9966666666666667,1012.0987971783823,937.0782463289529,medium,egobody_recording_20220318_S32_S31_02_medium_kinect_13_kinect_14_b03001,egobody,audited,JOSH,396.12422115402296,offline_full_sequence,recording_20220318_S32_S31_02
0.05017100849146659,0.040500441025257856,1.0,1.0,47.200850469723534,31.13983458878057,1.0,75.41005564770622,67.37388137950401,small,egobody_recording_20220318_S32_S31_01_small_kinect_11_kinect_12_b03251,egobody,audited,JOSH,423.2774966180441,offline_full_sequence,recording_20220318_S32_S31_01
0.04048285563850846,0.04047754559746143,1.0,1.0,63.379476968163445,38.69643311740631,1.0,175.8704634585132,80.16486831246735,small,egobody_recording_20220318_S32_S31_02_small_kinect_11_kinect_12_b03001,egobody,audited,JOSH,402.09851331595564,offline_full_sequence,recording_20220318_S32_S31_02
3.1371475067397703,0.18826503233978092,0.99,0.99,55.99690502944959,31.214333558674667,0.99,1128.037472732404,747.7253409084834,extreme,egobody_recording_20220318_S33_S34_01_extreme_kinect_14_kinect_11_b03921,egobody,audited,JOSH,402.14820068801055,offline_full_sequence,recording_20220318_S33_S34_01
0.04047644626841209,0.04048405691030346,1.0,1.0,42.98031842111382,29.40830774787941,1.0,76.8439774792631,60.916080394141005,small,egobody_recording_20220318_S33_S34_01_small_kinect_12_kinect_11_b03921,egobody,audited,JOSH,399.82112911198055,offline_full_sequence,recording_20220318_S33_S34_01
2.802332403433914,0.17600792676003535,0.9933333333333333,0.9933333333333333,57.05412420080709,32.81760212694827,0.9933333333333333,1261.9640370321192,712.8512965933513,medium,egobody_recording_20220318_S33_S34_01_medium_kinect_13_kinect_14_b03921,egobody,audited,JOSH,433.9597296829452,offline_full_sequence,recording_20220318_S33_S34_01
3.5037089971401203,0.18773704173812344,1.0,0.9866666666666667,64.53039376727182,35.92427486348974,1.0,1282.8631480900865,1077.3722289587975,extreme,egobody_recording_20220318_S33_S34_02_extreme_kinect_11_kinect_14_b03381,egobody,audited,JOSH,405.2363113510073,offline_full_sequence,recording_20220318_S33_S34_02
0.07861628729737692,0.0405158632837638,1.0,1.0,57.45686633350833,28.77464799576368,1.0,147.4472799904912,106.88629520679186,small,egobody_recording_20220318_S33_S34_02_small_kinect_12_kinect_11_b03381,egobody,audited,JOSH,401.0955059409607,offline_full_sequence,recording_20220318_S33_S34_02
2.345892769089896,0.17576471881689518,0.9933333333333333,0.99,59.37185498635915,37.1723674384709,0.9933333333333333,955.0360734634695,827.7744046100978,medium,egobody_recording_20220318_S33_S34_02_medium_kinect_14_kinect_13_b03381,egobody,audited,JOSH,414.7701214760309,offline_full_sequence,recording_20220318_S33_S34_02
3.390274125528819,0.18805958560760438,1.0,0.9866666666666667,75.3671143138167,38.50650513298657,1.0,1048.6999564875673,802.5018998209224,extreme,egobody_recording_20220318_S34_S33_01_extreme_kinect_11_kinect_14_b02656,egobody,audited,JOSH,404.0684944919776,offline_full_sequence,recording_20220318_S34_S33_01
3.0959830070675065,0.17644865362711093,0.9966666666666667,0.9933333333333333,80.47886256778132,42.47497620502254,0.9966666666666667,850.4300471340862,675.6199888812786,medium,egobody_recording_20220318_S34_S33_01_medium_kinect_14_kinect_13_b02656,egobody,audited,JOSH,391.174946842948,offline_full_sequence,recording_20220318_S34_S33_01
0.04421772468358328,0.04088358882206539,1.0,1.0,61.12391060726889,33.171112198189896,1.0,146.07758704961046,127.86992453618157,small,egobody_recording_20220318_S34_S33_01_small_kinect_12_kinect_11_b02656,egobody,audited,JOSH,380.5542280920199,offline_full_sequence,recording_20220318_S34_S33_01
3.4419133486997757,0.18831844680589882,1.0,0.9866666666666667,72.9957289062254,40.42780017756626,1.0,991.3731697429035,1017.7671594463153,extreme,egobody_recording_20220318_S34_S33_02_extreme_kinect_11_kinect_14_b04321,egobody,audited,JOSH,407.3324430939392,offline_full_sequence,recording_20220318_S34_S33_02
2.8140122095810876,0.17580188956453513,1.0,0.9933333333333333,70.11035182020184,38.37381741209735,1.0,777.5611007038088,677.3832828051153,medium,egobody_recording_20220318_S34_S33_02_medium_kinect_13_kinect_14_b04321,egobody,audited,JOSH,404.9895870150067,offline_full_sequence,recording_20220318_S34_S33_02
0.040830196531082295,0.04083425316489134,1.0,1.0,65.55474329183342,38.33097894150243,1.0,146.84783826200047,84.1512752203676,small,egobody_recording_20220318_S34_S33_02_small_kinect_12_kinect_11_b04321,egobody,audited,JOSH,409.8275512859691,offline_full_sequence,recording_20220318_S34_S33_02
3.467289664239403,0.19019637967856318,0.9966666666666667,0.9866666666666667,58.98244888805688,35.85193839473337,0.9966666666666667,1542.904313384435,1009.80193956682,extreme,egobody_recording_20220318_S34_S33_03_extreme_kinect_11_kinect_14_b03186,egobody,audited,JOSH,401.11359023401747,offline_full_sequence,recording_20220318_S34_S33_03
0.04050303961757475,0.04052697392272113,1.0,1.0,58.10824539820562,34.04299533615593,1.0,73.2162968366308,63.804907762665195,small,egobody_recording_20220318_S34_S33_03_small_kinect_11_kinect_12_b03186,egobody,audited,JOSH,411.52890529105207,offline_full_sequence,recording_20220318_S34_S33_03
2.869974421293892,0.1759983732470589,0.9933333333333333,0.99,58.802510997224346,35.460103102524414,0.9933333333333333,1395.6285190174115,864.576546085171,medium,egobody_recording_20220318_S34_S33_03_medium_kinect_14_kinect_13_b03186,egobody,audited,JOSH,420.98361709999153,offline_full_sequence,recording_20220318_S34_S33_03
0.2648378176088856,0.15105711087036164,1.0,0.9866666666666667,70.06471833545959,35.48900464045009,1.0,194.81364341938746,190.87455239715092,extreme,egobody_recording_20220415_S35_S36_01_extreme_kinect_14_kinect_13_b02261,egobody,audited,JOSH,420.2690763970022,offline_full_sequence,recording_20220415_S35_S36_01
2.25432773030059,0.12638722784888345,1.0,1.0,58.468804780431334,28.09829584064426,1.0,639.6109931274966,598.1499158015013,medium,egobody_recording_20220415_S35_S36_01_medium_kinect_15_kinect_13_b02261,egobody,audited,JOSH,417.958569696988,offline_full_sequence,recording_20220415_S35_S36_01
0.051351257787624845,0.04966031995981729,1.0,1.0,59.32291932755407,29.46498336980193,1.0,69.80418097121058,58.61157372126986,small,egobody_recording_20220415_S35_S36_01_small_kinect_11_kinect_12_b02261,egobody,audited,JOSH,422.8744538059691,offline_full_sequence,recording_20220415_S35_S36_01
0.17378445193103909,0.15107828852071897,1.0,0.9866666666666667,78.6713890723486,38.7600678276696,1.0,335.2953587744551,272.1475565410113,extreme,egobody_recording_20220415_S35_S36_02_extreme_kinect_13_kinect_14_b02241,egobody,audited,JOSH,403.4479703329853,offline_full_sequence,recording_20220415_S35_S36_02
1.6066754706494342,0.1250444687946026,1.0,1.0,69.55765108765453,33.72787712667898,1.0,604.5928209098463,457.9228809175623,medium,egobody_recording_20220415_S35_S36_02_medium_kinect_13_kinect_15_b02241,egobody,audited,JOSH,387.3866227939725,offline_full_sequence,recording_20220415_S35_S36_02
0.04965665246361329,0.04964924085287321,1.0,1.0,69.65281776985593,38.519198266796586,1.0,117.95169206800477,90.50138014796713,small,egobody_recording_20220415_S35_S36_02_small_kinect_11_kinect_12_b02241,egobody,audited,JOSH,394.61398164596176,offline_full_sequence,recording_20220415_S35_S36_02
0.2035352948446301,0.05326087515092967,1.0,1.0,108.53458015771017,60.53166665576335,1.0,367.74746773291355,312.57180550629954,extreme,egobody_recording_20210907_S03_S04_01_extreme_kinect_13_kinect_11_b01801,egobody,existing_paper_result,Human3R,,streaming,recording_20210907_S03_S04_01
0.06105818790803075,0.028257190770819847,1.0,1.0,99.80148721324925,61.55970100980606,1.0,225.4038104181464,182.4325665013125,medium,egobody_recording_20210907_S03_S04_01_medium_kinect_12_kinect_13_b01801,egobody,existing_paper_result,Human3R,,streaming,recording_20210907_S03_S04_01
0.0825530194794205,0.05554035344302329,1.0,0.9646302250803859,88.53405201807651,49.949858588742885,0.9316770186335404,183.86010430530334,144.62343115137836,small,egobody_recording_20210907_S03_S04_01_small_kinect_11_kinect_12_b01801,egobody,existing_paper_result,Human3R,,streaming,recording_20210907_S03_S04_01
0.24483416982521006,0.055315041221557726,1.0,0.5,59.20554989159778,38.48172090294394,1.0,193.8707798543031,164.68719517682663,extreme,egobody_recording_20210911_S03_S08_01_extreme_kinect_13_kinect_11_b02141,egobody,existing_paper_result,Human3R,,streaming,recording_20210911_S03_S08_01
0.15400805068265253,0.06215583621353222,1.0,1.0,64.33750086574273,38.452912100239594,1.0,131.38013270518843,96.88283000581633,medium,egobody_recording_20210911_S03_S08_01_medium_kinect_11_kinect_12_b02141,egobody,existing_paper_result,Human3R,,streaming,recording_20210911_S03_S08_01
0.1327947693518639,0.03460673270827713,1.0,0.5,61.62930301499536,37.16321074833077,1.0,157.18265187968316,126.9110519383644,small,egobody_recording_20210911_S03_S08_01_small_kinect_13_kinect_12_b02141,egobody,existing_paper_result,Human3R,,streaming,recording_20210911_S03_S08_01
0.31402342363298924,0.0833839832395073,1.0,0.5,59.42278233570498,44.32652183154212,1.0,211.26683272300653,164.41318038282736,extreme,egobody_recording_20210911_S03_S08_02_extreme_kinect_11_kinect_13_b03471,egobody,existing_paper_result,Human3R,,streaming,recording_20210911_S03_S08_02
0.11849762276745723,0.04247006524606142,0.83,0.907103825136612,64.39487085132075,51.27299423602677,1.0,268.690848902003,177.56531919295483,medium,egobody_recording_20210911_S03_S08_02_medium_kinect_12_kinect_11_b03471,egobody,existing_paper_result,Human3R,,streaming,recording_20210911_S03_S08_02
0.14078698001364226,0.031561308943387996,0.89,0.5291005291005291,60.46050499006679,40.754032338153124,1.0,185.2829235767874,131.0786624880847,small,egobody_recording_20210911_S03_S08_02_small_kinect_13_kinect_12_b03471,egobody,existing_paper_result,Human3R,,streaming,recording_20210911_S03_S08_02
0.12390449993155418,0.03816701892616236,1.0,1.0,66.31574317958929,32.692495774283465,1.0,199.75853905595403,148.69202367871122,extreme,egobody_recording_20210921_S05_S12_01_extreme_kinect_11_kinect_13_b02281,egobody,existing_paper_result,Human3R,,streaming,recording_20210921_S05_S12_01
0.05299770977423357,0.03614336359984396,1.0,0.9933774834437086,59.66802161746805,33.61063576475006,0.9868421052631579,154.27673239502448,134.94230164339643,medium,egobody_recording_20210921_S05_S12_01_medium_kinect_12_kinect_11_b02281,egobody,existing_paper_result,Human3R,,streaming,recording_20210921_S05_S12_01
0.06348891679017524,0.04940090630416207,1.0,0.9819967266775778,62.896525603553044,29.79827459414794,0.9646302250803859,166.94257463509126,151.59911511160956,small,egobody_recording_20210921_S05_S12_01_small_kinect_13_kinect_12_b02281,egobody,existing_paper_result,Human3R,,streaming,recording_20210921_S05_S12_01
0.17318558502916218,0.17282935406221248,1.0,1.0,70.09358343529249,39.54187993359855,1.0,205.73276211116644,188.42730666653395,extreme,egobody_recording_20210921_S05_S12_02_extreme_kinect_13_kinect_11_b01916,egobody,existing_paper_result,Human3R,,streaming,recording_20210921_S05_S12_02
0.074375802387728,0.07267455510561237,1.0,1.0,67.15101008187627,38.28161197162056,1.0,247.3332286868026,230.10804535787804,medium,egobody_recording_20210921_S05_S12_02_medium_kinect_12_kinect_11_b01916,egobody,existing_paper_result,Human3R,,streaming,recording_20210921_S05_S12_02
0.11484740255759084,0.08284872119087495,1.0,0.9852216748768473,67.51862822596364,36.09611416138078,0.970873786407767,133.16372915718364,114.68506444059899,small,egobody_recording_20210921_S05_S12_02_small_kinect_13_kinect_12_b01916,egobody,existing_paper_result,Human3R,,streaming,recording_20210921_S05_S12_02
0.1694102910935524,0.03621443742575206,0.9666666666666667,0.9830508474576272,124.776288330649,64.67194086427475,1.0,327.46194748065983,215.8878882976759,extreme,egobody_recording_20210921_S05_S12_03_extreme_kinect_11_kinect_13_b03356,egobody,existing_paper_result,Human3R,,streaming,recording_20210921_S05_S12_03
0.17307264217526425,0.023251254785828412,1.0,1.0,139.7837421844139,66.48716359165856,1.0,287.3772954439044,204.81588200765268,medium,egobody_recording_20210921_S05_S12_03_medium_kinect_11_kinect_12_b03356,egobody,existing_paper_result,Human3R,,streaming,recording_20210921_S05_S12_03
0.1382988754254506,0.05242527983025823,0.9666666666666667,0.9830508474576272,173.63524491138034,84.1017360893505,1.0,329.01766681501164,242.30282657482533,small,egobody_recording_20210921_S05_S12_03_small_kinect_12_kinect_13_b03356,egobody,existing_paper_result,Human3R,,streaming,recording_20210921_S05_S12_03
0.08283199138961661,0.034486968916814825,1.0,1.0,55.3153485480207,45.75706392380949,1.0,297.33481206884585,222.06532174602975,extreme,egobody_recording_20210929_S05_S16_01_extreme_kinect_11_kinect_13_b02576,egobody,existing_paper_result,Human3R,,streaming,recording_20210929_S05_S16_01
0.07474674624681228,0.0309184318366538,1.0,1.0,56.06120549124076,45.80481045591996,1.0,196.10071870922843,168.14574665539945,medium,egobody_recording_20210929_S05_S16_01_medium_kinect_11_kinect_12_b02576,egobody,existing_paper_result,Human3R,,streaming,recording_20210929_S05_S16_01
0.08324052608457733,0.05452975028972335,1.0,1.0,56.53025817259661,45.44509066834911,1.0,237.1226764620207,221.81241433547626,small,egobody_recording_20210929_S05_S16_01_small_kinect_12_kinect_13_b02576,egobody,existing_paper_result,Human3R,,streaming,recording_20210929_S05_S16_01
0.08334235518246456,0.07604323142649863,1.0,1.0,75.3483018295977,51.501358068431436,1.0,227.59896876214188,175.3297857999411,extreme,egobody_recording_20210929_S05_S16_02_extreme_kinect_13_kinect_11_b02316,egobody,existing_paper_result,Human3R,,streaming,recording_20210929_S05_S16_02
0.06593562143208848,0.03600350860005326,1.0,1.0,69.67834701262841,51.04102007094165,1.0,164.30386786429332,134.66346045436526,medium,egobody_recording_20210929_S05_S16_02_medium_kinect_11_kinect_12_b02316,egobody,existing_paper_result,Human3R,,streaming,recording_20210929_S05_S16_02
0.10849044225805786,0.0664750844971933,1.0,1.0,80.25474227991198,52.10730773474727,1.0,155.03848848851368,131.41027873393094,small,egobody_recording_20210929_S05_S16_02_small_kinect_12_kinect_13_b02316,egobody,existing_paper_result,Human3R,,streaming,recording_20210929_S05_S16_02
0.1198860130353822,0.03590366493884868,1.0,0.5,51.35365182642427,41.30694446989594,1.0,297.68803357999224,260.31046168357466,extreme,egobody_recording_20210929_S05_S16_03_extreme_kinect_11_kinect_13_b01076,egobody,existing_paper_result,Human3R,,streaming,recording_20210929_S05_S16_03
0.0820691385930503,0.047696529164714736,1.0,1.0,51.50374713127923,38.881697672839714,1.0,180.9300839891559,164.28410913710118,medium,egobody_recording_20210929_S05_S16_03_medium_kinect_11_kinect_12_b01076,egobody,existing_paper_result,Human3R,,streaming,recording_20210929_S05_S16_03
0.07506697759756058,0.07473170567096891,1.0,1.0,54.209714427367814,39.727688820302404,1.0,261.59164510528706,185.05242945332628,small,egobody_recording_20210929_S05_S16_03_small_kinect_13_kinect_12_b01076,egobody,existing_paper_result,Human3R,,streaming,recording_20210929_S05_S16_03
0.09456687174438771,0.07083322075464107,1.0,0.5,61.89951021461913,39.11744303616912,1.0,279.19258453686825,234.50032315651808,extreme,egobody_recording_20210929_S05_S16_04_extreme_kinect_13_kinect_11_b02616,egobody,existing_paper_result,Human3R,,streaming,recording_20210929_S05_S16_04
0.040438731966472956,0.04032406930401476,1.0,1.0,62.44050858453731,38.552607652618136,1.0,225.27714202229097,157.41278987125318,medium,egobody_recording_20210929_S05_S16_04_medium_kinect_12_kinect_11_b02616,egobody,existing_paper_result,Human3R,,streaming,recording_20210929_S05_S16_04
0.10487911506206811,0.0644939792650468,1.0,1.0,57.724157135936245,33.8445615000387,1.0,226.4372367106694,178.33308852088115,small,egobody_recording_20210929_S05_S16_04_small_kinect_12_kinect_13_b02616,egobody,existing_paper_result,Human3R,,streaming,recording_20210929_S05_S16_04
0.18159156046066016,0.09063516473015479,1.0,1.0,69.6985859257775,38.573635079544424,1.0,304.12843773128026,188.61335034401185,extreme,egobody_recording_20211002_S17_S15_01_extreme_kinect_11_kinect_13_b02701,egobody,existing_paper_result,Human3R,,streaming,recording_20211002_S17_S15_01
0.09290432103170267,0.03085498858514999,1.0,0.75,65.1548945804466,37.808702917236275,1.0,240.62012183792055,182.17836421442695,medium,egobody_recording_20211002_S17_S15_01_medium_kinect_12_kinect_13_b02701,egobody,existing_paper_result,Human3R,,streaming,recording_20211002_S17_S15_01
0.30749677176084306,0.060320584186691575,1.0,1.0,74.07174181763106,40.83370265119322,1.0,263.4956187265689,193.69780309352373,small,egobody_recording_20211002_S17_S15_01_small_kinect_12_kinect_11_b02701,egobody,existing_paper_result,Human3R,,streaming,recording_20211002_S17_S15_01
0.16244655582915798,0.09966448885515339,0.94,0.9690721649484536,80.16379685801445,53.0012693980821,1.0,237.93050976038745,206.67263746266627,extreme,egobody_recording_20211002_S17_S15_02_extreme_kinect_13_kinect_11_b01321,egobody,existing_paper_result,Human3R,,streaming,recording_20211002_S17_S15_02
0.04115599953853018,0.02603646194674412,0.94,0.9690721649484536,79.13653745057319,50.49101037534611,1.0,177.8854617086716,155.14110822900258,medium,egobody_recording_20211002_S17_S15_02_medium_kinect_13_kinect_12_b01321,egobody,existing_paper_result,Human3R,,streaming,recording_20211002_S17_S15_02
0.17566794524786378,0.03729690886271603,1.0,1.0,81.7439253198241,51.178762748074554,1.0,230.5952078831844,183.13747485698428,small,egobody_recording_20211002_S17_S15_02_small_kinect_12_kinect_11_b01321,egobody,existing_paper_result,Human3R,,streaming,recording_20211002_S17_S15_02
0.2660055896619425,0.07149914657229264,0.97,0.9847715736040609,91.70382686885003,49.136095491507014,1.0,194.79801396006536,184.21310385054576,extreme,egobody_recording_20211002_S17_S15_03_extreme_kinect_13_kinect_11_b02531,egobody,existing_paper_result,Human3R,,streaming,recording_20211002_S17_S15_03
0.14627992558440628,0.051174934398925946,1.0,1.0,92.44235146947116,46.97096270989968,1.0,192.75771613075864,168.0923826337316,medium,egobody_recording_20211002_S17_S15_03_medium_kinect_13_kinect_12_b02531,egobody,existing_paper_result,Human3R,,streaming,recording_20211002_S17_S15_03
0.1970666219349799,0.06366539313397095,1.0,1.0,108.9141013299805,70.5837254959706,1.0,214.29381659392467,179.44582173699092,small,egobody_recording_20211002_S17_S15_03_small_kinect_11_kinect_12_b02531,egobody,existing_paper_result,Human3R,,streaming,recording_20211002_S17_S15_03
0.14148452086172744,0.07397633419902146,1.0,1.0,60.00994245350477,38.215882768047194,1.0,476.3275941417382,376.88008617162217,extreme,egobody_recording_20211004_S12_S20_01_extreme_kinect_11_kinect_13_b02556,egobody,existing_paper_result,Human3R,,streaming,recording_20211004_S12_S20_01
0.05899448806963763,0.05052381924454311,1.0,1.0,54.99362365999115,35.21969635922471,1.0,251.56427095592468,214.46177160019792,medium,egobody_recording_20211004_S12_S20_01_medium_kinect_13_kinect_12_b02556,egobody,existing_paper_result,Human3R,,streaming,recording_20211004_S12_S20_01
0.07926772423486073,0.03418585736513126,1.0,1.0,57.645692281861244,35.61072565664738,1.0,348.5419722217072,282.20312577634684,small,egobody_recording_20211004_S12_S20_01_small_kinect_11_kinect_12_b02556,egobody,existing_paper_result,Human3R,,streaming,recording_20211004_S12_S20_01
0.09708282598284772,0.04080634149600834,1.0,1.0,61.458367857082266,44.29964911865558,1.0,628.2416218850644,558.9873308104621,extreme,egobody_recording_20211004_S12_S20_02_extreme_kinect_13_kinect_11_b01776,egobody,existing_paper_result,Human3R,,streaming,recording_20211004_S12_S20_02
0.06943560349428711,0.03964113408311594,1.0,1.0,60.38951147876536,42.64456370394029,1.0,325.6177941174,274.02324532839833,medium,egobody_recording_20211004_S12_S20_02_medium_kinect_13_kinect_12_b01776,egobody,existing_paper_result,Human3R,,streaming,recording_20211004_S12_S20_02
0.0820890215331327,0.04670073813337067,1.0,1.0,68.16686559252335,48.13792344802375,1.0,398.3208138261912,369.64966794777285,small,egobody_recording_20211004_S12_S20_02_small_kinect_12_kinect_11_b01776,egobody,existing_paper_result,Human3R,,streaming,recording_20211004_S12_S20_02
0.12670506042751453,0.062274158304209536,1.0,1.0,60.584527644580774,38.55739682288577,1.0,881.4883582778675,609.4023032588411,extreme,egobody_recording_20211004_S12_S20_03_extreme_kinect_11_kinect_13_b01986,egobody,existing_paper_result,Human3R,,streaming,recording_20211004_S12_S20_03
0.05710352752680517,0.05384998861510568,1.0,1.0,59.98225993307442,38.64128358485655,1.0,282.1960782709206,240.09424159852827,medium,egobody_recording_20211004_S12_S20_03_medium_kinect_13_kinect_12_b01986,egobody,existing_paper_result,Human3R,,streaming,recording_20211004_S12_S20_03
0.07320197456901234,0.03849996256659152,1.0,1.0,63.71726068307743,38.423711160190834,1.0,641.0699212638287,470.65976901528677,small,egobody_recording_20211004_S12_S20_03_small_kinect_11_kinect_12_b01986,egobody,existing_paper_result,Human3R,,streaming,recording_20211004_S12_S20_03
0.05548881198412161,0.038355152220919314,1.0,1.0,68.52355259953752,47.66532703967394,1.0,565.4812937157545,452.1018824169911,extreme,egobody_recording_20211004_S12_S20_04_extreme_kinect_13_kinect_11_b03381,egobody,existing_paper_result,Human3R,,streaming,recording_20211004_S12_S20_04
0.049501239192785436,0.04948783970375642,1.0,1.0,66.9217449591862,45.79943340211847,1.0,303.45267544693303,209.0750311809179,medium,egobody_recording_20211004_S12_S20_04_medium_kinect_13_kinect_12_b03381,egobody,existing_paper_result,Human3R,,streaming,recording_20211004_S12_S20_04
0.07027888374928716,0.039787935239814276,1.0,1.0,66.12447389798639,44.106828318776,1.0,650.7318725164673,490.52115591039797,small,egobody_recording_20211004_S12_S20_04_small_kinect_11_kinect_12_b03381,egobody,existing_paper_result,Human3R,,streaming,recording_20211004_S12_S20_04
0.06434234221872212,0.029106103420120755,1.0,1.0,62.78998638792835,43.0334290402667,1.0,624.6455285175547,463.9139252652086,extreme,egobody_recording_20211004_S20_S12_01_extreme_kinect_13_kinect_11_b02766,egobody,existing_paper_result,Human3R,,streaming,recording_20211004_S20_S12_01
0.059812834381873105,0.027544862340067658,0.9933333333333333,0.9966555183946488,58.678992944067616,38.65713846214344,1.0,258.0930511286885,238.17494441678173,medium,egobody_recording_20211004_S20_S12_01_medium_kinect_12_kinect_13_b02766,egobody,existing_paper_result,Human3R,,streaming,recording_20211004_S20_S12_01
0.037675890960145036,0.037743622619319135,1.0,1.0,58.758470544778305,37.45405780268169,1.0,313.84449827261403,275.5659418562303,small,egobody_recording_20211004_S20_S12_01_small_kinect_12_kinect_11_b02766,egobody,existing_paper_result,Human3R,,streaming,recording_20211004_S20_S12_01
0.08958755790137019,0.045301587161829776,1.0,1.0,63.329023731446405,38.94781302183381,1.0,392.5883900525794,308.4668108760393,extreme,egobody_recording_20211004_S20_S12_02_extreme_kinect_13_kinect_11_b01446,egobody,existing_paper_result,Human3R,,streaming,recording_20211004_S20_S12_02
0.06414911749600466,0.030752954713825033,1.0,1.0,62.91759357653875,39.18776787056654,1.0,315.4451953135462,153.12245407416873,medium,egobody_recording_20211004_S20_S12_02_medium_kinect_12_kinect_13_b01446,egobody,existing_paper_result,Human3R,,streaming,recording_20211004_S20_S12_02
0.06618150597383296,0.04185849761114908,1.0,1.0,65.30880205827192,38.70517053872104,1.0,304.92242602288167,233.37742529875845,small,egobody_recording_20211004_S20_S12_02_small_kinect_12_kinect_11_b01446,egobody,existing_paper_result,Human3R,,streaming,recording_20211004_S20_S12_02
0.09450231865451977,0.06572976584911672,1.0,0.5,80.9142674995483,52.67052863942236,1.0,648.9104347766452,458.89577154015336,extreme,egobody_recording_20211004_S20_S12_03_extreme_kinect_11_kinect_13_b01396,egobody,existing_paper_result,Human3R,,streaming,recording_20211004_S20_S12_03
0.06358662949021827,0.04089263090771218,1.0,1.0,78.74808840099378,47.94922289989247,1.0,192.47835917945534,148.20336399410343,medium,egobody_recording_20211004_S20_S12_03_medium_kinect_13_kinect_12_b01396,egobody,existing_paper_result,Human3R,,streaming,recording_20211004_S20_S12_03
0.04544199480429657,0.04468231802090973,1.0,1.0,82.34424955025052,48.904801497326424,1.0,342.32316601418574,334.00835287644566,small,egobody_recording_20211004_S20_S12_03_small_kinect_12_kinect_11_b01396,egobody,existing_paper_result,Human3R,,streaming,recording_20211004_S20_S12_03
0.07890331908295602,0.04165854245444394,1.0,1.0,68.79255305406951,42.24186633830782,1.0,389.89423447622784,330.2002915739668,extreme,egobody_recording_20211004_S20_S12_04_extreme_kinect_13_kinect_11_b03056,egobody,existing_paper_result,Human3R,,streaming,recording_20211004_S20_S12_04
0.061790966502122124,0.028833340582146157,0.9933333333333333,0.9966555183946488,68.03426986957683,42.88503670898549,1.0,306.43928676103235,169.38834650052453,medium,egobody_recording_20211004_S20_S12_04_medium_kinect_12_kinect_13_b03056,egobody,existing_paper_result,Human3R,,streaming,recording_20211004_S20_S12_04
0.06743376328843248,0.032329976340610876,0.9933333333333333,0.9966555183946488,71.74145468714606,41.57497698613188,1.0,315.5642000204186,282.6839034004667,small,egobody_recording_20211004_S20_S12_04_small_kinect_12_kinect_11_b03056,egobody,existing_paper_result,Human3R,,streaming,recording_20211004_S20_S12_04
0.10451282446797416,0.08302361677823678,1.0,1.0,63.42665308839382,45.69559952663719,1.0,279.92139429220396,235.85405497969404,extreme,egobody_recording_20220225_S24_S25_01_extreme_kinect_14_kinect_15_b02966,egobody,existing_paper_result,Human3R,,streaming,recording_20220225_S24_S25_01
0.06759259375835407,0.05451998448549752,1.0,1.0,58.86992778254594,33.84407951030007,1.0,232.48400185901187,194.7562115477843,medium,egobody_recording_20220225_S24_S25_01_medium_kinect_15_kinect_12_b02966,egobody,existing_paper_result,Human3R,,streaming,recording_20220225_S24_S25_01
0.08606343961138085,0.06326833574001657,1.0,1.0,70.370639015159,53.11092688090249,1.0,130.58399808645873,127.93318135112675,small,egobody_recording_20220225_S24_S25_01_small_kinect_13_kinect_14_b02966,egobody,existing_paper_result,Human3R,,streaming,recording_20220225_S24_S25_01
0.13194391215099577,0.08577844049200577,0.8466666666666667,0.8122743682310469,56.795836803892186,39.803419734986335,1.0,258.9470770411056,221.80806081940207,extreme,egobody_recording_20220225_S24_S25_02_extreme_kinect_14_kinect_15_b03501,egobody,existing_paper_result,Human3R,,streaming,recording_20220225_S24_S25_02
0.09379188415208363,0.09051294926034092,0.8466666666666667,0.9169675090252708,59.569991665360305,40.13523574222586,1.0,168.35937804918322,160.50563439482593,medium,egobody_recording_20220225_S24_S25_02_medium_kinect_12_kinect_15_b03501,egobody,existing_paper_result,Human3R,,streaming,recording_20220225_S24_S25_02
0.09460236567072798,0.0783711284973412,1.0,1.0,60.08353357679334,41.95632558636872,1.0,162.37173325833731,138.57608095151213,small,egobody_recording_20220225_S24_S25_02_small_kinect_13_kinect_14_b03501,egobody,existing_paper_result,Human3R,,streaming,recording_20220225_S24_S25_02
0.12087528291710332,0.09490456436915191,1.0,1.0,53.85434921364698,34.71108250965499,1.0,182.25527240177456,145.9629426219549,extreme,egobody_recording_20220225_S25_S24_01_extreme_kinect_15_kinect_14_b03341,egobody,existing_paper_result,Human3R,,streaming,recording_20220225_S25_S24_01
0.11979557506931765,0.09613100686109699,1.0,1.0,64.53978534449723,36.89064418580567,1.0,206.15030678575164,180.19074097516452,medium,egobody_recording_20220225_S25_S24_01_medium_kinect_15_kinect_12_b03341,egobody,existing_paper_result,Human3R,,streaming,recording_20220225_S25_S24_01
0.08327643476400917,0.05631994632342483,1.0,1.0,51.74432495969119,36.99471242971593,1.0,122.26020382404361,114.99619336265737,small,egobody_recording_20220225_S25_S24_01_small_kinect_13_kinect_14_b03341,egobody,existing_paper_result,Human3R,,streaming,recording_20220225_S25_S24_01
0.06636871564073145,0.06084544808501283,0.99,0.5025125628140703,95.97388347685539,81.30470720872846,1.0,301.47638540486616,212.81221961219347,extreme,egobody_recording_20220225_S27_S26_01_extreme_kinect_15_kinect_14_b02876,egobody,existing_paper_result,Human3R,,streaming,recording_20220225_S27_S26_01
0.05890214612956774,0.055566378021481275,1.0,1.0,96.63381619746133,82.7796889672353,1.0,225.49216088579743,176.5589642515855,medium,egobody_recording_20220225_S27_S26_01_medium_kinect_15_kinect_12_b02876,egobody,existing_paper_result,Human3R,,streaming,recording_20220225_S27_S26_01
0.04735965939385605,0.03945858687547579,1.0,1.0,79.56314487623095,68.86460063282468,1.0,181.98365695427484,140.5714392848002,small,egobody_recording_20220225_S27_S26_01_small_kinect_14_kinect_13_b02876,egobody,existing_paper_result,Human3R,,streaming,recording_20220225_S27_S26_01
0.08812614913780367,0.08534497906658406,0.9966666666666667,0.998330550918197,71.62542363788407,47.09094308762019,1.0,266.57852051258925,216.32748316780544,extreme,egobody_recording_20220225_S27_S26_02_extreme_kinect_15_kinect_14_b03911,egobody,existing_paper_result,Human3R,,streaming,recording_20220225_S27_S26_02
0.1723956170317301,0.10002974704298227,0.9966666666666667,0.9801980198019802,92.89191863325419,48.89631511248074,0.9771241830065359,159.7782061492,148.5168725639886,medium,egobody_recording_20220225_S27_S26_02_medium_kinect_12_kinect_15_b03911,egobody,existing_paper_result,Human3R,,streaming,recording_20220225_S27_S26_02
0.042940187117313865,0.042421945204314804,1.0,1.0,61.7498880201302,42.16350408092244,1.0,147.90129708536955,122.77968723084605,small,egobody_recording_20220225_S27_S26_02_small_kinect_14_kinect_13_b03911,egobody,existing_paper_result,Human3R,,streaming,recording_20220225_S27_S26_02
0.11476138000180057,0.10680986060769058,0.75,0.8571428571428571,78.27635629628183,55.66546358141426,1.0,138.03476706114824,109.53705867156799,extreme,egobody_recording_20220225_S27_S26_03_extreme_kinect_14_kinect_15_b02455,egobody,existing_paper_result,Human3R,,streaming,recording_20220225_S27_S26_03
0.09384152623151877,0.08815134767446257,0.75,0.8571428571428571,107.13755339719789,54.680076329365484,1.0,209.24356803904365,183.54722068062136,medium,egobody_recording_20220225_S27_S26_03_medium_kinect_15_kinect_12_b02455,egobody,existing_paper_result,Human3R,,streaming,recording_20220225_S27_S26_03
0.0357320947092897,0.03586126118036656,1.0,1.0,96.3692168418749,62.93485353330822,1.0,137.56912969849768,105.72897101427627,small,egobody_recording_20220225_S27_S26_03_small_kinect_14_kinect_13_b02455,egobody,existing_paper_result,Human3R,,streaming,recording_20220225_S27_S26_03
0.2328791065028989,0.19959288520547364,0.75,0.8571428571428571,85.8550436576635,49.699244459860736,1.0,326.71772457992097,271.2412192940777,extreme,egobody_recording_20220225_S27_S26_04_extreme_kinect_15_kinect_14_b03731,egobody,existing_paper_result,Human3R,,streaming,recording_20220225_S27_S26_04
0.06139456143615253,0.06014332803061321,0.75,0.8571428571428571,101.94578378099828,54.848020535768235,1.0,224.79105129824762,192.7831656162606,medium,egobody_recording_20220225_S27_S26_04_medium_kinect_15_kinect_12_b03731,egobody,existing_paper_result,Human3R,,streaming,recording_20220225_S27_S26_04
0.03957822026065685,0.034706790369315156,1.0,1.0,102.66640038142958,60.41069253939826,1.0,149.13173708044545,124.7623354197376,small,egobody_recording_20220225_S27_S26_04_small_kinect_14_kinect_13_b03731,egobody,existing_paper_result,Human3R,,streaming,recording_20220225_S27_S26_04
0.11595552390331615,0.08664330747841295,0.9966666666666667,0.49916805324459235,63.77539885233245,40.88629862319526,0.9933554817275747,189.9940073233933,173.62576305370817,extreme,egobody_recording_20220312_S29_S28_01_extreme_kinect_15_kinect_14_b03231,egobody,existing_paper_result,Human3R,,streaming,recording_20220312_S29_S28_01
0.18835103624511199,0.08419040246025694,1.0,1.0,71.45737327202919,39.53872363239305,1.0,237.01489813102995,176.21517633019863,medium,egobody_recording_20220312_S29_S28_01_medium_kinect_12_kinect_15_b03231,egobody,existing_paper_result,Human3R,,streaming,recording_20220312_S29_S28_01
0.08796672768397105,0.06431523841239149,1.0,1.0,72.29445443292903,39.27753390255588,1.0,178.4419109513329,178.19904576210638,small,egobody_recording_20220312_S29_S28_01_small_kinect_11_kinect_15_b03231,egobody,existing_paper_result,Human3R,,streaming,recording_20220312_S29_S28_01
0.1288328388377766,0.058947563019376856,1.0,0.5,56.103978857716285,27.64617216628301,1.0,146.61297509786692,129.84506043453837,extreme,egobody_recording_20220312_S29_S28_02_extreme_kinect_14_kinect_15_b01761,egobody,existing_paper_result,Human3R,,streaming,recording_20220312_S29_S28_02
0.15182278056174525,0.1168947720226681,1.0,1.0,58.652209886447174,25.635297183079395,1.0,111.33950523518438,108.28246291525417,medium,egobody_recording_20220312_S29_S28_02_medium_kinect_15_kinect_12_b01761,egobody,existing_paper_result,Human3R,,streaming,recording_20220312_S29_S28_02
0.10026224534918553,0.06580715129476972,1.0,1.0,58.06743022873134,29.506364436009303,1.0,120.68710578524932,111.46971448883023,small,egobody_recording_20220312_S29_S28_02_small_kinect_11_kinect_15_b01761,egobody,existing_paper_result,Human3R,,streaming,recording_20220312_S29_S28_02
0.0815216338811914,0.03564010228739469,1.0,0.5,58.190996826985746,27.765810811075813,1.0,114.24880363737378,107.29525737069656,extreme,egobody_recording_20220312_S29_S28_03_extreme_kinect_15_kinect_14_b03281,egobody,existing_paper_result,Human3R,,streaming,recording_20220312_S29_S28_03
0.10199236570608566,0.0637910085959498,1.0,1.0,67.72805284295059,28.10145136433924,1.0,102.89567828349817,96.94770945395756,medium,egobody_recording_20220312_S29_S28_03_medium_kinect_15_kinect_12_b03281,egobody,existing_paper_result,Human3R,,streaming,recording_20220312_S29_S28_03
0.09817064606300616,0.07221064962517425,1.0,1.0,60.933473710066274,28.01566885448488,1.0,118.3231354823454,103.16023313663257,small,egobody_recording_20220312_S29_S28_03_small_kinect_11_kinect_15_b03281,egobody,existing_paper_result,Human3R,,streaming,recording_20220312_S29_S28_03
0.179692629211801,0.05976829943850962,0.7533333333333333,0.8593155893536122,55.67004936132922,30.36281027213263,1.0,198.3322173911499,116.38615111696647,extreme,egobody_recording_20220312_S29_S28_04_extreme_kinect_14_kinect_15_b04816,egobody,existing_paper_result,Human3R,,streaming,recording_20220312_S29_S28_04
0.20581668268356035,0.08937407884824523,1.0,1.0,70.66472111821139,35.612126029540924,1.0,212.01797366631342,161.0879462936977,medium,egobody_recording_20220312_S29_S28_04_medium_kinect_12_kinect_15_b04816,egobody,existing_paper_result,Human3R,,streaming,recording_20220312_S29_S28_04
0.02436447371614984,0.01801249742087798,1.0,1.0,57.638337327175435,33.170371828762946,1.0,91.54263259229872,85.84816300727162,small,egobody_recording_20220312_S29_S28_04_small_kinect_15_kinect_11_b04816,egobody,existing_paper_result,Human3R,,streaming,recording_20220312_S29_S28_04
0.07609900016206578,0.07624119013784819,0.92,0.5208333333333334,99.30516880718798,76.61674085980535,1.0,219.69486661654014,180.91307625727742,extreme,egobody_recording_20220312_S29_S28_05_extreme_kinect_15_kinect_14_b02786,egobody,existing_paper_result,Human3R,,streaming,recording_20220312_S29_S28_05
0.11721806521556634,0.10388038946281876,0.92,0.6979166666666666,99.97235748739925,77.99806462518363,1.0,176.42932512932617,150.80433223337462,medium,egobody_recording_20220312_S29_S28_05_medium_kinect_15_kinect_12_b02786,egobody,existing_paper_result,Human3R,,streaming,recording_20220312_S29_S28_05
0.08838773887899085,0.08579375570747477,0.75,0.5714285714285714,81.30073635158756,56.08278741546153,1.0,152.95897319459272,122.8134081051607,small,egobody_recording_20220312_S29_S28_05_small_kinect_11_kinect_15_b02786,egobody,existing_paper_result,Human3R,,streaming,recording_20220312_S29_S28_05
3.4443519076566886,2.3263191030028194,1.0,0.5,52.18829042319482,28.53797906668856,1.0,2195.548329785052,1068.7693005755816,extreme,egobody_recording_20220318_S31_S32_01_extreme_kinect_14_kinect_11_b03185,egobody,existing_paper_result,Human3R,,streaming,recording_20220318_S31_S32_01
0.18878940490258675,0.11453808127035084,1.0,0.5,51.20836652325896,29.0365156762377,1.0,225.6061866386325,219.95487497511286,medium,egobody_recording_20220318_S31_S32_01_medium_kinect_14_kinect_13_b03185,egobody,existing_paper_result,Human3R,,streaming,recording_20220318_S31_S32_01
0.11363157950866537,0.03976114858558173,1.0,1.0,46.58394284260536,25.02542664815013,1.0,106.86597401733869,94.10016330872668,small,egobody_recording_20220318_S31_S32_01_small_kinect_11_kinect_12_b03185,egobody,existing_paper_result,Human3R,,streaming,recording_20220318_S31_S32_01
3.341813658588983,2.0051957443768798,1.0,0.5,62.49418304160214,35.544871770153804,1.0,1752.8325195092164,1080.1737544784535,extreme,egobody_recording_20220318_S32_S31_01_extreme_kinect_11_kinect_14_b03251,egobody,existing_paper_result,Human3R,,streaming,recording_20220318_S32_S31_01
0.15225865034827327,0.15311002735037035,1.0,0.75,66.13912802626248,39.894715506796395,1.0,219.01686110510957,215.49180319720494,medium,egobody_recording_20220318_S32_S31_01_medium_kinect_13_kinect_14_b03251,egobody,existing_paper_result,Human3R,,streaming,recording_20220318_S32_S31_01
0.10906688464977103,0.046948704399024085,1.0,1.0,58.199151639670006,31.31390959256896,1.0,215.54812920446517,159.2733558016983,small,egobody_recording_20220318_S32_S31_01_small_kinect_11_kinect_12_b03251,egobody,existing_paper_result,Human3R,,streaming,recording_20220318_S32_S31_01
0.23133534484233606,0.2183210817259293,1.0,0.5,66.9000121664364,44.33706494700402,1.0,510.12997260214723,337.76044811798624,extreme,egobody_recording_20220318_S32_S31_02_extreme_kinect_14_kinect_11_b03001,egobody,existing_paper_result,Human3R,,streaming,recording_20220318_S32_S31_02
0.18570894333028698,0.17981958797221873,0.9966666666666667,0.5008347245409015,63.42095883779284,38.7353466989957,1.0,218.72192564569585,201.4030170326315,medium,egobody_recording_20220318_S32_S31_02_medium_kinect_13_kinect_14_b03001,egobody,existing_paper_result,Human3R,,streaming,recording_20220318_S32_S31_02
0.0975561303942622,0.038466098917486376,1.0,1.0,63.20014926269551,40.62941352095697,1.0,250.05115148725852,154.86898078885406,small,egobody_recording_20220318_S32_S31_02_small_kinect_11_kinect_12_b03001,egobody,existing_paper_result,Human3R,,streaming,recording_20220318_S32_S31_02
2.249356571127317,0.4859184849068519,1.0,0.75,71.4302882571237,40.13890833563513,1.0,2399.697449492466,725.3758587627093,extreme,egobody_recording_20220318_S33_S34_01_extreme_kinect_14_kinect_11_b03921,egobody,existing_paper_result,Human3R,,streaming,recording_20220318_S33_S34_01
0.11727006862954828,0.11542010376769599,1.0,0.75,61.472933769412606,36.000299402734925,1.0,235.87281406796257,228.22205072041066,medium,egobody_recording_20220318_S33_S34_01_medium_kinect_13_kinect_14_b03921,egobody,existing_paper_result,Human3R,,streaming,recording_20220318_S33_S34_01
0.06783521172213777,0.01713841946554273,1.0,1.0,68.57858763271051,36.36590926796625,1.0,187.03814874138752,140.62722053709751,small,egobody_recording_20220318_S33_S34_01_small_kinect_12_kinect_11_b03921,egobody,existing_paper_result,Human3R,,streaming,recording_20220318_S33_S34_01
0.3396898232666372,0.17254590417619928,1.0,0.5,61.36048170026042,41.006580061868846,1.0,229.14884865909127,212.3994590779797,extreme,egobody_recording_20220318_S33_S34_02_extreme_kinect_11_kinect_14_b03381,egobody,existing_paper_result,Human3R,,streaming,recording_20220318_S33_S34_02
0.21693461510575868,0.182949704747757,1.0,0.75,66.92891214407308,41.80282914234413,1.0,371.8018812860754,355.82935999445414,medium,egobody_recording_20220318_S33_S34_02_medium_kinect_14_kinect_13_b03381,egobody,existing_paper_result,Human3R,,streaming,recording_20220318_S33_S34_02
0.05472092219852006,0.02444582644136687,1.0,1.0,57.97481686458673,36.053841490147555,1.0,157.56382103985518,103.83722720521898,small,egobody_recording_20220318_S33_S34_02_small_kinect_12_kinect_11_b03381,egobody,existing_paper_result,Human3R,,streaming,recording_20220318_S33_S34_02
3.4138448010322007,2.5034930853168516,1.0,0.5,79.78817016068052,47.010722109697625,1.0,2875.656380562052,827.8437006877576,extreme,egobody_recording_20220318_S34_S33_01_extreme_kinect_11_kinect_14_b02656,egobody,existing_paper_result,Human3R,,streaming,recording_20220318_S34_S33_01
0.1412210967592791,0.11711694094448688,1.0,0.5,84.89262837117451,49.8857582651674,1.0,256.1467797359955,241.73798774120115,medium,egobody_recording_20220318_S34_S33_01_medium_kinect_14_kinect_13_b02656,egobody,existing_paper_result,Human3R,,streaming,recording_20220318_S34_S33_01
0.05103204159620664,0.0124996310066853,1.0,1.0,78.8647269618829,45.31732668557311,1.0,266.3068499022876,232.4473807249132,small,egobody_recording_20220318_S34_S33_01_small_kinect_12_kinect_11_b02656,egobody,existing_paper_result,Human3R,,streaming,recording_20220318_S34_S33_01
0.42561491009958474,0.2332676117510336,1.0,0.5,82.05231951736215,45.9406083179274,1.0,282.6191381541599,311.7065677555402,extreme,egobody_recording_20220318_S34_S33_02_extreme_kinect_11_kinect_14_b04321,egobody,existing_paper_result,Human3R,,streaming,recording_20220318_S34_S33_02
0.1848729517771547,0.16368349385084946,1.0,0.5,78.74723740612316,45.95713795182885,1.0,474.54001096909343,449.12645784848974,medium,egobody_recording_20220318_S34_S33_02_medium_kinect_13_kinect_14_b04321,egobody,existing_paper_result,Human3R,,streaming,recording_20220318_S34_S33_02
0.05150263781568889,0.022728191236238295,1.0,1.0,70.20992034667184,39.00122796096244,1.0,223.13718990038635,175.9966568870784,small,egobody_recording_20220318_S34_S33_02_small_kinect_12_kinect_11_b04321,egobody,existing_paper_result,Human3R,,streaming,recording_20220318_S34_S33_02
0.5127482145136996,0.34316654161006627,1.0,0.5,67.76670045060155,42.4200129899619,1.0,354.9351031080685,449.8018062588707,extreme,egobody_recording_20220318_S34_S33_03_extreme_kinect_11_kinect_14_b03186,egobody,existing_paper_result,Human3R,,streaming,recording_20220318_S34_S33_03
0.2029107990254725,0.156307694038677,1.0,0.5,73.04362918164817,42.73242055769465,1.0,523.8309317506994,448.0424647436969,medium,egobody_recording_20220318_S34_S33_03_medium_kinect_14_kinect_13_b03186,egobody,existing_paper_result,Human3R,,streaming,recording_20220318_S34_S33_03
0.10778390935701064,0.042297811642893826,1.0,1.0,64.3264462610392,37.77493300090251,1.0,182.17061258534605,135.48964342677624,small,egobody_recording_20220318_S34_S33_03_small_kinect_11_kinect_12_b03186,egobody,existing_paper_result,Human3R,,streaming,recording_20220318_S34_S33_03
0.20391338556343527,0.11929870164791984,1.0,0.5,59.97597244173766,32.148543988792404,1.0,300.1183780518361,241.83625580168396,extreme,egobody_recording_20220415_S35_S36_01_extreme_kinect_14_kinect_13_b02261,egobody,existing_paper_result,Human3R,,streaming,recording_20220415_S35_S36_01
0.21676922431549855,0.04923625734610684,1.0,0.75,61.98465517036612,34.05720731035373,1.0,181.62507620431688,156.24890023421722,medium,egobody_recording_20220415_S35_S36_01_medium_kinect_15_kinect_13_b02261,egobody,existing_paper_result,Human3R,,streaming,recording_20220415_S35_S36_01
0.1357241447072501,0.05347515275999932,1.0,1.0,59.66938998743875,32.79938575218071,1.0,123.2660535940993,112.99032434036214,small,egobody_recording_20220415_S35_S36_01_small_kinect_11_kinect_12_b02261,egobody,existing_paper_result,Human3R,,streaming,recording_20220415_S35_S36_01
0.24374599046582707,0.11973368465876116,1.0,0.5,73.49402326238884,40.30740404412856,1.0,245.80883256650472,235.47795388992785,extreme,egobody_recording_20220415_S35_S36_02_extreme_kinect_13_kinect_14_b02241,egobody,existing_paper_result,Human3R,,streaming,recording_20220415_S35_S36_02
0.16284678519929946,0.02691248888016043,1.0,0.75,70.31962058993459,43.35911447307882,1.0,201.3094974409199,187.5048155253852,medium,egobody_recording_20220415_S35_S36_02_medium_kinect_13_kinect_15_b02241,egobody,existing_paper_result,Human3R,,streaming,recording_20220415_S35_S36_02
0.14737938987933344,0.05824941216606025,1.0,1.0,72.00612955838393,39.74314767883311,1.0,139.55555251834176,122.73557406768823,small,egobody_recording_20220415_S35_S36_02_small_kinect_11_kinect_12_b02241,egobody,existing_paper_result,Human3R,,streaming,recording_20220415_S35_S36_02
0.21053698536318033,0.006985229359495776,1.0,1.0,108.92685778739563,61.06668035822439,1.0,143.02589515918598,124.39754277062916,extreme,egobody_recording_20210907_S03_S04_01_extreme_kinect_13_kinect_11_b01801,egobody,existing_paper_result,Shot3R,,streaming,recording_20210907_S03_S04_01
0.2062541554078714,0.005890862715814392,1.0,1.0,100.28990282953619,61.78359003303395,1.0,145.159579243245,137.90850547587704,medium,egobody_recording_20210907_S03_S04_01_medium_kinect_12_kinect_13_b01801,egobody,existing_paper_result,Shot3R,,streaming,recording_20210907_S03_S04_01
0.039852594913893105,0.008314895659657458,1.0,0.9646302250803859,88.07780264032083,49.981669083298065,0.9316770186335404,139.84382792744478,111.1269392644279,small,egobody_recording_20210907_S03_S04_01_small_kinect_11_kinect_12_b01801,egobody,existing_paper_result,Shot3R,,streaming,recording_20210907_S03_S04_01
0.25595058885475114,0.005799202706263498,1.0,1.0,58.92451654694822,38.94067317854336,1.0,189.88193251519445,152.31345063002365,extreme,egobody_recording_20210911_S03_S08_01_extreme_kinect_13_kinect_11_b02141,egobody,existing_paper_result,Shot3R,,streaming,recording_20210911_S03_S08_01
0.14394363991669687,0.0075795067635907095,1.0,1.0,64.25491951238693,38.42965833486178,1.0,132.92373322628708,100.80671879520725,medium,egobody_recording_20210911_S03_S08_01_medium_kinect_11_kinect_12_b02141,egobody,existing_paper_result,Shot3R,,streaming,recording_20210911_S03_S08_01
0.12029058366952734,0.007498322065646435,1.0,1.0,61.1448389330192,37.40873897526834,1.0,161.85882620279867,130.92961851151384,small,egobody_recording_20210911_S03_S08_01_small_kinect_13_kinect_12_b02141,egobody,existing_paper_result,Shot3R,,streaming,recording_20210911_S03_S08_01
0.34312908865794517,0.00612998095270923,1.0,1.0,59.100629537801915,44.32583038613341,1.0,258.0327772607789,189.4607082758272,extreme,egobody_recording_20210911_S03_S08_02_extreme_kinect_11_kinect_13_b03471,egobody,existing_paper_result,Shot3R,,streaming,recording_20210911_S03_S08_02
0.07230531972534471,0.007813572477215279,0.83,0.907103825136612,64.44348929998044,51.429634450798865,1.0,233.595029632193,139.08425456098567,medium,egobody_recording_20210911_S03_S08_02_medium_kinect_12_kinect_11_b03471,egobody,existing_paper_result,Shot3R,,streaming,recording_20210911_S03_S08_02
0.17449707957971622,0.007366300540605728,0.89,0.7936507936507936,60.184224923664786,40.92262419336393,1.0,206.2432864899036,153.82977382751295,small,egobody_recording_20210911_S03_S08_02_small_kinect_13_kinect_12_b03471,egobody,existing_paper_result,Shot3R,,streaming,recording_20210911_S03_S08_02
0.02887763613168758,0.013038100480485947,1.0,1.0,65.9655759090597,32.86236964830322,1.0,208.99011493636115,125.15199813795887,extreme,egobody_recording_20210921_S05_S12_01_extreme_kinect_11_kinect_13_b02281,egobody,existing_paper_result,Shot3R,,streaming,recording_20210921_S05_S12_01
0.0350965112695345,0.014155501867048118,1.0,0.9933774834437086,60.12601532987336,33.731131483301404,0.9868421052631579,161.26603337539925,136.2221913220854,medium,egobody_recording_20210921_S05_S12_01_medium_kinect_12_kinect_11_b02281,egobody,existing_paper_result,Shot3R,,streaming,recording_20210921_S05_S12_01
0.07169954058020607,0.024119582110757654,1.0,0.9819967266775778,63.23330792121491,29.972290480242144,0.9646302250803859,142.05224661456214,120.46697259987758,small,egobody_recording_20210921_S05_S12_01_small_kinect_13_kinect_12_b02281,egobody,existing_paper_result,Shot3R,,streaming,recording_20210921_S05_S12_01
0.10363795076214112,0.022188048165556112,1.0,1.0,69.78297404725525,39.20286069482718,1.0,233.29359140409764,177.4867281958178,extreme,egobody_recording_20210921_S05_S12_02_extreme_kinect_13_kinect_11_b01916,egobody,existing_paper_result,Shot3R,,streaming,recording_20210921_S05_S12_02
0.034896939813293414,0.021876197618826403,1.0,1.0,67.3505848434202,38.18809396389032,1.0,210.42539168431068,195.95314121119947,medium,egobody_recording_20210921_S05_S12_02_medium_kinect_12_kinect_11_b01916,egobody,existing_paper_result,Shot3R,,streaming,recording_20210921_S05_S12_02
0.08740402425884697,0.036998728143238485,1.0,0.9852216748768473,67.66461257348418,35.8975708370086,0.970873786407767,173.15594320367657,124.8540392923129,small,egobody_recording_20210921_S05_S12_02_small_kinect_13_kinect_12_b01916,egobody,existing_paper_result,Shot3R,,streaming,recording_20210921_S05_S12_02
0.04865031049412859,0.013593515393357366,0.9666666666666667,0.9830508474576272,124.18751158829046,64.78276070244517,1.0,415.5980240927819,204.82817293232668,extreme,egobody_recording_20210921_S05_S12_03_extreme_kinect_11_kinect_13_b03356,egobody,existing_paper_result,Shot3R,,streaming,recording_20210921_S05_S12_03
0.05110968029595084,0.024247181158855605,1.0,1.0,140.10180128882723,66.76834012314292,1.0,358.0034013190353,194.6680253116233,medium,egobody_recording_20210921_S05_S12_03_medium_kinect_11_kinect_12_b03356,egobody,existing_paper_result,Shot3R,,streaming,recording_20210921_S05_S12_03
0.03159934694332122,0.024821750360060957,0.9666666666666667,0.9830508474576272,173.19711495092537,84.18273796802973,1.0,290.2061110889076,230.3778864961267,small,egobody_recording_20210921_S05_S12_03_small_kinect_12_kinect_13_b03356,egobody,existing_paper_result,Shot3R,,streaming,recording_20210921_S05_S12_03
0.22620308860105628,0.02177957362018895,1.0,1.0,54.843947194745994,45.569047511132425,1.0,364.7118104661573,274.76046956804555,extreme,egobody_recording_20210929_S05_S16_01_extreme_kinect_11_kinect_13_b02576,egobody,existing_paper_result,Shot3R,,streaming,recording_20210929_S05_S16_01
0.06962419431999758,0.009838494138632713,1.0,1.0,56.45958213137181,45.688823421193725,1.0,221.96662796964048,130.70810452204242,medium,egobody_recording_20210929_S05_S16_01_medium_kinect_11_kinect_12_b02576,egobody,existing_paper_result,Shot3R,,streaming,recording_20210929_S05_S16_01
0.07056142860086853,0.022701181533394926,1.0,1.0,56.084936772904925,45.27174813232928,1.0,321.6295610354414,301.24835185250356,small,egobody_recording_20210929_S05_S16_01_small_kinect_12_kinect_13_b02576,egobody,existing_paper_result,Shot3R,,streaming,recording_20210929_S05_S16_01
0.1465897221078727,0.01976473208761714,1.0,1.0,75.10925074791005,51.658227125743885,1.0,232.5138670170281,176.26917245348693,extreme,egobody_recording_20210929_S05_S16_02_extreme_kinect_13_kinect_11_b02316,egobody,existing_paper_result,Shot3R,,streaming,recording_20210929_S05_S16_02
0.058774941767262646,0.01145458842189052,1.0,1.0,71.38261803904611,51.15520187338049,1.0,151.97230999371212,130.6667948125633,medium,egobody_recording_20210929_S05_S16_02_medium_kinect_11_kinect_12_b02316,egobody,existing_paper_result,Shot3R,,streaming,recording_20210929_S05_S16_02
0.08015687819885177,0.020468944490676017,1.0,1.0,80.7187874997163,52.24406932958637,1.0,197.3630969830413,159.8091411097554,small,egobody_recording_20210929_S05_S16_02_small_kinect_12_kinect_13_b02316,egobody,existing_paper_result,Shot3R,,streaming,recording_20210929_S05_S16_02
0.19920923650588207,0.020509222243649153,1.0,1.0,50.91149753218628,41.078973471609984,1.0,306.4639099765895,263.205646810701,extreme,egobody_recording_20210929_S05_S16_03_extreme_kinect_11_kinect_13_b01076,egobody,existing_paper_result,Shot3R,,streaming,recording_20210929_S05_S16_03
0.030484926561930525,0.011869027405104617,1.0,1.0,52.563268614525875,38.91993446233874,1.0,225.05468990163223,192.50773539029169,medium,egobody_recording_20210929_S05_S16_03_medium_kinect_11_kinect_12_b01076,egobody,existing_paper_result,Shot3R,,streaming,recording_20210929_S05_S16_03
0.0413911972161528,0.02379941452866,1.0,1.0,54.40976356935725,39.76112031724541,1.0,186.44069451171507,123.80734881306111,small,egobody_recording_20210929_S05_S16_03_small_kinect_13_kinect_12_b01076,egobody,existing_paper_result,Shot3R,,streaming,recording_20210929_S05_S16_03
0.14532753872588433,0.020537563725891855,1.0,1.0,61.282144307468116,39.056297796519495,1.0,315.9189661046925,222.20484769655693,extreme,egobody_recording_20210929_S05_S16_04_extreme_kinect_13_kinect_11_b02616,egobody,existing_paper_result,Shot3R,,streaming,recording_20210929_S05_S16_04
0.03438443225074832,0.010087826268330631,1.0,1.0,62.0676365339669,38.4941883493886,1.0,221.4979979252371,128.09292432174473,medium,egobody_recording_20210929_S05_S16_04_medium_kinect_12_kinect_11_b02616,egobody,existing_paper_result,Shot3R,,streaming,recording_20210929_S05_S16_04
0.08592795041347973,0.02283727483259626,1.0,1.0,57.119891984237356,33.63180114223732,1.0,257.487986709718,215.99727118807368,small,egobody_recording_20210929_S05_S16_04_small_kinect_12_kinect_13_b02616,egobody,existing_paper_result,Shot3R,,streaming,recording_20210929_S05_S16_04
0.33639683367488116,0.01372181353774487,1.0,1.0,69.5903235628217,38.56835831732364,1.0,375.1424374406278,241.10144163245266,extreme,egobody_recording_20211002_S17_S15_01_extreme_kinect_11_kinect_13_b02701,egobody,existing_paper_result,Shot3R,,streaming,recording_20211002_S17_S15_01
0.10423303118242347,0.017293230079426944,1.0,1.0,65.36294706411309,37.7872743178931,1.0,266.95529418865556,207.69351186152755,medium,egobody_recording_20211002_S17_S15_01_medium_kinect_12_kinect_13_b02701,egobody,existing_paper_result,Shot3R,,streaming,recording_20211002_S17_S15_01
0.24573405338732035,0.02775535818789137,1.0,1.0,73.54329605991398,40.70476545480764,1.0,219.76314868852904,156.18549964976464,small,egobody_recording_20211002_S17_S15_01_small_kinect_12_kinect_11_b02701,egobody,existing_paper_result,Shot3R,,streaming,recording_20211002_S17_S15_01
0.3151656579153802,0.017375067899046224,0.94,0.9690721649484536,80.27208841133135,53.084080135304355,1.0,186.6592940337705,171.63353373305546,extreme,egobody_recording_20211002_S17_S15_02_extreme_kinect_13_kinect_11_b01321,egobody,existing_paper_result,Shot3R,,streaming,recording_20211002_S17_S15_02
0.08720417921599705,0.013262761653084692,0.94,0.9690721649484536,79.4448757867264,50.252393798193225,1.0,159.0793063860122,154.3850055124562,medium,egobody_recording_20211002_S17_S15_02_medium_kinect_13_kinect_12_b01321,egobody,existing_paper_result,Shot3R,,streaming,recording_20211002_S17_S15_02
0.16843282824572922,0.01521358230612534,1.0,1.0,81.8053980671732,51.12365761550506,1.0,162.5854736396532,146.441643658544,small,egobody_recording_20211002_S17_S15_02_small_kinect_12_kinect_11_b01321,egobody,existing_paper_result,Shot3R,,streaming,recording_20211002_S17_S15_02
0.3783618318375273,0.03948606649226707,0.97,0.9847715736040609,91.17850522793127,49.08977625983328,1.0,222.80719145780634,195.36771084981748,extreme,egobody_recording_20211002_S17_S15_03_extreme_kinect_13_kinect_11_b02531,egobody,existing_paper_result,Shot3R,,streaming,recording_20211002_S17_S15_03
0.1616075112851732,0.02090196964094647,1.0,1.0,92.14032032702829,47.12889255697173,1.0,204.78541380378974,176.88237278558907,medium,egobody_recording_20211002_S17_S15_03_medium_kinect_13_kinect_12_b02531,egobody,existing_paper_result,Shot3R,,streaming,recording_20211002_S17_S15_03
0.16817202088776284,0.01743314024370609,1.0,1.0,108.79254302134966,70.71997297515685,1.0,214.85519058342146,169.12508469298263,small,egobody_recording_20211002_S17_S15_03_small_kinect_11_kinect_12_b02531,egobody,existing_paper_result,Shot3R,,streaming,recording_20211002_S17_S15_03
0.13218521658883953,0.006972315444598322,1.0,1.0,60.43100599660582,38.140436367106666,1.0,282.255603290498,207.8846799618226,extreme,egobody_recording_20211004_S12_S20_01_extreme_kinect_11_kinect_13_b02556,egobody,existing_paper_result,Shot3R,,streaming,recording_20211004_S12_S20_01
0.0373974769835472,0.011722120361402895,1.0,1.0,55.181960565362736,35.27753631705148,1.0,158.84901764575895,148.98222450250248,medium,egobody_recording_20211004_S12_S20_01_medium_kinect_13_kinect_12_b02556,egobody,existing_paper_result,Shot3R,,streaming,recording_20211004_S12_S20_01
0.09801752056651548,0.012350270319866958,1.0,1.0,57.86097759504502,35.40116074795918,1.0,191.33108632018946,151.72652754507854,small,egobody_recording_20211004_S12_S20_01_small_kinect_11_kinect_12_b02556,egobody,existing_paper_result,Shot3R,,streaming,recording_20211004_S12_S20_01
0.16272242520602404,0.011166130536929065,1.0,1.0,61.305951818889966,44.12029347287917,1.0,349.7698380408983,368.99379574138834,extreme,egobody_recording_20211004_S12_S20_02_extreme_kinect_13_kinect_11_b01776,egobody,existing_paper_result,Shot3R,,streaming,recording_20211004_S12_S20_02
0.05780526907462739,0.016085623506654788,1.0,1.0,60.52508982868209,42.504426868507935,1.0,208.0715271302194,181.4756839361606,medium,egobody_recording_20211004_S12_S20_02_medium_kinect_13_kinect_12_b01776,egobody,existing_paper_result,Shot3R,,streaming,recording_20211004_S12_S20_02
0.08076790534855725,0.011418101795055587,1.0,1.0,68.48146237941923,48.11532103749912,1.0,334.53083462923206,330.2857823575769,small,egobody_recording_20211004_S12_S20_02_small_kinect_12_kinect_11_b01776,egobody,existing_paper_result,Shot3R,,streaming,recording_20211004_S12_S20_02
0.1772929388714649,0.00960172475682598,1.0,1.0,60.763154301582205,38.84167877224447,1.0,650.5676720712532,419.44216895997124,extreme,egobody_recording_20211004_S12_S20_03_extreme_kinect_11_kinect_13_b01986,egobody,existing_paper_result,Shot3R,,streaming,recording_20211004_S12_S20_03
0.0395812446441217,0.01565670874638217,1.0,1.0,60.225386737309634,38.63654133120074,1.0,232.32623293736194,195.2272458368184,medium,egobody_recording_20211004_S12_S20_03_medium_kinect_13_kinect_12_b01986,egobody,existing_paper_result,Shot3R,,streaming,recording_20211004_S12_S20_03
0.1545284259170971,0.012472283951416535,1.0,1.0,63.93835597897773,38.523504841228274,1.0,469.45538862118383,309.49302386491075,small,egobody_recording_20211004_S12_S20_03_small_kinect_11_kinect_12_b01986,egobody,existing_paper_result,Shot3R,,streaming,recording_20211004_S12_S20_03
0.14968934414113236,0.010951931234255493,1.0,1.0,68.90250066802429,47.54539885179604,1.0,405.97196808369614,359.5885506832123,extreme,egobody_recording_20211004_S12_S20_04_extreme_kinect_13_kinect_11_b03381,egobody,existing_paper_result,Shot3R,,streaming,recording_20211004_S12_S20_04
0.04261689637008574,0.013613030108241322,1.0,1.0,67.45978618847822,45.82295385079949,1.0,242.6505107208058,153.13662972560607,medium,egobody_recording_20211004_S12_S20_04_medium_kinect_13_kinect_12_b03381,egobody,existing_paper_result,Shot3R,,streaming,recording_20211004_S12_S20_04
0.1600059295394628,0.012360180775106363,1.0,1.0,66.37442297943058,44.42892313807793,1.0,493.6118053772704,348.1580800420857,small,egobody_recording_20211004_S12_S20_04_small_kinect_11_kinect_12_b03381,egobody,existing_paper_result,Shot3R,,streaming,recording_20211004_S12_S20_04
0.1487019190063765,0.008807847424844573,1.0,1.0,61.9004420248455,42.45672294485151,1.0,468.94339772385234,403.2538390244364,extreme,egobody_recording_20211004_S20_S12_01_extreme_kinect_13_kinect_11_b02766,egobody,existing_paper_result,Shot3R,,streaming,recording_20211004_S20_S12_01
0.04653799364500734,0.010076465756307221,0.9933333333333333,0.9966555183946488,58.72677923015594,38.68730125156326,1.0,220.6571058601758,202.09680670657968,medium,egobody_recording_20211004_S20_S12_01_medium_kinect_12_kinect_13_b02766,egobody,existing_paper_result,Shot3R,,streaming,recording_20211004_S20_S12_01
0.09499795782089898,0.009738886347794575,1.0,1.0,57.89786693543402,37.01167175959946,1.0,290.3211384707095,277.58459362084244,small,egobody_recording_20211004_S20_S12_01_small_kinect_12_kinect_11_b02766,egobody,existing_paper_result,Shot3R,,streaming,recording_20211004_S20_S12_01
0.10523043904616956,0.008892784836615115,1.0,1.0,62.6205717672014,39.34516208229949,1.0,172.0999642349411,174.0071822306861,extreme,egobody_recording_20211004_S20_S12_02_extreme_kinect_13_kinect_11_b01446,egobody,existing_paper_result,Shot3R,,streaming,recording_20211004_S20_S12_02
0.03892970331108129,0.017638797552783175,1.0,1.0,62.76775393919368,39.37714292472395,1.0,240.71966492002704,157.94338525639432,medium,egobody_recording_20211004_S20_S12_02_medium_kinect_12_kinect_13_b01446,egobody,existing_paper_result,Shot3R,,streaming,recording_20211004_S20_S12_02
0.04390777038204545,0.014984786359379039,1.0,1.0,65.04434020696205,39.104185652741954,1.0,217.2738216874289,176.62183407004375,small,egobody_recording_20211004_S20_S12_02_small_kinect_12_kinect_11_b01446,egobody,existing_paper_result,Shot3R,,streaming,recording_20211004_S20_S12_02
0.11533749051430461,0.006805429403148953,1.0,1.0,81.71916145055519,52.28666852021835,1.0,417.2487034597092,310.72941658369103,extreme,egobody_recording_20211004_S20_S12_03_extreme_kinect_11_kinect_13_b01396,egobody,existing_paper_result,Shot3R,,streaming,recording_20211004_S20_S12_03
0.022559341016659296,0.013448821170253674,1.0,1.0,78.93034655487892,47.80570485441662,1.0,122.45805572817801,107.46204346598552,medium,egobody_recording_20211004_S20_S12_03_medium_kinect_13_kinect_12_b01396,egobody,existing_paper_result,Shot3R,,streaming,recording_20211004_S20_S12_03
0.08184115684230162,0.010217444046755442,1.0,1.0,81.7269339832271,48.694068719123166,1.0,333.72371756672334,357.2826905284978,small,egobody_recording_20211004_S20_S12_03_small_kinect_12_kinect_11_b01396,egobody,existing_paper_result,Shot3R,,streaming,recording_20211004_S20_S12_03
0.06809349678776871,0.007913404092560146,1.0,1.0,68.16188567903181,42.62556072958378,1.0,232.66614037816174,217.41298223393497,extreme,egobody_recording_20211004_S20_S12_04_extreme_kinect_13_kinect_11_b03056,egobody,existing_paper_result,Shot3R,,streaming,recording_20211004_S20_S12_04
0.0256706375639553,0.012194952229423309,0.9933333333333333,0.9966555183946488,68.42093995259803,42.9980481704584,1.0,241.57407939208449,139.3725937428614,medium,egobody_recording_20211004_S20_S12_04_medium_kinect_12_kinect_13_b03056,egobody,existing_paper_result,Shot3R,,streaming,recording_20211004_S20_S12_04
0.035210283291917166,0.010893054231853478,0.9933333333333333,0.9966555183946488,71.35109534833042,41.87516746093113,1.0,237.01651570551695,214.83540496493225,small,egobody_recording_20211004_S20_S12_04_small_kinect_12_kinect_11_b03056,egobody,existing_paper_result,Shot3R,,streaming,recording_20211004_S20_S12_04
0.34159502638136163,0.03293713458598711,1.0,1.0,63.17337727798473,45.52896409639754,1.0,227.54565407401344,221.8949863025423,extreme,egobody_recording_20220225_S24_S25_01_extreme_kinect_14_kinect_15_b02966,egobody,existing_paper_result,Shot3R,,streaming,recording_20220225_S24_S25_01
0.1379142519513497,0.03983147672734005,1.0,1.0,58.286254488699804,34.31550094870153,1.0,187.92400508477286,155.2258606414979,medium,egobody_recording_20220225_S24_S25_01_medium_kinect_15_kinect_12_b02966,egobody,existing_paper_result,Shot3R,,streaming,recording_20220225_S24_S25_01
0.05930644372200911,0.01718571157295451,1.0,1.0,70.04963705641782,53.07439595372138,1.0,118.0894383085805,100.66951881616376,small,egobody_recording_20220225_S24_S25_01_small_kinect_13_kinect_14_b02966,egobody,existing_paper_result,Shot3R,,streaming,recording_20220225_S24_S25_01
0.30724287787538873,0.048640989159209745,0.8466666666666667,0.9169675090252708,56.83146272981274,40.10392671532158,1.0,314.3362331830843,289.7753534560942,extreme,egobody_recording_20220225_S24_S25_02_extreme_kinect_14_kinect_15_b03501,egobody,existing_paper_result,Shot3R,,streaming,recording_20220225_S24_S25_02
0.2081659828259528,0.05152113600829623,0.8466666666666667,0.9169675090252708,59.780934961641876,40.33461548795647,1.0,263.83814238112313,235.95048261478968,medium,egobody_recording_20220225_S24_S25_02_medium_kinect_12_kinect_15_b03501,egobody,existing_paper_result,Shot3R,,streaming,recording_20220225_S24_S25_02
0.0572876273121362,0.03316978585964881,1.0,1.0,60.68559841094876,42.04985123831869,1.0,148.15617357047424,110.73402834319721,small,egobody_recording_20220225_S24_S25_02_small_kinect_13_kinect_14_b03501,egobody,existing_paper_result,Shot3R,,streaming,recording_20220225_S24_S25_02
0.32100766364041694,0.0333183278005142,1.0,1.0,54.25343607144159,35.056095926008396,1.0,238.23482676039237,214.09576550274414,extreme,egobody_recording_20220225_S25_S24_01_extreme_kinect_15_kinect_14_b03341,egobody,existing_paper_result,Shot3R,,streaming,recording_20220225_S25_S24_01
0.14348124293605446,0.03627648364346568,1.0,1.0,63.626363822128525,37.15819180807793,1.0,165.11193324448215,145.7644997451496,medium,egobody_recording_20220225_S25_S24_01_medium_kinect_15_kinect_12_b03341,egobody,existing_paper_result,Shot3R,,streaming,recording_20220225_S25_S24_01
0.062117510224927175,0.026061806107447946,1.0,1.0,52.33437163748939,37.13043940841985,1.0,127.34276905570351,98.9613124574744,small,egobody_recording_20220225_S25_S24_01_small_kinect_13_kinect_14_b03341,egobody,existing_paper_result,Shot3R,,streaming,recording_20220225_S25_S24_01
0.35052042017383594,0.025724207967351826,0.99,0.9949748743718593,95.09824585564205,81.51154660138218,1.0,294.27031983249793,255.87409108561837,extreme,egobody_recording_20220225_S27_S26_01_extreme_kinect_15_kinect_14_b02876,egobody,existing_paper_result,Shot3R,,streaming,recording_20220225_S27_S26_01
0.20610695593304076,0.02017664505166988,1.0,1.0,95.53912980610039,82.86203210098442,1.0,199.61542367548918,161.9277914628661,medium,egobody_recording_20220225_S27_S26_01_medium_kinect_15_kinect_12_b02876,egobody,existing_paper_result,Shot3R,,streaming,recording_20220225_S27_S26_01
0.04465317200474856,0.019759639723337663,1.0,1.0,79.52749672451658,68.98637004615952,1.0,192.4688068175301,149.46020658992686,small,egobody_recording_20220225_S27_S26_01_small_kinect_14_kinect_13_b02876,egobody,existing_paper_result,Shot3R,,streaming,recording_20220225_S27_S26_01
0.3452500983766785,0.022385191169097526,0.9966666666666667,0.998330550918197,69.98649039416658,47.40618907429147,1.0,282.34235923596117,231.59105411045843,extreme,egobody_recording_20220225_S27_S26_02_extreme_kinect_15_kinect_14_b03911,egobody,existing_paper_result,Shot3R,,streaming,recording_20220225_S27_S26_02
0.2476158969173745,0.026383412292207056,0.9966666666666667,0.7458745874587459,91.86517342292552,48.778958588064484,0.9771241830065359,275.2617907378621,231.77168067785482,medium,egobody_recording_20220225_S27_S26_02_medium_kinect_12_kinect_15_b03911,egobody,existing_paper_result,Shot3R,,streaming,recording_20220225_S27_S26_02
0.04790303607516286,0.026339370756306667,1.0,1.0,61.43807658719498,42.36522012120095,1.0,165.20700454053681,134.3649021243889,small,egobody_recording_20220225_S27_S26_02_small_kinect_14_kinect_13_b03911,egobody,existing_paper_result,Shot3R,,streaming,recording_20220225_S27_S26_02
0.2969854886033309,0.036849934500841904,0.75,0.8571428571428571,77.95799351803969,55.61547017637249,1.0,186.62182210224836,177.5174784691009,extreme,egobody_recording_20220225_S27_S26_03_extreme_kinect_14_kinect_15_b02455,egobody,existing_paper_result,Shot3R,,streaming,recording_20220225_S27_S26_03
0.09006245902258181,0.03900380295900337,0.75,0.8571428571428571,107.26799456224227,54.65302986830048,1.0,208.29765292770867,158.22341231114424,medium,egobody_recording_20220225_S27_S26_03_medium_kinect_15_kinect_12_b02455,egobody,existing_paper_result,Shot3R,,streaming,recording_20220225_S27_S26_03
0.022420868308468542,0.01659725427604484,1.0,1.0,96.13783294071139,63.046057520165895,1.0,140.65453316105044,112.43931978077462,small,egobody_recording_20220225_S27_S26_03_small_kinect_14_kinect_13_b02455,egobody,existing_paper_result,Shot3R,,streaming,recording_20220225_S27_S26_03
0.3853855081092726,0.03572266680842046,0.75,0.8571428571428571,82.88427845812195,49.43033736773024,1.0,269.68239647303096,206.73134730754376,extreme,egobody_recording_20220225_S27_S26_04_extreme_kinect_15_kinect_14_b03731,egobody,existing_paper_result,Shot3R,,streaming,recording_20220225_S27_S26_04
0.14758050402194461,0.029980116170680842,0.75,0.8571428571428571,99.66470057762596,54.47185973482566,1.0,186.18866790006973,146.9242481081734,medium,egobody_recording_20220225_S27_S26_04_medium_kinect_15_kinect_12_b03731,egobody,existing_paper_result,Shot3R,,streaming,recording_20220225_S27_S26_04
0.05752527498408739,0.017754705475558515,1.0,1.0,102.49431662221077,60.331169106280726,1.0,141.75874754545666,120.9122480202586,small,egobody_recording_20220225_S27_S26_04_small_kinect_14_kinect_13_b03731,egobody,existing_paper_result,Shot3R,,streaming,recording_20220225_S27_S26_04
0.29497168778308996,0.007472680612743578,0.9966666666666667,0.8951747088186356,63.493020602130926,40.95975232336228,0.9933554817275747,270.3962231679076,225.2537101307596,extreme,egobody_recording_20220312_S29_S28_01_extreme_kinect_15_kinect_14_b03231,egobody,existing_paper_result,Shot3R,,streaming,recording_20220312_S29_S28_01
0.18494153427650545,0.02908478374367667,1.0,1.0,70.71577386678727,39.459071165450744,1.0,296.3344231673624,204.04383993349018,medium,egobody_recording_20220312_S29_S28_01_medium_kinect_12_kinect_15_b03231,egobody,existing_paper_result,Shot3R,,streaming,recording_20220312_S29_S28_01
0.03369467704673475,0.019268988763391993,1.0,1.0,71.90199526750285,39.224930302890016,1.0,127.08109661789099,119.17052252390994,small,egobody_recording_20220312_S29_S28_01_small_kinect_11_kinect_15_b03231,egobody,existing_paper_result,Shot3R,,streaming,recording_20220312_S29_S28_01
0.3272266984845215,0.009872068737658151,1.0,1.0,55.43503366100694,27.776355777384907,1.0,296.66869596316957,217.68307275986035,extreme,egobody_recording_20220312_S29_S28_02_extreme_kinect_14_kinect_15_b01761,egobody,existing_paper_result,Shot3R,,streaming,recording_20220312_S29_S28_02
0.13383292788604262,0.019254642885804748,1.0,1.0,58.418647764651965,26.0077066682745,1.0,142.0911054308598,134.5686796421555,medium,egobody_recording_20220312_S29_S28_02_medium_kinect_15_kinect_12_b01761,egobody,existing_paper_result,Shot3R,,streaming,recording_20220312_S29_S28_02
0.0490123128834967,0.015346880518882803,1.0,1.0,57.70383369344752,29.506013824583775,1.0,112.12949897363569,95.32418177035227,small,egobody_recording_20220312_S29_S28_02_small_kinect_11_kinect_15_b01761,egobody,existing_paper_result,Shot3R,,streaming,recording_20220312_S29_S28_02
0.3053216949569021,0.008331309442331701,1.0,1.0,58.288008383835425,28.059744151053323,1.0,210.40244585244685,192.36451993442915,extreme,egobody_recording_20220312_S29_S28_03_extreme_kinect_15_kinect_14_b03281,egobody,existing_paper_result,Shot3R,,streaming,recording_20220312_S29_S28_03
0.15605298192615105,0.01860860911645397,1.0,1.0,67.41804709225815,28.337369649269313,1.0,138.7391989495104,128.78990358703223,medium,egobody_recording_20220312_S29_S28_03_medium_kinect_15_kinect_12_b03281,egobody,existing_paper_result,Shot3R,,streaming,recording_20220312_S29_S28_03
0.03954302069472392,0.014722575476448447,1.0,1.0,60.46493712765725,28.083445258307773,1.0,97.89290420894591,81.54343423621572,small,egobody_recording_20220312_S29_S28_03_small_kinect_11_kinect_15_b03281,egobody,existing_paper_result,Shot3R,,streaming,recording_20220312_S29_S28_03
0.283536427595448,0.009469366100257023,0.7533333333333333,0.8593155893536122,54.37843839284152,31.017903227207043,1.0,375.9403699321839,222.92742021872104,extreme,egobody_recording_20220312_S29_S28_04_extreme_kinect_14_kinect_15_b04816,egobody,existing_paper_result,Shot3R,,streaming,recording_20220312_S29_S28_04
0.20700524886377838,0.019543990400190066,1.0,1.0,70.3127965194162,35.95970993831211,1.0,268.8957396729363,189.3671361971273,medium,egobody_recording_20220312_S29_S28_04_medium_kinect_12_kinect_15_b04816,egobody,existing_paper_result,Shot3R,,streaming,recording_20220312_S29_S28_04
0.08167225701808975,0.018944323156929642,1.0,1.0,57.40983732209808,33.334718755573334,1.0,108.68730170856348,105.68265873400796,small,egobody_recording_20220312_S29_S28_04_small_kinect_15_kinect_11_b04816,egobody,existing_paper_result,Shot3R,,streaming,recording_20220312_S29_S28_04
0.345734849362491,0.02017827758506007,0.92,0.9583333333333334,99.26614102157895,77.10199072188375,1.0,354.49841399446404,273.87248194474415,extreme,egobody_recording_20220312_S29_S28_05_extreme_kinect_15_kinect_14_b02786,egobody,existing_paper_result,Shot3R,,streaming,recording_20220312_S29_S28_05
0.16910591926152893,0.02903857282970458,0.92,0.9583333333333334,99.71670851183164,78.33239221278424,1.0,290.45785703403374,225.95767802724396,medium,egobody_recording_20220312_S29_S28_05_medium_kinect_15_kinect_12_b02786,egobody,existing_paper_result,Shot3R,,streaming,recording_20220312_S29_S28_05
0.028185307907992754,0.024607399688307052,0.75,0.8571428571428571,81.22218706637459,56.04248169139676,1.0,142.72060550544023,102.4469668727998,small,egobody_recording_20220312_S29_S28_05_small_kinect_11_kinect_15_b02786,egobody,existing_paper_result,Shot3R,,streaming,recording_20220312_S29_S28_05
0.9428997398741471,0.007210536985054648,1.0,1.0,51.34429885159504,28.74573760255717,1.0,683.8833995632799,535.2442791428382,extreme,egobody_recording_20220318_S31_S32_01_extreme_kinect_14_kinect_11_b03185,egobody,existing_paper_result,Shot3R,,streaming,recording_20220318_S31_S32_01
0.4295204980217561,0.007041254107137937,1.0,1.0,51.065240313521755,29.013562697167128,1.0,315.633663570594,232.55899650471218,medium,egobody_recording_20220318_S31_S32_01_medium_kinect_14_kinect_13_b03185,egobody,existing_paper_result,Shot3R,,streaming,recording_20220318_S31_S32_01
0.15960356297612266,0.012046191471787449,1.0,1.0,46.753029955975684,25.148750388224936,1.0,126.69336555758377,97.43169107958136,small,egobody_recording_20220318_S31_S32_01_small_kinect_11_kinect_12_b03185,egobody,existing_paper_result,Shot3R,,streaming,recording_20220318_S31_S32_01
1.018838023175109,0.011550863460852238,1.0,1.0,63.52642047990616,35.37346141731886,1.0,993.5579154161401,752.3290746571298,extreme,egobody_recording_20220318_S32_S31_01_extreme_kinect_11_kinect_14_b03251,egobody,existing_paper_result,Shot3R,,streaming,recording_20220318_S32_S31_01
0.5376110789937374,0.010181779989707112,1.0,1.0,66.34737527398885,40.121891258926205,1.0,429.7833748239459,343.6158980284167,medium,egobody_recording_20220318_S32_S31_01_medium_kinect_13_kinect_14_b03251,egobody,existing_paper_result,Shot3R,,streaming,recording_20220318_S32_S31_01
0.11909485035842234,0.011010015807070046,1.0,1.0,58.3588595167003,31.500105154614715,1.0,223.7493888555276,159.58786283477951,small,egobody_recording_20220318_S32_S31_01_small_kinect_11_kinect_12_b03251,egobody,existing_paper_result,Shot3R,,streaming,recording_20220318_S32_S31_01
0.6174624039505193,0.00694747863624492,1.0,1.0,65.90215603940732,44.29351200334489,1.0,314.93505688903736,261.1267863750204,extreme,egobody_recording_20220318_S32_S31_02_extreme_kinect_14_kinect_11_b03001,egobody,existing_paper_result,Shot3R,,streaming,recording_20220318_S32_S31_02
0.33002031676506144,0.009081869879754985,0.9966666666666667,0.998330550918197,63.40547478638668,38.53469360805754,1.0,228.65139762358214,175.54409515638622,medium,egobody_recording_20220318_S32_S31_02_medium_kinect_13_kinect_14_b03001,egobody,existing_paper_result,Shot3R,,streaming,recording_20220318_S32_S31_02
0.12965252689757054,0.016024609219314836,1.0,1.0,63.29388731339374,40.878464699765836,1.0,243.75084986991632,141.01420470447962,small,egobody_recording_20220318_S32_S31_02_small_kinect_11_kinect_12_b03001,egobody,existing_paper_result,Shot3R,,streaming,recording_20220318_S32_S31_02
0.825956869302162,0.011156972048717831,1.0,1.0,69.9696265021423,39.85828194808128,1.0,550.6707094975128,390.69869551510357,extreme,egobody_recording_20220318_S33_S34_01_extreme_kinect_14_kinect_11_b03921,egobody,existing_paper_result,Shot3R,,streaming,recording_20220318_S33_S34_01
0.3417304978144894,0.00932178684193208,1.0,1.0,60.60672278524243,36.20607958638852,1.0,215.51887146190174,148.09383192981122,medium,egobody_recording_20220318_S33_S34_01_medium_kinect_13_kinect_14_b03921,egobody,existing_paper_result,Shot3R,,streaming,recording_20220318_S33_S34_01
0.08385442619781294,0.010950907626999573,1.0,1.0,68.32728242261088,36.337605922488876,1.0,142.4675650258934,110.02004442257463,small,egobody_recording_20220318_S33_S34_01_small_kinect_12_kinect_11_b03921,egobody,existing_paper_result,Shot3R,,streaming,recording_20220318_S33_S34_01
0.5962962924568531,0.008418111072452116,1.0,1.0,61.86450614279779,41.26166960489952,1.0,386.0105972181252,351.9597148806184,extreme,egobody_recording_20220318_S33_S34_02_extreme_kinect_11_kinect_14_b03381,egobody,existing_paper_result,Shot3R,,streaming,recording_20220318_S33_S34_02
0.3481015995102908,0.008540643908325131,1.0,1.0,65.75089761490491,42.075770108392184,1.0,227.38609233928,175.32178481156274,medium,egobody_recording_20220318_S33_S34_02_medium_kinect_14_kinect_13_b03381,egobody,existing_paper_result,Shot3R,,streaming,recording_20220318_S33_S34_02
0.05633786485604127,0.011570196056111794,1.0,1.0,57.643603714515,36.152821292244724,1.0,153.26885235861488,98.02142124119229,small,egobody_recording_20220318_S33_S34_02_small_kinect_12_kinect_11_b03381,egobody,existing_paper_result,Shot3R,,streaming,recording_20220318_S33_S34_02
1.2548722683687166,0.00751526310702929,1.0,1.0,80.16845656024613,46.9674632195605,1.0,1167.5127564927516,627.0354418295333,extreme,egobody_recording_20220318_S34_S33_01_extreme_kinect_11_kinect_14_b02656,egobody,existing_paper_result,Shot3R,,streaming,recording_20220318_S34_S33_01
0.24978714156499326,0.006973869672145083,1.0,1.0,82.72721795406721,49.80741988739137,1.0,259.58691455861873,233.5010969723089,medium,egobody_recording_20220318_S34_S33_01_medium_kinect_14_kinect_13_b02656,egobody,existing_paper_result,Shot3R,,streaming,recording_20220318_S34_S33_01
0.15967043144423954,0.00810124433187228,1.0,1.0,78.75103481521427,45.26812827875662,1.0,292.34323531720395,197.70318781959014,small,egobody_recording_20220318_S34_S33_01_small_kinect_12_kinect_11_b02656,egobody,existing_paper_result,Shot3R,,streaming,recording_20220318_S34_S33_01
0.7889043260648134,0.012434151601818854,1.0,1.0,81.3714527670926,46.116333853245344,1.0,520.1124738669305,411.61905633396844,extreme,egobody_recording_20220318_S34_S33_02_extreme_kinect_11_kinect_14_b04321,egobody,existing_paper_result,Shot3R,,streaming,recording_20220318_S34_S33_02
0.34984137668442045,0.007110055261759973,1.0,1.0,78.02883616030671,46.112735459785775,1.0,290.0353556528763,208.67465236725798,medium,egobody_recording_20220318_S34_S33_02_medium_kinect_13_kinect_14_b04321,egobody,existing_paper_result,Shot3R,,streaming,recording_20220318_S34_S33_02
0.09807215263272823,0.013959203886209814,1.0,1.0,70.03547882972076,39.08208437384426,1.0,202.0242817698326,145.5896087901946,small,egobody_recording_20220318_S34_S33_02_small_kinect_12_kinect_11_b04321,egobody,existing_paper_result,Shot3R,,streaming,recording_20220318_S34_S33_02
0.6570329400365913,0.009175066490924377,1.0,1.0,67.59388068730158,42.70380124507866,1.0,365.871771107989,292.7740775230457,extreme,egobody_recording_20220318_S34_S33_03_extreme_kinect_11_kinect_14_b03186,egobody,existing_paper_result,Shot3R,,streaming,recording_20220318_S34_S33_03
0.42809921343736923,0.008251170455576889,1.0,1.0,70.3434904710859,43.04025585808063,1.0,196.37830400898966,144.9760237489486,medium,egobody_recording_20220318_S34_S33_03_medium_kinect_14_kinect_13_b03186,egobody,existing_paper_result,Shot3R,,streaming,recording_20220318_S34_S33_03
0.11624363724994183,0.012230183359074647,1.0,1.0,64.09747604739586,37.876365606919045,1.0,192.86518378404935,134.10587863348167,small,egobody_recording_20220318_S34_S33_03_small_kinect_11_kinect_12_b03186,egobody,existing_paper_result,Shot3R,,streaming,recording_20220318_S34_S33_03
0.5706890835264715,0.006648170295225181,1.0,1.0,59.83035715202728,32.76682506189935,1.0,262.6978222083712,221.42215455594987,extreme,egobody_recording_20220415_S35_S36_01_extreme_kinect_14_kinect_13_b02261,egobody,existing_paper_result,Shot3R,,streaming,recording_20220415_S35_S36_01
0.41827961207640235,0.004774520160467813,1.0,1.0,61.916609980853636,34.5082800848986,1.0,168.23751928828318,130.07729577560715,medium,egobody_recording_20220415_S35_S36_01_medium_kinect_15_kinect_13_b02261,egobody,existing_paper_result,Shot3R,,streaming,recording_20220415_S35_S36_01
0.11470468723518609,0.015113214692037419,1.0,1.0,59.097327326538874,32.88190312307653,1.0,89.87807434089453,79.57849432892993,small,egobody_recording_20220415_S35_S36_01_small_kinect_11_kinect_12_b02261,egobody,existing_paper_result,Shot3R,,streaming,recording_20220415_S35_S36_01
0.5081804646253365,0.007085139965920903,1.0,1.0,72.94024426560007,40.109691891624415,1.0,235.16200525142276,199.36346769938189,extreme,egobody_recording_20220415_S35_S36_02_extreme_kinect_13_kinect_14_b02241,egobody,existing_paper_result,Shot3R,,streaming,recording_20220415_S35_S36_02
0.41144244503279537,0.005464825042090406,1.0,1.0,70.188575110565,43.33458469986758,1.0,181.1504966242993,137.42913169164237,medium,egobody_recording_20220415_S35_S36_02_medium_kinect_13_kinect_15_b02241,egobody,existing_paper_result,Shot3R,,streaming,recording_20220415_S35_S36_02
0.12487631140582628,0.014524417104368853,1.0,1.0,71.62024975631032,39.699275557806054,1.0,130.41216242771833,100.86874712913836,small,egobody_recording_20220415_S35_S36_02_small_kinect_11_kinect_12_b02241,egobody,existing_paper_result,Shot3R,,streaming,recording_20220415_S35_S36_02
0.27424648515587297,0.14830414784265572,0.7366666666666667,0.7411167512690355,81.55403960343462,37.03487223926654,0.7594501718213058,1635.3144182441595,870.3197899359219,extreme,egobody_recording_20210907_S03_S04_01_extreme_kinect_13_kinect_11_b01801,egobody,success,OnlineHMR,,semi_online_tracking_global_camera,recording_20210907_S03_S04_01
0.15792948237945567,0.1164104022481515,0.4666666666666667,0.4654300168634064,101.8203671265814,33.50572518747778,0.4778156996587031,890.0793151659232,350.6029149571443,medium,egobody_recording_20210907_S03_S04_01_medium_kinect_12_kinect_13_b01801,egobody,success,OnlineHMR,,semi_online_tracking_global_camera,recording_20210907_S03_S04_01
0.08168512644645075,0.07372509545263858,0.6,0.5705128205128205,100.88599582436957,40.17422332442751,0.5555555555555556,748.93633533032,382.9543547870118,small,egobody_recording_20210907_S03_S04_01_small_kinect_11_kinect_12_b01801,egobody,success,OnlineHMR,,semi_online_tracking_global_camera,recording_20210907_S03_S04_01
0.34367518259211616,0.14761845931507275,0.9466666666666667,0.9427609427609428,58.22650318787706,29.886066488491117,0.9659863945578231,887.3778012057676,609.4628971628117,extreme,egobody_recording_20210911_S03_S08_01_extreme_kinect_13_kinect_11_b02141,egobody,success,OnlineHMR,,semi_online_tracking_global_camera,recording_20210911_S03_S08_01
0.14113374045881988,0.05928490520282338,0.9366666666666666,0.9425675675675675,68.18023590767577,31.922101421436977,0.9623287671232876,843.4592438568053,477.63324092015375,medium,egobody_recording_20210911_S03_S08_01_medium_kinect_11_kinect_12_b02141,egobody,success,OnlineHMR,,semi_online_tracking_global_camera,recording_20210911_S03_S08_01
0.22670777011786253,0.0919208069851858,0.98,0.9764309764309764,64.11895322407169,30.202683254985892,1.0,524.3802208126561,408.0546221060685,small,egobody_recording_20210911_S03_S08_01_small_kinect_13_kinect_12_b02141,egobody,success,OnlineHMR,,semi_online_tracking_global_camera,recording_20210911_S03_S08_01
0.3194287839111164,0.14766284315385456,0.88,0.8754208754208754,76.3664194219631,37.24603448376664,0.8979591836734694,1142.520967413939,584.3780500888088,extreme,egobody_recording_20210911_S03_S08_02_extreme_kinect_11_kinect_13_b03471,egobody,success,OnlineHMR,,semi_online_tracking_global_camera,recording_20210911_S03_S08_02
0.15801591566732,0.0585146006792463,0.8433333333333334,0.8465430016863407,84.83627421857001,45.520430336161866,0.863481228668942,832.9027148889186,399.50572067805416,medium,egobody_recording_20210911_S03_S08_02_medium_kinect_12_kinect_11_b03471,egobody,success,OnlineHMR,,semi_online_tracking_global_camera,recording_20210911_S03_S08_02
0.21387424457912663,0.09188416349062252,0.97,0.9645868465430016,71.89004625422457,36.67304044309834,0.9931740614334471,589.7712514686891,364.9791321051132,small,egobody_recording_20210911_S03_S08_02_small_kinect_13_kinect_12_b03471,egobody,success,OnlineHMR,,semi_online_tracking_global_camera,recording_20210911_S03_S08_02
0.1023995772641154,0.09906790659291469,0.65,0.6498316498316499,73.13535263663934,36.1297749835849,0.6632653061224489,873.2474684531386,401.3068620302614,extreme,egobody_recording_20210921_S05_S12_01_extreme_kinect_11_kinect_13_b02281,egobody,success,OnlineHMR,,semi_online_tracking_global_camera,recording_20210921_S05_S12_01
0.21292191230590704,0.06308116137251785,0.5433333333333333,0.5296052631578947,61.458702064318565,34.72792388576305,0.5292207792207793,420.31604419421586,359.8925694885497,medium,egobody_recording_20210921_S05_S12_01_medium_kinect_12_kinect_11_b02281,egobody,success,OnlineHMR,,semi_online_tracking_global_camera,recording_20210921_S05_S12_01
0.0919750340035946,0.05015000769229517,0.5866666666666667,0.4985507246376812,75.33562484911603,31.48569145766638,0.4512820512820513,210.5726946178497,130.82018837815846,small,egobody_recording_20210921_S05_S12_01_small_kinect_13_kinect_12_b02281,egobody,success,OnlineHMR,,semi_online_tracking_global_camera,recording_20210921_S05_S12_01
0.20773925997354278,0.10025549219798205,0.18666666666666668,0.18983050847457628,63.85653078886485,37.51976754122361,0.19310344827586207,169.8888906040713,79.73278259088258,extreme,egobody_recording_20210921_S05_S12_02_extreme_kinect_13_kinect_11_b01916,egobody,success,OnlineHMR,,semi_online_tracking_global_camera,recording_20210921_S05_S12_02
0.15906221248852162,0.06372894773436165,0.19666666666666666,0.19798657718120805,76.38090863966828,38.79909564418414,0.19932432432432431,306.6492039417584,171.16437572988687,medium,egobody_recording_20210921_S05_S12_02_medium_kinect_12_kinect_11_b01916,egobody,success,OnlineHMR,,semi_online_tracking_global_camera,recording_20210921_S05_S12_02
0.04611175143566096,0.04584884787392307,0.31666666666666665,0.3130148270181219,66.6607587128596,41.825329758447964,0.30944625407166126,169.63331248605246,114.89767185950015,small,egobody_recording_20210921_S05_S12_02_small_kinect_13_kinect_12_b01916,egobody,success,OnlineHMR,,semi_online_tracking_global_camera,recording_20210921_S05_S12_02
0.12462705313571938,0.09927496924374843,0.11333333333333333,0.11447811447811448,94.90670174158366,41.55760125576781,0.11564625850340136,167.0860958408695,141.55159558451766,extreme,egobody_recording_20210921_S05_S12_03_extreme_kinect_11_kinect_13_b03356,egobody,success,OnlineHMR,,semi_online_tracking_global_camera,recording_20210921_S05_S12_03
0.08430899404586001,0.05820312114918214,0.12333333333333334,0.12416107382550336,79.81377501829216,34.741134111020976,0.125,185.54927320491626,177.855672404632,medium,egobody_recording_20210921_S05_S12_03_medium_kinect_11_kinect_12_b03356,egobody,success,OnlineHMR,,semi_online_tracking_global_camera,recording_20210921_S05_S12_03
0.0905512489319731,0.04812129061166163,0.24666666666666667,0.24283305227655985,86.52199920066684,41.60519279788664,0.2525597269624573,255.92280420116205,178.84781023336916,small,egobody_recording_20210921_S05_S12_03_small_kinect_12_kinect_13_b03356,egobody,success,OnlineHMR,,semi_online_tracking_global_camera,recording_20210921_S05_S12_03
0.20102184558341624,0.10934590180817788,0.0033333333333333335,0.003367003367003367,101.19863337969971,62.28711689268185,0.003401360544217687,,,extreme,egobody_recording_20210929_S05_S16_01_extreme_kinect_11_kinect_13_b02576,egobody,success,OnlineHMR,,semi_online_tracking_global_camera,recording_20210929_S05_S16_01
0.07894156156524587,0.05278853007331639,0.0033333333333333335,0.003372681281618887,101.19863306523757,62.28711661641354,0.0034129692832764505,,,medium,egobody_recording_20210929_S05_S16_01_medium_kinect_11_kinect_12_b02576,egobody,success,OnlineHMR,,semi_online_tracking_global_camera,recording_20210929_S05_S16_01
0.11250424422350132,0.0632704268902629,0.0,0.0,,,0.0,,,small,egobody_recording_20210929_S05_S16_01_small_kinect_12_kinect_13_b02576,egobody,success,OnlineHMR,,semi_online_tracking_global_camera,recording_20210929_S05_S16_01
0.11246256412103146,0.11082095926391321,0.24666666666666667,0.24957841483979765,86.85099180764365,61.28294367547535,0.2525597269624573,2071.0183611334114,142.34978886184996,extreme,egobody_recording_20210929_S05_S16_02_extreme_kinect_13_kinect_11_b02316,egobody,success,OnlineHMR,,semi_online_tracking_global_camera,recording_20210929_S05_S16_02
0.08127527678297118,0.05107400896120577,0.25,0.25295109612141653,76.6520813873831,50.85105885288141,0.25597269624573377,,,medium,egobody_recording_20210929_S05_S16_02_medium_kinect_11_kinect_12_b02316,egobody,success,OnlineHMR,,semi_online_tracking_global_camera,recording_20210929_S05_S16_02
0.11238360154065759,0.06248862561742309,0.49666666666666665,0.49328859060402686,75.63547601955817,54.698653622771154,0.5033783783783784,327.19427487956045,232.4708334292323,small,egobody_recording_20210929_S05_S16_02_small_kinect_12_kinect_13_b02316,egobody,success,OnlineHMR,,semi_online_tracking_global_camera,recording_20210929_S05_S16_02
0.1938618414540345,0.10947628822428489,0.0,0.0,,,0.0,,,extreme,egobody_recording_20210929_S05_S16_03_extreme_kinect_11_kinect_13_b01076,egobody,success,OnlineHMR,,semi_online_tracking_global_camera,recording_20210929_S05_S16_03
0.08735879861998039,0.05080243566660504,0.0,0.0,,,0.0,,,medium,egobody_recording_20210929_S05_S16_03_medium_kinect_11_kinect_12_b01076,egobody,success,OnlineHMR,,semi_online_tracking_global_camera,recording_20210929_S05_S16_03
0.061579681652082205,0.061070354997417246,0.0,0.0,,,0.0,,,small,egobody_recording_20210929_S05_S16_03_small_kinect_13_kinect_12_b01076,egobody,success,OnlineHMR,,semi_online_tracking_global_camera,recording_20210929_S05_S16_03
0.11248271773196218,0.11114897518300228,0.0,0.0,,,0.0,,,extreme,egobody_recording_20210929_S05_S16_04_extreme_kinect_13_kinect_11_b02616,egobody,success,OnlineHMR,,semi_online_tracking_global_camera,recording_20210929_S05_S16_04
0.09512019786808217,0.05263719283076185,0.0,0.0,,,0.0,,,medium,egobody_recording_20210929_S05_S16_04_medium_kinect_12_kinect_11_b02616,egobody,success,OnlineHMR,,semi_online_tracking_global_camera,recording_20210929_S05_S16_04
0.09751238103625444,0.06382817700146842,0.0,0.0,,,0.0,,,small,egobody_recording_20210929_S05_S16_04_small_kinect_12_kinect_13_b02616,egobody,success,OnlineHMR,,semi_online_tracking_global_camera,recording_20210929_S05_S16_04
0.2872405958281699,0.11119242207843011,0.77,0.7723440134907251,70.90331728485636,36.903386594388934,0.78839590443686,1527.4306291825767,739.8161049155101,extreme,egobody_recording_20211002_S17_S15_01_extreme_kinect_11_kinect_13_b02701,egobody,success,OnlineHMR,,semi_online_tracking_global_camera,recording_20211002_S17_S15_01
0.1294388074555717,0.04788830585765577,0.7833333333333333,0.7777777777777778,81.2913134172327,38.84699907527767,0.7993197278911565,1244.0545964700334,662.4555082361745,medium,egobody_recording_20211002_S17_S15_01_medium_kinect_12_kinect_13_b02701,egobody,success,OnlineHMR,,semi_online_tracking_global_camera,recording_20211002_S17_S15_01
0.2449977700167258,0.07925491019344764,0.7066666666666667,0.7094594594594594,88.07352883498541,40.70318148992212,0.726027397260274,858.6203198401946,310.38661200177916,small,egobody_recording_20211002_S17_S15_01_small_kinect_12_kinect_11_b02701,egobody,success,OnlineHMR,,semi_online_tracking_global_camera,recording_20211002_S17_S15_01
0.618751067856626,0.6174073037476088,0.63,0.5052316890881914,108.38135377489357,56.94997609187305,0.5121951219512195,1749.2666124743462,989.0892748990397,extreme,egobody_recording_20211002_S17_S15_02_extreme_kinect_13_kinect_11_b01321,egobody,success,OnlineHMR,,semi_online_tracking_global_camera,recording_20211002_S17_S15_02
0.07460635687216903,0.04918873483482194,0.7333333333333333,0.6721854304635762,107.61580033273566,52.0531839740896,0.7236842105263158,2168.0498949586768,674.3901089351622,medium,egobody_recording_20211002_S17_S15_02_medium_kinect_13_kinect_12_b01321,egobody,success,OnlineHMR,,semi_online_tracking_global_camera,recording_20211002_S17_S15_02
0.14466650722644073,0.07854527299416132,0.7333333333333333,0.7324414715719063,111.766796541513,51.307550036641935,0.738255033557047,861.8018084110739,507.90190520314087,small,egobody_recording_20211002_S17_S15_02_small_kinect_12_kinect_11_b01321,egobody,success,OnlineHMR,,semi_online_tracking_global_camera,recording_20211002_S17_S15_02
1.5468018057856303,1.1547546371969108,0.93,0.6756352765321375,147.44616655811916,76.13847108867783,0.7560975609756098,1240.3213225756126,1029.976789680554,extreme,egobody_recording_20211002_S17_S15_03_extreme_kinect_13_kinect_11_b02531,egobody,success,OnlineHMR,,semi_online_tracking_global_camera,recording_20211002_S17_S15_03
0.08673006660531649,0.05086698901125997,0.9666666666666667,0.5924812030075188,129.77495445205645,65.28077496708794,0.7945205479452054,822.3881041734745,750.1350014112422,medium,egobody_recording_20211002_S17_S15_03_medium_kinect_13_kinect_12_b02531,egobody,success,OnlineHMR,,semi_online_tracking_global_camera,recording_20211002_S17_S15_03
0.07880386404908442,0.07823079852741707,0.77,0.7710437710437711,124.71973622759675,66.72143441410087,0.7857142857142857,877.8476116957982,323.5316539728059,small,egobody_recording_20211002_S17_S15_03_small_kinect_11_kinect_12_b02531,egobody,success,OnlineHMR,,semi_online_tracking_global_camera,recording_20211002_S17_S15_03
0.18293937650575057,0.1161496691188125,0.09,0.09152542372881356,66.38351088329271,31.925086090869943,0.09310344827586207,,,extreme,egobody_recording_20211004_S12_S20_01_extreme_kinect_11_kinect_13_b02556,egobody,success,OnlineHMR,,semi_online_tracking_global_camera,recording_20211004_S12_S20_01
0.05642050775694849,0.0553861449601218,0.11333333333333333,0.11409395973154363,68.29692019852287,34.59154068168079,0.11486486486486487,58.81895236839759,55.79461055259195,medium,egobody_recording_20211004_S12_S20_01_medium_kinect_13_kinect_12_b02556,egobody,success,OnlineHMR,,semi_online_tracking_global_camera,recording_20211004_S12_S20_01
0.1403305954643829,0.06207342118763331,0.0033333333333333335,0.0033783783783783786,58.14707146820084,23.769693237006685,0.003424657534246575,,,small,egobody_recording_20211004_S12_S20_01_small_kinect_11_kinect_12_b02556,egobody,success,OnlineHMR,,semi_online_tracking_global_camera,recording_20211004_S12_S20_01
0.15339911696435857,0.11370427068289167,0.0,0.0,,,0.0,,,extreme,egobody_recording_20211004_S12_S20_02_extreme_kinect_13_kinect_11_b01776,egobody,success,OnlineHMR,,semi_online_tracking_global_camera,recording_20211004_S12_S20_02
0.0631580518218271,0.05518923347077984,0.0,0.0,,,0.0,,,medium,egobody_recording_20211004_S12_S20_02_medium_kinect_13_kinect_12_b01776,egobody,success,OnlineHMR,,semi_online_tracking_global_camera,recording_20211004_S12_S20_02
0.1138294357108695,0.06439783732090469,0.0,0.0,,,0.0,,,small,egobody_recording_20211004_S12_S20_02_small_kinect_12_kinect_11_b01776,egobody,success,OnlineHMR,,semi_online_tracking_global_camera,recording_20211004_S12_S20_02
0.18448793035220767,0.11604405455359791,0.006666666666666667,0.006779661016949152,90.81302088836576,27.844455806209766,0.006896551724137931,,,extreme,egobody_recording_20211004_S12_S20_03_extreme_kinect_11_kinect_13_b01986,egobody,success,OnlineHMR,,semi_online_tracking_global_camera,recording_20211004_S12_S20_03
0.05721537438888726,0.05462881138605128,0.07,0.06375838926174497,104.59100927621321,34.38182949451737,0.07094594594594594,112.78997526947121,138.30774055058168,medium,egobody_recording_20211004_S12_S20_03_medium_kinect_13_kinect_12_b01986,egobody,success,OnlineHMR,,semi_online_tracking_global_camera,recording_20211004_S12_S20_03
0.11207717809572107,0.06221543397605065,0.01,0.010135135135135136,73.46324381648701,23.93764132472894,0.010273972602739725,,,small,egobody_recording_20211004_S12_S20_03_small_kinect_11_kinect_12_b01986,egobody,success,OnlineHMR,,semi_online_tracking_global_camera,recording_20211004_S12_S20_03
0.13329821184990212,0.11406900150631964,0.0,0.0,,,0.0,,,extreme,egobody_recording_20211004_S12_S20_04_extreme_kinect_13_kinect_11_b03381,egobody,success,OnlineHMR,,semi_online_tracking_global_camera,recording_20211004_S12_S20_04
0.05627327228437393,0.05577903946683866,0.01,0.010067114093959731,132.93829612800315,37.31696576356213,0.010135135135135136,,,medium,egobody_recording_20211004_S12_S20_04_medium_kinect_13_kinect_12_b03381,egobody,success,OnlineHMR,,semi_online_tracking_global_camera,recording_20211004_S12_S20_04
0.07629576024195904,0.06265793425726746,0.01,0.010135135135135136,132.9383834631209,37.31695419240676,0.010273972602739725,,,small,egobody_recording_20211004_S12_S20_04_small_kinect_11_kinect_12_b03381,egobody,success,OnlineHMR,,semi_online_tracking_global_camera,recording_20211004_S12_S20_04
0.13525578457091722,0.1140647591824847,0.0,0.0,,,0.0,,,extreme,egobody_recording_20211004_S20_S12_01_extreme_kinect_13_kinect_11_b02766,egobody,success,OnlineHMR,,semi_online_tracking_global_camera,recording_20211004_S20_S12_01
0.10811370737488403,0.05641305279696644,0.0,0.0,,,0.0,,,medium,egobody_recording_20211004_S20_S12_01_medium_kinect_12_kinect_13_b02766,egobody,success,OnlineHMR,,semi_online_tracking_global_camera,recording_20211004_S20_S12_01
0.11536906292589885,0.06359056753812999,0.0,0.0,,,0.0,,,small,egobody_recording_20211004_S20_S12_01_small_kinect_12_kinect_11_b02766,egobody,success,OnlineHMR,,semi_online_tracking_global_camera,recording_20211004_S20_S12_01
0.1571402485341891,0.11357137634847812,0.47333333333333333,0.42105263157894735,88.22130411003552,44.48501388290496,0.38904109589041097,370.032364166559,360.4684561305653,extreme,egobody_recording_20211004_S20_S12_02_extreme_kinect_13_kinect_11_b01446,egobody,success,OnlineHMR,,semi_online_tracking_global_camera,recording_20211004_S20_S12_02
0.07024027681458374,0.06098347929851737,0.48333333333333334,0.4882154882154882,80.51075723998835,42.69924146349347,0.4931972789115646,624.4033609602512,214.53976311942628,medium,egobody_recording_20211004_S20_S12_02_medium_kinect_12_kinect_13_b01446,egobody,success,OnlineHMR,,semi_online_tracking_global_camera,recording_20211004_S20_S12_02
0.10811488618662599,0.06466134217485144,0.47,0.47796610169491527,81.9809137841423,43.5917397939883,0.4862068965517241,330.3202250417723,212.9254842669848,small,egobody_recording_20211004_S20_S12_02_small_kinect_12_kinect_11_b01446,egobody,success,OnlineHMR,,semi_online_tracking_global_camera,recording_20211004_S20_S12_02
0.1905417946310829,0.11611339288961695,0.24,0.24283305227655985,84.92175523576095,44.24525914013981,0.24573378839590443,,,extreme,egobody_recording_20211004_S20_S12_03_extreme_kinect_11_kinect_13_b01396,egobody,success,OnlineHMR,,semi_online_tracking_global_camera,recording_20211004_S20_S12_03
0.06498816826806009,0.055068110511610605,0.56,0.5570469798657718,73.50017262725729,40.279507562259994,0.5675675675675675,429.7954253238164,373.0241574884311,medium,egobody_recording_20211004_S20_S12_03_medium_kinect_13_kinect_12_b01396,egobody,success,OnlineHMR,,semi_online_tracking_global_camera,recording_20211004_S20_S12_03
0.13847187023408028,0.0628806083123049,0.24666666666666667,0.24324324324324326,74.94068532070706,34.47691401813752,0.2534246575342466,107.61613390312273,83.1868102370288,small,egobody_recording_20211004_S20_S12_03_small_kinect_12_kinect_11_b01396,egobody,success,OnlineHMR,,semi_online_tracking_global_camera,recording_20211004_S20_S12_03
0.1891602271410165,0.11329059065950782,0.5333333333333333,0.535593220338983,76.00680510786985,31.351476333904753,0.5517241379310345,331.78210141262997,274.9522635171717,extreme,egobody_recording_20211004_S20_S12_04_extreme_kinect_13_kinect_11_b03056,egobody,success,OnlineHMR,,semi_online_tracking_global_camera,recording_20211004_S20_S12_04
0.08999625823784387,0.060192321753809674,0.69,0.6913996627318718,65.03609066543017,31.093370834436787,0.7064846416382252,522.9171498840493,356.2952600115988,medium,egobody_recording_20211004_S20_S12_04_medium_kinect_12_kinect_13_b03056,egobody,success,OnlineHMR,,semi_online_tracking_global_camera,recording_20211004_S20_S12_04
0.13385466110603186,0.06450338472991048,0.6566666666666666,0.6587837837837838,71.20482595753582,32.29580136045651,0.6746575342465754,666.3131874261969,175.89055135664802,small,egobody_recording_20211004_S20_S12_04_small_kinect_12_kinect_11_b03056,egobody,success,OnlineHMR,,semi_online_tracking_global_camera,recording_20211004_S20_S12_04
0.4468597955840166,0.23615704995184758,0.25666666666666665,0.24957841483979765,87.1607806099783,82.37575551086782,0.2627986348122867,2209.8442186873503,376.2865713002992,extreme,egobody_recording_20220225_S24_S25_01_extreme_kinect_14_kinect_15_b02966,egobody,success,OnlineHMR,,semi_online_tracking_global_camera,recording_20220225_S24_S25_01
0.4485749593199166,0.1610316460569248,0.006666666666666667,0.006779661016949152,229.79608369083428,152.96130190280257,0.006896551724137931,152.9739643772258,152.9739643772258,medium,egobody_recording_20220225_S24_S25_01_medium_kinect_15_kinect_12_b02966,egobody,success,OnlineHMR,,semi_online_tracking_global_camera,recording_20220225_S24_S25_01
0.11001903888475936,0.056482660831937086,0.25,0.2516778523489933,59.091081336584054,42.11571183683194,0.2533783783783784,,,small,egobody_recording_20220225_S24_S25_01_small_kinect_13_kinect_14_b02966,egobody,success,OnlineHMR,,semi_online_tracking_global_camera,recording_20220225_S24_S25_01
0.4858873038921494,0.233952631830193,0.51,0.3392,130.72944261088784,61.43086061760453,0.4707692307692308,976.9475691625904,998.4541964386539,extreme,egobody_recording_20220225_S24_S25_02_extreme_kinect_14_kinect_15_b03501,egobody,success,OnlineHMR,,semi_online_tracking_global_camera,recording_20220225_S24_S25_02
0.8542437137732419,0.1560627815468436,0.37,0.21508828250401285,144.90234201627962,56.85644678807717,0.34365325077399383,2052.394420793141,1372.915466362645,medium,egobody_recording_20220225_S24_S25_02_medium_kinect_12_kinect_15_b03501,egobody,success,OnlineHMR,,semi_online_tracking_global_camera,recording_20220225_S24_S25_02
0.10687453771201708,0.057125077693804135,0.49,0.4882154882154882,69.54215567270889,44.94898083116806,0.5,459.81086290473615,322.8189479535806,small,egobody_recording_20220225_S24_S25_02_small_kinect_13_kinect_14_b03501,egobody,success,OnlineHMR,,semi_online_tracking_global_camera,recording_20220225_S24_S25_02
0.873149132198785,0.23769313231882458,0.39,0.09234507897934387,169.75806126367135,62.75384237280392,0.2237093690248566,2345.905587803137,1166.4760301344047,extreme,egobody_recording_20220225_S25_S24_01_extreme_kinect_15_kinect_14_b03341,egobody,success,OnlineHMR,,semi_online_tracking_global_camera,recording_20220225_S25_S24_01
0.4872655395236851,0.15843784814696937,0.30666666666666664,0.30354131534569984,78.12140154028432,37.70413321093001,0.31399317406143346,2894.7590838999217,286.2738704082143,medium,egobody_recording_20220225_S25_S24_01_medium_kinect_15_kinect_12_b03341,egobody,success,OnlineHMR,,semi_online_tracking_global_camera,recording_20220225_S25_S24_01
0.1171177088781001,0.059167438190703726,0.38,0.3825503355704698,74.2756222304756,34.44968028473695,0.38513513513513514,2949.9687585340994,368.1211640516452,small,egobody_recording_20220225_S25_S24_01_small_kinect_13_kinect_14_b03341,egobody,success,OnlineHMR,,semi_online_tracking_global_camera,recording_20220225_S25_S24_01
0.8521816551237744,0.23551189416949891,0.7366666666666667,0.45209580838323354,154.9534546645233,103.70604690797218,0.6005434782608695,2191.941442568719,1003.631170466645,extreme,egobody_recording_20220225_S27_S26_01_extreme_kinect_15_kinect_14_b02876,egobody,success,OnlineHMR,,semi_online_tracking_global_camera,recording_20220225_S27_S26_01
0.4412463726836973,0.1746939909070299,0.73,0.7318718381112985,108.01095592553382,61.391241701639814,0.7474402730375427,2416.4153199882544,893.4326558846301,medium,egobody_recording_20220225_S27_S26_01_medium_kinect_15_kinect_12_b02876,egobody,success,OnlineHMR,,semi_online_tracking_global_camera,recording_20220225_S27_S26_01
0.10566466504044947,0.057999602896139424,0.5166666666666667,0.5134228187919463,100.64391464475935,56.34293710505179,0.5236486486486487,2467.207156397839,400.4617548590108,small,egobody_recording_20220225_S27_S26_01_small_kinect_14_kinect_13_b02876,egobody,success,OnlineHMR,,semi_online_tracking_global_camera,recording_20220225_S27_S26_01
0.8560591379320255,0.2362063585815145,0.7466666666666667,0.3125827814569536,175.52489971388428,98.16388600601464,0.49230769230769234,2064.4971920707535,942.4643812918749,extreme,egobody_recording_20220225_S27_S26_02_extreme_kinect_15_kinect_14_b03911,egobody,success,OnlineHMR,,semi_online_tracking_global_camera,recording_20220225_S27_S26_02
0.5895435316153944,0.18071632389242884,0.7133333333333334,0.43097643097643096,173.58522909999922,90.88342238231391,0.7278911564625851,1441.9756881615167,982.3592636300671,medium,egobody_recording_20220225_S27_S26_02_medium_kinect_12_kinect_15_b03911,egobody,success,OnlineHMR,,semi_online_tracking_global_camera,recording_20220225_S27_S26_02
0.11170631291974914,0.058155003265073786,0.3433333333333333,0.34563758389261745,76.74336069269705,46.920861097356365,0.34797297297297297,2308.590270899145,359.7061017085253,small,egobody_recording_20220225_S27_S26_02_small_kinect_14_kinect_13_b03911,egobody,success,OnlineHMR,,semi_online_tracking_global_camera,recording_20220225_S27_S26_02
0.41731562022734314,0.2329703207027135,0.006666666666666667,0.006734006734006734,240.8454388627003,109.88333125214587,0.006802721088435374,109.89705006984411,109.89705006984411,extreme,egobody_recording_20220225_S27_S26_03_extreme_kinect_14_kinect_15_b02455,egobody,success,OnlineHMR,,semi_online_tracking_global_camera,recording_20220225_S27_S26_03
0.3650103121758553,0.17477536315298497,0.0,0.0,,,0.0,,,medium,egobody_recording_20220225_S27_S26_03_medium_kinect_15_kinect_12_b02455,egobody,success,OnlineHMR,,semi_online_tracking_global_camera,recording_20220225_S27_S26_03
0.081158061614523,0.05608630251001755,0.006666666666666667,0.006711409395973154,240.8454388627003,109.88333125214587,0.006756756756756757,109.89705006984411,109.89705006984411,small,egobody_recording_20220225_S27_S26_03_small_kinect_14_kinect_13_b02455,egobody,success,OnlineHMR,,semi_online_tracking_global_camera,recording_20220225_S27_S26_03
0.8863858874931266,0.23410182276304553,0.0,0.0,,,0.0,,,extreme,egobody_recording_20220225_S27_S26_04_extreme_kinect_15_kinect_14_b03731,egobody,success,OnlineHMR,,semi_online_tracking_global_camera,recording_20220225_S27_S26_04
0.3689843917028542,0.16533106981798545,0.0,0.0,,,0.0,,,medium,egobody_recording_20220225_S27_S26_04_medium_kinect_15_kinect_12_b03731,egobody,success,OnlineHMR,,semi_online_tracking_global_camera,recording_20220225_S27_S26_04
0.056874993166713544,0.05612799308382459,0.006666666666666667,0.006711409395973154,248.0286966683251,122.53938691691752,0.006756756756756757,122.54119293282614,122.54119293282614,small,egobody_recording_20220225_S27_S26_04_small_kinect_14_kinect_13_b03731,egobody,success,OnlineHMR,,semi_online_tracking_global_camera,recording_20220225_S27_S26_04
0.3799714949692138,0.19820287073963502,0.7433333333333333,0.3368421052631579,132.06712762838362,67.9706514131396,0.6109589041095891,1138.492750617541,952.6011346922982,extreme,egobody_recording_20220312_S29_S28_01_extreme_kinect_15_kinect_14_b03231,egobody,success,OnlineHMR,,semi_online_tracking_global_camera,recording_20220312_S29_S28_01
0.24401713280066248,0.12974048329898535,0.98,0.6056971514242878,120.04765224263063,67.04853965057397,0.8010899182561307,770.3740246395465,802.3862633599641,medium,egobody_recording_20220312_S29_S28_01_medium_kinect_12_kinect_15_b03231,egobody,success,OnlineHMR,,semi_online_tracking_global_camera,recording_20220312_S29_S28_01
0.11211869622764074,0.06415301496136427,0.5566666666666666,0.5531197301854974,53.7679877490344,32.8859249941388,0.5699658703071673,434.19719709811494,350.6218115697251,small,egobody_recording_20220312_S29_S28_01_small_kinect_11_kinect_15_b03231,egobody,success,OnlineHMR,,semi_online_tracking_global_camera,recording_20220312_S29_S28_01
0.43974856376362453,0.19708590720625396,0.74,0.46776611694152925,118.76893095807561,36.53211542867771,0.6049046321525886,2010.9455046445717,889.0106407033826,extreme,egobody_recording_20220312_S29_S28_02_extreme_kinect_14_kinect_15_b01761,egobody,success,OnlineHMR,,semi_online_tracking_global_camera,recording_20220312_S29_S28_02
0.17425282060371813,0.12919846340020932,0.28,0.27796610169491526,42.29888246362727,22.020709457569193,0.2896551724137931,220.11453957062068,308.74844957664624,medium,egobody_recording_20220312_S29_S28_02_medium_kinect_15_kinect_12_b01761,egobody,success,OnlineHMR,,semi_online_tracking_global_camera,recording_20220312_S29_S28_02
0.12476505826508347,0.06382819406067289,0.49,0.48986486486486486,54.27897723248696,26.003625044228084,0.5034246575342466,379.6617409965842,281.7994677975032,small,egobody_recording_20220312_S29_S28_02_small_kinect_11_kinect_15_b01761,egobody,success,OnlineHMR,,semi_online_tracking_global_camera,recording_20220312_S29_S28_02
0.5261270997657037,0.19804563241482495,0.7266666666666667,0.3564954682779456,120.48717477579996,34.227941177172916,0.6022099447513812,1530.2565937162187,831.3008476555775,extreme,egobody_recording_20220312_S29_S28_03_extreme_kinect_15_kinect_14_b03281,egobody,success,OnlineHMR,,semi_online_tracking_global_camera,recording_20220312_S29_S28_03
0.26730372640047617,0.13068122709959723,0.4866666666666667,0.4856661045531197,61.491323726062745,29.40328891057654,0.49829351535836175,790.7355825856322,390.9242955326257,medium,egobody_recording_20220312_S29_S28_03_medium_kinect_15_kinect_12_b03281,egobody,success,OnlineHMR,,semi_online_tracking_global_camera,recording_20220312_S29_S28_03
0.15047446594397376,0.06416402207642181,0.49666666666666665,0.48903878583473864,54.152591123652876,25.393023830386927,0.5085324232081911,332.58521623997143,255.13964647684384,small,egobody_recording_20220312_S29_S28_03_small_kinect_11_kinect_15_b03281,egobody,success,OnlineHMR,,semi_online_tracking_global_camera,recording_20220312_S29_S28_03
0.4257723732624956,0.19821213764208717,0.61,0.21338912133891214,116.21583944002013,59.485636230258564,0.27896341463414637,2022.8425682846448,754.4913123024901,extreme,egobody_recording_20220312_S29_S28_04_extreme_kinect_14_kinect_15_b04816,egobody,success,OnlineHMR,,semi_online_tracking_global_camera,recording_20220312_S29_S28_04
0.3796662259140586,0.1303527449992867,0.31333333333333335,0.2711864406779661,123.00193656061218,68.55702653471079,0.32413793103448274,,,medium,egobody_recording_20220312_S29_S28_04_medium_kinect_12_kinect_15_b04816,egobody,success,OnlineHMR,,semi_online_tracking_global_camera,recording_20220312_S29_S28_04
0.09037133915451515,0.06402286235184776,0.2866666666666667,0.28330522765598654,56.32647847386727,35.88387670162013,0.2935153583617747,153.83980253183054,168.41952392735732,small,egobody_recording_20220312_S29_S28_04_small_kinect_15_kinect_11_b04816,egobody,success,OnlineHMR,,semi_online_tracking_global_camera,recording_20220312_S29_S28_04
0.3586791081015877,0.19892741575541079,0.8033333333333333,0.649546827794562,130.04507565640995,78.21429894729708,0.6657458563535912,1420.666256406435,877.0223324716882,extreme,egobody_recording_20220312_S29_S28_05_extreme_kinect_15_kinect_14_b02786,egobody,success,OnlineHMR,,semi_online_tracking_global_camera,recording_20220312_S29_S28_05
0.1499443196626681,0.1297506488211285,0.5733333333333334,0.5622895622895623,118.24003538883208,78.96683347951316,0.5850340136054422,760.5812311173645,506.46700682619445,medium,egobody_recording_20220312_S29_S28_05_medium_kinect_15_kinect_12_b02786,egobody,success,OnlineHMR,,semi_online_tracking_global_camera,recording_20220312_S29_S28_05
0.10175100254149916,0.06367812940980508,0.49666666666666665,0.5028790786948176,105.78690512691603,60.84816935441568,0.6742081447963801,1196.345507824413,465.7600635609793,small,egobody_recording_20220312_S29_S28_05_small_kinect_11_kinect_15_b02786,egobody,success,OnlineHMR,,semi_online_tracking_global_camera,recording_20220312_S29_S28_05
3.618052192464044,3.0173420609082147,0.3566666666666667,0.18845700824499412,74.44768848667917,39.12202372451455,0.19489981785063754,576.7408644581635,456.23339622264,extreme,egobody_recording_20220318_S31_S32_01_extreme_kinect_14_kinect_11_b03185,egobody,success,OnlineHMR,,semi_online_tracking_global_camera,recording_20220318_S31_S32_01
0.2416635682059373,0.24027115094309304,0.24666666666666667,0.24324324324324326,76.33610435776386,44.8787797953825,0.2534246575342466,88.07881607093856,63.770149436878654,medium,egobody_recording_20220318_S31_S32_01_medium_kinect_14_kinect_13_b03185,egobody,success,OnlineHMR,,semi_online_tracking_global_camera,recording_20220318_S31_S32_01
0.15933702962580687,0.0547631912594337,0.21666666666666667,0.21140939597315436,68.71182967592162,26.580484120019854,0.2195945945945946,147.14671447203466,201.3654643835561,small,egobody_recording_20220318_S31_S32_01_small_kinect_11_kinect_12_b03185,egobody,success,OnlineHMR,,semi_online_tracking_global_camera,recording_20220318_S31_S32_01
3.5937327497862066,0.6948993773608354,0.7266666666666667,0.3473541383989145,130.38034327979017,79.42937539692755,0.4988558352402746,1732.3377837520793,850.0510539705998,extreme,egobody_recording_20220318_S32_S31_01_extreme_kinect_11_kinect_14_b03251,egobody,success,OnlineHMR,,semi_online_tracking_global_camera,recording_20220318_S32_S31_01
0.23619013157864932,0.2385514610997517,0.4866666666666667,0.488135593220339,66.15411535758703,42.3435684185914,0.503448275862069,1248.533305490565,420.5360066824503,medium,egobody_recording_20220318_S32_S31_01_medium_kinect_13_kinect_14_b03251,egobody,success,OnlineHMR,,semi_online_tracking_global_camera,recording_20220318_S32_S31_01
0.15603110758770705,0.05610078481782257,0.7333333333333333,0.734006734006734,52.473446228610804,29.178483497901123,0.7482993197278912,663.888159690486,367.02792551785717,small,egobody_recording_20220318_S32_S31_01_small_kinect_11_kinect_12_b03251,egobody,success,OnlineHMR,,semi_online_tracking_global_camera,recording_20220318_S32_S31_01
3.61767175072724,3.162842238891635,0.49,0.40333796940194716,75.00736558087421,39.16846407013916,0.35083532219570407,1037.2076934562895,373.9247082775349,extreme,egobody_recording_20220318_S32_S31_02_extreme_kinect_14_kinect_11_b03001,egobody,success,OnlineHMR,,semi_online_tracking_global_camera,recording_20220318_S32_S31_02
0.24273539508528955,0.23920425880790153,0.49,0.48494983277591974,72.81738392685479,39.245047991725784,0.49328859060402686,1621.0487121138044,434.6073232337075,medium,egobody_recording_20220318_S32_S31_02_medium_kinect_13_kinect_14_b03001,egobody,success,OnlineHMR,,semi_online_tracking_global_camera,recording_20220318_S32_S31_02
0.11975758196167438,0.0564120419558577,0.7366666666666667,0.7386172006745363,64.52888283311144,32.40695585354064,0.7542662116040956,673.2418267838599,328.32547458455906,small,egobody_recording_20220318_S32_S31_02_small_kinect_11_kinect_12_b03001,egobody,success,OnlineHMR,,semi_online_tracking_global_camera,recording_20220318_S32_S31_02
3.6166841369479865,2.548743416295263,0.3466666666666667,0.34459459459459457,100.07550182263853,40.20799035400326,0.3561643835616438,983.5829277193569,511.8346044050034,extreme,egobody_recording_20220318_S33_S34_01_extreme_kinect_14_kinect_11_b03921,egobody,success,OnlineHMR,,semi_online_tracking_global_camera,recording_20220318_S33_S34_01
0.27648647782441915,0.24181143202624725,0.6066666666666667,0.6101694915254238,84.20635902792118,39.70388386363434,0.6275862068965518,1799.9077273458818,535.6005882896445,medium,egobody_recording_20220318_S33_S34_01_medium_kinect_13_kinect_14_b03921,egobody,success,OnlineHMR,,semi_online_tracking_global_camera,recording_20220318_S33_S34_01
0.17727049108400736,0.05738211845696597,0.5866666666666667,0.5868465430016864,60.730580120005264,38.24354923066795,0.6006825938566553,1040.3226425246316,251.76963964970426,small,egobody_recording_20220318_S33_S34_01_small_kinect_12_kinect_11_b03921,egobody,success,OnlineHMR,,semi_online_tracking_global_camera,recording_20220318_S33_S34_01
3.6156219708189017,3.1950868647242654,0.48333333333333334,0.4822934232715008,77.65103277083927,46.09264259940625,0.4948805460750853,1838.1432995737719,210.17508646170293,extreme,egobody_recording_20220318_S33_S34_02_extreme_kinect_11_kinect_14_b03381,egobody,success,OnlineHMR,,semi_online_tracking_global_camera,recording_20220318_S33_S34_02
0.3332883992880085,0.24294081022371117,0.5333333333333333,0.5337837837837838,74.5788616065748,40.80299744245089,0.547945205479452,3122.7700966844513,568.6899832540385,medium,egobody_recording_20220318_S33_S34_02_medium_kinect_14_kinect_13_b03381,egobody,success,OnlineHMR,,semi_online_tracking_global_camera,recording_20220318_S33_S34_02
0.18411697960936801,0.09524712994011217,0.7266666666666667,0.7284991568296796,60.49254880168664,29.591487919060732,0.7440273037542662,560.1658236553081,314.10857163792036,small,egobody_recording_20220318_S33_S34_02_small_kinect_12_kinect_11_b03381,egobody,success,OnlineHMR,,semi_online_tracking_global_camera,recording_20220318_S33_S34_02
3.6132873646193646,1.7331063886716769,0.49,0.31736526946107785,305.60336635585105,68.27876192392982,0.39945652173913043,,,extreme,egobody_recording_20220318_S34_S33_01_extreme_kinect_11_kinect_14_b02656,egobody,success,OnlineHMR,,semi_online_tracking_global_camera,recording_20220318_S34_S33_01
0.23864818953645178,0.24047090933181448,0.24666666666666667,0.24283305227655985,108.3075176593286,58.65355272013403,0.2525597269624573,69.48960027171174,63.87465068951285,medium,egobody_recording_20220318_S34_S33_01_medium_kinect_14_kinect_13_b02656,egobody,success,OnlineHMR,,semi_online_tracking_global_camera,recording_20220318_S34_S33_01
0.18490831333875637,0.05549456868337877,0.0,0.0,,,0.0,,,small,egobody_recording_20220318_S34_S33_01_small_kinect_12_kinect_11_b02656,egobody,success,OnlineHMR,,semi_online_tracking_global_camera,recording_20220318_S34_S33_01
3.6154587856092775,2.7691850804969733,0.12,0.11409395973154363,97.76426911208006,49.58820143387197,0.12162162162162163,,,extreme,egobody_recording_20220318_S34_S33_02_extreme_kinect_11_kinect_14_b04321,egobody,success,OnlineHMR,,semi_online_tracking_global_camera,recording_20220318_S34_S33_02
0.23729650783910036,0.23989842023317565,0.27666666666666667,0.2799325463743676,81.73499802356665,40.322236874922496,0.2832764505119454,1348.1951258961649,414.0627831852767,medium,egobody_recording_20220318_S34_S33_02_medium_kinect_13_kinect_14_b04321,egobody,success,OnlineHMR,,semi_online_tracking_global_camera,recording_20220318_S34_S33_02
0.1635131440255112,0.05839046582469533,0.14666666666666667,0.1476510067114094,58.08194500776294,31.251855142225374,0.14864864864864866,646.9637556024321,262.3532950299114,small,egobody_recording_20220318_S34_S33_02_small_kinect_12_kinect_11_b04321,egobody,success,OnlineHMR,,semi_online_tracking_global_camera,recording_20220318_S34_S33_02
3.6011002407854797,1.1983884686161639,0.4866666666666667,0.4856661045531197,87.57640557073213,44.540898864800326,0.49829351535836175,1018.6340545768752,278.69268056454814,extreme,egobody_recording_20220318_S34_S33_03_extreme_kinect_11_kinect_14_b03186,egobody,success,OnlineHMR,,semi_online_tracking_global_camera,recording_20220318_S34_S33_03
0.2568157091529059,0.2417938870023677,0.49666666666666665,0.4966216216216216,77.26028912413673,37.850288996199595,0.5102739726027398,2867.3989209154793,460.9618046542187,medium,egobody_recording_20220318_S34_S33_03_medium_kinect_14_kinect_13_b03186,egobody,success,OnlineHMR,,semi_online_tracking_global_camera,recording_20220318_S34_S33_03
0.125476798941815,0.056393278932102386,0.74,0.7407407407407407,72.40899261870103,39.407905479689276,0.7551020408163265,1036.9334916570028,350.3325305234373,small,egobody_recording_20220318_S34_S33_03_small_kinect_11_kinect_12_b03186,egobody,success,OnlineHMR,,semi_online_tracking_global_camera,recording_20220318_S34_S33_03
0.4506570500467005,0.20598369048698079,0.9866666666666667,0.6107784431137725,119.90976729743839,50.73399261097832,0.8043478260869565,1527.9970457304555,923.4415179250508,extreme,egobody_recording_20220415_S35_S36_01_extreme_kinect_14_kinect_13_b02261,egobody,success,OnlineHMR,,semi_online_tracking_global_camera,recording_20220415_S35_S36_01
0.4165424933590243,0.16958245226382682,0.6333333333333333,0.6372881355932203,76.8395273950079,30.93195903159653,0.6551724137931034,2792.8818614692073,544.0596330495074,medium,egobody_recording_20220415_S35_S36_01_medium_kinect_15_kinect_13_b02261,egobody,success,OnlineHMR,,semi_online_tracking_global_camera,recording_20220415_S35_S36_01
0.09501260880214024,0.07090831050834646,0.98,0.9831649831649831,58.95378488837621,25.271165671239935,1.0,529.2956438891656,405.5953499704678,small,egobody_recording_20220415_S35_S36_01_small_kinect_11_kinect_12_b02261,egobody,success,OnlineHMR,,semi_online_tracking_global_camera,recording_20220415_S35_S36_01
0.39176167764364606,0.20564680870385846,0.9733333333333334,0.5148247978436657,172.4930665032805,66.05371326214147,0.6606334841628959,1560.9472069784865,790.4859070067578,extreme,egobody_recording_20220415_S35_S36_02_extreme_kinect_13_kinect_14_b02241,egobody,success,OnlineHMR,,semi_online_tracking_global_camera,recording_20220415_S35_S36_02
0.35309655930810846,0.17207532009837195,0.94,0.9427609427609428,75.21736919036731,42.39714550745892,0.9591836734693877,1445.9726642217388,665.286302994388,medium,egobody_recording_20220415_S35_S36_02_medium_kinect_13_kinect_15_b02241,egobody,success,OnlineHMR,,semi_online_tracking_global_camera,recording_20220415_S35_S36_02
0.09380779273382428,0.07039600476892019,0.9866666666666667,0.9865771812080537,69.53486401480986,38.144997831742586,1.0,549.9712427464954,400.4518820663998,small,egobody_recording_20220415_S35_S36_02_small_kinect_11_kinect_12_b02241,egobody,success,OnlineHMR,,semi_online_tracking_global_camera,recording_20220415_S35_S36_02
