case_id,cluster,angle_stratum,internal_method,internal_method_key,metric,online,internal,internal_advantage
aist__gBR_sBM_cAll_d06_mBR2_ch01__mc150-4,aist__gBR_sBM_cAll_d06_mBR2_ch01__mc150-4,,Human3R,m0_strict_human3r,PA-MPJPE_mm,58.353883824632106,61.00521124833502,-2.6513274237029165
aist__gBR_sBM_cAll_d06_mBR2_ch01__mc150-4,aist__gBR_sBM_cAll_d06_mBR2_ch01__mc150-4,,Human3R,m0_strict_human3r,Anchor-MPJPE_mm,1096.5532107741212,1698.7506767237396,-602.1974659496184
aist__gBR_sBM_cAll_d06_mBR2_ch01__mc150-4,aist__gBR_sBM_cAll_d06_mBR2_ch01__mc150-4,,Human3R,m0_strict_human3r,Anchor-root_mm,1057.947213123171,1678.0172243187785,-620.0700111956075
aist__gBR_sBM_cAll_d06_mBR2_ch01__mc150-4,aist__gBR_sBM_cAll_d06_mBR2_ch01__mc150-4,,Human3R,m0_strict_human3r,Orientation_deg,43.45554681032107,36.48627740587923,6.969269404441839
aist__gBR_sBM_cAll_d06_mBR2_ch01__mc150-4,aist__gBR_sBM_cAll_d06_mBR2_ch01__mc150-4,,Human3R,m0_strict_human3r,Seam-root_mm,410.46113594543266,1059.8313863204341,-649.3702503750014
aist__gBR_sBM_cAll_d06_mBR2_ch01__mc150-4,aist__gBR_sBM_cAll_d06_mBR2_ch01__mc150-4,,Human3R,m0_strict_human3r,Seam-orientation_deg,39.33488719571037,69.55560097610422,-30.220713780393844
aist__gBR_sBM_cAll_d06_mBR2_ch01__mc150-4,aist__gBR_sBM_cAll_d06_mBR2_ch01__mc150-4,,Human3R,m0_strict_human3r,Camera-rotation_deg,51.62607657608197,42.846930620338185,8.779145955743786
aist__gBR_sBM_cAll_d06_mBR2_ch01__mc150-4,aist__gBR_sBM_cAll_d06_mBR2_ch01__mc150-4,,Human3R,m0_strict_human3r,Camera-translation_m,4.439371086630517,4.322906475739283,0.11646461089123417
aist__gBR_sBM_cAll_d06_mBR2_ch01__mc150-4,aist__gBR_sBM_cAll_d06_mBR2_ch01__mc150-4,,Human3R,m0_strict_human3r,Boundary-camera-rotation_deg,87.08927435850069,64.32398074399181,22.765293614508877
aist__gBR_sBM_cAll_d06_mBR2_ch01__mc150-4,aist__gBR_sBM_cAll_d06_mBR2_ch01__mc150-4,,Human3R,m0_strict_human3r,Boundary-camera-translation_m,6.19777641780484,5.327016513187946,0.8707599046168939
aist__gBR_sBM_cAll_d06_mBR2_ch01__mc150-4,aist__gBR_sBM_cAll_d06_mBR2_ch01__mc150-4,,Human3R,m0_strict_human3r,Coverage,0.9933333333333333,1.0,0.00666666666666671
aist__gBR_sBM_cAll_d06_mBR2_ch01__mc150-4,aist__gBR_sBM_cAll_d06_mBR2_ch01__mc150-4,,BRIDGE3R,m15_bridge3r_fixed_v19,PA-MPJPE_mm,58.353883824632106,60.86577117984509,-2.511887355212984
aist__gBR_sBM_cAll_d06_mBR2_ch01__mc150-4,aist__gBR_sBM_cAll_d06_mBR2_ch01__mc150-4,,BRIDGE3R,m15_bridge3r_fixed_v19,Anchor-MPJPE_mm,1096.5532107741212,1339.9251572998744,-243.37194652575317
aist__gBR_sBM_cAll_d06_mBR2_ch01__mc150-4,aist__gBR_sBM_cAll_d06_mBR2_ch01__mc150-4,,BRIDGE3R,m15_bridge3r_fixed_v19,Anchor-root_mm,1057.947213123171,1320.1858283183649,-262.2386151951939
aist__gBR_sBM_cAll_d06_mBR2_ch01__mc150-4,aist__gBR_sBM_cAll_d06_mBR2_ch01__mc150-4,,BRIDGE3R,m15_bridge3r_fixed_v19,Orientation_deg,43.45554681032107,40.04599260302784,3.409554207293226
aist__gBR_sBM_cAll_d06_mBR2_ch01__mc150-4,aist__gBR_sBM_cAll_d06_mBR2_ch01__mc150-4,,BRIDGE3R,m15_bridge3r_fixed_v19,Seam-root_mm,410.46113594543266,820.366349091052,-409.90521314561937
aist__gBR_sBM_cAll_d06_mBR2_ch01__mc150-4,aist__gBR_sBM_cAll_d06_mBR2_ch01__mc150-4,,BRIDGE3R,m15_bridge3r_fixed_v19,Seam-orientation_deg,39.33488719571037,98.89945837865282,-59.56457118294245
aist__gBR_sBM_cAll_d06_mBR2_ch01__mc150-4,aist__gBR_sBM_cAll_d06_mBR2_ch01__mc150-4,,BRIDGE3R,m15_bridge3r_fixed_v19,Camera-rotation_deg,51.62607657608197,50.001121100635295,1.6249554754466757
aist__gBR_sBM_cAll_d06_mBR2_ch01__mc150-4,aist__gBR_sBM_cAll_d06_mBR2_ch01__mc150-4,,BRIDGE3R,m15_bridge3r_fixed_v19,Camera-translation_m,4.439371086630517,3.771203997996079,0.6681670886344384
aist__gBR_sBM_cAll_d06_mBR2_ch01__mc150-4,aist__gBR_sBM_cAll_d06_mBR2_ch01__mc150-4,,BRIDGE3R,m15_bridge3r_fixed_v19,Boundary-camera-rotation_deg,87.08927435850069,96.24159650192048,-9.152322143419795
aist__gBR_sBM_cAll_d06_mBR2_ch01__mc150-4,aist__gBR_sBM_cAll_d06_mBR2_ch01__mc150-4,,BRIDGE3R,m15_bridge3r_fixed_v19,Boundary-camera-translation_m,6.19777641780484,6.892808775367702,-0.6950323575628623
aist__gBR_sBM_cAll_d06_mBR2_ch01__mc150-4,aist__gBR_sBM_cAll_d06_mBR2_ch01__mc150-4,,BRIDGE3R,m15_bridge3r_fixed_v19,Coverage,0.9933333333333333,1.0,0.00666666666666671
aist__gBR_sBM_cAll_d06_mBR2_ch02__mc150-4,aist__gBR_sBM_cAll_d06_mBR2_ch02__mc150-4,,Human3R,m0_strict_human3r,PA-MPJPE_mm,54.20497779059167,49.055777143358696,5.149200647232973
aist__gBR_sBM_cAll_d06_mBR2_ch02__mc150-4,aist__gBR_sBM_cAll_d06_mBR2_ch02__mc150-4,,Human3R,m0_strict_human3r,Anchor-MPJPE_mm,739.856523337216,718.4953440719182,21.36117926529778
aist__gBR_sBM_cAll_d06_mBR2_ch02__mc150-4,aist__gBR_sBM_cAll_d06_mBR2_ch02__mc150-4,,Human3R,m0_strict_human3r,Anchor-root_mm,650.944464464922,677.8948526985085,-26.950388233586523
aist__gBR_sBM_cAll_d06_mBR2_ch02__mc150-4,aist__gBR_sBM_cAll_d06_mBR2_ch02__mc150-4,,Human3R,m0_strict_human3r,Orientation_deg,102.20625613641286,51.68148253460078,50.52477360181208
aist__gBR_sBM_cAll_d06_mBR2_ch02__mc150-4,aist__gBR_sBM_cAll_d06_mBR2_ch02__mc150-4,,Human3R,m0_strict_human3r,Seam-root_mm,478.7743480054108,879.7568436420961,-400.9824956366853
aist__gBR_sBM_cAll_d06_mBR2_ch02__mc150-4,aist__gBR_sBM_cAll_d06_mBR2_ch02__mc150-4,,Human3R,m0_strict_human3r,Seam-orientation_deg,47.5340621754603,72.42342228922219,-24.88936011376189
aist__gBR_sBM_cAll_d06_mBR2_ch02__mc150-4,aist__gBR_sBM_cAll_d06_mBR2_ch02__mc150-4,,Human3R,m0_strict_human3r,Camera-rotation_deg,134.86955481700463,69.52591313244419,65.34364168456044
aist__gBR_sBM_cAll_d06_mBR2_ch02__mc150-4,aist__gBR_sBM_cAll_d06_mBR2_ch02__mc150-4,,Human3R,m0_strict_human3r,Camera-translation_m,9.514293007788316,5.169539634618823,4.344753373169493
aist__gBR_sBM_cAll_d06_mBR2_ch02__mc150-4,aist__gBR_sBM_cAll_d06_mBR2_ch02__mc150-4,,Human3R,m0_strict_human3r,Boundary-camera-rotation_deg,89.97457647885409,61.579450972930225,28.395125505923865
aist__gBR_sBM_cAll_d06_mBR2_ch02__mc150-4,aist__gBR_sBM_cAll_d06_mBR2_ch02__mc150-4,,Human3R,m0_strict_human3r,Boundary-camera-translation_m,6.356660968894289,4.945400298872055,1.4112606700222337
aist__gBR_sBM_cAll_d06_mBR2_ch02__mc150-4,aist__gBR_sBM_cAll_d06_mBR2_ch02__mc150-4,,Human3R,m0_strict_human3r,Coverage,0.98,1.0,0.020000000000000018
aist__gBR_sBM_cAll_d06_mBR2_ch02__mc150-4,aist__gBR_sBM_cAll_d06_mBR2_ch02__mc150-4,,BRIDGE3R,m15_bridge3r_fixed_v19,PA-MPJPE_mm,54.20497779059167,48.96636816557612,5.238609625015549
aist__gBR_sBM_cAll_d06_mBR2_ch02__mc150-4,aist__gBR_sBM_cAll_d06_mBR2_ch02__mc150-4,,BRIDGE3R,m15_bridge3r_fixed_v19,Anchor-MPJPE_mm,739.856523337216,855.2071228800608,-115.35059954284475
aist__gBR_sBM_cAll_d06_mBR2_ch02__mc150-4,aist__gBR_sBM_cAll_d06_mBR2_ch02__mc150-4,,BRIDGE3R,m15_bridge3r_fixed_v19,Anchor-root_mm,650.944464464922,810.343604240935,-159.39913977601293
aist__gBR_sBM_cAll_d06_mBR2_ch02__mc150-4,aist__gBR_sBM_cAll_d06_mBR2_ch02__mc150-4,,BRIDGE3R,m15_bridge3r_fixed_v19,Orientation_deg,102.20625613641286,48.978536659068666,53.227719477344195
aist__gBR_sBM_cAll_d06_mBR2_ch02__mc150-4,aist__gBR_sBM_cAll_d06_mBR2_ch02__mc150-4,,BRIDGE3R,m15_bridge3r_fixed_v19,Seam-root_mm,478.7743480054108,959.6955134445485,-480.9211654391377
aist__gBR_sBM_cAll_d06_mBR2_ch02__mc150-4,aist__gBR_sBM_cAll_d06_mBR2_ch02__mc150-4,,BRIDGE3R,m15_bridge3r_fixed_v19,Seam-orientation_deg,47.5340621754603,71.90986384915465,-24.375801673694347
aist__gBR_sBM_cAll_d06_mBR2_ch02__mc150-4,aist__gBR_sBM_cAll_d06_mBR2_ch02__mc150-4,,BRIDGE3R,m15_bridge3r_fixed_v19,Camera-rotation_deg,134.86955481700463,63.67441646878052,71.1951383482241
aist__gBR_sBM_cAll_d06_mBR2_ch02__mc150-4,aist__gBR_sBM_cAll_d06_mBR2_ch02__mc150-4,,BRIDGE3R,m15_bridge3r_fixed_v19,Camera-translation_m,9.514293007788316,4.917695732101783,4.596597275686533
aist__gBR_sBM_cAll_d06_mBR2_ch02__mc150-4,aist__gBR_sBM_cAll_d06_mBR2_ch02__mc150-4,,BRIDGE3R,m15_bridge3r_fixed_v19,Boundary-camera-rotation_deg,89.97457647885409,62.44259813946646,27.531978339387628
aist__gBR_sBM_cAll_d06_mBR2_ch02__mc150-4,aist__gBR_sBM_cAll_d06_mBR2_ch02__mc150-4,,BRIDGE3R,m15_bridge3r_fixed_v19,Boundary-camera-translation_m,6.356660968894289,4.451845603911369,1.9048153649829196
aist__gBR_sBM_cAll_d06_mBR2_ch02__mc150-4,aist__gBR_sBM_cAll_d06_mBR2_ch02__mc150-4,,BRIDGE3R,m15_bridge3r_fixed_v19,Coverage,0.98,1.0,0.020000000000000018
aist__gBR_sBM_cAll_d06_mBR3_ch01__mc150-4,aist__gBR_sBM_cAll_d06_mBR3_ch01__mc150-4,,Human3R,m0_strict_human3r,PA-MPJPE_mm,54.377764219101884,58.738297251146314,-4.3605330320444295
aist__gBR_sBM_cAll_d06_mBR3_ch01__mc150-4,aist__gBR_sBM_cAll_d06_mBR3_ch01__mc150-4,,Human3R,m0_strict_human3r,Anchor-MPJPE_mm,1032.199832240598,437.2601415801641,594.9396906604338
aist__gBR_sBM_cAll_d06_mBR3_ch01__mc150-4,aist__gBR_sBM_cAll_d06_mBR3_ch01__mc150-4,,Human3R,m0_strict_human3r,Anchor-root_mm,1003.3295790750607,384.36852340226284,618.9610556727978
aist__gBR_sBM_cAll_d06_mBR3_ch01__mc150-4,aist__gBR_sBM_cAll_d06_mBR3_ch01__mc150-4,,Human3R,m0_strict_human3r,Orientation_deg,56.568592292713326,45.88389245799691,10.684699834716419
aist__gBR_sBM_cAll_d06_mBR3_ch01__mc150-4,aist__gBR_sBM_cAll_d06_mBR3_ch01__mc150-4,,Human3R,m0_strict_human3r,Seam-root_mm,445.419307838024,161.9736487427599,283.4456590952641
aist__gBR_sBM_cAll_d06_mBR3_ch01__mc150-4,aist__gBR_sBM_cAll_d06_mBR3_ch01__mc150-4,,Human3R,m0_strict_human3r,Seam-orientation_deg,38.120261340676855,64.13427209101633,-26.014010750339473
aist__gBR_sBM_cAll_d06_mBR3_ch01__mc150-4,aist__gBR_sBM_cAll_d06_mBR3_ch01__mc150-4,,Human3R,m0_strict_human3r,Camera-rotation_deg,73.93625821704758,60.5396822136018,13.39657600344578
aist__gBR_sBM_cAll_d06_mBR3_ch01__mc150-4,aist__gBR_sBM_cAll_d06_mBR3_ch01__mc150-4,,Human3R,m0_strict_human3r,Camera-translation_m,5.580257745635861,4.871175302815315,0.709082442820546
aist__gBR_sBM_cAll_d06_mBR3_ch01__mc150-4,aist__gBR_sBM_cAll_d06_mBR3_ch01__mc150-4,,Human3R,m0_strict_human3r,Boundary-camera-rotation_deg,86.88979145947867,62.13332794293691,24.756463516541764
aist__gBR_sBM_cAll_d06_mBR3_ch01__mc150-4,aist__gBR_sBM_cAll_d06_mBR3_ch01__mc150-4,,Human3R,m0_strict_human3r,Boundary-camera-translation_m,6.219974171839671,4.899592535974475,1.3203816358651963
aist__gBR_sBM_cAll_d06_mBR3_ch01__mc150-4,aist__gBR_sBM_cAll_d06_mBR3_ch01__mc150-4,,Human3R,m0_strict_human3r,Coverage,0.9933333333333333,1.0,0.00666666666666671
aist__gBR_sBM_cAll_d06_mBR3_ch01__mc150-4,aist__gBR_sBM_cAll_d06_mBR3_ch01__mc150-4,,BRIDGE3R,m15_bridge3r_fixed_v19,PA-MPJPE_mm,54.377764219101884,58.5635979678443,-4.185833748742418
aist__gBR_sBM_cAll_d06_mBR3_ch01__mc150-4,aist__gBR_sBM_cAll_d06_mBR3_ch01__mc150-4,,BRIDGE3R,m15_bridge3r_fixed_v19,Anchor-MPJPE_mm,1032.199832240598,980.8669699717171,51.33286226888083
aist__gBR_sBM_cAll_d06_mBR3_ch01__mc150-4,aist__gBR_sBM_cAll_d06_mBR3_ch01__mc150-4,,BRIDGE3R,m15_bridge3r_fixed_v19,Anchor-root_mm,1003.3295790750607,924.6609001889112,78.66867888614945
aist__gBR_sBM_cAll_d06_mBR3_ch01__mc150-4,aist__gBR_sBM_cAll_d06_mBR3_ch01__mc150-4,,BRIDGE3R,m15_bridge3r_fixed_v19,Orientation_deg,56.568592292713326,78.0815779608633,-21.512985668149973
aist__gBR_sBM_cAll_d06_mBR3_ch01__mc150-4,aist__gBR_sBM_cAll_d06_mBR3_ch01__mc150-4,,BRIDGE3R,m15_bridge3r_fixed_v19,Seam-root_mm,445.419307838024,1187.878386414089,-742.4590785760649
aist__gBR_sBM_cAll_d06_mBR3_ch01__mc150-4,aist__gBR_sBM_cAll_d06_mBR3_ch01__mc150-4,,BRIDGE3R,m15_bridge3r_fixed_v19,Seam-orientation_deg,38.120261340676855,76.2915016967189,-38.17124035604204
aist__gBR_sBM_cAll_d06_mBR3_ch01__mc150-4,aist__gBR_sBM_cAll_d06_mBR3_ch01__mc150-4,,BRIDGE3R,m15_bridge3r_fixed_v19,Camera-rotation_deg,73.93625821704758,103.58143086500475,-29.645172647957168
aist__gBR_sBM_cAll_d06_mBR3_ch01__mc150-4,aist__gBR_sBM_cAll_d06_mBR3_ch01__mc150-4,,BRIDGE3R,m15_bridge3r_fixed_v19,Camera-translation_m,5.580257745635861,6.315901053738705,-0.7356433081028442
aist__gBR_sBM_cAll_d06_mBR3_ch01__mc150-4,aist__gBR_sBM_cAll_d06_mBR3_ch01__mc150-4,,BRIDGE3R,m15_bridge3r_fixed_v19,Boundary-camera-rotation_deg,86.88979145947867,74.12737858554549,12.762412873933187
aist__gBR_sBM_cAll_d06_mBR3_ch01__mc150-4,aist__gBR_sBM_cAll_d06_mBR3_ch01__mc150-4,,BRIDGE3R,m15_bridge3r_fixed_v19,Boundary-camera-translation_m,6.219974171839671,4.701950851879629,1.518023319960042
aist__gBR_sBM_cAll_d06_mBR3_ch01__mc150-4,aist__gBR_sBM_cAll_d06_mBR3_ch01__mc150-4,,BRIDGE3R,m15_bridge3r_fixed_v19,Coverage,0.9933333333333333,1.0,0.00666666666666671
aist__gBR_sBM_cAll_d06_mBR3_ch02__mc150-4,aist__gBR_sBM_cAll_d06_mBR3_ch02__mc150-4,,Human3R,m0_strict_human3r,PA-MPJPE_mm,50.024093033493884,49.794903890538095,0.2291891429557893
aist__gBR_sBM_cAll_d06_mBR3_ch02__mc150-4,aist__gBR_sBM_cAll_d06_mBR3_ch02__mc150-4,,Human3R,m0_strict_human3r,Anchor-MPJPE_mm,1888.2776676156443,447.7557476321091,1440.521919983535
aist__gBR_sBM_cAll_d06_mBR3_ch02__mc150-4,aist__gBR_sBM_cAll_d06_mBR3_ch02__mc150-4,,Human3R,m0_strict_human3r,Anchor-root_mm,1858.537196743702,403.864218757486,1454.672977986216
aist__gBR_sBM_cAll_d06_mBR3_ch02__mc150-4,aist__gBR_sBM_cAll_d06_mBR3_ch02__mc150-4,,Human3R,m0_strict_human3r,Orientation_deg,40.136219626786655,30.33620411955532,9.800015507231336
aist__gBR_sBM_cAll_d06_mBR3_ch02__mc150-4,aist__gBR_sBM_cAll_d06_mBR3_ch02__mc150-4,,Human3R,m0_strict_human3r,Seam-root_mm,244.9627642222528,363.20196307069983,-118.23919884844705
aist__gBR_sBM_cAll_d06_mBR3_ch02__mc150-4,aist__gBR_sBM_cAll_d06_mBR3_ch02__mc150-4,,Human3R,m0_strict_human3r,Seam-orientation_deg,43.84357865013928,67.16935815018775,-23.32577950004847
aist__gBR_sBM_cAll_d06_mBR3_ch02__mc150-4,aist__gBR_sBM_cAll_d06_mBR3_ch02__mc150-4,,Human3R,m0_strict_human3r,Camera-rotation_deg,49.8709371049243,34.981608152114596,14.889328952809706
aist__gBR_sBM_cAll_d06_mBR3_ch02__mc150-4,aist__gBR_sBM_cAll_d06_mBR3_ch02__mc150-4,,Human3R,m0_strict_human3r,Camera-translation_m,4.9753373640297,2.9628916429536214,2.012445721076079
aist__gBR_sBM_cAll_d06_mBR3_ch02__mc150-4,aist__gBR_sBM_cAll_d06_mBR3_ch02__mc150-4,,Human3R,m0_strict_human3r,Boundary-camera-rotation_deg,86.95537033504006,62.033568257757345,24.921802077282713
aist__gBR_sBM_cAll_d06_mBR3_ch02__mc150-4,aist__gBR_sBM_cAll_d06_mBR3_ch02__mc150-4,,Human3R,m0_strict_human3r,Boundary-camera-translation_m,6.278415372994718,4.78658206703945,1.491833305955268
aist__gBR_sBM_cAll_d06_mBR3_ch02__mc150-4,aist__gBR_sBM_cAll_d06_mBR3_ch02__mc150-4,,Human3R,m0_strict_human3r,Coverage,0.98,1.0,0.020000000000000018
aist__gBR_sBM_cAll_d06_mBR3_ch02__mc150-4,aist__gBR_sBM_cAll_d06_mBR3_ch02__mc150-4,,BRIDGE3R,m15_bridge3r_fixed_v19,PA-MPJPE_mm,50.024093033493884,49.43025924567498,0.5938337878189017
aist__gBR_sBM_cAll_d06_mBR3_ch02__mc150-4,aist__gBR_sBM_cAll_d06_mBR3_ch02__mc150-4,,BRIDGE3R,m15_bridge3r_fixed_v19,Anchor-MPJPE_mm,1888.2776676156443,979.3159989667395,908.9616686489048
aist__gBR_sBM_cAll_d06_mBR3_ch02__mc150-4,aist__gBR_sBM_cAll_d06_mBR3_ch02__mc150-4,,BRIDGE3R,m15_bridge3r_fixed_v19,Anchor-root_mm,1858.537196743702,952.7146831621435,905.8225135815585
aist__gBR_sBM_cAll_d06_mBR3_ch02__mc150-4,aist__gBR_sBM_cAll_d06_mBR3_ch02__mc150-4,,BRIDGE3R,m15_bridge3r_fixed_v19,Orientation_deg,40.136219626786655,28.471382725690873,11.664836901095782
aist__gBR_sBM_cAll_d06_mBR3_ch02__mc150-4,aist__gBR_sBM_cAll_d06_mBR3_ch02__mc150-4,,BRIDGE3R,m15_bridge3r_fixed_v19,Seam-root_mm,244.9627642222528,628.8037376197968,-383.8409733975441
aist__gBR_sBM_cAll_d06_mBR3_ch02__mc150-4,aist__gBR_sBM_cAll_d06_mBR3_ch02__mc150-4,,BRIDGE3R,m15_bridge3r_fixed_v19,Seam-orientation_deg,43.84357865013928,64.53138349962514,-20.687804849485858
aist__gBR_sBM_cAll_d06_mBR3_ch02__mc150-4,aist__gBR_sBM_cAll_d06_mBR3_ch02__mc150-4,,BRIDGE3R,m15_bridge3r_fixed_v19,Camera-rotation_deg,49.8709371049243,32.44035039348423,17.43058671144007
aist__gBR_sBM_cAll_d06_mBR3_ch02__mc150-4,aist__gBR_sBM_cAll_d06_mBR3_ch02__mc150-4,,BRIDGE3R,m15_bridge3r_fixed_v19,Camera-translation_m,4.9753373640297,2.6871439856540755,2.2881933783756248
aist__gBR_sBM_cAll_d06_mBR3_ch02__mc150-4,aist__gBR_sBM_cAll_d06_mBR3_ch02__mc150-4,,BRIDGE3R,m15_bridge3r_fixed_v19,Boundary-camera-rotation_deg,86.95537033504006,60.14742401232598,26.80794632271408
aist__gBR_sBM_cAll_d06_mBR3_ch02__mc150-4,aist__gBR_sBM_cAll_d06_mBR3_ch02__mc150-4,,BRIDGE3R,m15_bridge3r_fixed_v19,Boundary-camera-translation_m,6.278415372994718,4.81767972427781,1.4607356487169074
aist__gBR_sBM_cAll_d06_mBR3_ch02__mc150-4,aist__gBR_sBM_cAll_d06_mBR3_ch02__mc150-4,,BRIDGE3R,m15_bridge3r_fixed_v19,Coverage,0.98,1.0,0.020000000000000018
aist__gBR_sBM_cAll_d06_mBR4_ch01__mc150-4,aist__gBR_sBM_cAll_d06_mBR4_ch01__mc150-4,,Human3R,m0_strict_human3r,PA-MPJPE_mm,60.46279351509142,61.22507213730443,-0.7622786222130102
aist__gBR_sBM_cAll_d06_mBR4_ch01__mc150-4,aist__gBR_sBM_cAll_d06_mBR4_ch01__mc150-4,,Human3R,m0_strict_human3r,Anchor-MPJPE_mm,1140.914711782348,383.25256635548806,757.6621454268599
aist__gBR_sBM_cAll_d06_mBR4_ch01__mc150-4,aist__gBR_sBM_cAll_d06_mBR4_ch01__mc150-4,,Human3R,m0_strict_human3r,Anchor-root_mm,1082.7223198340882,327.631410062779,755.0909097713093
aist__gBR_sBM_cAll_d06_mBR4_ch01__mc150-4,aist__gBR_sBM_cAll_d06_mBR4_ch01__mc150-4,,Human3R,m0_strict_human3r,Orientation_deg,37.356760454816225,30.941565967254185,6.41519448756204
aist__gBR_sBM_cAll_d06_mBR4_ch01__mc150-4,aist__gBR_sBM_cAll_d06_mBR4_ch01__mc150-4,,Human3R,m0_strict_human3r,Seam-root_mm,353.60363253668066,210.76355085737842,142.84008167930224
aist__gBR_sBM_cAll_d06_mBR4_ch01__mc150-4,aist__gBR_sBM_cAll_d06_mBR4_ch01__mc150-4,,Human3R,m0_strict_human3r,Seam-orientation_deg,37.89140873140574,58.19923019299538,-20.30782146158964
aist__gBR_sBM_cAll_d06_mBR4_ch01__mc150-4,aist__gBR_sBM_cAll_d06_mBR4_ch01__mc150-4,,Human3R,m0_strict_human3r,Camera-rotation_deg,42.534900960853875,34.230672025834075,8.3042289350198
aist__gBR_sBM_cAll_d06_mBR4_ch01__mc150-4,aist__gBR_sBM_cAll_d06_mBR4_ch01__mc150-4,,Human3R,m0_strict_human3r,Camera-translation_m,5.067034928861192,2.781206086534605,2.285828842326587
aist__gBR_sBM_cAll_d06_mBR4_ch01__mc150-4,aist__gBR_sBM_cAll_d06_mBR4_ch01__mc150-4,,Human3R,m0_strict_human3r,Boundary-camera-rotation_deg,87.06672459709308,61.23328403282729,25.833440564265793
aist__gBR_sBM_cAll_d06_mBR4_ch01__mc150-4,aist__gBR_sBM_cAll_d06_mBR4_ch01__mc150-4,,Human3R,m0_strict_human3r,Boundary-camera-translation_m,6.257910439736141,4.566458156648294,1.6914522830878465
aist__gBR_sBM_cAll_d06_mBR4_ch01__mc150-4,aist__gBR_sBM_cAll_d06_mBR4_ch01__mc150-4,,Human3R,m0_strict_human3r,Coverage,0.98,1.0,0.020000000000000018
aist__gBR_sBM_cAll_d06_mBR4_ch01__mc150-4,aist__gBR_sBM_cAll_d06_mBR4_ch01__mc150-4,,BRIDGE3R,m15_bridge3r_fixed_v19,PA-MPJPE_mm,60.46279351509142,61.20028019845748,-0.7374866833660576
aist__gBR_sBM_cAll_d06_mBR4_ch01__mc150-4,aist__gBR_sBM_cAll_d06_mBR4_ch01__mc150-4,,BRIDGE3R,m15_bridge3r_fixed_v19,Anchor-MPJPE_mm,1140.914711782348,483.38712569301174,657.5275860893362
aist__gBR_sBM_cAll_d06_mBR4_ch01__mc150-4,aist__gBR_sBM_cAll_d06_mBR4_ch01__mc150-4,,BRIDGE3R,m15_bridge3r_fixed_v19,Anchor-root_mm,1082.7223198340882,435.61799426058155,647.1043255735067
aist__gBR_sBM_cAll_d06_mBR4_ch01__mc150-4,aist__gBR_sBM_cAll_d06_mBR4_ch01__mc150-4,,BRIDGE3R,m15_bridge3r_fixed_v19,Orientation_deg,37.356760454816225,30.19363656741913,7.163123887397095
aist__gBR_sBM_cAll_d06_mBR4_ch01__mc150-4,aist__gBR_sBM_cAll_d06_mBR4_ch01__mc150-4,,BRIDGE3R,m15_bridge3r_fixed_v19,Seam-root_mm,353.60363253668066,595.8577942764209,-242.25416173974025
aist__gBR_sBM_cAll_d06_mBR4_ch01__mc150-4,aist__gBR_sBM_cAll_d06_mBR4_ch01__mc150-4,,BRIDGE3R,m15_bridge3r_fixed_v19,Seam-orientation_deg,37.89140873140574,60.64879666739776,-22.75738793599202
aist__gBR_sBM_cAll_d06_mBR4_ch01__mc150-4,aist__gBR_sBM_cAll_d06_mBR4_ch01__mc150-4,,BRIDGE3R,m15_bridge3r_fixed_v19,Camera-rotation_deg,42.534900960853875,32.98807012495478,9.546830835899094
aist__gBR_sBM_cAll_d06_mBR4_ch01__mc150-4,aist__gBR_sBM_cAll_d06_mBR4_ch01__mc150-4,,BRIDGE3R,m15_bridge3r_fixed_v19,Camera-translation_m,5.067034928861192,2.679922698125415,2.387112230735777
aist__gBR_sBM_cAll_d06_mBR4_ch01__mc150-4,aist__gBR_sBM_cAll_d06_mBR4_ch01__mc150-4,,BRIDGE3R,m15_bridge3r_fixed_v19,Boundary-camera-rotation_deg,87.06672459709308,62.75538834612616,24.311336250966924
aist__gBR_sBM_cAll_d06_mBR4_ch01__mc150-4,aist__gBR_sBM_cAll_d06_mBR4_ch01__mc150-4,,BRIDGE3R,m15_bridge3r_fixed_v19,Boundary-camera-translation_m,6.257910439736141,4.411228600959068,1.846681838777073
aist__gBR_sBM_cAll_d06_mBR4_ch01__mc150-4,aist__gBR_sBM_cAll_d06_mBR4_ch01__mc150-4,,BRIDGE3R,m15_bridge3r_fixed_v19,Coverage,0.98,1.0,0.020000000000000018
aist__gBR_sBM_cAll_d06_mBR4_ch02__mc150-4,aist__gBR_sBM_cAll_d06_mBR4_ch02__mc150-4,,Human3R,m0_strict_human3r,PA-MPJPE_mm,57.21511244613674,58.24983542430898,-1.0347229781722405
aist__gBR_sBM_cAll_d06_mBR4_ch02__mc150-4,aist__gBR_sBM_cAll_d06_mBR4_ch02__mc150-4,,Human3R,m0_strict_human3r,Anchor-MPJPE_mm,707.9895865023229,703.915647652785,4.073938849537967
aist__gBR_sBM_cAll_d06_mBR4_ch02__mc150-4,aist__gBR_sBM_cAll_d06_mBR4_ch02__mc150-4,,Human3R,m0_strict_human3r,Anchor-root_mm,578.6614462450548,613.1246180226892,-34.46317177763444
aist__gBR_sBM_cAll_d06_mBR4_ch02__mc150-4,aist__gBR_sBM_cAll_d06_mBR4_ch02__mc150-4,,Human3R,m0_strict_human3r,Orientation_deg,109.40744124383556,64.39656861198921,45.010872631846354
aist__gBR_sBM_cAll_d06_mBR4_ch02__mc150-4,aist__gBR_sBM_cAll_d06_mBR4_ch02__mc150-4,,Human3R,m0_strict_human3r,Seam-root_mm,576.8348566665268,727.935115765191,-151.1002590986642
aist__gBR_sBM_cAll_d06_mBR4_ch02__mc150-4,aist__gBR_sBM_cAll_d06_mBR4_ch02__mc150-4,,Human3R,m0_strict_human3r,Seam-orientation_deg,43.42005462995886,72.45787932674251,-29.03782469678365
aist__gBR_sBM_cAll_d06_mBR4_ch02__mc150-4,aist__gBR_sBM_cAll_d06_mBR4_ch02__mc150-4,,Human3R,m0_strict_human3r,Camera-rotation_deg,135.20095218271163,73.31102675005455,61.88992543265708
aist__gBR_sBM_cAll_d06_mBR4_ch02__mc150-4,aist__gBR_sBM_cAll_d06_mBR4_ch02__mc150-4,,Human3R,m0_strict_human3r,Camera-translation_m,9.206539956754373,5.439745620909434,3.7667943358449385
aist__gBR_sBM_cAll_d06_mBR4_ch02__mc150-4,aist__gBR_sBM_cAll_d06_mBR4_ch02__mc150-4,,Human3R,m0_strict_human3r,Boundary-camera-rotation_deg,89.96592500427961,61.663243373530015,28.302681630749596
aist__gBR_sBM_cAll_d06_mBR4_ch02__mc150-4,aist__gBR_sBM_cAll_d06_mBR4_ch02__mc150-4,,Human3R,m0_strict_human3r,Boundary-camera-translation_m,6.364964777881397,4.596085584617297,1.7688791932641
aist__gBR_sBM_cAll_d06_mBR4_ch02__mc150-4,aist__gBR_sBM_cAll_d06_mBR4_ch02__mc150-4,,Human3R,m0_strict_human3r,Coverage,0.9933333333333333,1.0,0.00666666666666671
aist__gBR_sBM_cAll_d06_mBR4_ch02__mc150-4,aist__gBR_sBM_cAll_d06_mBR4_ch02__mc150-4,,BRIDGE3R,m15_bridge3r_fixed_v19,PA-MPJPE_mm,57.21511244613674,58.04499433414802,-0.829881888011279
aist__gBR_sBM_cAll_d06_mBR4_ch02__mc150-4,aist__gBR_sBM_cAll_d06_mBR4_ch02__mc150-4,,BRIDGE3R,m15_bridge3r_fixed_v19,Anchor-MPJPE_mm,707.9895865023229,975.1255014002261,-267.13591489790315
aist__gBR_sBM_cAll_d06_mBR4_ch02__mc150-4,aist__gBR_sBM_cAll_d06_mBR4_ch02__mc150-4,,BRIDGE3R,m15_bridge3r_fixed_v19,Anchor-root_mm,578.6614462450548,899.8382521444937,-321.17680589943893
aist__gBR_sBM_cAll_d06_mBR4_ch02__mc150-4,aist__gBR_sBM_cAll_d06_mBR4_ch02__mc150-4,,BRIDGE3R,m15_bridge3r_fixed_v19,Orientation_deg,109.40744124383556,62.14603386404068,47.26140737979488
aist__gBR_sBM_cAll_d06_mBR4_ch02__mc150-4,aist__gBR_sBM_cAll_d06_mBR4_ch02__mc150-4,,BRIDGE3R,m15_bridge3r_fixed_v19,Seam-root_mm,576.8348566665268,798.0400528706426,-221.20519620411585
aist__gBR_sBM_cAll_d06_mBR4_ch02__mc150-4,aist__gBR_sBM_cAll_d06_mBR4_ch02__mc150-4,,BRIDGE3R,m15_bridge3r_fixed_v19,Seam-orientation_deg,43.42005462995886,67.8102775846458,-24.39022295468694
aist__gBR_sBM_cAll_d06_mBR4_ch02__mc150-4,aist__gBR_sBM_cAll_d06_mBR4_ch02__mc150-4,,BRIDGE3R,m15_bridge3r_fixed_v19,Camera-rotation_deg,135.20095218271163,69.906063383338,65.29488879937364
aist__gBR_sBM_cAll_d06_mBR4_ch02__mc150-4,aist__gBR_sBM_cAll_d06_mBR4_ch02__mc150-4,,BRIDGE3R,m15_bridge3r_fixed_v19,Camera-translation_m,9.206539956754373,5.2345741980673255,3.9719657586870474
aist__gBR_sBM_cAll_d06_mBR4_ch02__mc150-4,aist__gBR_sBM_cAll_d06_mBR4_ch02__mc150-4,,BRIDGE3R,m15_bridge3r_fixed_v19,Boundary-camera-rotation_deg,89.96592500427961,59.869258749062446,30.096666255217166
aist__gBR_sBM_cAll_d06_mBR4_ch02__mc150-4,aist__gBR_sBM_cAll_d06_mBR4_ch02__mc150-4,,BRIDGE3R,m15_bridge3r_fixed_v19,Boundary-camera-translation_m,6.364964777881397,4.29613346419121,2.068831313690187
aist__gBR_sBM_cAll_d06_mBR4_ch02__mc150-4,aist__gBR_sBM_cAll_d06_mBR4_ch02__mc150-4,,BRIDGE3R,m15_bridge3r_fixed_v19,Coverage,0.9933333333333333,1.0,0.00666666666666671
aist__gBR_sBM_cAll_d06_mBR5_ch01__mc150-4,aist__gBR_sBM_cAll_d06_mBR5_ch01__mc150-4,,Human3R,m0_strict_human3r,PA-MPJPE_mm,61.07989897070519,66.04320565871038,-4.96330668800519
aist__gBR_sBM_cAll_d06_mBR5_ch01__mc150-4,aist__gBR_sBM_cAll_d06_mBR5_ch01__mc150-4,,Human3R,m0_strict_human3r,Anchor-MPJPE_mm,726.0615856556133,439.9076888616896,286.15389679392365
aist__gBR_sBM_cAll_d06_mBR5_ch01__mc150-4,aist__gBR_sBM_cAll_d06_mBR5_ch01__mc150-4,,Human3R,m0_strict_human3r,Anchor-root_mm,604.0463557473415,360.76108802906145,243.28526771828007
aist__gBR_sBM_cAll_d06_mBR5_ch01__mc150-4,aist__gBR_sBM_cAll_d06_mBR5_ch01__mc150-4,,Human3R,m0_strict_human3r,Orientation_deg,101.72313165985229,56.72983159202862,44.99330006782367
aist__gBR_sBM_cAll_d06_mBR5_ch01__mc150-4,aist__gBR_sBM_cAll_d06_mBR5_ch01__mc150-4,,Human3R,m0_strict_human3r,Seam-root_mm,741.1370531437516,708.9787341791493,32.158318964602245
aist__gBR_sBM_cAll_d06_mBR5_ch01__mc150-4,aist__gBR_sBM_cAll_d06_mBR5_ch01__mc150-4,,Human3R,m0_strict_human3r,Seam-orientation_deg,40.90811005264598,63.53883825424808,-22.630728201602096
aist__gBR_sBM_cAll_d06_mBR5_ch01__mc150-4,aist__gBR_sBM_cAll_d06_mBR5_ch01__mc150-4,,Human3R,m0_strict_human3r,Camera-rotation_deg,134.8507540305077,68.80537892416766,66.04537510634003
aist__gBR_sBM_cAll_d06_mBR5_ch01__mc150-4,aist__gBR_sBM_cAll_d06_mBR5_ch01__mc150-4,,Human3R,m0_strict_human3r,Camera-translation_m,8.986366412176562,5.1402115816389,3.846154830537662
aist__gBR_sBM_cAll_d06_mBR5_ch01__mc150-4,aist__gBR_sBM_cAll_d06_mBR5_ch01__mc150-4,,Human3R,m0_strict_human3r,Boundary-camera-rotation_deg,89.9655563693279,61.96495442199915,28.000601947328747
aist__gBR_sBM_cAll_d06_mBR5_ch01__mc150-4,aist__gBR_sBM_cAll_d06_mBR5_ch01__mc150-4,,Human3R,m0_strict_human3r,Boundary-camera-translation_m,6.354470099353811,4.563082132151583,1.791387967202228
aist__gBR_sBM_cAll_d06_mBR5_ch01__mc150-4,aist__gBR_sBM_cAll_d06_mBR5_ch01__mc150-4,,Human3R,m0_strict_human3r,Coverage,0.9933333333333333,1.0,0.00666666666666671
aist__gBR_sBM_cAll_d06_mBR5_ch01__mc150-4,aist__gBR_sBM_cAll_d06_mBR5_ch01__mc150-4,,BRIDGE3R,m15_bridge3r_fixed_v19,PA-MPJPE_mm,61.07989897070519,65.83954313903072,-4.759644168325536
aist__gBR_sBM_cAll_d06_mBR5_ch01__mc150-4,aist__gBR_sBM_cAll_d06_mBR5_ch01__mc150-4,,BRIDGE3R,m15_bridge3r_fixed_v19,Anchor-MPJPE_mm,726.0615856556133,1030.990877948543,-304.92929229292963
aist__gBR_sBM_cAll_d06_mBR5_ch01__mc150-4,aist__gBR_sBM_cAll_d06_mBR5_ch01__mc150-4,,BRIDGE3R,m15_bridge3r_fixed_v19,Anchor-root_mm,604.0463557473415,973.7713911883094,-369.7250354409679
aist__gBR_sBM_cAll_d06_mBR5_ch01__mc150-4,aist__gBR_sBM_cAll_d06_mBR5_ch01__mc150-4,,BRIDGE3R,m15_bridge3r_fixed_v19,Orientation_deg,101.72313165985229,58.10967243220017,43.613459227652115
aist__gBR_sBM_cAll_d06_mBR5_ch01__mc150-4,aist__gBR_sBM_cAll_d06_mBR5_ch01__mc150-4,,BRIDGE3R,m15_bridge3r_fixed_v19,Seam-root_mm,741.1370531437516,750.7999103649792,-9.662857221227569
aist__gBR_sBM_cAll_d06_mBR5_ch01__mc150-4,aist__gBR_sBM_cAll_d06_mBR5_ch01__mc150-4,,BRIDGE3R,m15_bridge3r_fixed_v19,Seam-orientation_deg,40.90811005264598,70.86739267262388,-29.9592826199779
aist__gBR_sBM_cAll_d06_mBR5_ch01__mc150-4,aist__gBR_sBM_cAll_d06_mBR5_ch01__mc150-4,,BRIDGE3R,m15_bridge3r_fixed_v19,Camera-rotation_deg,134.8507540305077,71.10985512469857,63.74089890580912
aist__gBR_sBM_cAll_d06_mBR5_ch01__mc150-4,aist__gBR_sBM_cAll_d06_mBR5_ch01__mc150-4,,BRIDGE3R,m15_bridge3r_fixed_v19,Camera-translation_m,8.986366412176562,5.05910268833547,3.927263723841092
aist__gBR_sBM_cAll_d06_mBR5_ch01__mc150-4,aist__gBR_sBM_cAll_d06_mBR5_ch01__mc150-4,,BRIDGE3R,m15_bridge3r_fixed_v19,Boundary-camera-rotation_deg,89.9655563693279,67.94514779772739,22.020408571600512
aist__gBR_sBM_cAll_d06_mBR5_ch01__mc150-4,aist__gBR_sBM_cAll_d06_mBR5_ch01__mc150-4,,BRIDGE3R,m15_bridge3r_fixed_v19,Boundary-camera-translation_m,6.354470099353811,4.320172379584249,2.0342977197695618
aist__gBR_sBM_cAll_d06_mBR5_ch01__mc150-4,aist__gBR_sBM_cAll_d06_mBR5_ch01__mc150-4,,BRIDGE3R,m15_bridge3r_fixed_v19,Coverage,0.9933333333333333,1.0,0.00666666666666671
aist__gBR_sBM_cAll_d06_mBR5_ch02__mc150-4,aist__gBR_sBM_cAll_d06_mBR5_ch02__mc150-4,,Human3R,m0_strict_human3r,PA-MPJPE_mm,60.73700708768018,57.57283602566558,3.164171062014603
aist__gBR_sBM_cAll_d06_mBR5_ch02__mc150-4,aist__gBR_sBM_cAll_d06_mBR5_ch02__mc150-4,,Human3R,m0_strict_human3r,Anchor-MPJPE_mm,1652.9984123277334,350.4228045320492,1302.5756077956842
aist__gBR_sBM_cAll_d06_mBR5_ch02__mc150-4,aist__gBR_sBM_cAll_d06_mBR5_ch02__mc150-4,,Human3R,m0_strict_human3r,Anchor-root_mm,1613.204909639053,294.68587461734006,1318.519035021713
aist__gBR_sBM_cAll_d06_mBR5_ch02__mc150-4,aist__gBR_sBM_cAll_d06_mBR5_ch02__mc150-4,,Human3R,m0_strict_human3r,Orientation_deg,51.380261309261556,32.753640824157216,18.62662048510434
aist__gBR_sBM_cAll_d06_mBR5_ch02__mc150-4,aist__gBR_sBM_cAll_d06_mBR5_ch02__mc150-4,,Human3R,m0_strict_human3r,Seam-root_mm,470.34107115573335,633.3899013443637,-163.04883018863035
aist__gBR_sBM_cAll_d06_mBR5_ch02__mc150-4,aist__gBR_sBM_cAll_d06_mBR5_ch02__mc150-4,,Human3R,m0_strict_human3r,Seam-orientation_deg,42.17691352647115,61.97773898183784,-19.80082545536669
aist__gBR_sBM_cAll_d06_mBR5_ch02__mc150-4,aist__gBR_sBM_cAll_d06_mBR5_ch02__mc150-4,,Human3R,m0_strict_human3r,Camera-rotation_deg,51.427964940085516,36.58014498565006,14.847819954435458
aist__gBR_sBM_cAll_d06_mBR5_ch02__mc150-4,aist__gBR_sBM_cAll_d06_mBR5_ch02__mc150-4,,Human3R,m0_strict_human3r,Camera-translation_m,4.935457994838296,2.740240510107012,2.1952174847312835
aist__gBR_sBM_cAll_d06_mBR5_ch02__mc150-4,aist__gBR_sBM_cAll_d06_mBR5_ch02__mc150-4,,Human3R,m0_strict_human3r,Boundary-camera-rotation_deg,90.05428616089903,63.90025066039389,26.154035500505138
aist__gBR_sBM_cAll_d06_mBR5_ch02__mc150-4,aist__gBR_sBM_cAll_d06_mBR5_ch02__mc150-4,,Human3R,m0_strict_human3r,Boundary-camera-translation_m,6.382868184575219,5.140281034620203,1.2425871499550167
aist__gBR_sBM_cAll_d06_mBR5_ch02__mc150-4,aist__gBR_sBM_cAll_d06_mBR5_ch02__mc150-4,,Human3R,m0_strict_human3r,Coverage,0.98,1.0,0.020000000000000018
aist__gBR_sBM_cAll_d06_mBR5_ch02__mc150-4,aist__gBR_sBM_cAll_d06_mBR5_ch02__mc150-4,,BRIDGE3R,m15_bridge3r_fixed_v19,PA-MPJPE_mm,60.73700708768018,57.53395553910736,3.203051548572823
aist__gBR_sBM_cAll_d06_mBR5_ch02__mc150-4,aist__gBR_sBM_cAll_d06_mBR5_ch02__mc150-4,,BRIDGE3R,m15_bridge3r_fixed_v19,Anchor-MPJPE_mm,1652.9984123277334,703.8141242074399,949.1842881202934
aist__gBR_sBM_cAll_d06_mBR5_ch02__mc150-4,aist__gBR_sBM_cAll_d06_mBR5_ch02__mc150-4,,BRIDGE3R,m15_bridge3r_fixed_v19,Anchor-root_mm,1613.204909639053,677.5129893704955,935.6919202685576
aist__gBR_sBM_cAll_d06_mBR5_ch02__mc150-4,aist__gBR_sBM_cAll_d06_mBR5_ch02__mc150-4,,BRIDGE3R,m15_bridge3r_fixed_v19,Orientation_deg,51.380261309261556,32.910870341785106,18.46939096747645
aist__gBR_sBM_cAll_d06_mBR5_ch02__mc150-4,aist__gBR_sBM_cAll_d06_mBR5_ch02__mc150-4,,BRIDGE3R,m15_bridge3r_fixed_v19,Seam-root_mm,470.34107115573335,506.65191461229216,-36.310843456558814
aist__gBR_sBM_cAll_d06_mBR5_ch02__mc150-4,aist__gBR_sBM_cAll_d06_mBR5_ch02__mc150-4,,BRIDGE3R,m15_bridge3r_fixed_v19,Seam-orientation_deg,42.17691352647115,67.77886752547266,-25.601953999001516
aist__gBR_sBM_cAll_d06_mBR5_ch02__mc150-4,aist__gBR_sBM_cAll_d06_mBR5_ch02__mc150-4,,BRIDGE3R,m15_bridge3r_fixed_v19,Camera-rotation_deg,51.427964940085516,39.10604992352072,12.321915016564795
aist__gBR_sBM_cAll_d06_mBR5_ch02__mc150-4,aist__gBR_sBM_cAll_d06_mBR5_ch02__mc150-4,,BRIDGE3R,m15_bridge3r_fixed_v19,Camera-translation_m,4.935457994838296,2.9995709805596635,1.9358870142786322
aist__gBR_sBM_cAll_d06_mBR5_ch02__mc150-4,aist__gBR_sBM_cAll_d06_mBR5_ch02__mc150-4,,BRIDGE3R,m15_bridge3r_fixed_v19,Boundary-camera-rotation_deg,90.05428616089903,75.4349107302706,14.619375430628423
aist__gBR_sBM_cAll_d06_mBR5_ch02__mc150-4,aist__gBR_sBM_cAll_d06_mBR5_ch02__mc150-4,,BRIDGE3R,m15_bridge3r_fixed_v19,Boundary-camera-translation_m,6.382868184575219,6.0022690968840395,0.3805990876911798
aist__gBR_sBM_cAll_d06_mBR5_ch02__mc150-4,aist__gBR_sBM_cAll_d06_mBR5_ch02__mc150-4,,BRIDGE3R,m15_bridge3r_fixed_v19,Coverage,0.98,1.0,0.020000000000000018
aist__gHO_sBM_cAll_d21_mHO3_ch01__mc150-4,aist__gHO_sBM_cAll_d21_mHO3_ch01__mc150-4,,Human3R,m0_strict_human3r,PA-MPJPE_mm,54.209317851461755,53.01474760779466,1.1945702436670942
aist__gHO_sBM_cAll_d21_mHO3_ch01__mc150-4,aist__gHO_sBM_cAll_d21_mHO3_ch01__mc150-4,,Human3R,m0_strict_human3r,Anchor-MPJPE_mm,1913.857896065726,471.98377617035555,1441.8741198953703
aist__gHO_sBM_cAll_d21_mHO3_ch01__mc150-4,aist__gHO_sBM_cAll_d21_mHO3_ch01__mc150-4,,Human3R,m0_strict_human3r,Anchor-root_mm,1900.1639705571326,464.2617468134451,1435.9022237436875
aist__gHO_sBM_cAll_d21_mHO3_ch01__mc150-4,aist__gHO_sBM_cAll_d21_mHO3_ch01__mc150-4,,Human3R,m0_strict_human3r,Orientation_deg,15.28707985757637,10.18410731206443,5.102972545511939
aist__gHO_sBM_cAll_d21_mHO3_ch01__mc150-4,aist__gHO_sBM_cAll_d21_mHO3_ch01__mc150-4,,Human3R,m0_strict_human3r,Seam-root_mm,622.6965825567859,361.5779823561402,261.1186002006457
aist__gHO_sBM_cAll_d21_mHO3_ch01__mc150-4,aist__gHO_sBM_cAll_d21_mHO3_ch01__mc150-4,,Human3R,m0_strict_human3r,Seam-orientation_deg,33.21501346500614,8.310313693219967,24.90469977178617
aist__gHO_sBM_cAll_d21_mHO3_ch01__mc150-4,aist__gHO_sBM_cAll_d21_mHO3_ch01__mc150-4,,Human3R,m0_strict_human3r,Camera-rotation_deg,16.68321439976991,4.2947323103515185,12.38848208941839
aist__gHO_sBM_cAll_d21_mHO3_ch01__mc150-4,aist__gHO_sBM_cAll_d21_mHO3_ch01__mc150-4,,Human3R,m0_strict_human3r,Camera-translation_m,3.478101993575783,0.6896291418414254,2.7884728517343578
aist__gHO_sBM_cAll_d21_mHO3_ch01__mc150-4,aist__gHO_sBM_cAll_d21_mHO3_ch01__mc150-4,,Human3R,m0_strict_human3r,Boundary-camera-rotation_deg,81.53152184103159,4.670370110253589,76.861151730778
aist__gHO_sBM_cAll_d21_mHO3_ch01__mc150-4,aist__gHO_sBM_cAll_d21_mHO3_ch01__mc150-4,,Human3R,m0_strict_human3r,Boundary-camera-translation_m,6.114430663599445,0.5065096544958809,5.607921009103564
aist__gHO_sBM_cAll_d21_mHO3_ch01__mc150-4,aist__gHO_sBM_cAll_d21_mHO3_ch01__mc150-4,,Human3R,m0_strict_human3r,Coverage,0.98,1.0,0.020000000000000018
aist__gHO_sBM_cAll_d21_mHO3_ch01__mc150-4,aist__gHO_sBM_cAll_d21_mHO3_ch01__mc150-4,,BRIDGE3R,m15_bridge3r_fixed_v19,PA-MPJPE_mm,54.209317851461755,52.28073247440791,1.9285853770538424
aist__gHO_sBM_cAll_d21_mHO3_ch01__mc150-4,aist__gHO_sBM_cAll_d21_mHO3_ch01__mc150-4,,BRIDGE3R,m15_bridge3r_fixed_v19,Anchor-MPJPE_mm,1913.857896065726,435.01840946038624,1478.8394866053397
aist__gHO_sBM_cAll_d21_mHO3_ch01__mc150-4,aist__gHO_sBM_cAll_d21_mHO3_ch01__mc150-4,,BRIDGE3R,m15_bridge3r_fixed_v19,Anchor-root_mm,1900.1639705571326,428.01967373473326,1472.1442968223994
aist__gHO_sBM_cAll_d21_mHO3_ch01__mc150-4,aist__gHO_sBM_cAll_d21_mHO3_ch01__mc150-4,,BRIDGE3R,m15_bridge3r_fixed_v19,Orientation_deg,15.28707985757637,8.136319209137547,7.150760648438823
aist__gHO_sBM_cAll_d21_mHO3_ch01__mc150-4,aist__gHO_sBM_cAll_d21_mHO3_ch01__mc150-4,,BRIDGE3R,m15_bridge3r_fixed_v19,Seam-root_mm,622.6965825567859,635.4878160846732,-12.791233527887357
aist__gHO_sBM_cAll_d21_mHO3_ch01__mc150-4,aist__gHO_sBM_cAll_d21_mHO3_ch01__mc150-4,,BRIDGE3R,m15_bridge3r_fixed_v19,Seam-orientation_deg,33.21501346500614,8.90502877392581,24.309984691080327
aist__gHO_sBM_cAll_d21_mHO3_ch01__mc150-4,aist__gHO_sBM_cAll_d21_mHO3_ch01__mc150-4,,BRIDGE3R,m15_bridge3r_fixed_v19,Camera-rotation_deg,16.68321439976991,5.443806133219744,11.239408266550164
aist__gHO_sBM_cAll_d21_mHO3_ch01__mc150-4,aist__gHO_sBM_cAll_d21_mHO3_ch01__mc150-4,,BRIDGE3R,m15_bridge3r_fixed_v19,Camera-translation_m,3.478101993575783,0.5507406411845486,2.9273613523912347
aist__gHO_sBM_cAll_d21_mHO3_ch01__mc150-4,aist__gHO_sBM_cAll_d21_mHO3_ch01__mc150-4,,BRIDGE3R,m15_bridge3r_fixed_v19,Boundary-camera-rotation_deg,81.53152184103159,3.3859910281040704,78.14553081292752
aist__gHO_sBM_cAll_d21_mHO3_ch01__mc150-4,aist__gHO_sBM_cAll_d21_mHO3_ch01__mc150-4,,BRIDGE3R,m15_bridge3r_fixed_v19,Boundary-camera-translation_m,6.114430663599445,0.5799484107001028,5.534482252899342
aist__gHO_sBM_cAll_d21_mHO3_ch01__mc150-4,aist__gHO_sBM_cAll_d21_mHO3_ch01__mc150-4,,BRIDGE3R,m15_bridge3r_fixed_v19,Coverage,0.98,1.0,0.020000000000000018
aist__gHO_sBM_cAll_d21_mHO3_ch02__mc150-4,aist__gHO_sBM_cAll_d21_mHO3_ch02__mc150-4,,Human3R,m0_strict_human3r,PA-MPJPE_mm,50.512939098252446,49.657426188189355,0.8555129100630907
aist__gHO_sBM_cAll_d21_mHO3_ch02__mc150-4,aist__gHO_sBM_cAll_d21_mHO3_ch02__mc150-4,,Human3R,m0_strict_human3r,Anchor-MPJPE_mm,2501.3306622180576,416.40456219569575,2084.926100022362
aist__gHO_sBM_cAll_d21_mHO3_ch02__mc150-4,aist__gHO_sBM_cAll_d21_mHO3_ch02__mc150-4,,Human3R,m0_strict_human3r,Anchor-root_mm,2497.245099421916,387.65797303358795,2109.587126388328
aist__gHO_sBM_cAll_d21_mHO3_ch02__mc150-4,aist__gHO_sBM_cAll_d21_mHO3_ch02__mc150-4,,Human3R,m0_strict_human3r,Orientation_deg,31.33848508167655,27.20053377720368,4.1379513044728675
aist__gHO_sBM_cAll_d21_mHO3_ch02__mc150-4,aist__gHO_sBM_cAll_d21_mHO3_ch02__mc150-4,,Human3R,m0_strict_human3r,Seam-root_mm,564.8560151476281,308.14405437295505,256.71196077467306
aist__gHO_sBM_cAll_d21_mHO3_ch02__mc150-4,aist__gHO_sBM_cAll_d21_mHO3_ch02__mc150-4,,Human3R,m0_strict_human3r,Seam-orientation_deg,42.05854693093245,62.988280812311075,-20.929733881378624
aist__gHO_sBM_cAll_d21_mHO3_ch02__mc150-4,aist__gHO_sBM_cAll_d21_mHO3_ch02__mc150-4,,Human3R,m0_strict_human3r,Camera-rotation_deg,35.30976719543039,33.955785075751784,1.353982119678605
aist__gHO_sBM_cAll_d21_mHO3_ch02__mc150-4,aist__gHO_sBM_cAll_d21_mHO3_ch02__mc150-4,,Human3R,m0_strict_human3r,Camera-translation_m,4.0827133039035095,2.778963225817146,1.3037500780863636
aist__gHO_sBM_cAll_d21_mHO3_ch02__mc150-4,aist__gHO_sBM_cAll_d21_mHO3_ch02__mc150-4,,Human3R,m0_strict_human3r,Boundary-camera-rotation_deg,86.74390545354152,62.86099829733947,23.882907156202045
aist__gHO_sBM_cAll_d21_mHO3_ch02__mc150-4,aist__gHO_sBM_cAll_d21_mHO3_ch02__mc150-4,,Human3R,m0_strict_human3r,Boundary-camera-translation_m,6.446954606142081,5.256125603257453,1.1908290028846285
aist__gHO_sBM_cAll_d21_mHO3_ch02__mc150-4,aist__gHO_sBM_cAll_d21_mHO3_ch02__mc150-4,,Human3R,m0_strict_human3r,Coverage,0.9666666666666667,1.0,0.033333333333333326
aist__gHO_sBM_cAll_d21_mHO3_ch02__mc150-4,aist__gHO_sBM_cAll_d21_mHO3_ch02__mc150-4,,BRIDGE3R,m15_bridge3r_fixed_v19,PA-MPJPE_mm,50.512939098252446,48.80604277063629,1.7068963276161568
aist__gHO_sBM_cAll_d21_mHO3_ch02__mc150-4,aist__gHO_sBM_cAll_d21_mHO3_ch02__mc150-4,,BRIDGE3R,m15_bridge3r_fixed_v19,Anchor-MPJPE_mm,2501.3306622180576,613.7022031456273,1887.6284590724304
aist__gHO_sBM_cAll_d21_mHO3_ch02__mc150-4,aist__gHO_sBM_cAll_d21_mHO3_ch02__mc150-4,,BRIDGE3R,m15_bridge3r_fixed_v19,Anchor-root_mm,2497.245099421916,587.110466503751,1910.1346329181652
aist__gHO_sBM_cAll_d21_mHO3_ch02__mc150-4,aist__gHO_sBM_cAll_d21_mHO3_ch02__mc150-4,,BRIDGE3R,m15_bridge3r_fixed_v19,Orientation_deg,31.33848508167655,68.5054829191129,-37.16699783743634
aist__gHO_sBM_cAll_d21_mHO3_ch02__mc150-4,aist__gHO_sBM_cAll_d21_mHO3_ch02__mc150-4,,BRIDGE3R,m15_bridge3r_fixed_v19,Seam-root_mm,564.8560151476281,1004.7163671231104,-439.86035197548233
aist__gHO_sBM_cAll_d21_mHO3_ch02__mc150-4,aist__gHO_sBM_cAll_d21_mHO3_ch02__mc150-4,,BRIDGE3R,m15_bridge3r_fixed_v19,Seam-orientation_deg,42.05854693093245,95.00070054748518,-52.94215361655273
aist__gHO_sBM_cAll_d21_mHO3_ch02__mc150-4,aist__gHO_sBM_cAll_d21_mHO3_ch02__mc150-4,,BRIDGE3R,m15_bridge3r_fixed_v19,Camera-rotation_deg,35.30976719543039,91.65322619185915,-56.34345899642876
aist__gHO_sBM_cAll_d21_mHO3_ch02__mc150-4,aist__gHO_sBM_cAll_d21_mHO3_ch02__mc150-4,,BRIDGE3R,m15_bridge3r_fixed_v19,Camera-translation_m,4.0827133039035095,5.642292388225301,-1.5595790843217916
aist__gHO_sBM_cAll_d21_mHO3_ch02__mc150-4,aist__gHO_sBM_cAll_d21_mHO3_ch02__mc150-4,,BRIDGE3R,m15_bridge3r_fixed_v19,Boundary-camera-rotation_deg,86.74390545354152,93.94982870826767,-7.205923254726159
aist__gHO_sBM_cAll_d21_mHO3_ch02__mc150-4,aist__gHO_sBM_cAll_d21_mHO3_ch02__mc150-4,,BRIDGE3R,m15_bridge3r_fixed_v19,Boundary-camera-translation_m,6.446954606142081,6.399283404181328,0.04767120196075325
aist__gHO_sBM_cAll_d21_mHO3_ch02__mc150-4,aist__gHO_sBM_cAll_d21_mHO3_ch02__mc150-4,,BRIDGE3R,m15_bridge3r_fixed_v19,Coverage,0.9666666666666667,1.0,0.033333333333333326
aist__gHO_sBM_cAll_d21_mHO4_ch01__mc150-4,aist__gHO_sBM_cAll_d21_mHO4_ch01__mc150-4,,Human3R,m0_strict_human3r,PA-MPJPE_mm,52.70296757261672,51.20551449094227,1.4974530816744505
aist__gHO_sBM_cAll_d21_mHO4_ch01__mc150-4,aist__gHO_sBM_cAll_d21_mHO4_ch01__mc150-4,,Human3R,m0_strict_human3r,Anchor-MPJPE_mm,753.8323284671291,533.4803194439073,220.35200902322174
aist__gHO_sBM_cAll_d21_mHO4_ch01__mc150-4,aist__gHO_sBM_cAll_d21_mHO4_ch01__mc150-4,,Human3R,m0_strict_human3r,Anchor-root_mm,714.1990325081385,518.6894783460214,195.50955416211718
aist__gHO_sBM_cAll_d21_mHO4_ch01__mc150-4,aist__gHO_sBM_cAll_d21_mHO4_ch01__mc150-4,,Human3R,m0_strict_human3r,Orientation_deg,44.006367426177825,30.364338670913398,13.642028755264427
aist__gHO_sBM_cAll_d21_mHO4_ch01__mc150-4,aist__gHO_sBM_cAll_d21_mHO4_ch01__mc150-4,,Human3R,m0_strict_human3r,Seam-root_mm,174.3631362117429,535.7224510146993,-361.3593148029564
aist__gHO_sBM_cAll_d21_mHO4_ch01__mc150-4,aist__gHO_sBM_cAll_d21_mHO4_ch01__mc150-4,,Human3R,m0_strict_human3r,Seam-orientation_deg,33.51182815647243,71.33416857144653,-37.82234041497409
aist__gHO_sBM_cAll_d21_mHO4_ch01__mc150-4,aist__gHO_sBM_cAll_d21_mHO4_ch01__mc150-4,,Human3R,m0_strict_human3r,Camera-rotation_deg,50.496108232495736,33.481936744828815,17.01417148766692
aist__gHO_sBM_cAll_d21_mHO4_ch01__mc150-4,aist__gHO_sBM_cAll_d21_mHO4_ch01__mc150-4,,Human3R,m0_strict_human3r,Camera-translation_m,4.232666790615231,3.0876161820708212,1.1450506085444099
aist__gHO_sBM_cAll_d21_mHO4_ch01__mc150-4,aist__gHO_sBM_cAll_d21_mHO4_ch01__mc150-4,,Human3R,m0_strict_human3r,Boundary-camera-rotation_deg,86.9517710876268,62.86301932023301,24.088751767393788
aist__gHO_sBM_cAll_d21_mHO4_ch01__mc150-4,aist__gHO_sBM_cAll_d21_mHO4_ch01__mc150-4,,Human3R,m0_strict_human3r,Boundary-camera-translation_m,6.3165987011642075,5.317571048719215,0.9990276524449921
aist__gHO_sBM_cAll_d21_mHO4_ch01__mc150-4,aist__gHO_sBM_cAll_d21_mHO4_ch01__mc150-4,,Human3R,m0_strict_human3r,Coverage,0.98,1.0,0.020000000000000018
aist__gHO_sBM_cAll_d21_mHO4_ch01__mc150-4,aist__gHO_sBM_cAll_d21_mHO4_ch01__mc150-4,,BRIDGE3R,m15_bridge3r_fixed_v19,PA-MPJPE_mm,52.70296757261672,50.324497698850315,2.378469873766406
aist__gHO_sBM_cAll_d21_mHO4_ch01__mc150-4,aist__gHO_sBM_cAll_d21_mHO4_ch01__mc150-4,,BRIDGE3R,m15_bridge3r_fixed_v19,Anchor-MPJPE_mm,753.8323284671291,537.3937087444511,216.4386197226779
aist__gHO_sBM_cAll_d21_mHO4_ch01__mc150-4,aist__gHO_sBM_cAll_d21_mHO4_ch01__mc150-4,,BRIDGE3R,m15_bridge3r_fixed_v19,Anchor-root_mm,714.1990325081385,506.4593432882467,207.73968921989183
aist__gHO_sBM_cAll_d21_mHO4_ch01__mc150-4,aist__gHO_sBM_cAll_d21_mHO4_ch01__mc150-4,,BRIDGE3R,m15_bridge3r_fixed_v19,Orientation_deg,44.006367426177825,32.59907878335259,11.407288642825236
aist__gHO_sBM_cAll_d21_mHO4_ch01__mc150-4,aist__gHO_sBM_cAll_d21_mHO4_ch01__mc150-4,,BRIDGE3R,m15_bridge3r_fixed_v19,Seam-root_mm,174.3631362117429,458.4997126541461,-284.1365764424032
aist__gHO_sBM_cAll_d21_mHO4_ch01__mc150-4,aist__gHO_sBM_cAll_d21_mHO4_ch01__mc150-4,,BRIDGE3R,m15_bridge3r_fixed_v19,Seam-orientation_deg,33.51182815647243,74.46040527046156,-40.94857711398913
aist__gHO_sBM_cAll_d21_mHO4_ch01__mc150-4,aist__gHO_sBM_cAll_d21_mHO4_ch01__mc150-4,,BRIDGE3R,m15_bridge3r_fixed_v19,Camera-rotation_deg,50.496108232495736,39.294454145187466,11.20165408730827
aist__gHO_sBM_cAll_d21_mHO4_ch01__mc150-4,aist__gHO_sBM_cAll_d21_mHO4_ch01__mc150-4,,BRIDGE3R,m15_bridge3r_fixed_v19,Camera-translation_m,4.232666790615231,3.283496391576253,0.9491703990389779
aist__gHO_sBM_cAll_d21_mHO4_ch01__mc150-4,aist__gHO_sBM_cAll_d21_mHO4_ch01__mc150-4,,BRIDGE3R,m15_bridge3r_fixed_v19,Boundary-camera-rotation_deg,86.9517710876268,65.43236118277798,21.519409904848814
aist__gHO_sBM_cAll_d21_mHO4_ch01__mc150-4,aist__gHO_sBM_cAll_d21_mHO4_ch01__mc150-4,,BRIDGE3R,m15_bridge3r_fixed_v19,Boundary-camera-translation_m,6.3165987011642075,5.92225284843897,0.3943458527252375
aist__gHO_sBM_cAll_d21_mHO4_ch01__mc150-4,aist__gHO_sBM_cAll_d21_mHO4_ch01__mc150-4,,BRIDGE3R,m15_bridge3r_fixed_v19,Coverage,0.98,1.0,0.020000000000000018
aist__gHO_sBM_cAll_d21_mHO4_ch02__mc150-4,aist__gHO_sBM_cAll_d21_mHO4_ch02__mc150-4,,Human3R,m0_strict_human3r,PA-MPJPE_mm,52.784215542840535,48.44957070288119,4.334644839959346
aist__gHO_sBM_cAll_d21_mHO4_ch02__mc150-4,aist__gHO_sBM_cAll_d21_mHO4_ch02__mc150-4,,Human3R,m0_strict_human3r,Anchor-MPJPE_mm,578.4559676468793,779.3151292788359,-200.85916163195657
aist__gHO_sBM_cAll_d21_mHO4_ch02__mc150-4,aist__gHO_sBM_cAll_d21_mHO4_ch02__mc150-4,,Human3R,m0_strict_human3r,Anchor-root_mm,539.2271689596434,782.5886121546472,-243.36144319500374
aist__gHO_sBM_cAll_d21_mHO4_ch02__mc150-4,aist__gHO_sBM_cAll_d21_mHO4_ch02__mc150-4,,Human3R,m0_strict_human3r,Orientation_deg,100.62312982670731,88.86417559077114,11.758954235936173
aist__gHO_sBM_cAll_d21_mHO4_ch02__mc150-4,aist__gHO_sBM_cAll_d21_mHO4_ch02__mc150-4,,Human3R,m0_strict_human3r,Seam-root_mm,457.07410835827915,855.5721529752346,-398.4980446169555
aist__gHO_sBM_cAll_d21_mHO4_ch02__mc150-4,aist__gHO_sBM_cAll_d21_mHO4_ch02__mc150-4,,Human3R,m0_strict_human3r,Seam-orientation_deg,40.51847452737852,60.74023221652459,-20.221757689146067
aist__gHO_sBM_cAll_d21_mHO4_ch02__mc150-4,aist__gHO_sBM_cAll_d21_mHO4_ch02__mc150-4,,Human3R,m0_strict_human3r,Camera-rotation_deg,133.9210873702319,114.8642126362748,19.056874733957102
aist__gHO_sBM_cAll_d21_mHO4_ch02__mc150-4,aist__gHO_sBM_cAll_d21_mHO4_ch02__mc150-4,,Human3R,m0_strict_human3r,Camera-translation_m,8.969980354264164,8.614663667580393,0.35531668668377137
aist__gHO_sBM_cAll_d21_mHO4_ch02__mc150-4,aist__gHO_sBM_cAll_d21_mHO4_ch02__mc150-4,,Human3R,m0_strict_human3r,Boundary-camera-rotation_deg,89.9801194986792,66.80161214173279,23.17850735694641
aist__gHO_sBM_cAll_d21_mHO4_ch02__mc150-4,aist__gHO_sBM_cAll_d21_mHO4_ch02__mc150-4,,Human3R,m0_strict_human3r,Boundary-camera-translation_m,6.527626858686399,5.608762599547325,0.9188642591390739
aist__gHO_sBM_cAll_d21_mHO4_ch02__mc150-4,aist__gHO_sBM_cAll_d21_mHO4_ch02__mc150-4,,Human3R,m0_strict_human3r,Coverage,0.98,1.0,0.020000000000000018
aist__gHO_sBM_cAll_d21_mHO4_ch02__mc150-4,aist__gHO_sBM_cAll_d21_mHO4_ch02__mc150-4,,BRIDGE3R,m15_bridge3r_fixed_v19,PA-MPJPE_mm,52.784215542840535,47.453309077964455,5.3309064648760796
aist__gHO_sBM_cAll_d21_mHO4_ch02__mc150-4,aist__gHO_sBM_cAll_d21_mHO4_ch02__mc150-4,,BRIDGE3R,m15_bridge3r_fixed_v19,Anchor-MPJPE_mm,578.4559676468793,785.3824581099506,-206.92649046307122
aist__gHO_sBM_cAll_d21_mHO4_ch02__mc150-4,aist__gHO_sBM_cAll_d21_mHO4_ch02__mc150-4,,BRIDGE3R,m15_bridge3r_fixed_v19,Anchor-root_mm,539.2271689596434,761.8630571930446,-222.63588823340115
aist__gHO_sBM_cAll_d21_mHO4_ch02__mc150-4,aist__gHO_sBM_cAll_d21_mHO4_ch02__mc150-4,,BRIDGE3R,m15_bridge3r_fixed_v19,Orientation_deg,100.62312982670731,51.7038528000729,48.91927702663441
aist__gHO_sBM_cAll_d21_mHO4_ch02__mc150-4,aist__gHO_sBM_cAll_d21_mHO4_ch02__mc150-4,,BRIDGE3R,m15_bridge3r_fixed_v19,Seam-root_mm,457.07410835827915,753.4800682478339,-296.4059598895547
aist__gHO_sBM_cAll_d21_mHO4_ch02__mc150-4,aist__gHO_sBM_cAll_d21_mHO4_ch02__mc150-4,,BRIDGE3R,m15_bridge3r_fixed_v19,Seam-orientation_deg,40.51847452737852,68.54452955803036,-28.02605503065184
aist__gHO_sBM_cAll_d21_mHO4_ch02__mc150-4,aist__gHO_sBM_cAll_d21_mHO4_ch02__mc150-4,,BRIDGE3R,m15_bridge3r_fixed_v19,Camera-rotation_deg,133.9210873702319,65.62807154027934,68.29301582995257
aist__gHO_sBM_cAll_d21_mHO4_ch02__mc150-4,aist__gHO_sBM_cAll_d21_mHO4_ch02__mc150-4,,BRIDGE3R,m15_bridge3r_fixed_v19,Camera-translation_m,8.969980354264164,6.795154428831525,2.174825925432639
aist__gHO_sBM_cAll_d21_mHO4_ch02__mc150-4,aist__gHO_sBM_cAll_d21_mHO4_ch02__mc150-4,,BRIDGE3R,m15_bridge3r_fixed_v19,Boundary-camera-rotation_deg,89.9801194986792,75.14913894529151,14.83098055338769
aist__gHO_sBM_cAll_d21_mHO4_ch02__mc150-4,aist__gHO_sBM_cAll_d21_mHO4_ch02__mc150-4,,BRIDGE3R,m15_bridge3r_fixed_v19,Boundary-camera-translation_m,6.527626858686399,6.6785081447692844,-0.15088128608288542
aist__gHO_sBM_cAll_d21_mHO4_ch02__mc150-4,aist__gHO_sBM_cAll_d21_mHO4_ch02__mc150-4,,BRIDGE3R,m15_bridge3r_fixed_v19,Coverage,0.98,1.0,0.020000000000000018
aist__gHO_sBM_cAll_d21_mHO5_ch01__mc150-4,aist__gHO_sBM_cAll_d21_mHO5_ch01__mc150-4,,Human3R,m0_strict_human3r,PA-MPJPE_mm,57.70344759319624,57.66579501267222,0.037652580524017765
aist__gHO_sBM_cAll_d21_mHO5_ch01__mc150-4,aist__gHO_sBM_cAll_d21_mHO5_ch01__mc150-4,,Human3R,m0_strict_human3r,Anchor-MPJPE_mm,616.7749758825886,1259.7909611982911,-643.0159853157026
aist__gHO_sBM_cAll_d21_mHO5_ch01__mc150-4,aist__gHO_sBM_cAll_d21_mHO5_ch01__mc150-4,,Human3R,m0_strict_human3r,Anchor-root_mm,604.389734886066,1284.6311310888757,-680.2413962028097
aist__gHO_sBM_cAll_d21_mHO5_ch01__mc150-4,aist__gHO_sBM_cAll_d21_mHO5_ch01__mc150-4,,Human3R,m0_strict_human3r,Orientation_deg,98.02236892829222,86.59317256940591,11.429196358886315
aist__gHO_sBM_cAll_d21_mHO5_ch01__mc150-4,aist__gHO_sBM_cAll_d21_mHO5_ch01__mc150-4,,Human3R,m0_strict_human3r,Seam-root_mm,650.5831075497093,839.6643109261657,-189.08120337645641
aist__gHO_sBM_cAll_d21_mHO5_ch01__mc150-4,aist__gHO_sBM_cAll_d21_mHO5_ch01__mc150-4,,Human3R,m0_strict_human3r,Seam-orientation_deg,24.61522704717347,69.87260508726278,-45.257378040089314
aist__gHO_sBM_cAll_d21_mHO5_ch01__mc150-4,aist__gHO_sBM_cAll_d21_mHO5_ch01__mc150-4,,Human3R,m0_strict_human3r,Camera-rotation_deg,134.5861285606357,118.99151371133748,15.594614849298225
aist__gHO_sBM_cAll_d21_mHO5_ch01__mc150-4,aist__gHO_sBM_cAll_d21_mHO5_ch01__mc150-4,,Human3R,m0_strict_human3r,Camera-translation_m,9.22661864400447,8.430833890184129,0.7957847538203406
aist__gHO_sBM_cAll_d21_mHO5_ch01__mc150-4,aist__gHO_sBM_cAll_d21_mHO5_ch01__mc150-4,,Human3R,m0_strict_human3r,Boundary-camera-rotation_deg,90.04626583442926,68.89839039445333,21.147875439975934
aist__gHO_sBM_cAll_d21_mHO5_ch01__mc150-4,aist__gHO_sBM_cAll_d21_mHO5_ch01__mc150-4,,Human3R,m0_strict_human3r,Boundary-camera-translation_m,6.532138543768035,5.683437972559702,0.8487005712083331
aist__gHO_sBM_cAll_d21_mHO5_ch01__mc150-4,aist__gHO_sBM_cAll_d21_mHO5_ch01__mc150-4,,Human3R,m0_strict_human3r,Coverage,0.9666666666666667,1.0,0.033333333333333326
aist__gHO_sBM_cAll_d21_mHO5_ch01__mc150-4,aist__gHO_sBM_cAll_d21_mHO5_ch01__mc150-4,,BRIDGE3R,m15_bridge3r_fixed_v19,PA-MPJPE_mm,57.70344759319624,57.01458712557871,0.6888604676175305
aist__gHO_sBM_cAll_d21_mHO5_ch01__mc150-4,aist__gHO_sBM_cAll_d21_mHO5_ch01__mc150-4,,BRIDGE3R,m15_bridge3r_fixed_v19,Anchor-MPJPE_mm,616.7749758825886,594.397924373434,22.377051509154626
aist__gHO_sBM_cAll_d21_mHO5_ch01__mc150-4,aist__gHO_sBM_cAll_d21_mHO5_ch01__mc150-4,,BRIDGE3R,m15_bridge3r_fixed_v19,Anchor-root_mm,604.389734886066,578.1567143470617,26.233020539004315
aist__gHO_sBM_cAll_d21_mHO5_ch01__mc150-4,aist__gHO_sBM_cAll_d21_mHO5_ch01__mc150-4,,BRIDGE3R,m15_bridge3r_fixed_v19,Orientation_deg,98.02236892829222,46.31772951536969,51.70463941292253
aist__gHO_sBM_cAll_d21_mHO5_ch01__mc150-4,aist__gHO_sBM_cAll_d21_mHO5_ch01__mc150-4,,BRIDGE3R,m15_bridge3r_fixed_v19,Seam-root_mm,650.5831075497093,790.8779970762649,-140.2948895265556
aist__gHO_sBM_cAll_d21_mHO5_ch01__mc150-4,aist__gHO_sBM_cAll_d21_mHO5_ch01__mc150-4,,BRIDGE3R,m15_bridge3r_fixed_v19,Seam-orientation_deg,24.61522704717347,93.71445766392212,-69.09923061674866
aist__gHO_sBM_cAll_d21_mHO5_ch01__mc150-4,aist__gHO_sBM_cAll_d21_mHO5_ch01__mc150-4,,BRIDGE3R,m15_bridge3r_fixed_v19,Camera-rotation_deg,134.5861285606357,62.070475631066664,72.51565292956903
aist__gHO_sBM_cAll_d21_mHO5_ch01__mc150-4,aist__gHO_sBM_cAll_d21_mHO5_ch01__mc150-4,,BRIDGE3R,m15_bridge3r_fixed_v19,Camera-translation_m,9.22661864400447,6.338134169432588,2.8884844745718814
aist__gHO_sBM_cAll_d21_mHO5_ch01__mc150-4,aist__gHO_sBM_cAll_d21_mHO5_ch01__mc150-4,,BRIDGE3R,m15_bridge3r_fixed_v19,Boundary-camera-rotation_deg,90.04626583442926,93.62293937451345,-3.5766735400841867
aist__gHO_sBM_cAll_d21_mHO5_ch01__mc150-4,aist__gHO_sBM_cAll_d21_mHO5_ch01__mc150-4,,BRIDGE3R,m15_bridge3r_fixed_v19,Boundary-camera-translation_m,6.532138543768035,7.743497604363879,-1.2113590605958438
aist__gHO_sBM_cAll_d21_mHO5_ch01__mc150-4,aist__gHO_sBM_cAll_d21_mHO5_ch01__mc150-4,,BRIDGE3R,m15_bridge3r_fixed_v19,Coverage,0.9666666666666667,1.0,0.033333333333333326
aist__gHO_sBM_cAll_d21_mHO5_ch02__mc150-4,aist__gHO_sBM_cAll_d21_mHO5_ch02__mc150-4,,Human3R,m0_strict_human3r,PA-MPJPE_mm,55.649076961904086,52.11156381042303,3.5375131514810576
aist__gHO_sBM_cAll_d21_mHO5_ch02__mc150-4,aist__gHO_sBM_cAll_d21_mHO5_ch02__mc150-4,,Human3R,m0_strict_human3r,Anchor-MPJPE_mm,1006.0259890179505,654.2138770045482,351.81211201340227
aist__gHO_sBM_cAll_d21_mHO5_ch02__mc150-4,aist__gHO_sBM_cAll_d21_mHO5_ch02__mc150-4,,Human3R,m0_strict_human3r,Anchor-root_mm,994.1448093705307,653.7374899145518,340.40731945597884
aist__gHO_sBM_cAll_d21_mHO5_ch02__mc150-4,aist__gHO_sBM_cAll_d21_mHO5_ch02__mc150-4,,Human3R,m0_strict_human3r,Orientation_deg,44.55892637371521,30.770088427331054,13.788837946384156
aist__gHO_sBM_cAll_d21_mHO5_ch02__mc150-4,aist__gHO_sBM_cAll_d21_mHO5_ch02__mc150-4,,Human3R,m0_strict_human3r,Seam-root_mm,554.808954722384,415.7162825730211,139.0926721493629
aist__gHO_sBM_cAll_d21_mHO5_ch02__mc150-4,aist__gHO_sBM_cAll_d21_mHO5_ch02__mc150-4,,Human3R,m0_strict_human3r,Seam-orientation_deg,34.3721160195007,53.65382477674223,-19.28170875724153
aist__gHO_sBM_cAll_d21_mHO5_ch02__mc150-4,aist__gHO_sBM_cAll_d21_mHO5_ch02__mc150-4,,Human3R,m0_strict_human3r,Camera-rotation_deg,50.87028817230656,36.36891664750231,14.501371524804249
aist__gHO_sBM_cAll_d21_mHO5_ch02__mc150-4,aist__gHO_sBM_cAll_d21_mHO5_ch02__mc150-4,,Human3R,m0_strict_human3r,Camera-translation_m,4.354022679796768,3.5600961864732206,0.7939264933235473
aist__gHO_sBM_cAll_d21_mHO5_ch02__mc150-4,aist__gHO_sBM_cAll_d21_mHO5_ch02__mc150-4,,Human3R,m0_strict_human3r,Boundary-camera-rotation_deg,86.97343777590415,64.12951898583994,22.84391879006421
aist__gHO_sBM_cAll_d21_mHO5_ch02__mc150-4,aist__gHO_sBM_cAll_d21_mHO5_ch02__mc150-4,,Human3R,m0_strict_human3r,Boundary-camera-translation_m,6.3113032742716415,5.40520385369945,0.9060994205721915
aist__gHO_sBM_cAll_d21_mHO5_ch02__mc150-4,aist__gHO_sBM_cAll_d21_mHO5_ch02__mc150-4,,Human3R,m0_strict_human3r,Coverage,0.98,1.0,0.020000000000000018
aist__gHO_sBM_cAll_d21_mHO5_ch02__mc150-4,aist__gHO_sBM_cAll_d21_mHO5_ch02__mc150-4,,BRIDGE3R,m15_bridge3r_fixed_v19,PA-MPJPE_mm,55.649076961904086,51.6647777092373,3.984299252666787
aist__gHO_sBM_cAll_d21_mHO5_ch02__mc150-4,aist__gHO_sBM_cAll_d21_mHO5_ch02__mc150-4,,BRIDGE3R,m15_bridge3r_fixed_v19,Anchor-MPJPE_mm,1006.0259890179505,659.2912035649571,346.7347854529934
aist__gHO_sBM_cAll_d21_mHO5_ch02__mc150-4,aist__gHO_sBM_cAll_d21_mHO5_ch02__mc150-4,,BRIDGE3R,m15_bridge3r_fixed_v19,Anchor-root_mm,994.1448093705307,639.5115483748027,354.63326099572794
aist__gHO_sBM_cAll_d21_mHO5_ch02__mc150-4,aist__gHO_sBM_cAll_d21_mHO5_ch02__mc150-4,,BRIDGE3R,m15_bridge3r_fixed_v19,Orientation_deg,44.55892637371521,40.84536807338268,3.7135583003325294
aist__gHO_sBM_cAll_d21_mHO5_ch02__mc150-4,aist__gHO_sBM_cAll_d21_mHO5_ch02__mc150-4,,BRIDGE3R,m15_bridge3r_fixed_v19,Seam-root_mm,554.808954722384,710.5696716438771,-155.7607169214931
aist__gHO_sBM_cAll_d21_mHO5_ch02__mc150-4,aist__gHO_sBM_cAll_d21_mHO5_ch02__mc150-4,,BRIDGE3R,m15_bridge3r_fixed_v19,Seam-orientation_deg,34.3721160195007,91.58841309352916,-57.21629707402845
aist__gHO_sBM_cAll_d21_mHO5_ch02__mc150-4,aist__gHO_sBM_cAll_d21_mHO5_ch02__mc150-4,,BRIDGE3R,m15_bridge3r_fixed_v19,Camera-rotation_deg,50.87028817230656,52.92233178749244,-2.0520436151858803
aist__gHO_sBM_cAll_d21_mHO5_ch02__mc150-4,aist__gHO_sBM_cAll_d21_mHO5_ch02__mc150-4,,BRIDGE3R,m15_bridge3r_fixed_v19,Camera-translation_m,4.354022679796768,4.373521204247348,-0.019498524450580312
aist__gHO_sBM_cAll_d21_mHO5_ch02__mc150-4,aist__gHO_sBM_cAll_d21_mHO5_ch02__mc150-4,,BRIDGE3R,m15_bridge3r_fixed_v19,Boundary-camera-rotation_deg,86.97343777590415,102.11498103542414,-15.141543259519992
aist__gHO_sBM_cAll_d21_mHO5_ch02__mc150-4,aist__gHO_sBM_cAll_d21_mHO5_ch02__mc150-4,,BRIDGE3R,m15_bridge3r_fixed_v19,Boundary-camera-translation_m,6.3113032742716415,7.675514932753043,-1.364211658481402
aist__gHO_sBM_cAll_d21_mHO5_ch02__mc150-4,aist__gHO_sBM_cAll_d21_mHO5_ch02__mc150-4,,BRIDGE3R,m15_bridge3r_fixed_v19,Coverage,0.98,1.0,0.020000000000000018
aist__gHO_sBM_cAll_d21_mHO5_ch03__mc150-4,aist__gHO_sBM_cAll_d21_mHO5_ch03__mc150-4,,Human3R,m0_strict_human3r,PA-MPJPE_mm,63.84999440311407,63.01391832825238,0.8360760748616869
aist__gHO_sBM_cAll_d21_mHO5_ch03__mc150-4,aist__gHO_sBM_cAll_d21_mHO5_ch03__mc150-4,,Human3R,m0_strict_human3r,Anchor-MPJPE_mm,839.6372696561133,694.2398224503536,145.3974472057597
aist__gHO_sBM_cAll_d21_mHO5_ch03__mc150-4,aist__gHO_sBM_cAll_d21_mHO5_ch03__mc150-4,,Human3R,m0_strict_human3r,Anchor-root_mm,785.9354934389612,639.9614250733713,145.97406836558991
aist__gHO_sBM_cAll_d21_mHO5_ch03__mc150-4,aist__gHO_sBM_cAll_d21_mHO5_ch03__mc150-4,,Human3R,m0_strict_human3r,Orientation_deg,83.79333545288425,61.39481666682994,22.39851878605431
aist__gHO_sBM_cAll_d21_mHO5_ch03__mc150-4,aist__gHO_sBM_cAll_d21_mHO5_ch03__mc150-4,,Human3R,m0_strict_human3r,Seam-root_mm,399.8853820773688,438.3779206433458,-38.49253856597704
aist__gHO_sBM_cAll_d21_mHO5_ch03__mc150-4,aist__gHO_sBM_cAll_d21_mHO5_ch03__mc150-4,,Human3R,m0_strict_human3r,Seam-orientation_deg,48.92226852596681,29.40731351693023,19.514955009036576
aist__gHO_sBM_cAll_d21_mHO5_ch03__mc150-4,aist__gHO_sBM_cAll_d21_mHO5_ch03__mc150-4,,Human3R,m0_strict_human3r,Camera-rotation_deg,108.22590590926181,90.62514111767379,17.60076479158802
aist__gHO_sBM_cAll_d21_mHO5_ch03__mc150-4,aist__gHO_sBM_cAll_d21_mHO5_ch03__mc150-4,,Human3R,m0_strict_human3r,Camera-translation_m,7.693696413133801,6.94873539439464,0.7449610187391613
aist__gHO_sBM_cAll_d21_mHO5_ch03__mc150-4,aist__gHO_sBM_cAll_d21_mHO5_ch03__mc150-4,,Human3R,m0_strict_human3r,Boundary-camera-rotation_deg,86.91859727654237,41.10711882327839,45.81147845326398
aist__gHO_sBM_cAll_d21_mHO5_ch03__mc150-4,aist__gHO_sBM_cAll_d21_mHO5_ch03__mc150-4,,Human3R,m0_strict_human3r,Boundary-camera-translation_m,6.312589256047598,3.6166087897288874,2.695980466318711
aist__gHO_sBM_cAll_d21_mHO5_ch03__mc150-4,aist__gHO_sBM_cAll_d21_mHO5_ch03__mc150-4,,Human3R,m0_strict_human3r,Coverage,0.98,1.0,0.020000000000000018
aist__gHO_sBM_cAll_d21_mHO5_ch03__mc150-4,aist__gHO_sBM_cAll_d21_mHO5_ch03__mc150-4,,BRIDGE3R,m15_bridge3r_fixed_v19,PA-MPJPE_mm,63.84999440311407,62.80980399354322,1.0401904095708474
aist__gHO_sBM_cAll_d21_mHO5_ch03__mc150-4,aist__gHO_sBM_cAll_d21_mHO5_ch03__mc150-4,,BRIDGE3R,m15_bridge3r_fixed_v19,Anchor-MPJPE_mm,839.6372696561133,637.2140501590129,202.42321949710038
aist__gHO_sBM_cAll_d21_mHO5_ch03__mc150-4,aist__gHO_sBM_cAll_d21_mHO5_ch03__mc150-4,,BRIDGE3R,m15_bridge3r_fixed_v19,Anchor-root_mm,785.9354934389612,525.3032180770394,260.63227536192176
aist__gHO_sBM_cAll_d21_mHO5_ch03__mc150-4,aist__gHO_sBM_cAll_d21_mHO5_ch03__mc150-4,,BRIDGE3R,m15_bridge3r_fixed_v19,Orientation_deg,83.79333545288425,60.824824531549616,22.968510921334634
aist__gHO_sBM_cAll_d21_mHO5_ch03__mc150-4,aist__gHO_sBM_cAll_d21_mHO5_ch03__mc150-4,,BRIDGE3R,m15_bridge3r_fixed_v19,Seam-root_mm,399.8853820773688,908.4535384242926,-508.5681563469238
aist__gHO_sBM_cAll_d21_mHO5_ch03__mc150-4,aist__gHO_sBM_cAll_d21_mHO5_ch03__mc150-4,,BRIDGE3R,m15_bridge3r_fixed_v19,Seam-orientation_deg,48.92226852596681,50.48518058888041,-1.562912062913604
aist__gHO_sBM_cAll_d21_mHO5_ch03__mc150-4,aist__gHO_sBM_cAll_d21_mHO5_ch03__mc150-4,,BRIDGE3R,m15_bridge3r_fixed_v19,Camera-rotation_deg,108.22590590926181,78.54632518422156,29.679580725040253
aist__gHO_sBM_cAll_d21_mHO5_ch03__mc150-4,aist__gHO_sBM_cAll_d21_mHO5_ch03__mc150-4,,BRIDGE3R,m15_bridge3r_fixed_v19,Camera-translation_m,7.693696413133801,6.307519133298799,1.3861772798350023
aist__gHO_sBM_cAll_d21_mHO5_ch03__mc150-4,aist__gHO_sBM_cAll_d21_mHO5_ch03__mc150-4,,BRIDGE3R,m15_bridge3r_fixed_v19,Boundary-camera-rotation_deg,86.91859727654237,51.42207538710435,35.49652188943802
aist__gHO_sBM_cAll_d21_mHO5_ch03__mc150-4,aist__gHO_sBM_cAll_d21_mHO5_ch03__mc150-4,,BRIDGE3R,m15_bridge3r_fixed_v19,Boundary-camera-translation_m,6.312589256047598,4.463478334132723,1.8491109219148756
aist__gHO_sBM_cAll_d21_mHO5_ch03__mc150-4,aist__gHO_sBM_cAll_d21_mHO5_ch03__mc150-4,,BRIDGE3R,m15_bridge3r_fixed_v19,Coverage,0.98,1.0,0.020000000000000018
aist__gHO_sBM_cAll_d21_mHO5_ch04__mc150-4,aist__gHO_sBM_cAll_d21_mHO5_ch04__mc150-4,,Human3R,m0_strict_human3r,PA-MPJPE_mm,59.891451638015006,59.29712478759561,0.5943268504193995
aist__gHO_sBM_cAll_d21_mHO5_ch04__mc150-4,aist__gHO_sBM_cAll_d21_mHO5_ch04__mc150-4,,Human3R,m0_strict_human3r,Anchor-MPJPE_mm,2944.687528925934,436.63110214811616,2508.056426777818
aist__gHO_sBM_cAll_d21_mHO5_ch04__mc150-4,aist__gHO_sBM_cAll_d21_mHO5_ch04__mc150-4,,Human3R,m0_strict_human3r,Anchor-root_mm,2878.77207081863,381.8541772633347,2496.917893555295
aist__gHO_sBM_cAll_d21_mHO5_ch04__mc150-4,aist__gHO_sBM_cAll_d21_mHO5_ch04__mc150-4,,Human3R,m0_strict_human3r,Orientation_deg,80.01749187804892,85.25883900587252,-5.241347127823602
aist__gHO_sBM_cAll_d21_mHO5_ch04__mc150-4,aist__gHO_sBM_cAll_d21_mHO5_ch04__mc150-4,,Human3R,m0_strict_human3r,Seam-root_mm,571.311366310194,462.00374563441704,109.30762067577695
aist__gHO_sBM_cAll_d21_mHO5_ch04__mc150-4,aist__gHO_sBM_cAll_d21_mHO5_ch04__mc150-4,,Human3R,m0_strict_human3r,Seam-orientation_deg,24.7626249700878,48.90754026496908,-24.14491529488128
aist__gHO_sBM_cAll_d21_mHO5_ch04__mc150-4,aist__gHO_sBM_cAll_d21_mHO5_ch04__mc150-4,,Human3R,m0_strict_human3r,Camera-rotation_deg,103.5460586145771,117.93925854711168,-14.393199932534571
aist__gHO_sBM_cAll_d21_mHO5_ch04__mc150-4,aist__gHO_sBM_cAll_d21_mHO5_ch04__mc150-4,,Human3R,m0_strict_human3r,Camera-translation_m,11.809509273417627,7.738053662638969,4.071455610778657
aist__gHO_sBM_cAll_d21_mHO5_ch04__mc150-4,aist__gHO_sBM_cAll_d21_mHO5_ch04__mc150-4,,Human3R,m0_strict_human3r,Boundary-camera-rotation_deg,86.8720933679349,54.61702396673002,32.25506940120488
aist__gHO_sBM_cAll_d21_mHO5_ch04__mc150-4,aist__gHO_sBM_cAll_d21_mHO5_ch04__mc150-4,,Human3R,m0_strict_human3r,Boundary-camera-translation_m,6.205413562714816,4.519279116507296,1.6861344462075198
aist__gHO_sBM_cAll_d21_mHO5_ch04__mc150-4,aist__gHO_sBM_cAll_d21_mHO5_ch04__mc150-4,,Human3R,m0_strict_human3r,Coverage,0.9866666666666667,1.0,0.013333333333333308
aist__gHO_sBM_cAll_d21_mHO5_ch04__mc150-4,aist__gHO_sBM_cAll_d21_mHO5_ch04__mc150-4,,BRIDGE3R,m15_bridge3r_fixed_v19,PA-MPJPE_mm,59.891451638015006,59.030206033837096,0.8612456041779097
aist__gHO_sBM_cAll_d21_mHO5_ch04__mc150-4,aist__gHO_sBM_cAll_d21_mHO5_ch04__mc150-4,,BRIDGE3R,m15_bridge3r_fixed_v19,Anchor-MPJPE_mm,2944.687528925934,636.4336254161644,2308.2539035097698
aist__gHO_sBM_cAll_d21_mHO5_ch04__mc150-4,aist__gHO_sBM_cAll_d21_mHO5_ch04__mc150-4,,BRIDGE3R,m15_bridge3r_fixed_v19,Anchor-root_mm,2878.77207081863,636.1815829404987,2242.590487878131
aist__gHO_sBM_cAll_d21_mHO5_ch04__mc150-4,aist__gHO_sBM_cAll_d21_mHO5_ch04__mc150-4,,BRIDGE3R,m15_bridge3r_fixed_v19,Orientation_deg,80.01749187804892,27.438520615667162,52.578971262381756
aist__gHO_sBM_cAll_d21_mHO5_ch04__mc150-4,aist__gHO_sBM_cAll_d21_mHO5_ch04__mc150-4,,BRIDGE3R,m15_bridge3r_fixed_v19,Seam-root_mm,571.311366310194,760.2280699590447,-188.91670364885067
aist__gHO_sBM_cAll_d21_mHO5_ch04__mc150-4,aist__gHO_sBM_cAll_d21_mHO5_ch04__mc150-4,,BRIDGE3R,m15_bridge3r_fixed_v19,Seam-orientation_deg,24.7626249700878,70.36195025414715,-45.59932528405935
aist__gHO_sBM_cAll_d21_mHO5_ch04__mc150-4,aist__gHO_sBM_cAll_d21_mHO5_ch04__mc150-4,,BRIDGE3R,m15_bridge3r_fixed_v19,Camera-rotation_deg,103.5460586145771,36.884727202765966,66.66133141181115
aist__gHO_sBM_cAll_d21_mHO5_ch04__mc150-4,aist__gHO_sBM_cAll_d21_mHO5_ch04__mc150-4,,BRIDGE3R,m15_bridge3r_fixed_v19,Camera-translation_m,11.809509273417627,3.0300192777896955,8.77948999562793
aist__gHO_sBM_cAll_d21_mHO5_ch04__mc150-4,aist__gHO_sBM_cAll_d21_mHO5_ch04__mc150-4,,BRIDGE3R,m15_bridge3r_fixed_v19,Boundary-camera-rotation_deg,86.8720933679349,69.51767554208591,17.354417825848984
aist__gHO_sBM_cAll_d21_mHO5_ch04__mc150-4,aist__gHO_sBM_cAll_d21_mHO5_ch04__mc150-4,,BRIDGE3R,m15_bridge3r_fixed_v19,Boundary-camera-translation_m,6.205413562714816,5.460180109543742,0.7452334531710738
aist__gHO_sBM_cAll_d21_mHO5_ch04__mc150-4,aist__gHO_sBM_cAll_d21_mHO5_ch04__mc150-4,,BRIDGE3R,m15_bridge3r_fixed_v19,Coverage,0.9866666666666667,1.0,0.013333333333333308
aist__gHO_sBM_cAll_d21_mHO5_ch05__mc150-4,aist__gHO_sBM_cAll_d21_mHO5_ch05__mc150-4,,Human3R,m0_strict_human3r,PA-MPJPE_mm,45.931192041324785,44.726709643060595,1.2044823982641901
aist__gHO_sBM_cAll_d21_mHO5_ch05__mc150-4,aist__gHO_sBM_cAll_d21_mHO5_ch05__mc150-4,,Human3R,m0_strict_human3r,Anchor-MPJPE_mm,812.7290453059361,727.3741736813387,85.35487162459742
aist__gHO_sBM_cAll_d21_mHO5_ch05__mc150-4,aist__gHO_sBM_cAll_d21_mHO5_ch05__mc150-4,,Human3R,m0_strict_human3r,Anchor-root_mm,825.5650950302502,736.8295298582444,88.73556517200575
aist__gHO_sBM_cAll_d21_mHO5_ch05__mc150-4,aist__gHO_sBM_cAll_d21_mHO5_ch05__mc150-4,,Human3R,m0_strict_human3r,Orientation_deg,98.22193185034891,50.240844202314356,47.98108764803455
aist__gHO_sBM_cAll_d21_mHO5_ch05__mc150-4,aist__gHO_sBM_cAll_d21_mHO5_ch05__mc150-4,,Human3R,m0_strict_human3r,Seam-root_mm,893.4121463710878,661.5948105682361,231.81733580285174
aist__gHO_sBM_cAll_d21_mHO5_ch05__mc150-4,aist__gHO_sBM_cAll_d21_mHO5_ch05__mc150-4,,Human3R,m0_strict_human3r,Seam-orientation_deg,26.459002492728835,71.5907911389288,-45.13178864619996
aist__gHO_sBM_cAll_d21_mHO5_ch05__mc150-4,aist__gHO_sBM_cAll_d21_mHO5_ch05__mc150-4,,Human3R,m0_strict_human3r,Camera-rotation_deg,134.7423738444638,66.79499038089787,67.94738346356593
aist__gHO_sBM_cAll_d21_mHO5_ch05__mc150-4,aist__gHO_sBM_cAll_d21_mHO5_ch05__mc150-4,,Human3R,m0_strict_human3r,Camera-translation_m,8.62398251207107,6.267286091581839,2.3566964204892304
aist__gHO_sBM_cAll_d21_mHO5_ch05__mc150-4,aist__gHO_sBM_cAll_d21_mHO5_ch05__mc150-4,,Human3R,m0_strict_human3r,Boundary-camera-rotation_deg,90.08115569836446,82.03821621938819,8.042939478976265
aist__gHO_sBM_cAll_d21_mHO5_ch05__mc150-4,aist__gHO_sBM_cAll_d21_mHO5_ch05__mc150-4,,Human3R,m0_strict_human3r,Boundary-camera-translation_m,6.505439318522531,6.473569957116879,0.03186936140565155
aist__gHO_sBM_cAll_d21_mHO5_ch05__mc150-4,aist__gHO_sBM_cAll_d21_mHO5_ch05__mc150-4,,Human3R,m0_strict_human3r,Coverage,0.9866666666666667,1.0,0.013333333333333308
aist__gHO_sBM_cAll_d21_mHO5_ch05__mc150-4,aist__gHO_sBM_cAll_d21_mHO5_ch05__mc150-4,,BRIDGE3R,m15_bridge3r_fixed_v19,PA-MPJPE_mm,45.931192041324785,44.055920769062844,1.8752712722619407
aist__gHO_sBM_cAll_d21_mHO5_ch05__mc150-4,aist__gHO_sBM_cAll_d21_mHO5_ch05__mc150-4,,BRIDGE3R,m15_bridge3r_fixed_v19,Anchor-MPJPE_mm,812.7290453059361,652.275913410657,160.45313189527906
aist__gHO_sBM_cAll_d21_mHO5_ch05__mc150-4,aist__gHO_sBM_cAll_d21_mHO5_ch05__mc150-4,,BRIDGE3R,m15_bridge3r_fixed_v19,Anchor-root_mm,825.5650950302502,627.7396493339888,197.82544569626134
aist__gHO_sBM_cAll_d21_mHO5_ch05__mc150-4,aist__gHO_sBM_cAll_d21_mHO5_ch05__mc150-4,,BRIDGE3R,m15_bridge3r_fixed_v19,Orientation_deg,98.22193185034891,45.4676764732475,52.75425537710141
aist__gHO_sBM_cAll_d21_mHO5_ch05__mc150-4,aist__gHO_sBM_cAll_d21_mHO5_ch05__mc150-4,,BRIDGE3R,m15_bridge3r_fixed_v19,Seam-root_mm,893.4121463710878,825.6678732368824,67.7442731342054
aist__gHO_sBM_cAll_d21_mHO5_ch05__mc150-4,aist__gHO_sBM_cAll_d21_mHO5_ch05__mc150-4,,BRIDGE3R,m15_bridge3r_fixed_v19,Seam-orientation_deg,26.459002492728835,73.69532292005343,-47.23632042732459
aist__gHO_sBM_cAll_d21_mHO5_ch05__mc150-4,aist__gHO_sBM_cAll_d21_mHO5_ch05__mc150-4,,BRIDGE3R,m15_bridge3r_fixed_v19,Camera-rotation_deg,134.7423738444638,59.9871615875445,74.7552122569193
aist__gHO_sBM_cAll_d21_mHO5_ch05__mc150-4,aist__gHO_sBM_cAll_d21_mHO5_ch05__mc150-4,,BRIDGE3R,m15_bridge3r_fixed_v19,Camera-translation_m,8.62398251207107,6.198340111739623,2.425642400331447
aist__gHO_sBM_cAll_d21_mHO5_ch05__mc150-4,aist__gHO_sBM_cAll_d21_mHO5_ch05__mc150-4,,BRIDGE3R,m15_bridge3r_fixed_v19,Boundary-camera-rotation_deg,90.08115569836446,84.11909434922669,5.96206134913777
aist__gHO_sBM_cAll_d21_mHO5_ch05__mc150-4,aist__gHO_sBM_cAll_d21_mHO5_ch05__mc150-4,,BRIDGE3R,m15_bridge3r_fixed_v19,Boundary-camera-translation_m,6.505439318522531,7.0904287837127855,-0.5849894651902545
aist__gHO_sBM_cAll_d21_mHO5_ch05__mc150-4,aist__gHO_sBM_cAll_d21_mHO5_ch05__mc150-4,,BRIDGE3R,m15_bridge3r_fixed_v19,Coverage,0.9866666666666667,1.0,0.013333333333333308
aist__gHO_sBM_cAll_d21_mHO5_ch06__mc150-4,aist__gHO_sBM_cAll_d21_mHO5_ch06__mc150-4,,Human3R,m0_strict_human3r,PA-MPJPE_mm,53.913828479186144,52.053684642618364,1.8601438365677794
aist__gHO_sBM_cAll_d21_mHO5_ch06__mc150-4,aist__gHO_sBM_cAll_d21_mHO5_ch06__mc150-4,,Human3R,m0_strict_human3r,Anchor-MPJPE_mm,2074.4387120006063,389.140309591665,1685.2984024089412
aist__gHO_sBM_cAll_d21_mHO5_ch06__mc150-4,aist__gHO_sBM_cAll_d21_mHO5_ch06__mc150-4,,Human3R,m0_strict_human3r,Anchor-root_mm,2077.7799763168646,378.98574892481327,1698.7942273920512
aist__gHO_sBM_cAll_d21_mHO5_ch06__mc150-4,aist__gHO_sBM_cAll_d21_mHO5_ch06__mc150-4,,Human3R,m0_strict_human3r,Orientation_deg,32.13857288876353,27.444399756758667,4.69417313200486
aist__gHO_sBM_cAll_d21_mHO5_ch06__mc150-4,aist__gHO_sBM_cAll_d21_mHO5_ch06__mc150-4,,Human3R,m0_strict_human3r,Seam-root_mm,367.8280429208721,305.4152331711389,62.41280974973324
aist__gHO_sBM_cAll_d21_mHO5_ch06__mc150-4,aist__gHO_sBM_cAll_d21_mHO5_ch06__mc150-4,,Human3R,m0_strict_human3r,Seam-orientation_deg,29.973748496624484,62.30754759146151,-32.33379909483702
aist__gHO_sBM_cAll_d21_mHO5_ch06__mc150-4,aist__gHO_sBM_cAll_d21_mHO5_ch06__mc150-4,,Human3R,m0_strict_human3r,Camera-rotation_deg,34.55280759687404,33.06820201418249,1.4846055826915503
aist__gHO_sBM_cAll_d21_mHO5_ch06__mc150-4,aist__gHO_sBM_cAll_d21_mHO5_ch06__mc150-4,,Human3R,m0_strict_human3r,Camera-translation_m,3.971010434334121,2.5389257139325387,1.432084720401582
aist__gHO_sBM_cAll_d21_mHO5_ch06__mc150-4,aist__gHO_sBM_cAll_d21_mHO5_ch06__mc150-4,,Human3R,m0_strict_human3r,Boundary-camera-rotation_deg,86.58079886123436,63.60653788686818,22.974260974366175
aist__gHO_sBM_cAll_d21_mHO5_ch06__mc150-4,aist__gHO_sBM_cAll_d21_mHO5_ch06__mc150-4,,Human3R,m0_strict_human3r,Boundary-camera-translation_m,6.4035177541165,5.350573120882842,1.0529446332336576
aist__gHO_sBM_cAll_d21_mHO5_ch06__mc150-4,aist__gHO_sBM_cAll_d21_mHO5_ch06__mc150-4,,Human3R,m0_strict_human3r,Coverage,0.98,1.0,0.020000000000000018
aist__gHO_sBM_cAll_d21_mHO5_ch06__mc150-4,aist__gHO_sBM_cAll_d21_mHO5_ch06__mc150-4,,BRIDGE3R,m15_bridge3r_fixed_v19,PA-MPJPE_mm,53.913828479186144,50.80985976250808,3.103968716678061
aist__gHO_sBM_cAll_d21_mHO5_ch06__mc150-4,aist__gHO_sBM_cAll_d21_mHO5_ch06__mc150-4,,BRIDGE3R,m15_bridge3r_fixed_v19,Anchor-MPJPE_mm,2074.4387120006063,761.9616445819541,1312.477067418652
aist__gHO_sBM_cAll_d21_mHO5_ch06__mc150-4,aist__gHO_sBM_cAll_d21_mHO5_ch06__mc150-4,,BRIDGE3R,m15_bridge3r_fixed_v19,Anchor-root_mm,2077.7799763168646,759.6485510166812,1318.1314253001833
aist__gHO_sBM_cAll_d21_mHO5_ch06__mc150-4,aist__gHO_sBM_cAll_d21_mHO5_ch06__mc150-4,,BRIDGE3R,m15_bridge3r_fixed_v19,Orientation_deg,32.13857288876353,60.2025958004893,-28.064022911725772
aist__gHO_sBM_cAll_d21_mHO5_ch06__mc150-4,aist__gHO_sBM_cAll_d21_mHO5_ch06__mc150-4,,BRIDGE3R,m15_bridge3r_fixed_v19,Seam-root_mm,367.8280429208721,1059.9584633487839,-692.1304204279118
aist__gHO_sBM_cAll_d21_mHO5_ch06__mc150-4,aist__gHO_sBM_cAll_d21_mHO5_ch06__mc150-4,,BRIDGE3R,m15_bridge3r_fixed_v19,Seam-orientation_deg,29.973748496624484,123.79934536551438,-93.8255968688899
aist__gHO_sBM_cAll_d21_mHO5_ch06__mc150-4,aist__gHO_sBM_cAll_d21_mHO5_ch06__mc150-4,,BRIDGE3R,m15_bridge3r_fixed_v19,Camera-rotation_deg,34.55280759687404,76.79618445982612,-42.24337686295208
aist__gHO_sBM_cAll_d21_mHO5_ch06__mc150-4,aist__gHO_sBM_cAll_d21_mHO5_ch06__mc150-4,,BRIDGE3R,m15_bridge3r_fixed_v19,Camera-translation_m,3.971010434334121,4.512557346485002,-0.5415469121508809
aist__gHO_sBM_cAll_d21_mHO5_ch06__mc150-4,aist__gHO_sBM_cAll_d21_mHO5_ch06__mc150-4,,BRIDGE3R,m15_bridge3r_fixed_v19,Boundary-camera-rotation_deg,86.58079886123436,119.48198998627174,-32.901191125037386
aist__gHO_sBM_cAll_d21_mHO5_ch06__mc150-4,aist__gHO_sBM_cAll_d21_mHO5_ch06__mc150-4,,BRIDGE3R,m15_bridge3r_fixed_v19,Boundary-camera-translation_m,6.4035177541165,7.051734589994115,-0.6482168358776148
aist__gHO_sBM_cAll_d21_mHO5_ch06__mc150-4,aist__gHO_sBM_cAll_d21_mHO5_ch06__mc150-4,,BRIDGE3R,m15_bridge3r_fixed_v19,Coverage,0.98,1.0,0.020000000000000018
aist__gHO_sBM_cAll_d21_mHO5_ch10__mc150-4,aist__gHO_sBM_cAll_d21_mHO5_ch10__mc150-4,,Human3R,m0_strict_human3r,PA-MPJPE_mm,60.69975925879232,52.42552612843073,8.274233130361587
aist__gHO_sBM_cAll_d21_mHO5_ch10__mc150-4,aist__gHO_sBM_cAll_d21_mHO5_ch10__mc150-4,,Human3R,m0_strict_human3r,Anchor-MPJPE_mm,378.78342926350024,383.520808787261,-4.737379523760751
aist__gHO_sBM_cAll_d21_mHO5_ch10__mc150-4,aist__gHO_sBM_cAll_d21_mHO5_ch10__mc150-4,,Human3R,m0_strict_human3r,Anchor-root_mm,256.96718672860254,145.35994396766705,111.60724276093549
aist__gHO_sBM_cAll_d21_mHO5_ch10__mc150-4,aist__gHO_sBM_cAll_d21_mHO5_ch10__mc150-4,,Human3R,m0_strict_human3r,Orientation_deg,103.23137160051103,101.09821125551153,2.133160344999496
aist__gHO_sBM_cAll_d21_mHO5_ch10__mc150-4,aist__gHO_sBM_cAll_d21_mHO5_ch10__mc150-4,,Human3R,m0_strict_human3r,Seam-root_mm,324.0182057706897,158.6743960104026,165.3438097602871
aist__gHO_sBM_cAll_d21_mHO5_ch10__mc150-4,aist__gHO_sBM_cAll_d21_mHO5_ch10__mc150-4,,Human3R,m0_strict_human3r,Seam-orientation_deg,36.75052718837366,67.34757462502955,-30.59704743665589
aist__gHO_sBM_cAll_d21_mHO5_ch10__mc150-4,aist__gHO_sBM_cAll_d21_mHO5_ch10__mc150-4,,Human3R,m0_strict_human3r,Camera-rotation_deg,134.7952109247905,117.21773695481582,17.577473969974676
aist__gHO_sBM_cAll_d21_mHO5_ch10__mc150-4,aist__gHO_sBM_cAll_d21_mHO5_ch10__mc150-4,,Human3R,m0_strict_human3r,Camera-translation_m,8.537268138591111,8.378762697665746,0.15850544092536545
aist__gHO_sBM_cAll_d21_mHO5_ch10__mc150-4,aist__gHO_sBM_cAll_d21_mHO5_ch10__mc150-4,,Human3R,m0_strict_human3r,Boundary-camera-rotation_deg,90.07903224407501,66.36701351013707,23.71201873393794
aist__gHO_sBM_cAll_d21_mHO5_ch10__mc150-4,aist__gHO_sBM_cAll_d21_mHO5_ch10__mc150-4,,Human3R,m0_strict_human3r,Boundary-camera-translation_m,6.50269626597623,5.465348789277542,1.037347476698688
aist__gHO_sBM_cAll_d21_mHO5_ch10__mc150-4,aist__gHO_sBM_cAll_d21_mHO5_ch10__mc150-4,,Human3R,m0_strict_human3r,Coverage,0.98,1.0,0.020000000000000018
aist__gHO_sBM_cAll_d21_mHO5_ch10__mc150-4,aist__gHO_sBM_cAll_d21_mHO5_ch10__mc150-4,,BRIDGE3R,m15_bridge3r_fixed_v19,PA-MPJPE_mm,60.69975925879232,51.58650013238732,9.113259126404998
aist__gHO_sBM_cAll_d21_mHO5_ch10__mc150-4,aist__gHO_sBM_cAll_d21_mHO5_ch10__mc150-4,,BRIDGE3R,m15_bridge3r_fixed_v19,Anchor-MPJPE_mm,378.78342926350024,468.37334053882245,-89.58991127532221
aist__gHO_sBM_cAll_d21_mHO5_ch10__mc150-4,aist__gHO_sBM_cAll_d21_mHO5_ch10__mc150-4,,BRIDGE3R,m15_bridge3r_fixed_v19,Anchor-root_mm,256.96718672860254,277.0143875627477,-20.047200834145144
aist__gHO_sBM_cAll_d21_mHO5_ch10__mc150-4,aist__gHO_sBM_cAll_d21_mHO5_ch10__mc150-4,,BRIDGE3R,m15_bridge3r_fixed_v19,Orientation_deg,103.23137160051103,73.52380769122774,29.70756390928328
aist__gHO_sBM_cAll_d21_mHO5_ch10__mc150-4,aist__gHO_sBM_cAll_d21_mHO5_ch10__mc150-4,,BRIDGE3R,m15_bridge3r_fixed_v19,Seam-root_mm,324.0182057706897,227.69982365063524,96.31838212005445
aist__gHO_sBM_cAll_d21_mHO5_ch10__mc150-4,aist__gHO_sBM_cAll_d21_mHO5_ch10__mc150-4,,BRIDGE3R,m15_bridge3r_fixed_v19,Seam-orientation_deg,36.75052718837366,52.05442243933857,-15.303895250964914
aist__gHO_sBM_cAll_d21_mHO5_ch10__mc150-4,aist__gHO_sBM_cAll_d21_mHO5_ch10__mc150-4,,BRIDGE3R,m15_bridge3r_fixed_v19,Camera-rotation_deg,134.7952109247905,76.57010863231052,58.225102292479974
aist__gHO_sBM_cAll_d21_mHO5_ch10__mc150-4,aist__gHO_sBM_cAll_d21_mHO5_ch10__mc150-4,,BRIDGE3R,m15_bridge3r_fixed_v19,Camera-translation_m,8.537268138591111,7.432677509631192,1.1045906289599188
aist__gHO_sBM_cAll_d21_mHO5_ch10__mc150-4,aist__gHO_sBM_cAll_d21_mHO5_ch10__mc150-4,,BRIDGE3R,m15_bridge3r_fixed_v19,Boundary-camera-rotation_deg,90.07903224407501,51.921973272986065,38.157058971088944
aist__gHO_sBM_cAll_d21_mHO5_ch10__mc150-4,aist__gHO_sBM_cAll_d21_mHO5_ch10__mc150-4,,BRIDGE3R,m15_bridge3r_fixed_v19,Boundary-camera-translation_m,6.50269626597623,5.108108960314014,1.394587305662216
aist__gHO_sBM_cAll_d21_mHO5_ch10__mc150-4,aist__gHO_sBM_cAll_d21_mHO5_ch10__mc150-4,,BRIDGE3R,m15_bridge3r_fixed_v19,Coverage,0.98,1.0,0.020000000000000018
aist__gHO_sFM_cAll_d21_mHO5_ch20__mc150-4,aist__gHO_sFM_cAll_d21_mHO5_ch20__mc150-4,,Human3R,m0_strict_human3r,PA-MPJPE_mm,60.16435615901063,64.38459261757033,-4.220236458559704
aist__gHO_sFM_cAll_d21_mHO5_ch20__mc150-4,aist__gHO_sFM_cAll_d21_mHO5_ch20__mc150-4,,Human3R,m0_strict_human3r,Anchor-MPJPE_mm,1154.9763616121802,468.04776236656295,686.9285992456173
aist__gHO_sFM_cAll_d21_mHO5_ch20__mc150-4,aist__gHO_sFM_cAll_d21_mHO5_ch20__mc150-4,,Human3R,m0_strict_human3r,Anchor-root_mm,1122.6216854204033,417.80035388363757,704.8213315367657
aist__gHO_sFM_cAll_d21_mHO5_ch20__mc150-4,aist__gHO_sFM_cAll_d21_mHO5_ch20__mc150-4,,Human3R,m0_strict_human3r,Orientation_deg,61.82075785177023,32.166991019775445,29.653766831994787
aist__gHO_sFM_cAll_d21_mHO5_ch20__mc150-4,aist__gHO_sFM_cAll_d21_mHO5_ch20__mc150-4,,Human3R,m0_strict_human3r,Seam-root_mm,586.6093314099753,1401.0238995529332,-814.4145681429579
aist__gHO_sFM_cAll_d21_mHO5_ch20__mc150-4,aist__gHO_sFM_cAll_d21_mHO5_ch20__mc150-4,,Human3R,m0_strict_human3r,Seam-orientation_deg,58.78422078312595,35.38965499532097,23.394565787804986
aist__gHO_sFM_cAll_d21_mHO5_ch20__mc150-4,aist__gHO_sFM_cAll_d21_mHO5_ch20__mc150-4,,Human3R,m0_strict_human3r,Camera-rotation_deg,76.768151198186,8.703535571604792,68.06461562658122
aist__gHO_sFM_cAll_d21_mHO5_ch20__mc150-4,aist__gHO_sFM_cAll_d21_mHO5_ch20__mc150-4,,Human3R,m0_strict_human3r,Camera-translation_m,6.157208508109236,1.1743894455758455,4.982819062533391
aist__gHO_sFM_cAll_d21_mHO5_ch20__mc150-4,aist__gHO_sFM_cAll_d21_mHO5_ch20__mc150-4,,Human3R,m0_strict_human3r,Boundary-camera-rotation_deg,86.925838863063,31.487482974684184,55.43835588837882
aist__gHO_sFM_cAll_d21_mHO5_ch20__mc150-4,aist__gHO_sFM_cAll_d21_mHO5_ch20__mc150-4,,Human3R,m0_strict_human3r,Boundary-camera-translation_m,6.457411947472319,2.286622070916824,4.170789876555495
aist__gHO_sFM_cAll_d21_mHO5_ch20__mc150-4,aist__gHO_sFM_cAll_d21_mHO5_ch20__mc150-4,,Human3R,m0_strict_human3r,Coverage,0.98,1.0,0.020000000000000018
aist__gHO_sFM_cAll_d21_mHO5_ch20__mc150-4,aist__gHO_sFM_cAll_d21_mHO5_ch20__mc150-4,,BRIDGE3R,m15_bridge3r_fixed_v19,PA-MPJPE_mm,60.16435615901063,64.10812714820524,-3.9437709891946113
aist__gHO_sFM_cAll_d21_mHO5_ch20__mc150-4,aist__gHO_sFM_cAll_d21_mHO5_ch20__mc150-4,,BRIDGE3R,m15_bridge3r_fixed_v19,Anchor-MPJPE_mm,1154.9763616121802,483.7049237561771,671.2714378560031
aist__gHO_sFM_cAll_d21_mHO5_ch20__mc150-4,aist__gHO_sFM_cAll_d21_mHO5_ch20__mc150-4,,BRIDGE3R,m15_bridge3r_fixed_v19,Anchor-root_mm,1122.6216854204033,438.2860412015077,684.3356442188956
aist__gHO_sFM_cAll_d21_mHO5_ch20__mc150-4,aist__gHO_sFM_cAll_d21_mHO5_ch20__mc150-4,,BRIDGE3R,m15_bridge3r_fixed_v19,Orientation_deg,61.82075785177023,29.891369588063785,31.929388263706446
aist__gHO_sFM_cAll_d21_mHO5_ch20__mc150-4,aist__gHO_sFM_cAll_d21_mHO5_ch20__mc150-4,,BRIDGE3R,m15_bridge3r_fixed_v19,Seam-root_mm,586.6093314099753,519.5634391437501,67.04589226622522
aist__gHO_sFM_cAll_d21_mHO5_ch20__mc150-4,aist__gHO_sFM_cAll_d21_mHO5_ch20__mc150-4,,BRIDGE3R,m15_bridge3r_fixed_v19,Seam-orientation_deg,58.78422078312595,31.02607836544821,27.758142417677742
aist__gHO_sFM_cAll_d21_mHO5_ch20__mc150-4,aist__gHO_sFM_cAll_d21_mHO5_ch20__mc150-4,,BRIDGE3R,m15_bridge3r_fixed_v19,Camera-rotation_deg,76.768151198186,22.92360790207037,53.84454329611563
aist__gHO_sFM_cAll_d21_mHO5_ch20__mc150-4,aist__gHO_sFM_cAll_d21_mHO5_ch20__mc150-4,,BRIDGE3R,m15_bridge3r_fixed_v19,Camera-translation_m,6.157208508109236,2.237847879092797,3.919360629016439
aist__gHO_sFM_cAll_d21_mHO5_ch20__mc150-4,aist__gHO_sFM_cAll_d21_mHO5_ch20__mc150-4,,BRIDGE3R,m15_bridge3r_fixed_v19,Boundary-camera-rotation_deg,86.925838863063,26.835697410639565,60.09014145242344
aist__gHO_sFM_cAll_d21_mHO5_ch20__mc150-4,aist__gHO_sFM_cAll_d21_mHO5_ch20__mc150-4,,BRIDGE3R,m15_bridge3r_fixed_v19,Boundary-camera-translation_m,6.457411947472319,3.051198658784713,3.406213288687606
aist__gHO_sFM_cAll_d21_mHO5_ch20__mc150-4,aist__gHO_sFM_cAll_d21_mHO5_ch20__mc150-4,,BRIDGE3R,m15_bridge3r_fixed_v19,Coverage,0.98,1.0,0.020000000000000018
aist__gJB_sBM_cAll_d09_mJB2_ch01__mc150-4,aist__gJB_sBM_cAll_d09_mJB2_ch01__mc150-4,,Human3R,m0_strict_human3r,PA-MPJPE_mm,50.74508174581156,51.58517905069258,-0.8400973048810201
aist__gJB_sBM_cAll_d09_mJB2_ch01__mc150-4,aist__gJB_sBM_cAll_d09_mJB2_ch01__mc150-4,,Human3R,m0_strict_human3r,Anchor-MPJPE_mm,1742.370695843862,1443.9592145269683,298.41148131689374
aist__gJB_sBM_cAll_d09_mJB2_ch01__mc150-4,aist__gJB_sBM_cAll_d09_mJB2_ch01__mc150-4,,Human3R,m0_strict_human3r,Anchor-root_mm,1681.8959296255605,1443.280898242902,238.61503138265857
aist__gJB_sBM_cAll_d09_mJB2_ch01__mc150-4,aist__gJB_sBM_cAll_d09_mJB2_ch01__mc150-4,,Human3R,m0_strict_human3r,Orientation_deg,70.34934147546367,36.362040062298135,33.98730141316554
aist__gJB_sBM_cAll_d09_mJB2_ch01__mc150-4,aist__gJB_sBM_cAll_d09_mJB2_ch01__mc150-4,,Human3R,m0_strict_human3r,Seam-root_mm,459.3330313241172,799.1013803659654,-339.7683490418482
aist__gJB_sBM_cAll_d09_mJB2_ch01__mc150-4,aist__gJB_sBM_cAll_d09_mJB2_ch01__mc150-4,,Human3R,m0_strict_human3r,Seam-orientation_deg,41.47944413419571,71.32597299915462,-29.846528864958906
aist__gJB_sBM_cAll_d09_mJB2_ch01__mc150-4,aist__gJB_sBM_cAll_d09_mJB2_ch01__mc150-4,,Human3R,m0_strict_human3r,Camera-rotation_deg,60.74805479396207,46.34160793198637,14.406446861975702
aist__gJB_sBM_cAll_d09_mJB2_ch01__mc150-4,aist__gJB_sBM_cAll_d09_mJB2_ch01__mc150-4,,Human3R,m0_strict_human3r,Camera-translation_m,6.4540286559285756,4.853831186264253,1.6001974696643222
aist__gJB_sBM_cAll_d09_mJB2_ch01__mc150-4,aist__gJB_sBM_cAll_d09_mJB2_ch01__mc150-4,,Human3R,m0_strict_human3r,Boundary-camera-rotation_deg,86.81409991758392,61.66737435834759,25.14672555923633
aist__gJB_sBM_cAll_d09_mJB2_ch01__mc150-4,aist__gJB_sBM_cAll_d09_mJB2_ch01__mc150-4,,Human3R,m0_strict_human3r,Boundary-camera-translation_m,6.358670486437976,5.005041253495777,1.3536292329421995
aist__gJB_sBM_cAll_d09_mJB2_ch01__mc150-4,aist__gJB_sBM_cAll_d09_mJB2_ch01__mc150-4,,Human3R,m0_strict_human3r,Coverage,0.98,1.0,0.020000000000000018
aist__gJB_sBM_cAll_d09_mJB2_ch01__mc150-4,aist__gJB_sBM_cAll_d09_mJB2_ch01__mc150-4,,BRIDGE3R,m15_bridge3r_fixed_v19,PA-MPJPE_mm,50.74508174581156,51.54929132211647,-0.8042095763049062
aist__gJB_sBM_cAll_d09_mJB2_ch01__mc150-4,aist__gJB_sBM_cAll_d09_mJB2_ch01__mc150-4,,BRIDGE3R,m15_bridge3r_fixed_v19,Anchor-MPJPE_mm,1742.370695843862,885.9649647255272,856.4057311183348
aist__gJB_sBM_cAll_d09_mJB2_ch01__mc150-4,aist__gJB_sBM_cAll_d09_mJB2_ch01__mc150-4,,BRIDGE3R,m15_bridge3r_fixed_v19,Anchor-root_mm,1681.8959296255605,850.7970091286892,831.0989204968713
aist__gJB_sBM_cAll_d09_mJB2_ch01__mc150-4,aist__gJB_sBM_cAll_d09_mJB2_ch01__mc150-4,,BRIDGE3R,m15_bridge3r_fixed_v19,Orientation_deg,70.34934147546367,49.54872704035992,20.800614435103753
aist__gJB_sBM_cAll_d09_mJB2_ch01__mc150-4,aist__gJB_sBM_cAll_d09_mJB2_ch01__mc150-4,,BRIDGE3R,m15_bridge3r_fixed_v19,Seam-root_mm,459.3330313241172,1209.3718130230993,-750.0387816989821
aist__gJB_sBM_cAll_d09_mJB2_ch01__mc150-4,aist__gJB_sBM_cAll_d09_mJB2_ch01__mc150-4,,BRIDGE3R,m15_bridge3r_fixed_v19,Seam-orientation_deg,41.47944413419571,76.29191854415363,-34.81247440995792
aist__gJB_sBM_cAll_d09_mJB2_ch01__mc150-4,aist__gJB_sBM_cAll_d09_mJB2_ch01__mc150-4,,BRIDGE3R,m15_bridge3r_fixed_v19,Camera-rotation_deg,60.74805479396207,63.86089763289395,-3.1128428389318827
aist__gJB_sBM_cAll_d09_mJB2_ch01__mc150-4,aist__gJB_sBM_cAll_d09_mJB2_ch01__mc150-4,,BRIDGE3R,m15_bridge3r_fixed_v19,Camera-translation_m,6.4540286559285756,4.792072781707154,1.6619558742214213
aist__gJB_sBM_cAll_d09_mJB2_ch01__mc150-4,aist__gJB_sBM_cAll_d09_mJB2_ch01__mc150-4,,BRIDGE3R,m15_bridge3r_fixed_v19,Boundary-camera-rotation_deg,86.81409991758392,64.67671358980932,22.137386327774593
aist__gJB_sBM_cAll_d09_mJB2_ch01__mc150-4,aist__gJB_sBM_cAll_d09_mJB2_ch01__mc150-4,,BRIDGE3R,m15_bridge3r_fixed_v19,Boundary-camera-translation_m,6.358670486437976,4.803743355742559,1.5549271306954173
aist__gJB_sBM_cAll_d09_mJB2_ch01__mc150-4,aist__gJB_sBM_cAll_d09_mJB2_ch01__mc150-4,,BRIDGE3R,m15_bridge3r_fixed_v19,Coverage,0.98,1.0,0.020000000000000018
aist__gJB_sBM_cAll_d09_mJB2_ch02__mc150-4,aist__gJB_sBM_cAll_d09_mJB2_ch02__mc150-4,,Human3R,m0_strict_human3r,PA-MPJPE_mm,63.52074038488922,80.5403994893547,-17.019659104465475
aist__gJB_sBM_cAll_d09_mJB2_ch02__mc150-4,aist__gJB_sBM_cAll_d09_mJB2_ch02__mc150-4,,Human3R,m0_strict_human3r,Anchor-MPJPE_mm,1527.0956063648496,536.7557893204288,990.3398170444208
aist__gJB_sBM_cAll_d09_mJB2_ch02__mc150-4,aist__gJB_sBM_cAll_d09_mJB2_ch02__mc150-4,,Human3R,m0_strict_human3r,Anchor-root_mm,1500.6151942075987,489.57094998447536,1011.0442442231233
aist__gJB_sBM_cAll_d09_mJB2_ch02__mc150-4,aist__gJB_sBM_cAll_d09_mJB2_ch02__mc150-4,,Human3R,m0_strict_human3r,Orientation_deg,48.4930860954661,43.357306492794116,5.135779602671981
aist__gJB_sBM_cAll_d09_mJB2_ch02__mc150-4,aist__gJB_sBM_cAll_d09_mJB2_ch02__mc150-4,,Human3R,m0_strict_human3r,Seam-root_mm,240.86205602230757,284.9359413750243,-44.07388535271673
aist__gJB_sBM_cAll_d09_mJB2_ch02__mc150-4,aist__gJB_sBM_cAll_d09_mJB2_ch02__mc150-4,,Human3R,m0_strict_human3r,Seam-orientation_deg,71.49559301981834,68.6094895820729,2.8861034377454473
aist__gJB_sBM_cAll_d09_mJB2_ch02__mc150-4,aist__gJB_sBM_cAll_d09_mJB2_ch02__mc150-4,,Human3R,m0_strict_human3r,Camera-rotation_deg,49.72502551028994,51.451720668490644,-1.7266951582007053
aist__gJB_sBM_cAll_d09_mJB2_ch02__mc150-4,aist__gJB_sBM_cAll_d09_mJB2_ch02__mc150-4,,Human3R,m0_strict_human3r,Camera-translation_m,4.569151090817139,3.7597608770237447,0.8093902137933946
aist__gJB_sBM_cAll_d09_mJB2_ch02__mc150-4,aist__gJB_sBM_cAll_d09_mJB2_ch02__mc150-4,,Human3R,m0_strict_human3r,Boundary-camera-rotation_deg,86.92260259764873,62.72975841686653,24.192844180782203
aist__gJB_sBM_cAll_d09_mJB2_ch02__mc150-4,aist__gJB_sBM_cAll_d09_mJB2_ch02__mc150-4,,Human3R,m0_strict_human3r,Boundary-camera-translation_m,6.307811712914525,4.996694350468867,1.3111173624456578
aist__gJB_sBM_cAll_d09_mJB2_ch02__mc150-4,aist__gJB_sBM_cAll_d09_mJB2_ch02__mc150-4,,Human3R,m0_strict_human3r,Coverage,0.9733333333333334,1.0,0.026666666666666616
aist__gJB_sBM_cAll_d09_mJB2_ch02__mc150-4,aist__gJB_sBM_cAll_d09_mJB2_ch02__mc150-4,,BRIDGE3R,m15_bridge3r_fixed_v19,PA-MPJPE_mm,63.52074038488922,79.9452878080276,-16.424547423138378
aist__gJB_sBM_cAll_d09_mJB2_ch02__mc150-4,aist__gJB_sBM_cAll_d09_mJB2_ch02__mc150-4,,BRIDGE3R,m15_bridge3r_fixed_v19,Anchor-MPJPE_mm,1527.0956063648496,1017.7371035262956,509.35850283855393
aist__gJB_sBM_cAll_d09_mJB2_ch02__mc150-4,aist__gJB_sBM_cAll_d09_mJB2_ch02__mc150-4,,BRIDGE3R,m15_bridge3r_fixed_v19,Anchor-root_mm,1500.6151942075987,976.9503967220154,523.6647974855833
aist__gJB_sBM_cAll_d09_mJB2_ch02__mc150-4,aist__gJB_sBM_cAll_d09_mJB2_ch02__mc150-4,,BRIDGE3R,m15_bridge3r_fixed_v19,Orientation_deg,48.4930860954661,41.479660477185014,7.013425618281083
aist__gJB_sBM_cAll_d09_mJB2_ch02__mc150-4,aist__gJB_sBM_cAll_d09_mJB2_ch02__mc150-4,,BRIDGE3R,m15_bridge3r_fixed_v19,Seam-root_mm,240.86205602230757,661.1292612358778,-420.26720521357026
aist__gJB_sBM_cAll_d09_mJB2_ch02__mc150-4,aist__gJB_sBM_cAll_d09_mJB2_ch02__mc150-4,,BRIDGE3R,m15_bridge3r_fixed_v19,Seam-orientation_deg,71.49559301981834,71.3687938470831,0.12679917273524666
aist__gJB_sBM_cAll_d09_mJB2_ch02__mc150-4,aist__gJB_sBM_cAll_d09_mJB2_ch02__mc150-4,,BRIDGE3R,m15_bridge3r_fixed_v19,Camera-rotation_deg,49.72502551028994,47.27988724568797,2.4451382646019653
aist__gJB_sBM_cAll_d09_mJB2_ch02__mc150-4,aist__gJB_sBM_cAll_d09_mJB2_ch02__mc150-4,,BRIDGE3R,m15_bridge3r_fixed_v19,Camera-translation_m,4.569151090817139,3.621129677079794,0.9480214137373455
aist__gJB_sBM_cAll_d09_mJB2_ch02__mc150-4,aist__gJB_sBM_cAll_d09_mJB2_ch02__mc150-4,,BRIDGE3R,m15_bridge3r_fixed_v19,Boundary-camera-rotation_deg,86.92260259764873,73.80425456614704,13.118348031501696
aist__gJB_sBM_cAll_d09_mJB2_ch02__mc150-4,aist__gJB_sBM_cAll_d09_mJB2_ch02__mc150-4,,BRIDGE3R,m15_bridge3r_fixed_v19,Boundary-camera-translation_m,6.307811712914525,5.345550884473535,0.9622608284409901
aist__gJB_sBM_cAll_d09_mJB2_ch02__mc150-4,aist__gJB_sBM_cAll_d09_mJB2_ch02__mc150-4,,BRIDGE3R,m15_bridge3r_fixed_v19,Coverage,0.9733333333333334,1.0,0.026666666666666616
aist__gJB_sBM_cAll_d09_mJB3_ch01__mc150-4,aist__gJB_sBM_cAll_d09_mJB3_ch01__mc150-4,,Human3R,m0_strict_human3r,PA-MPJPE_mm,55.38058578689296,59.49503200141708,-4.114446214524122
aist__gJB_sBM_cAll_d09_mJB3_ch01__mc150-4,aist__gJB_sBM_cAll_d09_mJB3_ch01__mc150-4,,Human3R,m0_strict_human3r,Anchor-MPJPE_mm,1936.2830616470203,640.6463222404092,1295.636739406611
aist__gJB_sBM_cAll_d09_mJB3_ch01__mc150-4,aist__gJB_sBM_cAll_d09_mJB3_ch01__mc150-4,,Human3R,m0_strict_human3r,Anchor-root_mm,1919.3986509929125,628.0554616699919,1291.3431893229206
aist__gJB_sBM_cAll_d09_mJB3_ch01__mc150-4,aist__gJB_sBM_cAll_d09_mJB3_ch01__mc150-4,,Human3R,m0_strict_human3r,Orientation_deg,54.04732463631615,28.709370612203372,25.337954024112776
aist__gJB_sBM_cAll_d09_mJB3_ch01__mc150-4,aist__gJB_sBM_cAll_d09_mJB3_ch01__mc150-4,,Human3R,m0_strict_human3r,Seam-root_mm,777.2157441617848,1111.3708477187934,-334.1551035570086
aist__gJB_sBM_cAll_d09_mJB3_ch01__mc150-4,aist__gJB_sBM_cAll_d09_mJB3_ch01__mc150-4,,Human3R,m0_strict_human3r,Seam-orientation_deg,21.603039433062786,48.64043835503862,-27.037398921975832
aist__gJB_sBM_cAll_d09_mJB3_ch01__mc150-4,aist__gJB_sBM_cAll_d09_mJB3_ch01__mc150-4,,Human3R,m0_strict_human3r,Camera-rotation_deg,76.42294212590888,24.446044672503394,51.976897453405485
aist__gJB_sBM_cAll_d09_mJB3_ch01__mc150-4,aist__gJB_sBM_cAll_d09_mJB3_ch01__mc150-4,,Human3R,m0_strict_human3r,Camera-translation_m,5.783179729702359,2.6215107236807174,3.1616690060216412
aist__gJB_sBM_cAll_d09_mJB3_ch01__mc150-4,aist__gJB_sBM_cAll_d09_mJB3_ch01__mc150-4,,Human3R,m0_strict_human3r,Boundary-camera-rotation_deg,90.12545262392042,50.31746417444708,39.80798844947334
aist__gJB_sBM_cAll_d09_mJB3_ch01__mc150-4,aist__gJB_sBM_cAll_d09_mJB3_ch01__mc150-4,,Human3R,m0_strict_human3r,Boundary-camera-translation_m,6.5321667617025385,4.187734018789568,2.3444327429129705
aist__gJB_sBM_cAll_d09_mJB3_ch01__mc150-4,aist__gJB_sBM_cAll_d09_mJB3_ch01__mc150-4,,Human3R,m0_strict_human3r,Coverage,0.9733333333333334,1.0,0.026666666666666616
aist__gJB_sBM_cAll_d09_mJB3_ch01__mc150-4,aist__gJB_sBM_cAll_d09_mJB3_ch01__mc150-4,,BRIDGE3R,m15_bridge3r_fixed_v19,PA-MPJPE_mm,55.38058578689296,59.25874072973312,-3.878154942840162
aist__gJB_sBM_cAll_d09_mJB3_ch01__mc150-4,aist__gJB_sBM_cAll_d09_mJB3_ch01__mc150-4,,BRIDGE3R,m15_bridge3r_fixed_v19,Anchor-MPJPE_mm,1936.2830616470203,1530.0834721058002,406.1995895412201
aist__gJB_sBM_cAll_d09_mJB3_ch01__mc150-4,aist__gJB_sBM_cAll_d09_mJB3_ch01__mc150-4,,BRIDGE3R,m15_bridge3r_fixed_v19,Anchor-root_mm,1919.3986509929125,1510.9515396073828,408.44711138552975
aist__gJB_sBM_cAll_d09_mJB3_ch01__mc150-4,aist__gJB_sBM_cAll_d09_mJB3_ch01__mc150-4,,BRIDGE3R,m15_bridge3r_fixed_v19,Orientation_deg,54.04732463631615,62.67603991224177,-8.628715275925622
aist__gJB_sBM_cAll_d09_mJB3_ch01__mc150-4,aist__gJB_sBM_cAll_d09_mJB3_ch01__mc150-4,,BRIDGE3R,m15_bridge3r_fixed_v19,Seam-root_mm,777.2157441617848,2439.995896075207,-1662.7801519134223
aist__gJB_sBM_cAll_d09_mJB3_ch01__mc150-4,aist__gJB_sBM_cAll_d09_mJB3_ch01__mc150-4,,BRIDGE3R,m15_bridge3r_fixed_v19,Seam-orientation_deg,21.603039433062786,117.6474306200857,-96.04439118702291
aist__gJB_sBM_cAll_d09_mJB3_ch01__mc150-4,aist__gJB_sBM_cAll_d09_mJB3_ch01__mc150-4,,BRIDGE3R,m15_bridge3r_fixed_v19,Camera-rotation_deg,76.42294212590888,72.4408247128613,3.9821174130475754
aist__gJB_sBM_cAll_d09_mJB3_ch01__mc150-4,aist__gJB_sBM_cAll_d09_mJB3_ch01__mc150-4,,BRIDGE3R,m15_bridge3r_fixed_v19,Camera-translation_m,5.783179729702359,3.824393505549853,1.9587862241525058
aist__gJB_sBM_cAll_d09_mJB3_ch01__mc150-4,aist__gJB_sBM_cAll_d09_mJB3_ch01__mc150-4,,BRIDGE3R,m15_bridge3r_fixed_v19,Boundary-camera-rotation_deg,90.12545262392042,119.96571862215568,-29.840265998235253
aist__gJB_sBM_cAll_d09_mJB3_ch01__mc150-4,aist__gJB_sBM_cAll_d09_mJB3_ch01__mc150-4,,BRIDGE3R,m15_bridge3r_fixed_v19,Boundary-camera-translation_m,6.5321667617025385,6.383046502994554,0.14912025870798473
aist__gJB_sBM_cAll_d09_mJB3_ch01__mc150-4,aist__gJB_sBM_cAll_d09_mJB3_ch01__mc150-4,,BRIDGE3R,m15_bridge3r_fixed_v19,Coverage,0.9733333333333334,1.0,0.026666666666666616
aist__gJB_sBM_cAll_d09_mJB3_ch02__mc150-4,aist__gJB_sBM_cAll_d09_mJB3_ch02__mc150-4,,Human3R,m0_strict_human3r,PA-MPJPE_mm,67.10650727140937,72.92713391528913,-5.820626643879763
aist__gJB_sBM_cAll_d09_mJB3_ch02__mc150-4,aist__gJB_sBM_cAll_d09_mJB3_ch02__mc150-4,,Human3R,m0_strict_human3r,Anchor-MPJPE_mm,2126.3889413737515,1004.4405400348387,1121.9484013389128
aist__gJB_sBM_cAll_d09_mJB3_ch02__mc150-4,aist__gJB_sBM_cAll_d09_mJB3_ch02__mc150-4,,Human3R,m0_strict_human3r,Anchor-root_mm,2107.5956656751587,1005.562903866537,1102.0327618086217
aist__gJB_sBM_cAll_d09_mJB3_ch02__mc150-4,aist__gJB_sBM_cAll_d09_mJB3_ch02__mc150-4,,Human3R,m0_strict_human3r,Orientation_deg,34.4528567595777,32.865430338231214,1.5874264213464855
aist__gJB_sBM_cAll_d09_mJB3_ch02__mc150-4,aist__gJB_sBM_cAll_d09_mJB3_ch02__mc150-4,,Human3R,m0_strict_human3r,Seam-root_mm,486.520901004074,199.9078546582658,286.61304634580824
aist__gJB_sBM_cAll_d09_mJB3_ch02__mc150-4,aist__gJB_sBM_cAll_d09_mJB3_ch02__mc150-4,,Human3R,m0_strict_human3r,Seam-orientation_deg,26.915938125686097,64.47036150993564,-37.554423384249546
aist__gJB_sBM_cAll_d09_mJB3_ch02__mc150-4,aist__gJB_sBM_cAll_d09_mJB3_ch02__mc150-4,,Human3R,m0_strict_human3r,Camera-rotation_deg,35.75787898150041,38.28782025500815,-2.5299412735077382
aist__gJB_sBM_cAll_d09_mJB3_ch02__mc150-4,aist__gJB_sBM_cAll_d09_mJB3_ch02__mc150-4,,Human3R,m0_strict_human3r,Camera-translation_m,5.096592215768055,3.85492507471728,1.2416671410507751
aist__gJB_sBM_cAll_d09_mJB3_ch02__mc150-4,aist__gJB_sBM_cAll_d09_mJB3_ch02__mc150-4,,Human3R,m0_strict_human3r,Boundary-camera-rotation_deg,87.19010435745945,59.65514909360951,27.534955263849938
aist__gJB_sBM_cAll_d09_mJB3_ch02__mc150-4,aist__gJB_sBM_cAll_d09_mJB3_ch02__mc150-4,,Human3R,m0_strict_human3r,Boundary-camera-translation_m,6.309887663461257,5.119933276193664,1.1899543872675933
aist__gJB_sBM_cAll_d09_mJB3_ch02__mc150-4,aist__gJB_sBM_cAll_d09_mJB3_ch02__mc150-4,,Human3R,m0_strict_human3r,Coverage,0.9666666666666667,1.0,0.033333333333333326
aist__gJB_sBM_cAll_d09_mJB3_ch02__mc150-4,aist__gJB_sBM_cAll_d09_mJB3_ch02__mc150-4,,BRIDGE3R,m15_bridge3r_fixed_v19,PA-MPJPE_mm,67.10650727140937,72.63891790530727,-5.5324106338978964
aist__gJB_sBM_cAll_d09_mJB3_ch02__mc150-4,aist__gJB_sBM_cAll_d09_mJB3_ch02__mc150-4,,BRIDGE3R,m15_bridge3r_fixed_v19,Anchor-MPJPE_mm,2126.3889413737515,1555.9781373118315,570.4108040619201
aist__gJB_sBM_cAll_d09_mJB3_ch02__mc150-4,aist__gJB_sBM_cAll_d09_mJB3_ch02__mc150-4,,BRIDGE3R,m15_bridge3r_fixed_v19,Anchor-root_mm,2107.5956656751587,1537.198175574446,570.3974901007127
aist__gJB_sBM_cAll_d09_mJB3_ch02__mc150-4,aist__gJB_sBM_cAll_d09_mJB3_ch02__mc150-4,,BRIDGE3R,m15_bridge3r_fixed_v19,Orientation_deg,34.4528567595777,60.29323275569606,-25.84037599611836
aist__gJB_sBM_cAll_d09_mJB3_ch02__mc150-4,aist__gJB_sBM_cAll_d09_mJB3_ch02__mc150-4,,BRIDGE3R,m15_bridge3r_fixed_v19,Seam-root_mm,486.520901004074,1265.2197026564925,-778.6988016524185
aist__gJB_sBM_cAll_d09_mJB3_ch02__mc150-4,aist__gJB_sBM_cAll_d09_mJB3_ch02__mc150-4,,BRIDGE3R,m15_bridge3r_fixed_v19,Seam-orientation_deg,26.915938125686097,80.09220698809034,-53.17626886240424
aist__gJB_sBM_cAll_d09_mJB3_ch02__mc150-4,aist__gJB_sBM_cAll_d09_mJB3_ch02__mc150-4,,BRIDGE3R,m15_bridge3r_fixed_v19,Camera-rotation_deg,35.75787898150041,74.11814290816498,-38.36026392666457
aist__gJB_sBM_cAll_d09_mJB3_ch02__mc150-4,aist__gJB_sBM_cAll_d09_mJB3_ch02__mc150-4,,BRIDGE3R,m15_bridge3r_fixed_v19,Camera-translation_m,5.096592215768055,4.783058250177687,0.31353396559036817
aist__gJB_sBM_cAll_d09_mJB3_ch02__mc150-4,aist__gJB_sBM_cAll_d09_mJB3_ch02__mc150-4,,BRIDGE3R,m15_bridge3r_fixed_v19,Boundary-camera-rotation_deg,87.19010435745945,78.92403217201066,8.266072185448792
aist__gJB_sBM_cAll_d09_mJB3_ch02__mc150-4,aist__gJB_sBM_cAll_d09_mJB3_ch02__mc150-4,,BRIDGE3R,m15_bridge3r_fixed_v19,Boundary-camera-translation_m,6.309887663461257,5.310020947925117,0.9998667155361405
aist__gJB_sBM_cAll_d09_mJB3_ch02__mc150-4,aist__gJB_sBM_cAll_d09_mJB3_ch02__mc150-4,,BRIDGE3R,m15_bridge3r_fixed_v19,Coverage,0.9666666666666667,1.0,0.033333333333333326
aist__gJB_sBM_cAll_d09_mJB4_ch01__mc150-4,aist__gJB_sBM_cAll_d09_mJB4_ch01__mc150-4,,Human3R,m0_strict_human3r,PA-MPJPE_mm,52.40423397993163,56.12874716336703,-3.7245131834353984
aist__gJB_sBM_cAll_d09_mJB4_ch01__mc150-4,aist__gJB_sBM_cAll_d09_mJB4_ch01__mc150-4,,Human3R,m0_strict_human3r,Anchor-MPJPE_mm,1391.7698838214415,445.50624100262513,946.2636428188164
aist__gJB_sBM_cAll_d09_mJB4_ch01__mc150-4,aist__gJB_sBM_cAll_d09_mJB4_ch01__mc150-4,,Human3R,m0_strict_human3r,Anchor-root_mm,1371.754496146628,432.00008588695874,939.7544102596694
aist__gJB_sBM_cAll_d09_mJB4_ch01__mc150-4,aist__gJB_sBM_cAll_d09_mJB4_ch01__mc150-4,,Human3R,m0_strict_human3r,Orientation_deg,61.169173946123436,38.088160082848574,23.081013863274862
aist__gJB_sBM_cAll_d09_mJB4_ch01__mc150-4,aist__gJB_sBM_cAll_d09_mJB4_ch01__mc150-4,,Human3R,m0_strict_human3r,Seam-root_mm,,567.0828644980153,
aist__gJB_sBM_cAll_d09_mJB4_ch01__mc150-4,aist__gJB_sBM_cAll_d09_mJB4_ch01__mc150-4,,Human3R,m0_strict_human3r,Seam-orientation_deg,,67.47168434939312,
aist__gJB_sBM_cAll_d09_mJB4_ch01__mc150-4,aist__gJB_sBM_cAll_d09_mJB4_ch01__mc150-4,,Human3R,m0_strict_human3r,Camera-rotation_deg,52.677217673687345,52.2174281845123,0.45978948917504425
aist__gJB_sBM_cAll_d09_mJB4_ch01__mc150-4,aist__gJB_sBM_cAll_d09_mJB4_ch01__mc150-4,,Human3R,m0_strict_human3r,Camera-translation_m,4.828262857365738,4.110336067498935,0.7179267898668034
aist__gJB_sBM_cAll_d09_mJB4_ch01__mc150-4,aist__gJB_sBM_cAll_d09_mJB4_ch01__mc150-4,,Human3R,m0_strict_human3r,Boundary-camera-rotation_deg,86.90799630496726,63.23267131421406,23.675324990753197
aist__gJB_sBM_cAll_d09_mJB4_ch01__mc150-4,aist__gJB_sBM_cAll_d09_mJB4_ch01__mc150-4,,Human3R,m0_strict_human3r,Boundary-camera-translation_m,6.256633983724832,5.046861816740051,1.2097721669847807
aist__gJB_sBM_cAll_d09_mJB4_ch01__mc150-4,aist__gJB_sBM_cAll_d09_mJB4_ch01__mc150-4,,Human3R,m0_strict_human3r,Coverage,0.9533333333333334,1.0,0.046666666666666634
aist__gJB_sBM_cAll_d09_mJB4_ch01__mc150-4,aist__gJB_sBM_cAll_d09_mJB4_ch01__mc150-4,,BRIDGE3R,m15_bridge3r_fixed_v19,PA-MPJPE_mm,52.40423397993163,55.98724906251746,-3.583015082585831
aist__gJB_sBM_cAll_d09_mJB4_ch01__mc150-4,aist__gJB_sBM_cAll_d09_mJB4_ch01__mc150-4,,BRIDGE3R,m15_bridge3r_fixed_v19,Anchor-MPJPE_mm,1391.7698838214415,1135.6301243211785,256.1397595002629
aist__gJB_sBM_cAll_d09_mJB4_ch01__mc150-4,aist__gJB_sBM_cAll_d09_mJB4_ch01__mc150-4,,BRIDGE3R,m15_bridge3r_fixed_v19,Anchor-root_mm,1371.754496146628,1127.0836398578745,244.6708562887536
aist__gJB_sBM_cAll_d09_mJB4_ch01__mc150-4,aist__gJB_sBM_cAll_d09_mJB4_ch01__mc150-4,,BRIDGE3R,m15_bridge3r_fixed_v19,Orientation_deg,61.169173946123436,50.8199852449789,10.349188701144534
aist__gJB_sBM_cAll_d09_mJB4_ch01__mc150-4,aist__gJB_sBM_cAll_d09_mJB4_ch01__mc150-4,,BRIDGE3R,m15_bridge3r_fixed_v19,Seam-root_mm,,2318.859762509803,
aist__gJB_sBM_cAll_d09_mJB4_ch01__mc150-4,aist__gJB_sBM_cAll_d09_mJB4_ch01__mc150-4,,BRIDGE3R,m15_bridge3r_fixed_v19,Seam-orientation_deg,,127.18594771785781,
aist__gJB_sBM_cAll_d09_mJB4_ch01__mc150-4,aist__gJB_sBM_cAll_d09_mJB4_ch01__mc150-4,,BRIDGE3R,m15_bridge3r_fixed_v19,Camera-rotation_deg,52.677217673687345,66.1079275827701,-13.430709909082758
aist__gJB_sBM_cAll_d09_mJB4_ch01__mc150-4,aist__gJB_sBM_cAll_d09_mJB4_ch01__mc150-4,,BRIDGE3R,m15_bridge3r_fixed_v19,Camera-translation_m,4.828262857365738,4.73707197638197,0.09119088098376782
aist__gJB_sBM_cAll_d09_mJB4_ch01__mc150-4,aist__gJB_sBM_cAll_d09_mJB4_ch01__mc150-4,,BRIDGE3R,m15_bridge3r_fixed_v19,Boundary-camera-rotation_deg,86.90799630496726,122.61272634103172,-35.70473003606446
aist__gJB_sBM_cAll_d09_mJB4_ch01__mc150-4,aist__gJB_sBM_cAll_d09_mJB4_ch01__mc150-4,,BRIDGE3R,m15_bridge3r_fixed_v19,Boundary-camera-translation_m,6.256633983724832,7.7868080898538565,-1.5301741061290244
aist__gJB_sBM_cAll_d09_mJB4_ch01__mc150-4,aist__gJB_sBM_cAll_d09_mJB4_ch01__mc150-4,,BRIDGE3R,m15_bridge3r_fixed_v19,Coverage,0.9533333333333334,1.0,0.046666666666666634
aist__gJB_sBM_cAll_d09_mJB4_ch02__mc150-4,aist__gJB_sBM_cAll_d09_mJB4_ch02__mc150-4,,Human3R,m0_strict_human3r,PA-MPJPE_mm,73.47707363303073,79.26914207221262,-5.7920684391818895
aist__gJB_sBM_cAll_d09_mJB4_ch02__mc150-4,aist__gJB_sBM_cAll_d09_mJB4_ch02__mc150-4,,Human3R,m0_strict_human3r,Anchor-MPJPE_mm,1804.290226530795,1801.828425218754,2.4618013120409614
aist__gJB_sBM_cAll_d09_mJB4_ch02__mc150-4,aist__gJB_sBM_cAll_d09_mJB4_ch02__mc150-4,,Human3R,m0_strict_human3r,Anchor-root_mm,1781.9710340224365,1791.0266350427441,-9.055601020307677
aist__gJB_sBM_cAll_d09_mJB4_ch02__mc150-4,aist__gJB_sBM_cAll_d09_mJB4_ch02__mc150-4,,Human3R,m0_strict_human3r,Orientation_deg,48.225222447518014,52.80977692980639,-4.584554482288375
aist__gJB_sBM_cAll_d09_mJB4_ch02__mc150-4,aist__gJB_sBM_cAll_d09_mJB4_ch02__mc150-4,,Human3R,m0_strict_human3r,Seam-root_mm,,2200.8221751873775,
aist__gJB_sBM_cAll_d09_mJB4_ch02__mc150-4,aist__gJB_sBM_cAll_d09_mJB4_ch02__mc150-4,,Human3R,m0_strict_human3r,Seam-orientation_deg,,68.86160641021178,
aist__gJB_sBM_cAll_d09_mJB4_ch02__mc150-4,aist__gJB_sBM_cAll_d09_mJB4_ch02__mc150-4,,Human3R,m0_strict_human3r,Camera-rotation_deg,55.481660726336955,68.54832712273972,-13.066666396402766
aist__gJB_sBM_cAll_d09_mJB4_ch02__mc150-4,aist__gJB_sBM_cAll_d09_mJB4_ch02__mc150-4,,Human3R,m0_strict_human3r,Camera-translation_m,5.789733044647908,6.042172521292274,-0.2524394766443665
aist__gJB_sBM_cAll_d09_mJB4_ch02__mc150-4,aist__gJB_sBM_cAll_d09_mJB4_ch02__mc150-4,,Human3R,m0_strict_human3r,Boundary-camera-rotation_deg,86.55340259788755,59.56713315024922,26.986269447638335
aist__gJB_sBM_cAll_d09_mJB4_ch02__mc150-4,aist__gJB_sBM_cAll_d09_mJB4_ch02__mc150-4,,Human3R,m0_strict_human3r,Boundary-camera-translation_m,6.146485175773036,4.538904702565365,1.6075804732076717
aist__gJB_sBM_cAll_d09_mJB4_ch02__mc150-4,aist__gJB_sBM_cAll_d09_mJB4_ch02__mc150-4,,Human3R,m0_strict_human3r,Coverage,0.9533333333333334,1.0,0.046666666666666634
aist__gJB_sBM_cAll_d09_mJB4_ch02__mc150-4,aist__gJB_sBM_cAll_d09_mJB4_ch02__mc150-4,,BRIDGE3R,m15_bridge3r_fixed_v19,PA-MPJPE_mm,73.47707363303073,79.01283042096819,-5.5357567879374585
aist__gJB_sBM_cAll_d09_mJB4_ch02__mc150-4,aist__gJB_sBM_cAll_d09_mJB4_ch02__mc150-4,,BRIDGE3R,m15_bridge3r_fixed_v19,Anchor-MPJPE_mm,1804.290226530795,694.9940872614405,1109.2961392693546
aist__gJB_sBM_cAll_d09_mJB4_ch02__mc150-4,aist__gJB_sBM_cAll_d09_mJB4_ch02__mc150-4,,BRIDGE3R,m15_bridge3r_fixed_v19,Anchor-root_mm,1781.9710340224365,664.1530120442658,1117.8180219781707
aist__gJB_sBM_cAll_d09_mJB4_ch02__mc150-4,aist__gJB_sBM_cAll_d09_mJB4_ch02__mc150-4,,BRIDGE3R,m15_bridge3r_fixed_v19,Orientation_deg,48.225222447518014,39.84846761407058,8.376754833447436
aist__gJB_sBM_cAll_d09_mJB4_ch02__mc150-4,aist__gJB_sBM_cAll_d09_mJB4_ch02__mc150-4,,BRIDGE3R,m15_bridge3r_fixed_v19,Seam-root_mm,,1080.1220629080854,
aist__gJB_sBM_cAll_d09_mJB4_ch02__mc150-4,aist__gJB_sBM_cAll_d09_mJB4_ch02__mc150-4,,BRIDGE3R,m15_bridge3r_fixed_v19,Seam-orientation_deg,,69.22636470919633,
aist__gJB_sBM_cAll_d09_mJB4_ch02__mc150-4,aist__gJB_sBM_cAll_d09_mJB4_ch02__mc150-4,,BRIDGE3R,m15_bridge3r_fixed_v19,Camera-rotation_deg,55.481660726336955,51.206293354381515,4.27536737195544
aist__gJB_sBM_cAll_d09_mJB4_ch02__mc150-4,aist__gJB_sBM_cAll_d09_mJB4_ch02__mc150-4,,BRIDGE3R,m15_bridge3r_fixed_v19,Camera-translation_m,5.789733044647908,4.404446735155046,1.3852863094928614
aist__gJB_sBM_cAll_d09_mJB4_ch02__mc150-4,aist__gJB_sBM_cAll_d09_mJB4_ch02__mc150-4,,BRIDGE3R,m15_bridge3r_fixed_v19,Boundary-camera-rotation_deg,86.55340259788755,60.71477326497608,25.838629332911474
aist__gJB_sBM_cAll_d09_mJB4_ch02__mc150-4,aist__gJB_sBM_cAll_d09_mJB4_ch02__mc150-4,,BRIDGE3R,m15_bridge3r_fixed_v19,Boundary-camera-translation_m,6.146485175773036,4.955579829020773,1.1909053467522632
aist__gJB_sBM_cAll_d09_mJB4_ch02__mc150-4,aist__gJB_sBM_cAll_d09_mJB4_ch02__mc150-4,,BRIDGE3R,m15_bridge3r_fixed_v19,Coverage,0.9533333333333334,1.0,0.046666666666666634
aist__gJB_sBM_cAll_d09_mJB5_ch02__mc150-4,aist__gJB_sBM_cAll_d09_mJB5_ch02__mc150-4,,Human3R,m0_strict_human3r,PA-MPJPE_mm,68.83759847774697,74.93058356333025,-6.09298508558328
aist__gJB_sBM_cAll_d09_mJB5_ch02__mc150-4,aist__gJB_sBM_cAll_d09_mJB5_ch02__mc150-4,,Human3R,m0_strict_human3r,Anchor-MPJPE_mm,5339.020027993135,694.1360398973229,4644.883988095812
aist__gJB_sBM_cAll_d09_mJB5_ch02__mc150-4,aist__gJB_sBM_cAll_d09_mJB5_ch02__mc150-4,,Human3R,m0_strict_human3r,Anchor-root_mm,5326.181481191687,655.2237127330184,4670.957768458669
aist__gJB_sBM_cAll_d09_mJB5_ch02__mc150-4,aist__gJB_sBM_cAll_d09_mJB5_ch02__mc150-4,,Human3R,m0_strict_human3r,Orientation_deg,77.91415069070264,71.09745841603403,6.816692274668611
aist__gJB_sBM_cAll_d09_mJB5_ch02__mc150-4,aist__gJB_sBM_cAll_d09_mJB5_ch02__mc150-4,,Human3R,m0_strict_human3r,Seam-root_mm,260.12133422154955,1086.2628759278684,-826.1415417063189
aist__gJB_sBM_cAll_d09_mJB5_ch02__mc150-4,aist__gJB_sBM_cAll_d09_mJB5_ch02__mc150-4,,Human3R,m0_strict_human3r,Seam-orientation_deg,5.783353166332206,63.607626267998135,-57.82427310166593
aist__gJB_sBM_cAll_d09_mJB5_ch02__mc150-4,aist__gJB_sBM_cAll_d09_mJB5_ch02__mc150-4,,Human3R,m0_strict_human3r,Camera-rotation_deg,86.32659024546398,84.29632490657397,2.030265338890004
aist__gJB_sBM_cAll_d09_mJB5_ch02__mc150-4,aist__gJB_sBM_cAll_d09_mJB5_ch02__mc150-4,,Human3R,m0_strict_human3r,Camera-translation_m,13.50567689458686,6.947437570639231,6.55823932394763
aist__gJB_sBM_cAll_d09_mJB5_ch02__mc150-4,aist__gJB_sBM_cAll_d09_mJB5_ch02__mc150-4,,Human3R,m0_strict_human3r,Boundary-camera-rotation_deg,86.88853066902686,71.23732860805193,15.651202060974938
aist__gJB_sBM_cAll_d09_mJB5_ch02__mc150-4,aist__gJB_sBM_cAll_d09_mJB5_ch02__mc150-4,,Human3R,m0_strict_human3r,Boundary-camera-translation_m,6.298978861742861,4.334443354004623,1.9645355077382378
aist__gJB_sBM_cAll_d09_mJB5_ch02__mc150-4,aist__gJB_sBM_cAll_d09_mJB5_ch02__mc150-4,,Human3R,m0_strict_human3r,Coverage,0.98,1.0,0.020000000000000018
aist__gJB_sBM_cAll_d09_mJB5_ch02__mc150-4,aist__gJB_sBM_cAll_d09_mJB5_ch02__mc150-4,,BRIDGE3R,m15_bridge3r_fixed_v19,PA-MPJPE_mm,68.83759847774697,74.57466079686805,-5.73706231912108
aist__gJB_sBM_cAll_d09_mJB5_ch02__mc150-4,aist__gJB_sBM_cAll_d09_mJB5_ch02__mc150-4,,BRIDGE3R,m15_bridge3r_fixed_v19,Anchor-MPJPE_mm,5339.020027993135,854.7691344229042,4484.250893570231
aist__gJB_sBM_cAll_d09_mJB5_ch02__mc150-4,aist__gJB_sBM_cAll_d09_mJB5_ch02__mc150-4,,BRIDGE3R,m15_bridge3r_fixed_v19,Anchor-root_mm,5326.181481191687,844.6958909050434,4481.485590286644
aist__gJB_sBM_cAll_d09_mJB5_ch02__mc150-4,aist__gJB_sBM_cAll_d09_mJB5_ch02__mc150-4,,BRIDGE3R,m15_bridge3r_fixed_v19,Orientation_deg,77.91415069070264,42.80642154525503,35.107729145447614
aist__gJB_sBM_cAll_d09_mJB5_ch02__mc150-4,aist__gJB_sBM_cAll_d09_mJB5_ch02__mc150-4,,BRIDGE3R,m15_bridge3r_fixed_v19,Seam-root_mm,260.12133422154955,1227.410051066634,-967.2887168450844
aist__gJB_sBM_cAll_d09_mJB5_ch02__mc150-4,aist__gJB_sBM_cAll_d09_mJB5_ch02__mc150-4,,BRIDGE3R,m15_bridge3r_fixed_v19,Seam-orientation_deg,5.783353166332206,55.42753588701669,-49.64418272068448
aist__gJB_sBM_cAll_d09_mJB5_ch02__mc150-4,aist__gJB_sBM_cAll_d09_mJB5_ch02__mc150-4,,BRIDGE3R,m15_bridge3r_fixed_v19,Camera-rotation_deg,86.32659024546398,46.5458089236617,39.78078132180227
aist__gJB_sBM_cAll_d09_mJB5_ch02__mc150-4,aist__gJB_sBM_cAll_d09_mJB5_ch02__mc150-4,,BRIDGE3R,m15_bridge3r_fixed_v19,Camera-translation_m,13.50567689458686,4.428951326031701,9.07672556855516
aist__gJB_sBM_cAll_d09_mJB5_ch02__mc150-4,aist__gJB_sBM_cAll_d09_mJB5_ch02__mc150-4,,BRIDGE3R,m15_bridge3r_fixed_v19,Boundary-camera-rotation_deg,86.88853066902686,47.711288808197345,39.17724186082952
aist__gJB_sBM_cAll_d09_mJB5_ch02__mc150-4,aist__gJB_sBM_cAll_d09_mJB5_ch02__mc150-4,,BRIDGE3R,m15_bridge3r_fixed_v19,Boundary-camera-translation_m,6.298978861742861,3.8436412766100485,2.4553375851328125
aist__gJB_sBM_cAll_d09_mJB5_ch02__mc150-4,aist__gJB_sBM_cAll_d09_mJB5_ch02__mc150-4,,BRIDGE3R,m15_bridge3r_fixed_v19,Coverage,0.98,1.0,0.020000000000000018
aist__gJB_sBM_cAll_d09_mJB5_ch03__mc150-4,aist__gJB_sBM_cAll_d09_mJB5_ch03__mc150-4,,Human3R,m0_strict_human3r,PA-MPJPE_mm,93.1432410306243,95.79057206812887,-2.6473310375045713
aist__gJB_sBM_cAll_d09_mJB5_ch03__mc150-4,aist__gJB_sBM_cAll_d09_mJB5_ch03__mc150-4,,Human3R,m0_strict_human3r,Anchor-MPJPE_mm,7178.818176948009,621.5429402706861,6557.275236677323
aist__gJB_sBM_cAll_d09_mJB5_ch03__mc150-4,aist__gJB_sBM_cAll_d09_mJB5_ch03__mc150-4,,Human3R,m0_strict_human3r,Anchor-root_mm,7108.207324449349,516.159275101397,6592.048049347952
aist__gJB_sBM_cAll_d09_mJB5_ch03__mc150-4,aist__gJB_sBM_cAll_d09_mJB5_ch03__mc150-4,,Human3R,m0_strict_human3r,Orientation_deg,64.99921447430691,110.99532343348488,-45.996108959177974
aist__gJB_sBM_cAll_d09_mJB5_ch03__mc150-4,aist__gJB_sBM_cAll_d09_mJB5_ch03__mc150-4,,Human3R,m0_strict_human3r,Seam-root_mm,255.81044608840912,396.6898838106811,-140.879437722272
aist__gJB_sBM_cAll_d09_mJB5_ch03__mc150-4,aist__gJB_sBM_cAll_d09_mJB5_ch03__mc150-4,,Human3R,m0_strict_human3r,Seam-orientation_deg,47.10521867641472,87.38713006202512,-40.2819113856104
aist__gJB_sBM_cAll_d09_mJB5_ch03__mc150-4,aist__gJB_sBM_cAll_d09_mJB5_ch03__mc150-4,,Human3R,m0_strict_human3r,Camera-rotation_deg,77.46745890208778,142.72139067996662,-65.25393177787883
aist__gJB_sBM_cAll_d09_mJB5_ch03__mc150-4,aist__gJB_sBM_cAll_d09_mJB5_ch03__mc150-4,,Human3R,m0_strict_human3r,Camera-translation_m,15.76252898738345,9.779944128209532,5.982584859173917
aist__gJB_sBM_cAll_d09_mJB5_ch03__mc150-4,aist__gJB_sBM_cAll_d09_mJB5_ch03__mc150-4,,Human3R,m0_strict_human3r,Boundary-camera-rotation_deg,89.9982483691013,75.40915489105113,14.589093478050174
aist__gJB_sBM_cAll_d09_mJB5_ch03__mc150-4,aist__gJB_sBM_cAll_d09_mJB5_ch03__mc150-4,,Human3R,m0_strict_human3r,Boundary-camera-translation_m,6.4447007042718285,5.531359297084326,0.9133414071875023
aist__gJB_sBM_cAll_d09_mJB5_ch03__mc150-4,aist__gJB_sBM_cAll_d09_mJB5_ch03__mc150-4,,Human3R,m0_strict_human3r,Coverage,0.98,1.0,0.020000000000000018
aist__gJB_sBM_cAll_d09_mJB5_ch03__mc150-4,aist__gJB_sBM_cAll_d09_mJB5_ch03__mc150-4,,BRIDGE3R,m15_bridge3r_fixed_v19,PA-MPJPE_mm,93.1432410306243,96.28601146004844,-3.1427704294241465
aist__gJB_sBM_cAll_d09_mJB5_ch03__mc150-4,aist__gJB_sBM_cAll_d09_mJB5_ch03__mc150-4,,BRIDGE3R,m15_bridge3r_fixed_v19,Anchor-MPJPE_mm,7178.818176948009,728.7904981861869,6450.027678761822
aist__gJB_sBM_cAll_d09_mJB5_ch03__mc150-4,aist__gJB_sBM_cAll_d09_mJB5_ch03__mc150-4,,BRIDGE3R,m15_bridge3r_fixed_v19,Anchor-root_mm,7108.207324449349,714.7083175595236,6393.499006889825
aist__gJB_sBM_cAll_d09_mJB5_ch03__mc150-4,aist__gJB_sBM_cAll_d09_mJB5_ch03__mc150-4,,BRIDGE3R,m15_bridge3r_fixed_v19,Orientation_deg,64.99921447430691,62.97651211082127,2.0227023634856423
aist__gJB_sBM_cAll_d09_mJB5_ch03__mc150-4,aist__gJB_sBM_cAll_d09_mJB5_ch03__mc150-4,,BRIDGE3R,m15_bridge3r_fixed_v19,Seam-root_mm,255.81044608840912,1069.8080755070498,-813.9976294186407
aist__gJB_sBM_cAll_d09_mJB5_ch03__mc150-4,aist__gJB_sBM_cAll_d09_mJB5_ch03__mc150-4,,BRIDGE3R,m15_bridge3r_fixed_v19,Seam-orientation_deg,47.10521867641472,54.7417831524622,-7.636564476047475
aist__gJB_sBM_cAll_d09_mJB5_ch03__mc150-4,aist__gJB_sBM_cAll_d09_mJB5_ch03__mc150-4,,BRIDGE3R,m15_bridge3r_fixed_v19,Camera-rotation_deg,77.46745890208778,84.98582402974463,-7.51836512765685
aist__gJB_sBM_cAll_d09_mJB5_ch03__mc150-4,aist__gJB_sBM_cAll_d09_mJB5_ch03__mc150-4,,BRIDGE3R,m15_bridge3r_fixed_v19,Camera-translation_m,15.76252898738345,6.952682791622465,8.809846195760985
aist__gJB_sBM_cAll_d09_mJB5_ch03__mc150-4,aist__gJB_sBM_cAll_d09_mJB5_ch03__mc150-4,,BRIDGE3R,m15_bridge3r_fixed_v19,Boundary-camera-rotation_deg,89.9982483691013,57.470674777861,32.527573591240305
aist__gJB_sBM_cAll_d09_mJB5_ch03__mc150-4,aist__gJB_sBM_cAll_d09_mJB5_ch03__mc150-4,,BRIDGE3R,m15_bridge3r_fixed_v19,Boundary-camera-translation_m,6.4447007042718285,4.570865349013882,1.8738353552579463
aist__gJB_sBM_cAll_d09_mJB5_ch03__mc150-4,aist__gJB_sBM_cAll_d09_mJB5_ch03__mc150-4,,BRIDGE3R,m15_bridge3r_fixed_v19,Coverage,0.98,1.0,0.020000000000000018
aist__gJB_sBM_cAll_d09_mJB5_ch04__mc150-4,aist__gJB_sBM_cAll_d09_mJB5_ch04__mc150-4,,Human3R,m0_strict_human3r,PA-MPJPE_mm,68.86922235697334,73.33576668868986,-4.46654433171652
aist__gJB_sBM_cAll_d09_mJB5_ch04__mc150-4,aist__gJB_sBM_cAll_d09_mJB5_ch04__mc150-4,,Human3R,m0_strict_human3r,Anchor-MPJPE_mm,1664.2104579733684,1100.2140126239187,563.9964453494497
aist__gJB_sBM_cAll_d09_mJB5_ch04__mc150-4,aist__gJB_sBM_cAll_d09_mJB5_ch04__mc150-4,,Human3R,m0_strict_human3r,Anchor-root_mm,1635.87401042816,1091.2152162995085,544.6587941286516
aist__gJB_sBM_cAll_d09_mJB5_ch04__mc150-4,aist__gJB_sBM_cAll_d09_mJB5_ch04__mc150-4,,Human3R,m0_strict_human3r,Orientation_deg,34.17551268975165,35.45017383684449,-1.2746611470928428
aist__gJB_sBM_cAll_d09_mJB5_ch04__mc150-4,aist__gJB_sBM_cAll_d09_mJB5_ch04__mc150-4,,Human3R,m0_strict_human3r,Seam-root_mm,1180.3301549100788,1902.6160260223453,-722.2858711122665
aist__gJB_sBM_cAll_d09_mJB5_ch04__mc150-4,aist__gJB_sBM_cAll_d09_mJB5_ch04__mc150-4,,Human3R,m0_strict_human3r,Seam-orientation_deg,26.14794436090304,48.5182626590373,-22.370318298134258
aist__gJB_sBM_cAll_d09_mJB5_ch04__mc150-4,aist__gJB_sBM_cAll_d09_mJB5_ch04__mc150-4,,Human3R,m0_strict_human3r,Camera-rotation_deg,25.78180153490328,33.85701081651824,-8.07520928161496
aist__gJB_sBM_cAll_d09_mJB5_ch04__mc150-4,aist__gJB_sBM_cAll_d09_mJB5_ch04__mc150-4,,Human3R,m0_strict_human3r,Camera-translation_m,3.138333058149847,3.382921193366392,-0.24458813521654488
aist__gJB_sBM_cAll_d09_mJB5_ch04__mc150-4,aist__gJB_sBM_cAll_d09_mJB5_ch04__mc150-4,,Human3R,m0_strict_human3r,Boundary-camera-rotation_deg,87.14520141566481,50.76956599141089,36.37563542425392
aist__gJB_sBM_cAll_d09_mJB5_ch04__mc150-4,aist__gJB_sBM_cAll_d09_mJB5_ch04__mc150-4,,Human3R,m0_strict_human3r,Boundary-camera-translation_m,6.160612494965965,3.9871613188803363,2.1734511760856283
aist__gJB_sBM_cAll_d09_mJB5_ch04__mc150-4,aist__gJB_sBM_cAll_d09_mJB5_ch04__mc150-4,,Human3R,m0_strict_human3r,Coverage,0.9733333333333334,1.0,0.026666666666666616
aist__gJB_sBM_cAll_d09_mJB5_ch04__mc150-4,aist__gJB_sBM_cAll_d09_mJB5_ch04__mc150-4,,BRIDGE3R,m15_bridge3r_fixed_v19,PA-MPJPE_mm,68.86922235697334,74.11557857760694,-5.246356220633601
aist__gJB_sBM_cAll_d09_mJB5_ch04__mc150-4,aist__gJB_sBM_cAll_d09_mJB5_ch04__mc150-4,,BRIDGE3R,m15_bridge3r_fixed_v19,Anchor-MPJPE_mm,1664.2104579733684,1391.9118861242844,272.29857184908406
aist__gJB_sBM_cAll_d09_mJB5_ch04__mc150-4,aist__gJB_sBM_cAll_d09_mJB5_ch04__mc150-4,,BRIDGE3R,m15_bridge3r_fixed_v19,Anchor-root_mm,1635.87401042816,1359.5966653081143,276.27734512004577
aist__gJB_sBM_cAll_d09_mJB5_ch04__mc150-4,aist__gJB_sBM_cAll_d09_mJB5_ch04__mc150-4,,BRIDGE3R,m15_bridge3r_fixed_v19,Orientation_deg,34.17551268975165,35.73207272349512,-1.556560033743473
aist__gJB_sBM_cAll_d09_mJB5_ch04__mc150-4,aist__gJB_sBM_cAll_d09_mJB5_ch04__mc150-4,,BRIDGE3R,m15_bridge3r_fixed_v19,Seam-root_mm,1180.3301549100788,2745.646448696316,-1565.316293786237
aist__gJB_sBM_cAll_d09_mJB5_ch04__mc150-4,aist__gJB_sBM_cAll_d09_mJB5_ch04__mc150-4,,BRIDGE3R,m15_bridge3r_fixed_v19,Seam-orientation_deg,26.14794436090304,22.357855261935956,3.7900890989670835
aist__gJB_sBM_cAll_d09_mJB5_ch04__mc150-4,aist__gJB_sBM_cAll_d09_mJB5_ch04__mc150-4,,BRIDGE3R,m15_bridge3r_fixed_v19,Camera-rotation_deg,25.78180153490328,32.32932551805937,-6.54752398315609
aist__gJB_sBM_cAll_d09_mJB5_ch04__mc150-4,aist__gJB_sBM_cAll_d09_mJB5_ch04__mc150-4,,BRIDGE3R,m15_bridge3r_fixed_v19,Camera-translation_m,3.138333058149847,2.9915547780467286,0.14677828010311833
aist__gJB_sBM_cAll_d09_mJB5_ch04__mc150-4,aist__gJB_sBM_cAll_d09_mJB5_ch04__mc150-4,,BRIDGE3R,m15_bridge3r_fixed_v19,Boundary-camera-rotation_deg,87.14520141566481,25.344221099001242,61.80098031666357
aist__gJB_sBM_cAll_d09_mJB5_ch04__mc150-4,aist__gJB_sBM_cAll_d09_mJB5_ch04__mc150-4,,BRIDGE3R,m15_bridge3r_fixed_v19,Boundary-camera-translation_m,6.160612494965965,3.41148251587622,2.7491299790897448
aist__gJB_sBM_cAll_d09_mJB5_ch04__mc150-4,aist__gJB_sBM_cAll_d09_mJB5_ch04__mc150-4,,BRIDGE3R,m15_bridge3r_fixed_v19,Coverage,0.9733333333333334,1.0,0.026666666666666616
aist__gJB_sBM_cAll_d09_mJB5_ch05__mc150-4,aist__gJB_sBM_cAll_d09_mJB5_ch05__mc150-4,,Human3R,m0_strict_human3r,PA-MPJPE_mm,65.08161623324155,70.0970542611551,-5.015438027913547
aist__gJB_sBM_cAll_d09_mJB5_ch05__mc150-4,aist__gJB_sBM_cAll_d09_mJB5_ch05__mc150-4,,Human3R,m0_strict_human3r,Anchor-MPJPE_mm,1090.185822636154,977.896206062646,112.28961657350794
aist__gJB_sBM_cAll_d09_mJB5_ch05__mc150-4,aist__gJB_sBM_cAll_d09_mJB5_ch05__mc150-4,,Human3R,m0_strict_human3r,Anchor-root_mm,1017.4098890035704,930.7476822363298,86.6622067672406
aist__gJB_sBM_cAll_d09_mJB5_ch05__mc150-4,aist__gJB_sBM_cAll_d09_mJB5_ch05__mc150-4,,Human3R,m0_strict_human3r,Orientation_deg,75.20105232145852,58.07112719345144,17.12992512800708
aist__gJB_sBM_cAll_d09_mJB5_ch05__mc150-4,aist__gJB_sBM_cAll_d09_mJB5_ch05__mc150-4,,Human3R,m0_strict_human3r,Seam-root_mm,1071.0307583459219,1754.9710592189247,-683.9403008730028
aist__gJB_sBM_cAll_d09_mJB5_ch05__mc150-4,aist__gJB_sBM_cAll_d09_mJB5_ch05__mc150-4,,Human3R,m0_strict_human3r,Seam-orientation_deg,60.97092613978003,75.33872579671704,-14.36779965693701
aist__gJB_sBM_cAll_d09_mJB5_ch05__mc150-4,aist__gJB_sBM_cAll_d09_mJB5_ch05__mc150-4,,Human3R,m0_strict_human3r,Camera-rotation_deg,89.85613862166669,74.78594088864386,15.070197733022823
aist__gJB_sBM_cAll_d09_mJB5_ch05__mc150-4,aist__gJB_sBM_cAll_d09_mJB5_ch05__mc150-4,,Human3R,m0_strict_human3r,Camera-translation_m,6.132924447062805,6.394493981275789,-0.2615695342129847
aist__gJB_sBM_cAll_d09_mJB5_ch05__mc150-4,aist__gJB_sBM_cAll_d09_mJB5_ch05__mc150-4,,Human3R,m0_strict_human3r,Boundary-camera-rotation_deg,86.9447844431528,74.29119280853287,12.653591634619929
aist__gJB_sBM_cAll_d09_mJB5_ch05__mc150-4,aist__gJB_sBM_cAll_d09_mJB5_ch05__mc150-4,,Human3R,m0_strict_human3r,Boundary-camera-translation_m,6.181021126778208,5.058445085218073,1.1225760415601345
aist__gJB_sBM_cAll_d09_mJB5_ch05__mc150-4,aist__gJB_sBM_cAll_d09_mJB5_ch05__mc150-4,,Human3R,m0_strict_human3r,Coverage,0.98,1.0,0.020000000000000018
aist__gJB_sBM_cAll_d09_mJB5_ch05__mc150-4,aist__gJB_sBM_cAll_d09_mJB5_ch05__mc150-4,,BRIDGE3R,m15_bridge3r_fixed_v19,PA-MPJPE_mm,65.08161623324155,69.52234166018586,-4.4407254269443115
aist__gJB_sBM_cAll_d09_mJB5_ch05__mc150-4,aist__gJB_sBM_cAll_d09_mJB5_ch05__mc150-4,,BRIDGE3R,m15_bridge3r_fixed_v19,Anchor-MPJPE_mm,1090.185822636154,1658.969383853317,-568.783561217163
aist__gJB_sBM_cAll_d09_mJB5_ch05__mc150-4,aist__gJB_sBM_cAll_d09_mJB5_ch05__mc150-4,,BRIDGE3R,m15_bridge3r_fixed_v19,Anchor-root_mm,1017.4098890035704,1644.335316208811,-626.9254272052407
aist__gJB_sBM_cAll_d09_mJB5_ch05__mc150-4,aist__gJB_sBM_cAll_d09_mJB5_ch05__mc150-4,,BRIDGE3R,m15_bridge3r_fixed_v19,Orientation_deg,75.20105232145852,39.55778351746234,35.64326880399618
aist__gJB_sBM_cAll_d09_mJB5_ch05__mc150-4,aist__gJB_sBM_cAll_d09_mJB5_ch05__mc150-4,,BRIDGE3R,m15_bridge3r_fixed_v19,Seam-root_mm,1071.0307583459219,1359.4319606378813,-288.4012022919594
aist__gJB_sBM_cAll_d09_mJB5_ch05__mc150-4,aist__gJB_sBM_cAll_d09_mJB5_ch05__mc150-4,,BRIDGE3R,m15_bridge3r_fixed_v19,Seam-orientation_deg,60.97092613978003,55.060984727413675,5.909941412366358
aist__gJB_sBM_cAll_d09_mJB5_ch05__mc150-4,aist__gJB_sBM_cAll_d09_mJB5_ch05__mc150-4,,BRIDGE3R,m15_bridge3r_fixed_v19,Camera-rotation_deg,89.85613862166669,49.83267568147843,40.02346294018826
aist__gJB_sBM_cAll_d09_mJB5_ch05__mc150-4,aist__gJB_sBM_cAll_d09_mJB5_ch05__mc150-4,,BRIDGE3R,m15_bridge3r_fixed_v19,Camera-translation_m,6.132924447062805,5.126678164589579,1.0062462824732252
aist__gJB_sBM_cAll_d09_mJB5_ch05__mc150-4,aist__gJB_sBM_cAll_d09_mJB5_ch05__mc150-4,,BRIDGE3R,m15_bridge3r_fixed_v19,Boundary-camera-rotation_deg,86.9447844431528,57.17427110509295,29.77051333805985
aist__gJB_sBM_cAll_d09_mJB5_ch05__mc150-4,aist__gJB_sBM_cAll_d09_mJB5_ch05__mc150-4,,BRIDGE3R,m15_bridge3r_fixed_v19,Boundary-camera-translation_m,6.181021126778208,4.499956868592556,1.6810642581856516
aist__gJB_sBM_cAll_d09_mJB5_ch05__mc150-4,aist__gJB_sBM_cAll_d09_mJB5_ch05__mc150-4,,BRIDGE3R,m15_bridge3r_fixed_v19,Coverage,0.98,1.0,0.020000000000000018
aist__gJB_sBM_cAll_d09_mJB5_ch06__mc150-4,aist__gJB_sBM_cAll_d09_mJB5_ch06__mc150-4,,Human3R,m0_strict_human3r,PA-MPJPE_mm,84.44630836318278,93.17533829310861,-8.72902992992583
aist__gJB_sBM_cAll_d09_mJB5_ch06__mc150-4,aist__gJB_sBM_cAll_d09_mJB5_ch06__mc150-4,,Human3R,m0_strict_human3r,Anchor-MPJPE_mm,2708.2438795044723,975.8146301591997,1732.4292493452726
aist__gJB_sBM_cAll_d09_mJB5_ch06__mc150-4,aist__gJB_sBM_cAll_d09_mJB5_ch06__mc150-4,,Human3R,m0_strict_human3r,Anchor-root_mm,2689.5807440437366,973.4192211975273,1716.1615228462092
aist__gJB_sBM_cAll_d09_mJB5_ch06__mc150-4,aist__gJB_sBM_cAll_d09_mJB5_ch06__mc150-4,,Human3R,m0_strict_human3r,Orientation_deg,51.16760186481977,44.904339977512876,6.263261887306896
aist__gJB_sBM_cAll_d09_mJB5_ch06__mc150-4,aist__gJB_sBM_cAll_d09_mJB5_ch06__mc150-4,,Human3R,m0_strict_human3r,Seam-root_mm,1725.9390164344084,1874.0115627732387,-148.0725463388303
aist__gJB_sBM_cAll_d09_mJB5_ch06__mc150-4,aist__gJB_sBM_cAll_d09_mJB5_ch06__mc150-4,,Human3R,m0_strict_human3r,Seam-orientation_deg,136.8690860983492,43.78699627677627,93.08208982157291
aist__gJB_sBM_cAll_d09_mJB5_ch06__mc150-4,aist__gJB_sBM_cAll_d09_mJB5_ch06__mc150-4,,Human3R,m0_strict_human3r,Camera-rotation_deg,48.75004506138451,58.86263900311258,-10.112593941728065
aist__gJB_sBM_cAll_d09_mJB5_ch06__mc150-4,aist__gJB_sBM_cAll_d09_mJB5_ch06__mc150-4,,Human3R,m0_strict_human3r,Camera-translation_m,4.970882437323146,5.936423815972979,-0.9655413786498332
aist__gJB_sBM_cAll_d09_mJB5_ch06__mc150-4,aist__gJB_sBM_cAll_d09_mJB5_ch06__mc150-4,,Human3R,m0_strict_human3r,Boundary-camera-rotation_deg,86.98069853385867,26.21536155417863,60.76533697968004
aist__gJB_sBM_cAll_d09_mJB5_ch06__mc150-4,aist__gJB_sBM_cAll_d09_mJB5_ch06__mc150-4,,Human3R,m0_strict_human3r,Boundary-camera-translation_m,6.208941435401876,3.7015192998931252,2.5074221355087505
aist__gJB_sBM_cAll_d09_mJB5_ch06__mc150-4,aist__gJB_sBM_cAll_d09_mJB5_ch06__mc150-4,,Human3R,m0_strict_human3r,Coverage,0.96,1.0,0.040000000000000036
aist__gJB_sBM_cAll_d09_mJB5_ch06__mc150-4,aist__gJB_sBM_cAll_d09_mJB5_ch06__mc150-4,,BRIDGE3R,m15_bridge3r_fixed_v19,PA-MPJPE_mm,84.44630836318278,93.49571031298139,-9.049401949798607
aist__gJB_sBM_cAll_d09_mJB5_ch06__mc150-4,aist__gJB_sBM_cAll_d09_mJB5_ch06__mc150-4,,BRIDGE3R,m15_bridge3r_fixed_v19,Anchor-MPJPE_mm,2708.2438795044723,1052.884645545713,1655.3592339587592
aist__gJB_sBM_cAll_d09_mJB5_ch06__mc150-4,aist__gJB_sBM_cAll_d09_mJB5_ch06__mc150-4,,BRIDGE3R,m15_bridge3r_fixed_v19,Anchor-root_mm,2689.5807440437366,1003.3768352472493,1686.2039087964872
aist__gJB_sBM_cAll_d09_mJB5_ch06__mc150-4,aist__gJB_sBM_cAll_d09_mJB5_ch06__mc150-4,,BRIDGE3R,m15_bridge3r_fixed_v19,Orientation_deg,51.16760186481977,41.59982408862249,9.567777776197282
aist__gJB_sBM_cAll_d09_mJB5_ch06__mc150-4,aist__gJB_sBM_cAll_d09_mJB5_ch06__mc150-4,,BRIDGE3R,m15_bridge3r_fixed_v19,Seam-root_mm,1725.9390164344084,1293.5969686929714,432.342047741437
aist__gJB_sBM_cAll_d09_mJB5_ch06__mc150-4,aist__gJB_sBM_cAll_d09_mJB5_ch06__mc150-4,,BRIDGE3R,m15_bridge3r_fixed_v19,Seam-orientation_deg,136.8690860983492,44.88717649942544,91.98190959892375
aist__gJB_sBM_cAll_d09_mJB5_ch06__mc150-4,aist__gJB_sBM_cAll_d09_mJB5_ch06__mc150-4,,BRIDGE3R,m15_bridge3r_fixed_v19,Camera-rotation_deg,48.75004506138451,43.81622367587581,4.9338213855087005
aist__gJB_sBM_cAll_d09_mJB5_ch06__mc150-4,aist__gJB_sBM_cAll_d09_mJB5_ch06__mc150-4,,BRIDGE3R,m15_bridge3r_fixed_v19,Camera-translation_m,4.970882437323146,4.027064687674079,0.9438177496490674
aist__gJB_sBM_cAll_d09_mJB5_ch06__mc150-4,aist__gJB_sBM_cAll_d09_mJB5_ch06__mc150-4,,BRIDGE3R,m15_bridge3r_fixed_v19,Boundary-camera-rotation_deg,86.98069853385867,52.148780084288944,34.83191844956973
aist__gJB_sBM_cAll_d09_mJB5_ch06__mc150-4,aist__gJB_sBM_cAll_d09_mJB5_ch06__mc150-4,,BRIDGE3R,m15_bridge3r_fixed_v19,Boundary-camera-translation_m,6.208941435401876,4.145339141761,2.0636022936408756
aist__gJB_sBM_cAll_d09_mJB5_ch06__mc150-4,aist__gJB_sBM_cAll_d09_mJB5_ch06__mc150-4,,BRIDGE3R,m15_bridge3r_fixed_v19,Coverage,0.96,1.0,0.040000000000000036
aist__gJB_sBM_cAll_d09_mJB5_ch08__mc150-4,aist__gJB_sBM_cAll_d09_mJB5_ch08__mc150-4,,Human3R,m0_strict_human3r,PA-MPJPE_mm,68.81112204186064,72.55540952226251,-3.7442874804018658
aist__gJB_sBM_cAll_d09_mJB5_ch08__mc150-4,aist__gJB_sBM_cAll_d09_mJB5_ch08__mc150-4,,Human3R,m0_strict_human3r,Anchor-MPJPE_mm,1242.2437153123183,1157.6215716349914,84.6221436773269
aist__gJB_sBM_cAll_d09_mJB5_ch08__mc150-4,aist__gJB_sBM_cAll_d09_mJB5_ch08__mc150-4,,Human3R,m0_strict_human3r,Anchor-root_mm,1180.0180159568022,1083.6693710913057,96.34864486549645
aist__gJB_sBM_cAll_d09_mJB5_ch08__mc150-4,aist__gJB_sBM_cAll_d09_mJB5_ch08__mc150-4,,Human3R,m0_strict_human3r,Orientation_deg,95.80845120401716,55.30186793636106,40.5065832676561
aist__gJB_sBM_cAll_d09_mJB5_ch08__mc150-4,aist__gJB_sBM_cAll_d09_mJB5_ch08__mc150-4,,Human3R,m0_strict_human3r,Seam-root_mm,493.8553974954988,2513.66476944888,-2019.8093719533813
aist__gJB_sBM_cAll_d09_mJB5_ch08__mc150-4,aist__gJB_sBM_cAll_d09_mJB5_ch08__mc150-4,,Human3R,m0_strict_human3r,Seam-orientation_deg,16.69512871399837,38.84196389570164,-22.14683518170327
aist__gJB_sBM_cAll_d09_mJB5_ch08__mc150-4,aist__gJB_sBM_cAll_d09_mJB5_ch08__mc150-4,,Human3R,m0_strict_human3r,Camera-rotation_deg,89.08937364677088,65.96041007161786,23.128963575153023
aist__gJB_sBM_cAll_d09_mJB5_ch08__mc150-4,aist__gJB_sBM_cAll_d09_mJB5_ch08__mc150-4,,Human3R,m0_strict_human3r,Camera-translation_m,6.660673723048938,5.659662994903813,1.0010107281451255
aist__gJB_sBM_cAll_d09_mJB5_ch08__mc150-4,aist__gJB_sBM_cAll_d09_mJB5_ch08__mc150-4,,Human3R,m0_strict_human3r,Boundary-camera-rotation_deg,86.9861626823418,46.02778347614364,40.95837920619816
aist__gJB_sBM_cAll_d09_mJB5_ch08__mc150-4,aist__gJB_sBM_cAll_d09_mJB5_ch08__mc150-4,,Human3R,m0_strict_human3r,Boundary-camera-translation_m,6.364561540570501,4.419481759970449,1.9450797806000528
aist__gJB_sBM_cAll_d09_mJB5_ch08__mc150-4,aist__gJB_sBM_cAll_d09_mJB5_ch08__mc150-4,,Human3R,m0_strict_human3r,Coverage,0.9666666666666667,1.0,0.033333333333333326
aist__gJB_sBM_cAll_d09_mJB5_ch08__mc150-4,aist__gJB_sBM_cAll_d09_mJB5_ch08__mc150-4,,BRIDGE3R,m15_bridge3r_fixed_v19,PA-MPJPE_mm,68.81112204186064,72.91440642346709,-4.103284381606443
aist__gJB_sBM_cAll_d09_mJB5_ch08__mc150-4,aist__gJB_sBM_cAll_d09_mJB5_ch08__mc150-4,,BRIDGE3R,m15_bridge3r_fixed_v19,Anchor-MPJPE_mm,1242.2437153123183,1412.288582037712,-170.04486672539383
aist__gJB_sBM_cAll_d09_mJB5_ch08__mc150-4,aist__gJB_sBM_cAll_d09_mJB5_ch08__mc150-4,,BRIDGE3R,m15_bridge3r_fixed_v19,Anchor-root_mm,1180.0180159568022,1377.7733096784834,-197.75529372168126
aist__gJB_sBM_cAll_d09_mJB5_ch08__mc150-4,aist__gJB_sBM_cAll_d09_mJB5_ch08__mc150-4,,BRIDGE3R,m15_bridge3r_fixed_v19,Orientation_deg,95.80845120401716,43.70829180266007,52.10015940135709
aist__gJB_sBM_cAll_d09_mJB5_ch08__mc150-4,aist__gJB_sBM_cAll_d09_mJB5_ch08__mc150-4,,BRIDGE3R,m15_bridge3r_fixed_v19,Seam-root_mm,493.8553974954988,1155.631310176065,-661.7759126805662
aist__gJB_sBM_cAll_d09_mJB5_ch08__mc150-4,aist__gJB_sBM_cAll_d09_mJB5_ch08__mc150-4,,BRIDGE3R,m15_bridge3r_fixed_v19,Seam-orientation_deg,16.69512871399837,49.687378652358824,-32.99224993836046
aist__gJB_sBM_cAll_d09_mJB5_ch08__mc150-4,aist__gJB_sBM_cAll_d09_mJB5_ch08__mc150-4,,BRIDGE3R,m15_bridge3r_fixed_v19,Camera-rotation_deg,89.08937364677088,54.81370695819542,34.27566668857546
aist__gJB_sBM_cAll_d09_mJB5_ch08__mc150-4,aist__gJB_sBM_cAll_d09_mJB5_ch08__mc150-4,,BRIDGE3R,m15_bridge3r_fixed_v19,Camera-translation_m,6.660673723048938,4.2264248300734755,2.4342488929754627
aist__gJB_sBM_cAll_d09_mJB5_ch08__mc150-4,aist__gJB_sBM_cAll_d09_mJB5_ch08__mc150-4,,BRIDGE3R,m15_bridge3r_fixed_v19,Boundary-camera-rotation_deg,86.9861626823418,49.41662758159271,37.56953510074909
aist__gJB_sBM_cAll_d09_mJB5_ch08__mc150-4,aist__gJB_sBM_cAll_d09_mJB5_ch08__mc150-4,,BRIDGE3R,m15_bridge3r_fixed_v19,Boundary-camera-translation_m,6.364561540570501,4.04683870393385,2.3177228366366514
aist__gJB_sBM_cAll_d09_mJB5_ch08__mc150-4,aist__gJB_sBM_cAll_d09_mJB5_ch08__mc150-4,,BRIDGE3R,m15_bridge3r_fixed_v19,Coverage,0.9666666666666667,1.0,0.033333333333333326
aist__gJB_sFM_cAll_d09_mJB5_ch20__mc150-4,aist__gJB_sFM_cAll_d09_mJB5_ch20__mc150-4,,Human3R,m0_strict_human3r,PA-MPJPE_mm,76.80812564542403,80.97885868570398,-4.170733040279956
aist__gJB_sFM_cAll_d09_mJB5_ch20__mc150-4,aist__gJB_sFM_cAll_d09_mJB5_ch20__mc150-4,,Human3R,m0_strict_human3r,Anchor-MPJPE_mm,1003.2941582401303,443.3833957732461,559.9107624668842
aist__gJB_sFM_cAll_d09_mJB5_ch20__mc150-4,aist__gJB_sFM_cAll_d09_mJB5_ch20__mc150-4,,Human3R,m0_strict_human3r,Anchor-root_mm,947.9692386593306,396.9079158506713,551.0613228086593
aist__gJB_sFM_cAll_d09_mJB5_ch20__mc150-4,aist__gJB_sFM_cAll_d09_mJB5_ch20__mc150-4,,Human3R,m0_strict_human3r,Orientation_deg,47.184778585675254,36.132700862742425,11.052077722932829
aist__gJB_sFM_cAll_d09_mJB5_ch20__mc150-4,aist__gJB_sFM_cAll_d09_mJB5_ch20__mc150-4,,Human3R,m0_strict_human3r,Seam-root_mm,760.3457910023212,776.1484521356562,-15.802661133334936
aist__gJB_sFM_cAll_d09_mJB5_ch20__mc150-4,aist__gJB_sFM_cAll_d09_mJB5_ch20__mc150-4,,Human3R,m0_strict_human3r,Seam-orientation_deg,41.1774831421049,73.81061942726093,-32.633136285156034
aist__gJB_sFM_cAll_d09_mJB5_ch20__mc150-4,aist__gJB_sFM_cAll_d09_mJB5_ch20__mc150-4,,Human3R,m0_strict_human3r,Camera-rotation_deg,49.314121428839336,39.792097453932804,9.522023974906531
aist__gJB_sFM_cAll_d09_mJB5_ch20__mc150-4,aist__gJB_sFM_cAll_d09_mJB5_ch20__mc150-4,,Human3R,m0_strict_human3r,Camera-translation_m,4.709473533348132,3.1692602614091143,1.5402132719390176
aist__gJB_sFM_cAll_d09_mJB5_ch20__mc150-4,aist__gJB_sFM_cAll_d09_mJB5_ch20__mc150-4,,Human3R,m0_strict_human3r,Boundary-camera-rotation_deg,87.36084584948902,62.97596625342765,24.384879596061374
aist__gJB_sFM_cAll_d09_mJB5_ch20__mc150-4,aist__gJB_sFM_cAll_d09_mJB5_ch20__mc150-4,,Human3R,m0_strict_human3r,Boundary-camera-translation_m,6.182011692428989,4.934704104044694,1.2473075883842952
aist__gJB_sFM_cAll_d09_mJB5_ch20__mc150-4,aist__gJB_sFM_cAll_d09_mJB5_ch20__mc150-4,,Human3R,m0_strict_human3r,Coverage,0.98,1.0,0.020000000000000018
aist__gJB_sFM_cAll_d09_mJB5_ch20__mc150-4,aist__gJB_sFM_cAll_d09_mJB5_ch20__mc150-4,,BRIDGE3R,m15_bridge3r_fixed_v19,PA-MPJPE_mm,76.80812564542403,81.52891955349546,-4.720793908071428
aist__gJB_sFM_cAll_d09_mJB5_ch20__mc150-4,aist__gJB_sFM_cAll_d09_mJB5_ch20__mc150-4,,BRIDGE3R,m15_bridge3r_fixed_v19,Anchor-MPJPE_mm,1003.2941582401303,821.8794370024192,181.4147212377111
aist__gJB_sFM_cAll_d09_mJB5_ch20__mc150-4,aist__gJB_sFM_cAll_d09_mJB5_ch20__mc150-4,,BRIDGE3R,m15_bridge3r_fixed_v19,Anchor-root_mm,947.9692386593306,780.7793547485956,167.18988391073503
aist__gJB_sFM_cAll_d09_mJB5_ch20__mc150-4,aist__gJB_sFM_cAll_d09_mJB5_ch20__mc150-4,,BRIDGE3R,m15_bridge3r_fixed_v19,Orientation_deg,47.184778585675254,47.3275934918074,-0.14281490613214487
aist__gJB_sFM_cAll_d09_mJB5_ch20__mc150-4,aist__gJB_sFM_cAll_d09_mJB5_ch20__mc150-4,,BRIDGE3R,m15_bridge3r_fixed_v19,Seam-root_mm,760.3457910023212,697.6643964207087,62.681394581612494
aist__gJB_sFM_cAll_d09_mJB5_ch20__mc150-4,aist__gJB_sFM_cAll_d09_mJB5_ch20__mc150-4,,BRIDGE3R,m15_bridge3r_fixed_v19,Seam-orientation_deg,41.1774831421049,55.332649013586796,-14.155165871481898
aist__gJB_sFM_cAll_d09_mJB5_ch20__mc150-4,aist__gJB_sFM_cAll_d09_mJB5_ch20__mc150-4,,BRIDGE3R,m15_bridge3r_fixed_v19,Camera-rotation_deg,49.314121428839336,60.12370304996182,-10.809581621122483
aist__gJB_sFM_cAll_d09_mJB5_ch20__mc150-4,aist__gJB_sFM_cAll_d09_mJB5_ch20__mc150-4,,BRIDGE3R,m15_bridge3r_fixed_v19,Camera-translation_m,4.709473533348132,4.768999742332066,-0.059526208983934126
aist__gJB_sFM_cAll_d09_mJB5_ch20__mc150-4,aist__gJB_sFM_cAll_d09_mJB5_ch20__mc150-4,,BRIDGE3R,m15_bridge3r_fixed_v19,Boundary-camera-rotation_deg,87.36084584948902,45.684251626582814,41.67659422290621
aist__gJB_sFM_cAll_d09_mJB5_ch20__mc150-4,aist__gJB_sFM_cAll_d09_mJB5_ch20__mc150-4,,BRIDGE3R,m15_bridge3r_fixed_v19,Boundary-camera-translation_m,6.182011692428989,4.223931269482519,1.9580804229464697
aist__gJB_sFM_cAll_d09_mJB5_ch20__mc150-4,aist__gJB_sFM_cAll_d09_mJB5_ch20__mc150-4,,BRIDGE3R,m15_bridge3r_fixed_v19,Coverage,0.98,1.0,0.020000000000000018
aist__gJS_sBM_cAll_d03_mJS3_ch01__mc150-4,aist__gJS_sBM_cAll_d03_mJS3_ch01__mc150-4,,Human3R,m0_strict_human3r,PA-MPJPE_mm,41.05456660331626,53.10236938890585,-12.047802785589589
aist__gJS_sBM_cAll_d03_mJS3_ch01__mc150-4,aist__gJS_sBM_cAll_d03_mJS3_ch01__mc150-4,,Human3R,m0_strict_human3r,Anchor-MPJPE_mm,1117.0698095442447,724.0988072853008,392.9710022589438
aist__gJS_sBM_cAll_d03_mJS3_ch01__mc150-4,aist__gJS_sBM_cAll_d03_mJS3_ch01__mc150-4,,Human3R,m0_strict_human3r,Anchor-root_mm,1083.9991719289906,707.0591559075547,376.9400160214359
aist__gJS_sBM_cAll_d03_mJS3_ch01__mc150-4,aist__gJS_sBM_cAll_d03_mJS3_ch01__mc150-4,,Human3R,m0_strict_human3r,Orientation_deg,66.55148829778693,38.95373475112735,27.597753546659582
aist__gJS_sBM_cAll_d03_mJS3_ch01__mc150-4,aist__gJS_sBM_cAll_d03_mJS3_ch01__mc150-4,,Human3R,m0_strict_human3r,Seam-root_mm,247.5803333996015,1585.9730861127382,-1338.3927527131368
aist__gJS_sBM_cAll_d03_mJS3_ch01__mc150-4,aist__gJS_sBM_cAll_d03_mJS3_ch01__mc150-4,,Human3R,m0_strict_human3r,Seam-orientation_deg,34.036853760544,85.8656019821998,-51.82874822165581
aist__gJS_sBM_cAll_d03_mJS3_ch01__mc150-4,aist__gJS_sBM_cAll_d03_mJS3_ch01__mc150-4,,Human3R,m0_strict_human3r,Camera-rotation_deg,77.67604023921233,50.664701569100764,27.011338670111563
aist__gJS_sBM_cAll_d03_mJS3_ch01__mc150-4,aist__gJS_sBM_cAll_d03_mJS3_ch01__mc150-4,,Human3R,m0_strict_human3r,Camera-translation_m,6.4091050054053005,3.746306930244972,2.6627980751603286
aist__gJS_sBM_cAll_d03_mJS3_ch01__mc150-4,aist__gJS_sBM_cAll_d03_mJS3_ch01__mc150-4,,Human3R,m0_strict_human3r,Boundary-camera-rotation_deg,87.48023133487304,86.66366569476224,0.8165656401107952
aist__gJS_sBM_cAll_d03_mJS3_ch01__mc150-4,aist__gJS_sBM_cAll_d03_mJS3_ch01__mc150-4,,Human3R,m0_strict_human3r,Boundary-camera-translation_m,6.059168196488283,4.366130896471802,1.6930373000164813
aist__gJS_sBM_cAll_d03_mJS3_ch01__mc150-4,aist__gJS_sBM_cAll_d03_mJS3_ch01__mc150-4,,Human3R,m0_strict_human3r,Coverage,0.9933333333333333,1.0,0.00666666666666671
aist__gJS_sBM_cAll_d03_mJS3_ch01__mc150-4,aist__gJS_sBM_cAll_d03_mJS3_ch01__mc150-4,,BRIDGE3R,m15_bridge3r_fixed_v19,PA-MPJPE_mm,41.05456660331626,53.744380962388476,-12.689814359072216
aist__gJS_sBM_cAll_d03_mJS3_ch01__mc150-4,aist__gJS_sBM_cAll_d03_mJS3_ch01__mc150-4,,BRIDGE3R,m15_bridge3r_fixed_v19,Anchor-MPJPE_mm,1117.0698095442447,1027.517769470727,89.55204007351767
aist__gJS_sBM_cAll_d03_mJS3_ch01__mc150-4,aist__gJS_sBM_cAll_d03_mJS3_ch01__mc150-4,,BRIDGE3R,m15_bridge3r_fixed_v19,Anchor-root_mm,1083.9991719289906,1010.303874613517,73.69529731547357
aist__gJS_sBM_cAll_d03_mJS3_ch01__mc150-4,aist__gJS_sBM_cAll_d03_mJS3_ch01__mc150-4,,BRIDGE3R,m15_bridge3r_fixed_v19,Orientation_deg,66.55148829778693,44.23708084267007,22.314407455116864
aist__gJS_sBM_cAll_d03_mJS3_ch01__mc150-4,aist__gJS_sBM_cAll_d03_mJS3_ch01__mc150-4,,BRIDGE3R,m15_bridge3r_fixed_v19,Seam-root_mm,247.5803333996015,1641.325084034205,-1393.7447506346034
aist__gJS_sBM_cAll_d03_mJS3_ch01__mc150-4,aist__gJS_sBM_cAll_d03_mJS3_ch01__mc150-4,,BRIDGE3R,m15_bridge3r_fixed_v19,Seam-orientation_deg,34.036853760544,39.0909541670635,-5.0541004065195025
aist__gJS_sBM_cAll_d03_mJS3_ch01__mc150-4,aist__gJS_sBM_cAll_d03_mJS3_ch01__mc150-4,,BRIDGE3R,m15_bridge3r_fixed_v19,Camera-rotation_deg,77.67604023921233,58.1624151796963,19.513625059516023
aist__gJS_sBM_cAll_d03_mJS3_ch01__mc150-4,aist__gJS_sBM_cAll_d03_mJS3_ch01__mc150-4,,BRIDGE3R,m15_bridge3r_fixed_v19,Camera-translation_m,6.4091050054053005,3.6379820324153513,2.771122972989949
aist__gJS_sBM_cAll_d03_mJS3_ch01__mc150-4,aist__gJS_sBM_cAll_d03_mJS3_ch01__mc150-4,,BRIDGE3R,m15_bridge3r_fixed_v19,Boundary-camera-rotation_deg,87.48023133487304,36.0840089496352,51.39622238523784
aist__gJS_sBM_cAll_d03_mJS3_ch01__mc150-4,aist__gJS_sBM_cAll_d03_mJS3_ch01__mc150-4,,BRIDGE3R,m15_bridge3r_fixed_v19,Boundary-camera-translation_m,6.059168196488283,2.8800769501567665,3.1790912463315166
aist__gJS_sBM_cAll_d03_mJS3_ch01__mc150-4,aist__gJS_sBM_cAll_d03_mJS3_ch01__mc150-4,,BRIDGE3R,m15_bridge3r_fixed_v19,Coverage,0.9933333333333333,1.0,0.00666666666666671
aist__gJS_sBM_cAll_d03_mJS3_ch02__mc150-4,aist__gJS_sBM_cAll_d03_mJS3_ch02__mc150-4,,Human3R,m0_strict_human3r,PA-MPJPE_mm,37.448455490852474,35.01365857510128,2.4347969157511926
aist__gJS_sBM_cAll_d03_mJS3_ch02__mc150-4,aist__gJS_sBM_cAll_d03_mJS3_ch02__mc150-4,,Human3R,m0_strict_human3r,Anchor-MPJPE_mm,2199.4702810869794,539.829842869051,1659.6404382179285
aist__gJS_sBM_cAll_d03_mJS3_ch02__mc150-4,aist__gJS_sBM_cAll_d03_mJS3_ch02__mc150-4,,Human3R,m0_strict_human3r,Anchor-root_mm,2189.002645112824,515.5770512775531,1673.4255938352712
aist__gJS_sBM_cAll_d03_mJS3_ch02__mc150-4,aist__gJS_sBM_cAll_d03_mJS3_ch02__mc150-4,,Human3R,m0_strict_human3r,Orientation_deg,23.02312504781634,33.895084505876504,-10.871959458060164
aist__gJS_sBM_cAll_d03_mJS3_ch02__mc150-4,aist__gJS_sBM_cAll_d03_mJS3_ch02__mc150-4,,Human3R,m0_strict_human3r,Seam-root_mm,653.2931424708994,1253.7172083853538,-600.4240659144544
aist__gJS_sBM_cAll_d03_mJS3_ch02__mc150-4,aist__gJS_sBM_cAll_d03_mJS3_ch02__mc150-4,,Human3R,m0_strict_human3r,Seam-orientation_deg,21.349085839391233,70.41738922260426,-49.06830338321302
aist__gJS_sBM_cAll_d03_mJS3_ch02__mc150-4,aist__gJS_sBM_cAll_d03_mJS3_ch02__mc150-4,,Human3R,m0_strict_human3r,Camera-rotation_deg,15.540025884603349,51.51065208459722,-35.97062619999387
aist__gJS_sBM_cAll_d03_mJS3_ch02__mc150-4,aist__gJS_sBM_cAll_d03_mJS3_ch02__mc150-4,,Human3R,m0_strict_human3r,Camera-translation_m,2.365885526471548,5.924351140777339,-3.5584656143057907
aist__gJS_sBM_cAll_d03_mJS3_ch02__mc150-4,aist__gJS_sBM_cAll_d03_mJS3_ch02__mc150-4,,Human3R,m0_strict_human3r,Boundary-camera-rotation_deg,81.3007317443028,72.0334121954424,9.2673195488604
aist__gJS_sBM_cAll_d03_mJS3_ch02__mc150-4,aist__gJS_sBM_cAll_d03_mJS3_ch02__mc150-4,,Human3R,m0_strict_human3r,Boundary-camera-translation_m,5.574797505137227,3.7268161023976414,1.847981402739586
aist__gJS_sBM_cAll_d03_mJS3_ch02__mc150-4,aist__gJS_sBM_cAll_d03_mJS3_ch02__mc150-4,,Human3R,m0_strict_human3r,Coverage,0.98,1.0,0.020000000000000018
aist__gJS_sBM_cAll_d03_mJS3_ch02__mc150-4,aist__gJS_sBM_cAll_d03_mJS3_ch02__mc150-4,,BRIDGE3R,m15_bridge3r_fixed_v19,PA-MPJPE_mm,37.448455490852474,34.860387357453355,2.588068133399119
aist__gJS_sBM_cAll_d03_mJS3_ch02__mc150-4,aist__gJS_sBM_cAll_d03_mJS3_ch02__mc150-4,,BRIDGE3R,m15_bridge3r_fixed_v19,Anchor-MPJPE_mm,2199.4702810869794,736.3409064269181,1463.1293746600613
aist__gJS_sBM_cAll_d03_mJS3_ch02__mc150-4,aist__gJS_sBM_cAll_d03_mJS3_ch02__mc150-4,,BRIDGE3R,m15_bridge3r_fixed_v19,Anchor-root_mm,2189.002645112824,742.1244899024553,1446.878155210369
aist__gJS_sBM_cAll_d03_mJS3_ch02__mc150-4,aist__gJS_sBM_cAll_d03_mJS3_ch02__mc150-4,,BRIDGE3R,m15_bridge3r_fixed_v19,Orientation_deg,23.02312504781634,46.03664586617359,-23.013520818357254
aist__gJS_sBM_cAll_d03_mJS3_ch02__mc150-4,aist__gJS_sBM_cAll_d03_mJS3_ch02__mc150-4,,BRIDGE3R,m15_bridge3r_fixed_v19,Seam-root_mm,653.2931424708994,1144.2611957918884,-490.96805332098904
aist__gJS_sBM_cAll_d03_mJS3_ch02__mc150-4,aist__gJS_sBM_cAll_d03_mJS3_ch02__mc150-4,,BRIDGE3R,m15_bridge3r_fixed_v19,Seam-orientation_deg,21.349085839391233,40.802388826514,-19.453302987122765
aist__gJS_sBM_cAll_d03_mJS3_ch02__mc150-4,aist__gJS_sBM_cAll_d03_mJS3_ch02__mc150-4,,BRIDGE3R,m15_bridge3r_fixed_v19,Camera-rotation_deg,15.540025884603349,64.7270926016514,-49.187066717048054
aist__gJS_sBM_cAll_d03_mJS3_ch02__mc150-4,aist__gJS_sBM_cAll_d03_mJS3_ch02__mc150-4,,BRIDGE3R,m15_bridge3r_fixed_v19,Camera-translation_m,2.365885526471548,5.7177096346320155,-3.3518241081604674
aist__gJS_sBM_cAll_d03_mJS3_ch02__mc150-4,aist__gJS_sBM_cAll_d03_mJS3_ch02__mc150-4,,BRIDGE3R,m15_bridge3r_fixed_v19,Boundary-camera-rotation_deg,81.3007317443028,39.170923305877515,42.12980843842528
aist__gJS_sBM_cAll_d03_mJS3_ch02__mc150-4,aist__gJS_sBM_cAll_d03_mJS3_ch02__mc150-4,,BRIDGE3R,m15_bridge3r_fixed_v19,Boundary-camera-translation_m,5.574797505137227,3.3304546275767635,2.244342877560464
aist__gJS_sBM_cAll_d03_mJS3_ch02__mc150-4,aist__gJS_sBM_cAll_d03_mJS3_ch02__mc150-4,,BRIDGE3R,m15_bridge3r_fixed_v19,Coverage,0.98,1.0,0.020000000000000018
aist__gJS_sBM_cAll_d03_mJS3_ch06__mc150-4,aist__gJS_sBM_cAll_d03_mJS3_ch06__mc150-4,,Human3R,m0_strict_human3r,PA-MPJPE_mm,47.3031570630354,50.05029677042643,-2.747139707391028
aist__gJS_sBM_cAll_d03_mJS3_ch06__mc150-4,aist__gJS_sBM_cAll_d03_mJS3_ch06__mc150-4,,Human3R,m0_strict_human3r,Anchor-MPJPE_mm,1512.3045043709255,1645.7557478501092,-133.45124347918363
aist__gJS_sBM_cAll_d03_mJS3_ch06__mc150-4,aist__gJS_sBM_cAll_d03_mJS3_ch06__mc150-4,,Human3R,m0_strict_human3r,Anchor-root_mm,1485.7785608322492,1627.4026849019074,-141.62412406965814
aist__gJS_sBM_cAll_d03_mJS3_ch06__mc150-4,aist__gJS_sBM_cAll_d03_mJS3_ch06__mc150-4,,Human3R,m0_strict_human3r,Orientation_deg,93.91094559150568,73.94319869768483,19.967746893820845
aist__gJS_sBM_cAll_d03_mJS3_ch06__mc150-4,aist__gJS_sBM_cAll_d03_mJS3_ch06__mc150-4,,Human3R,m0_strict_human3r,Seam-root_mm,475.1048563507743,1120.929261920819,-645.8244055700447
aist__gJS_sBM_cAll_d03_mJS3_ch06__mc150-4,aist__gJS_sBM_cAll_d03_mJS3_ch06__mc150-4,,Human3R,m0_strict_human3r,Seam-orientation_deg,14.178753531635536,98.38818040673681,-84.20942687510127
aist__gJS_sBM_cAll_d03_mJS3_ch06__mc150-4,aist__gJS_sBM_cAll_d03_mJS3_ch06__mc150-4,,Human3R,m0_strict_human3r,Camera-rotation_deg,110.64367495171567,92.9698338338777,17.673841117837966
aist__gJS_sBM_cAll_d03_mJS3_ch06__mc150-4,aist__gJS_sBM_cAll_d03_mJS3_ch06__mc150-4,,Human3R,m0_strict_human3r,Camera-translation_m,6.493587915774932,6.320532123382636,0.1730557923922964
aist__gJS_sBM_cAll_d03_mJS3_ch06__mc150-4,aist__gJS_sBM_cAll_d03_mJS3_ch06__mc150-4,,Human3R,m0_strict_human3r,Boundary-camera-rotation_deg,90.32639513179015,100.67207601807347,-10.345680886283319
aist__gJS_sBM_cAll_d03_mJS3_ch06__mc150-4,aist__gJS_sBM_cAll_d03_mJS3_ch06__mc150-4,,Human3R,m0_strict_human3r,Boundary-camera-translation_m,6.460791976821444,6.256019735671013,0.20477224115043047
aist__gJS_sBM_cAll_d03_mJS3_ch06__mc150-4,aist__gJS_sBM_cAll_d03_mJS3_ch06__mc150-4,,Human3R,m0_strict_human3r,Coverage,0.9666666666666667,1.0,0.033333333333333326
aist__gJS_sBM_cAll_d03_mJS3_ch06__mc150-4,aist__gJS_sBM_cAll_d03_mJS3_ch06__mc150-4,,BRIDGE3R,m15_bridge3r_fixed_v19,PA-MPJPE_mm,47.3031570630354,49.25727979582418,-1.9541227327887825
aist__gJS_sBM_cAll_d03_mJS3_ch06__mc150-4,aist__gJS_sBM_cAll_d03_mJS3_ch06__mc150-4,,BRIDGE3R,m15_bridge3r_fixed_v19,Anchor-MPJPE_mm,1512.3045043709255,1794.737386838797,-282.4328824678714
aist__gJS_sBM_cAll_d03_mJS3_ch06__mc150-4,aist__gJS_sBM_cAll_d03_mJS3_ch06__mc150-4,,BRIDGE3R,m15_bridge3r_fixed_v19,Anchor-root_mm,1485.7785608322492,1761.9069059723795,-276.12834514013025
aist__gJS_sBM_cAll_d03_mJS3_ch06__mc150-4,aist__gJS_sBM_cAll_d03_mJS3_ch06__mc150-4,,BRIDGE3R,m15_bridge3r_fixed_v19,Orientation_deg,93.91094559150568,104.92083327405332,-11.009887682547642
aist__gJS_sBM_cAll_d03_mJS3_ch06__mc150-4,aist__gJS_sBM_cAll_d03_mJS3_ch06__mc150-4,,BRIDGE3R,m15_bridge3r_fixed_v19,Seam-root_mm,475.1048563507743,1765.7751523306058,-1290.6702959798315
aist__gJS_sBM_cAll_d03_mJS3_ch06__mc150-4,aist__gJS_sBM_cAll_d03_mJS3_ch06__mc150-4,,BRIDGE3R,m15_bridge3r_fixed_v19,Seam-orientation_deg,14.178753531635536,62.57890178965702,-48.40014825802148
aist__gJS_sBM_cAll_d03_mJS3_ch06__mc150-4,aist__gJS_sBM_cAll_d03_mJS3_ch06__mc150-4,,BRIDGE3R,m15_bridge3r_fixed_v19,Camera-rotation_deg,110.64367495171567,133.92826964012747,-23.2845946884118
aist__gJS_sBM_cAll_d03_mJS3_ch06__mc150-4,aist__gJS_sBM_cAll_d03_mJS3_ch06__mc150-4,,BRIDGE3R,m15_bridge3r_fixed_v19,Camera-translation_m,6.493587915774932,7.875363309240923,-1.3817753934659907
aist__gJS_sBM_cAll_d03_mJS3_ch06__mc150-4,aist__gJS_sBM_cAll_d03_mJS3_ch06__mc150-4,,BRIDGE3R,m15_bridge3r_fixed_v19,Boundary-camera-rotation_deg,90.32639513179015,65.31578193801236,25.010613193777786
aist__gJS_sBM_cAll_d03_mJS3_ch06__mc150-4,aist__gJS_sBM_cAll_d03_mJS3_ch06__mc150-4,,BRIDGE3R,m15_bridge3r_fixed_v19,Boundary-camera-translation_m,6.460791976821444,4.1977310988610315,2.263060877960412
aist__gJS_sBM_cAll_d03_mJS3_ch06__mc150-4,aist__gJS_sBM_cAll_d03_mJS3_ch06__mc150-4,,BRIDGE3R,m15_bridge3r_fixed_v19,Coverage,0.9666666666666667,1.0,0.033333333333333326
aist__gJS_sBM_cAll_d03_mJS3_ch07__mc150-4,aist__gJS_sBM_cAll_d03_mJS3_ch07__mc150-4,,Human3R,m0_strict_human3r,PA-MPJPE_mm,45.2314739732077,43.71270866825148,1.5187653049562186
aist__gJS_sBM_cAll_d03_mJS3_ch07__mc150-4,aist__gJS_sBM_cAll_d03_mJS3_ch07__mc150-4,,Human3R,m0_strict_human3r,Anchor-MPJPE_mm,1008.5336562427244,742.3829855757275,266.1506706669969
aist__gJS_sBM_cAll_d03_mJS3_ch07__mc150-4,aist__gJS_sBM_cAll_d03_mJS3_ch07__mc150-4,,Human3R,m0_strict_human3r,Anchor-root_mm,883.9136942494968,615.6630718446771,268.25062240481964
aist__gJS_sBM_cAll_d03_mJS3_ch07__mc150-4,aist__gJS_sBM_cAll_d03_mJS3_ch07__mc150-4,,Human3R,m0_strict_human3r,Orientation_deg,88.0959606700621,119.39464378814704,-31.298683118084938
aist__gJS_sBM_cAll_d03_mJS3_ch07__mc150-4,aist__gJS_sBM_cAll_d03_mJS3_ch07__mc150-4,,Human3R,m0_strict_human3r,Seam-root_mm,338.26171968759337,365.11663296268443,-26.854913275091064
aist__gJS_sBM_cAll_d03_mJS3_ch07__mc150-4,aist__gJS_sBM_cAll_d03_mJS3_ch07__mc150-4,,Human3R,m0_strict_human3r,Seam-orientation_deg,36.695076602665324,73.59495214779395,-36.89987554512862
aist__gJS_sBM_cAll_d03_mJS3_ch07__mc150-4,aist__gJS_sBM_cAll_d03_mJS3_ch07__mc150-4,,Human3R,m0_strict_human3r,Camera-rotation_deg,110.60296640066804,153.48014462486518,-42.87717822419714
aist__gJS_sBM_cAll_d03_mJS3_ch07__mc150-4,aist__gJS_sBM_cAll_d03_mJS3_ch07__mc150-4,,Human3R,m0_strict_human3r,Camera-translation_m,6.739872390126122,9.595532039618956,-2.855659649492834
aist__gJS_sBM_cAll_d03_mJS3_ch07__mc150-4,aist__gJS_sBM_cAll_d03_mJS3_ch07__mc150-4,,Human3R,m0_strict_human3r,Boundary-camera-rotation_deg,90.32293305150284,78.39935870007061,11.923574351432237
aist__gJS_sBM_cAll_d03_mJS3_ch07__mc150-4,aist__gJS_sBM_cAll_d03_mJS3_ch07__mc150-4,,Human3R,m0_strict_human3r,Boundary-camera-translation_m,6.464328431456837,5.30964199748275,1.1546864339740877
aist__gJS_sBM_cAll_d03_mJS3_ch07__mc150-4,aist__gJS_sBM_cAll_d03_mJS3_ch07__mc150-4,,Human3R,m0_strict_human3r,Coverage,0.98,1.0,0.020000000000000018
aist__gJS_sBM_cAll_d03_mJS3_ch07__mc150-4,aist__gJS_sBM_cAll_d03_mJS3_ch07__mc150-4,,BRIDGE3R,m15_bridge3r_fixed_v19,PA-MPJPE_mm,45.2314739732077,43.44941775262109,1.782056220586611
aist__gJS_sBM_cAll_d03_mJS3_ch07__mc150-4,aist__gJS_sBM_cAll_d03_mJS3_ch07__mc150-4,,BRIDGE3R,m15_bridge3r_fixed_v19,Anchor-MPJPE_mm,1008.5336562427244,1081.5087302399434,-72.97507399721894
aist__gJS_sBM_cAll_d03_mJS3_ch07__mc150-4,aist__gJS_sBM_cAll_d03_mJS3_ch07__mc150-4,,BRIDGE3R,m15_bridge3r_fixed_v19,Anchor-root_mm,883.9136942494968,1022.8744797361531,-138.9607854866564
aist__gJS_sBM_cAll_d03_mJS3_ch07__mc150-4,aist__gJS_sBM_cAll_d03_mJS3_ch07__mc150-4,,BRIDGE3R,m15_bridge3r_fixed_v19,Orientation_deg,88.0959606700621,121.84060236167619,-33.74464169161409
aist__gJS_sBM_cAll_d03_mJS3_ch07__mc150-4,aist__gJS_sBM_cAll_d03_mJS3_ch07__mc150-4,,BRIDGE3R,m15_bridge3r_fixed_v19,Seam-root_mm,338.26171968759337,1575.579173452278,-1237.3174537646846
aist__gJS_sBM_cAll_d03_mJS3_ch07__mc150-4,aist__gJS_sBM_cAll_d03_mJS3_ch07__mc150-4,,BRIDGE3R,m15_bridge3r_fixed_v19,Seam-orientation_deg,36.695076602665324,78.25675016044234,-41.56167355777701
aist__gJS_sBM_cAll_d03_mJS3_ch07__mc150-4,aist__gJS_sBM_cAll_d03_mJS3_ch07__mc150-4,,BRIDGE3R,m15_bridge3r_fixed_v19,Camera-rotation_deg,110.60296640066804,162.33820292066397,-51.73523651999594
aist__gJS_sBM_cAll_d03_mJS3_ch07__mc150-4,aist__gJS_sBM_cAll_d03_mJS3_ch07__mc150-4,,BRIDGE3R,m15_bridge3r_fixed_v19,Camera-translation_m,6.739872390126122,8.805842906119343,-2.0659705159932216
aist__gJS_sBM_cAll_d03_mJS3_ch07__mc150-4,aist__gJS_sBM_cAll_d03_mJS3_ch07__mc150-4,,BRIDGE3R,m15_bridge3r_fixed_v19,Boundary-camera-rotation_deg,90.32293305150284,77.16622073350497,13.156712317997872
aist__gJS_sBM_cAll_d03_mJS3_ch07__mc150-4,aist__gJS_sBM_cAll_d03_mJS3_ch07__mc150-4,,BRIDGE3R,m15_bridge3r_fixed_v19,Boundary-camera-translation_m,6.464328431456837,4.123630060842101,2.340698370614737
aist__gJS_sBM_cAll_d03_mJS3_ch07__mc150-4,aist__gJS_sBM_cAll_d03_mJS3_ch07__mc150-4,,BRIDGE3R,m15_bridge3r_fixed_v19,Coverage,0.98,1.0,0.020000000000000018
aist__gJS_sBM_cAll_d03_mJS3_ch08__mc150-4,aist__gJS_sBM_cAll_d03_mJS3_ch08__mc150-4,,Human3R,m0_strict_human3r,PA-MPJPE_mm,43.71351900690582,46.48673190795472,-2.7732129010489004
aist__gJS_sBM_cAll_d03_mJS3_ch08__mc150-4,aist__gJS_sBM_cAll_d03_mJS3_ch08__mc150-4,,Human3R,m0_strict_human3r,Anchor-MPJPE_mm,1221.5392297599828,512.1355510016092,709.4036787583736
aist__gJS_sBM_cAll_d03_mJS3_ch08__mc150-4,aist__gJS_sBM_cAll_d03_mJS3_ch08__mc150-4,,Human3R,m0_strict_human3r,Anchor-root_mm,1162.5050664200692,427.3627022611188,735.1423641589504
aist__gJS_sBM_cAll_d03_mJS3_ch08__mc150-4,aist__gJS_sBM_cAll_d03_mJS3_ch08__mc150-4,,Human3R,m0_strict_human3r,Orientation_deg,57.90710982523913,51.92821565427485,5.978894170964281
aist__gJS_sBM_cAll_d03_mJS3_ch08__mc150-4,aist__gJS_sBM_cAll_d03_mJS3_ch08__mc150-4,,Human3R,m0_strict_human3r,Seam-root_mm,444.42789413129793,326.610821064417,117.81707306688094
aist__gJS_sBM_cAll_d03_mJS3_ch08__mc150-4,aist__gJS_sBM_cAll_d03_mJS3_ch08__mc150-4,,Human3R,m0_strict_human3r,Seam-orientation_deg,29.78936594865914,63.00034575307347,-33.21097980441433
aist__gJS_sBM_cAll_d03_mJS3_ch08__mc150-4,aist__gJS_sBM_cAll_d03_mJS3_ch08__mc150-4,,Human3R,m0_strict_human3r,Camera-rotation_deg,69.76530043571236,66.3243764449536,3.440923990758762
aist__gJS_sBM_cAll_d03_mJS3_ch08__mc150-4,aist__gJS_sBM_cAll_d03_mJS3_ch08__mc150-4,,Human3R,m0_strict_human3r,Camera-translation_m,5.486563256782572,4.991255208515393,0.4953080482671792
aist__gJS_sBM_cAll_d03_mJS3_ch08__mc150-4,aist__gJS_sBM_cAll_d03_mJS3_ch08__mc150-4,,Human3R,m0_strict_human3r,Boundary-camera-rotation_deg,87.49259836562726,64.83147456875946,22.6611237968678
aist__gJS_sBM_cAll_d03_mJS3_ch08__mc150-4,aist__gJS_sBM_cAll_d03_mJS3_ch08__mc150-4,,Human3R,m0_strict_human3r,Boundary-camera-translation_m,6.369378884400162,4.7451277367591045,1.6242511476410577
aist__gJS_sBM_cAll_d03_mJS3_ch08__mc150-4,aist__gJS_sBM_cAll_d03_mJS3_ch08__mc150-4,,Human3R,m0_strict_human3r,Coverage,0.9933333333333333,1.0,0.00666666666666671
aist__gJS_sBM_cAll_d03_mJS3_ch08__mc150-4,aist__gJS_sBM_cAll_d03_mJS3_ch08__mc150-4,,BRIDGE3R,m15_bridge3r_fixed_v19,PA-MPJPE_mm,43.71351900690582,46.03802187232795,-2.324502865422133
aist__gJS_sBM_cAll_d03_mJS3_ch08__mc150-4,aist__gJS_sBM_cAll_d03_mJS3_ch08__mc150-4,,BRIDGE3R,m15_bridge3r_fixed_v19,Anchor-MPJPE_mm,1221.5392297599828,1055.1838311391796,166.35539862080327
aist__gJS_sBM_cAll_d03_mJS3_ch08__mc150-4,aist__gJS_sBM_cAll_d03_mJS3_ch08__mc150-4,,BRIDGE3R,m15_bridge3r_fixed_v19,Anchor-root_mm,1162.5050664200692,1035.8674241076362,126.63764231243294
aist__gJS_sBM_cAll_d03_mJS3_ch08__mc150-4,aist__gJS_sBM_cAll_d03_mJS3_ch08__mc150-4,,BRIDGE3R,m15_bridge3r_fixed_v19,Orientation_deg,57.90710982523913,46.67491789947184,11.232191925767289
aist__gJS_sBM_cAll_d03_mJS3_ch08__mc150-4,aist__gJS_sBM_cAll_d03_mJS3_ch08__mc150-4,,BRIDGE3R,m15_bridge3r_fixed_v19,Seam-root_mm,444.42789413129793,1271.956813159348,-827.52891902805
aist__gJS_sBM_cAll_d03_mJS3_ch08__mc150-4,aist__gJS_sBM_cAll_d03_mJS3_ch08__mc150-4,,BRIDGE3R,m15_bridge3r_fixed_v19,Seam-orientation_deg,29.78936594865914,52.9617436134929,-23.17237766483376
aist__gJS_sBM_cAll_d03_mJS3_ch08__mc150-4,aist__gJS_sBM_cAll_d03_mJS3_ch08__mc150-4,,BRIDGE3R,m15_bridge3r_fixed_v19,Camera-rotation_deg,69.76530043571236,59.98098901452534,9.78431142118702
aist__gJS_sBM_cAll_d03_mJS3_ch08__mc150-4,aist__gJS_sBM_cAll_d03_mJS3_ch08__mc150-4,,BRIDGE3R,m15_bridge3r_fixed_v19,Camera-translation_m,5.486563256782572,3.327547819491176,2.1590154372913966
aist__gJS_sBM_cAll_d03_mJS3_ch08__mc150-4,aist__gJS_sBM_cAll_d03_mJS3_ch08__mc150-4,,BRIDGE3R,m15_bridge3r_fixed_v19,Boundary-camera-rotation_deg,87.49259836562726,53.03344123371192,34.45915713191534
aist__gJS_sBM_cAll_d03_mJS3_ch08__mc150-4,aist__gJS_sBM_cAll_d03_mJS3_ch08__mc150-4,,BRIDGE3R,m15_bridge3r_fixed_v19,Boundary-camera-translation_m,6.369378884400162,3.3035464245291664,3.065832459870996
aist__gJS_sBM_cAll_d03_mJS3_ch08__mc150-4,aist__gJS_sBM_cAll_d03_mJS3_ch08__mc150-4,,BRIDGE3R,m15_bridge3r_fixed_v19,Coverage,0.9933333333333333,1.0,0.00666666666666671
aist__gJS_sBM_cAll_d03_mJS3_ch09__mc150-4,aist__gJS_sBM_cAll_d03_mJS3_ch09__mc150-4,,Human3R,m0_strict_human3r,PA-MPJPE_mm,44.45202362858447,51.86031834463825,-7.408294716053781
aist__gJS_sBM_cAll_d03_mJS3_ch09__mc150-4,aist__gJS_sBM_cAll_d03_mJS3_ch09__mc150-4,,Human3R,m0_strict_human3r,Anchor-MPJPE_mm,1973.6290557932646,633.3568036642762,1340.2722521289884
aist__gJS_sBM_cAll_d03_mJS3_ch09__mc150-4,aist__gJS_sBM_cAll_d03_mJS3_ch09__mc150-4,,Human3R,m0_strict_human3r,Anchor-root_mm,1966.143990447445,615.3524608893003,1350.7915295581447
aist__gJS_sBM_cAll_d03_mJS3_ch09__mc150-4,aist__gJS_sBM_cAll_d03_mJS3_ch09__mc150-4,,Human3R,m0_strict_human3r,Orientation_deg,31.531632861284347,26.86370575131848,4.667927109965866
aist__gJS_sBM_cAll_d03_mJS3_ch09__mc150-4,aist__gJS_sBM_cAll_d03_mJS3_ch09__mc150-4,,Human3R,m0_strict_human3r,Seam-root_mm,1343.948571086208,1027.5126262304661,316.4359448557418
aist__gJS_sBM_cAll_d03_mJS3_ch09__mc150-4,aist__gJS_sBM_cAll_d03_mJS3_ch09__mc150-4,,Human3R,m0_strict_human3r,Seam-orientation_deg,36.23115137714529,67.74479262743125,-31.513641250285964
aist__gJS_sBM_cAll_d03_mJS3_ch09__mc150-4,aist__gJS_sBM_cAll_d03_mJS3_ch09__mc150-4,,Human3R,m0_strict_human3r,Camera-rotation_deg,36.420280875211475,32.15171871841759,4.268562156793884
aist__gJS_sBM_cAll_d03_mJS3_ch09__mc150-4,aist__gJS_sBM_cAll_d03_mJS3_ch09__mc150-4,,Human3R,m0_strict_human3r,Camera-translation_m,3.0344414958094457,3.08241993978059,-0.04797844397114437
aist__gJS_sBM_cAll_d03_mJS3_ch09__mc150-4,aist__gJS_sBM_cAll_d03_mJS3_ch09__mc150-4,,Human3R,m0_strict_human3r,Boundary-camera-rotation_deg,87.12652180961597,64.34753503011821,22.778986779497757
aist__gJS_sBM_cAll_d03_mJS3_ch09__mc150-4,aist__gJS_sBM_cAll_d03_mJS3_ch09__mc150-4,,Human3R,m0_strict_human3r,Boundary-camera-translation_m,6.130987599120542,4.286007638543355,1.844979960577187
aist__gJS_sBM_cAll_d03_mJS3_ch09__mc150-4,aist__gJS_sBM_cAll_d03_mJS3_ch09__mc150-4,,Human3R,m0_strict_human3r,Coverage,0.98,1.0,0.020000000000000018
aist__gJS_sBM_cAll_d03_mJS3_ch09__mc150-4,aist__gJS_sBM_cAll_d03_mJS3_ch09__mc150-4,,BRIDGE3R,m15_bridge3r_fixed_v19,PA-MPJPE_mm,44.45202362858447,51.50932131617099,-7.057297687586519
aist__gJS_sBM_cAll_d03_mJS3_ch09__mc150-4,aist__gJS_sBM_cAll_d03_mJS3_ch09__mc150-4,,BRIDGE3R,m15_bridge3r_fixed_v19,Anchor-MPJPE_mm,1973.6290557932646,941.6026210327823,1032.0264347604823
aist__gJS_sBM_cAll_d03_mJS3_ch09__mc150-4,aist__gJS_sBM_cAll_d03_mJS3_ch09__mc150-4,,BRIDGE3R,m15_bridge3r_fixed_v19,Anchor-root_mm,1966.143990447445,929.6243934450778,1036.5195970023674
aist__gJS_sBM_cAll_d03_mJS3_ch09__mc150-4,aist__gJS_sBM_cAll_d03_mJS3_ch09__mc150-4,,BRIDGE3R,m15_bridge3r_fixed_v19,Orientation_deg,31.531632861284347,22.27496701029402,9.256665850990327
aist__gJS_sBM_cAll_d03_mJS3_ch09__mc150-4,aist__gJS_sBM_cAll_d03_mJS3_ch09__mc150-4,,BRIDGE3R,m15_bridge3r_fixed_v19,Seam-root_mm,1343.948571086208,1695.1750141180535,-351.2264430318455
aist__gJS_sBM_cAll_d03_mJS3_ch09__mc150-4,aist__gJS_sBM_cAll_d03_mJS3_ch09__mc150-4,,BRIDGE3R,m15_bridge3r_fixed_v19,Seam-orientation_deg,36.23115137714529,36.04010399830059,0.1910473788447007
aist__gJS_sBM_cAll_d03_mJS3_ch09__mc150-4,aist__gJS_sBM_cAll_d03_mJS3_ch09__mc150-4,,BRIDGE3R,m15_bridge3r_fixed_v19,Camera-rotation_deg,36.420280875211475,27.612373742349583,8.807907132861892
aist__gJS_sBM_cAll_d03_mJS3_ch09__mc150-4,aist__gJS_sBM_cAll_d03_mJS3_ch09__mc150-4,,BRIDGE3R,m15_bridge3r_fixed_v19,Camera-translation_m,3.0344414958094457,2.870636942375531,0.16380455343391453
aist__gJS_sBM_cAll_d03_mJS3_ch09__mc150-4,aist__gJS_sBM_cAll_d03_mJS3_ch09__mc150-4,,BRIDGE3R,m15_bridge3r_fixed_v19,Boundary-camera-rotation_deg,87.12652180961597,31.8429184253217,55.28360338429427
aist__gJS_sBM_cAll_d03_mJS3_ch09__mc150-4,aist__gJS_sBM_cAll_d03_mJS3_ch09__mc150-4,,BRIDGE3R,m15_bridge3r_fixed_v19,Boundary-camera-translation_m,6.130987599120542,3.6480207160037357,2.482966883116806
aist__gJS_sBM_cAll_d03_mJS3_ch09__mc150-4,aist__gJS_sBM_cAll_d03_mJS3_ch09__mc150-4,,BRIDGE3R,m15_bridge3r_fixed_v19,Coverage,0.98,1.0,0.020000000000000018
aist__gJS_sBM_cAll_d03_mJS4_ch01__mc150-4,aist__gJS_sBM_cAll_d03_mJS4_ch01__mc150-4,,Human3R,m0_strict_human3r,PA-MPJPE_mm,36.12473832603721,48.31080381666033,-12.186065490623122
aist__gJS_sBM_cAll_d03_mJS4_ch01__mc150-4,aist__gJS_sBM_cAll_d03_mJS4_ch01__mc150-4,,Human3R,m0_strict_human3r,Anchor-MPJPE_mm,1552.5847442314662,786.7196683229031,765.8650759085631
aist__gJS_sBM_cAll_d03_mJS4_ch01__mc150-4,aist__gJS_sBM_cAll_d03_mJS4_ch01__mc150-4,,Human3R,m0_strict_human3r,Anchor-root_mm,1548.7040854460477,784.8856637595353,763.8184216865124
aist__gJS_sBM_cAll_d03_mJS4_ch01__mc150-4,aist__gJS_sBM_cAll_d03_mJS4_ch01__mc150-4,,Human3R,m0_strict_human3r,Orientation_deg,64.1445295027399,35.71966681369188,28.42486268904802
aist__gJS_sBM_cAll_d03_mJS4_ch01__mc150-4,aist__gJS_sBM_cAll_d03_mJS4_ch01__mc150-4,,Human3R,m0_strict_human3r,Seam-root_mm,334.9021796851693,1707.677211248944,-1372.7750315637747
aist__gJS_sBM_cAll_d03_mJS4_ch01__mc150-4,aist__gJS_sBM_cAll_d03_mJS4_ch01__mc150-4,,Human3R,m0_strict_human3r,Seam-orientation_deg,35.519404424233066,76.91900504149864,-41.39960061726557
aist__gJS_sBM_cAll_d03_mJS4_ch01__mc150-4,aist__gJS_sBM_cAll_d03_mJS4_ch01__mc150-4,,Human3R,m0_strict_human3r,Camera-rotation_deg,73.75394932759858,47.479364982656804,26.274584344941772
aist__gJS_sBM_cAll_d03_mJS4_ch01__mc150-4,aist__gJS_sBM_cAll_d03_mJS4_ch01__mc150-4,,Human3R,m0_strict_human3r,Camera-translation_m,6.463495132622752,3.5634168490920177,2.900078283530734
aist__gJS_sBM_cAll_d03_mJS4_ch01__mc150-4,aist__gJS_sBM_cAll_d03_mJS4_ch01__mc150-4,,Human3R,m0_strict_human3r,Boundary-camera-rotation_deg,87.43535504087244,77.60517090622326,9.830184134649173
aist__gJS_sBM_cAll_d03_mJS4_ch01__mc150-4,aist__gJS_sBM_cAll_d03_mJS4_ch01__mc150-4,,Human3R,m0_strict_human3r,Boundary-camera-translation_m,6.090109689400099,4.148784175649721,1.9413255137503782
aist__gJS_sBM_cAll_d03_mJS4_ch01__mc150-4,aist__gJS_sBM_cAll_d03_mJS4_ch01__mc150-4,,Human3R,m0_strict_human3r,Coverage,0.98,1.0,0.020000000000000018
aist__gJS_sBM_cAll_d03_mJS4_ch01__mc150-4,aist__gJS_sBM_cAll_d03_mJS4_ch01__mc150-4,,BRIDGE3R,m15_bridge3r_fixed_v19,PA-MPJPE_mm,36.12473832603721,48.70488127620391,-12.580142950166703
aist__gJS_sBM_cAll_d03_mJS4_ch01__mc150-4,aist__gJS_sBM_cAll_d03_mJS4_ch01__mc150-4,,BRIDGE3R,m15_bridge3r_fixed_v19,Anchor-MPJPE_mm,1552.5847442314662,1354.598977183049,197.98576704841707
aist__gJS_sBM_cAll_d03_mJS4_ch01__mc150-4,aist__gJS_sBM_cAll_d03_mJS4_ch01__mc150-4,,BRIDGE3R,m15_bridge3r_fixed_v19,Anchor-root_mm,1548.7040854460477,1355.6792039053776,193.0248815406701
aist__gJS_sBM_cAll_d03_mJS4_ch01__mc150-4,aist__gJS_sBM_cAll_d03_mJS4_ch01__mc150-4,,BRIDGE3R,m15_bridge3r_fixed_v19,Orientation_deg,64.1445295027399,37.82369923081476,26.32083027192514
aist__gJS_sBM_cAll_d03_mJS4_ch01__mc150-4,aist__gJS_sBM_cAll_d03_mJS4_ch01__mc150-4,,BRIDGE3R,m15_bridge3r_fixed_v19,Seam-root_mm,334.9021796851693,1119.4206259223831,-784.5184462372138
aist__gJS_sBM_cAll_d03_mJS4_ch01__mc150-4,aist__gJS_sBM_cAll_d03_mJS4_ch01__mc150-4,,BRIDGE3R,m15_bridge3r_fixed_v19,Seam-orientation_deg,35.519404424233066,52.64622419362535,-17.126819769392284
aist__gJS_sBM_cAll_d03_mJS4_ch01__mc150-4,aist__gJS_sBM_cAll_d03_mJS4_ch01__mc150-4,,BRIDGE3R,m15_bridge3r_fixed_v19,Camera-rotation_deg,73.75394932759858,47.14212896606772,26.611820361530853
aist__gJS_sBM_cAll_d03_mJS4_ch01__mc150-4,aist__gJS_sBM_cAll_d03_mJS4_ch01__mc150-4,,BRIDGE3R,m15_bridge3r_fixed_v19,Camera-translation_m,6.463495132622752,3.0996551220457254,3.3638400105770265
aist__gJS_sBM_cAll_d03_mJS4_ch01__mc150-4,aist__gJS_sBM_cAll_d03_mJS4_ch01__mc150-4,,BRIDGE3R,m15_bridge3r_fixed_v19,Boundary-camera-rotation_deg,87.43535504087244,49.98880375211555,37.446551288756886
aist__gJS_sBM_cAll_d03_mJS4_ch01__mc150-4,aist__gJS_sBM_cAll_d03_mJS4_ch01__mc150-4,,BRIDGE3R,m15_bridge3r_fixed_v19,Boundary-camera-translation_m,6.090109689400099,3.305620865222146,2.7844888241779526
aist__gJS_sBM_cAll_d03_mJS4_ch01__mc150-4,aist__gJS_sBM_cAll_d03_mJS4_ch01__mc150-4,,BRIDGE3R,m15_bridge3r_fixed_v19,Coverage,0.98,1.0,0.020000000000000018
aist__gJS_sBM_cAll_d03_mJS5_ch01__mc150-4,aist__gJS_sBM_cAll_d03_mJS5_ch01__mc150-4,,Human3R,m0_strict_human3r,PA-MPJPE_mm,40.04527616118415,63.42238690594561,-23.37711074476146
aist__gJS_sBM_cAll_d03_mJS5_ch01__mc150-4,aist__gJS_sBM_cAll_d03_mJS5_ch01__mc150-4,,Human3R,m0_strict_human3r,Anchor-MPJPE_mm,1255.1243609138687,975.28289916217,279.8414617516987
aist__gJS_sBM_cAll_d03_mJS5_ch01__mc150-4,aist__gJS_sBM_cAll_d03_mJS5_ch01__mc150-4,,Human3R,m0_strict_human3r,Anchor-root_mm,1236.2932410069272,962.01082870052,274.2824123064072
aist__gJS_sBM_cAll_d03_mJS5_ch01__mc150-4,aist__gJS_sBM_cAll_d03_mJS5_ch01__mc150-4,,Human3R,m0_strict_human3r,Orientation_deg,63.79198086577913,34.0123743784705,29.779606487308634
aist__gJS_sBM_cAll_d03_mJS5_ch01__mc150-4,aist__gJS_sBM_cAll_d03_mJS5_ch01__mc150-4,,Human3R,m0_strict_human3r,Seam-root_mm,294.52048227351963,1729.007411489151,-1434.4869292156313
aist__gJS_sBM_cAll_d03_mJS5_ch01__mc150-4,aist__gJS_sBM_cAll_d03_mJS5_ch01__mc150-4,,Human3R,m0_strict_human3r,Seam-orientation_deg,39.37829881412083,84.27217391585768,-44.893875101736846
aist__gJS_sBM_cAll_d03_mJS5_ch01__mc150-4,aist__gJS_sBM_cAll_d03_mJS5_ch01__mc150-4,,Human3R,m0_strict_human3r,Camera-rotation_deg,77.48096491834316,42.29681455492141,35.18415036342175
aist__gJS_sBM_cAll_d03_mJS5_ch01__mc150-4,aist__gJS_sBM_cAll_d03_mJS5_ch01__mc150-4,,Human3R,m0_strict_human3r,Camera-translation_m,6.374855442744569,3.2799939348209883,3.094861507923581
aist__gJS_sBM_cAll_d03_mJS5_ch01__mc150-4,aist__gJS_sBM_cAll_d03_mJS5_ch01__mc150-4,,Human3R,m0_strict_human3r,Boundary-camera-rotation_deg,87.505989337696,81.70193760423685,5.804051733459147
aist__gJS_sBM_cAll_d03_mJS5_ch01__mc150-4,aist__gJS_sBM_cAll_d03_mJS5_ch01__mc150-4,,Human3R,m0_strict_human3r,Boundary-camera-translation_m,6.057237614243394,4.0590416505980595,1.9981959636453341
aist__gJS_sBM_cAll_d03_mJS5_ch01__mc150-4,aist__gJS_sBM_cAll_d03_mJS5_ch01__mc150-4,,Human3R,m0_strict_human3r,Coverage,0.98,1.0,0.020000000000000018
aist__gJS_sBM_cAll_d03_mJS5_ch01__mc150-4,aist__gJS_sBM_cAll_d03_mJS5_ch01__mc150-4,,BRIDGE3R,m15_bridge3r_fixed_v19,PA-MPJPE_mm,40.04527616118415,63.894511542587814,-23.849235381403666
aist__gJS_sBM_cAll_d03_mJS5_ch01__mc150-4,aist__gJS_sBM_cAll_d03_mJS5_ch01__mc150-4,,BRIDGE3R,m15_bridge3r_fixed_v19,Anchor-MPJPE_mm,1255.1243609138687,1086.2538726807466,168.87048823312216
aist__gJS_sBM_cAll_d03_mJS5_ch01__mc150-4,aist__gJS_sBM_cAll_d03_mJS5_ch01__mc150-4,,BRIDGE3R,m15_bridge3r_fixed_v19,Anchor-root_mm,1236.2932410069272,1077.4181965077719,158.87504449915536
aist__gJS_sBM_cAll_d03_mJS5_ch01__mc150-4,aist__gJS_sBM_cAll_d03_mJS5_ch01__mc150-4,,BRIDGE3R,m15_bridge3r_fixed_v19,Orientation_deg,63.79198086577913,27.679263824912844,36.112717040866286
aist__gJS_sBM_cAll_d03_mJS5_ch01__mc150-4,aist__gJS_sBM_cAll_d03_mJS5_ch01__mc150-4,,BRIDGE3R,m15_bridge3r_fixed_v19,Seam-root_mm,294.52048227351963,784.7995653859258,-490.27908311240617
aist__gJS_sBM_cAll_d03_mJS5_ch01__mc150-4,aist__gJS_sBM_cAll_d03_mJS5_ch01__mc150-4,,BRIDGE3R,m15_bridge3r_fixed_v19,Seam-orientation_deg,39.37829881412083,38.60703453312605,0.7712642809947852
aist__gJS_sBM_cAll_d03_mJS5_ch01__mc150-4,aist__gJS_sBM_cAll_d03_mJS5_ch01__mc150-4,,BRIDGE3R,m15_bridge3r_fixed_v19,Camera-rotation_deg,77.48096491834316,34.323203412913756,43.157761505429406
aist__gJS_sBM_cAll_d03_mJS5_ch01__mc150-4,aist__gJS_sBM_cAll_d03_mJS5_ch01__mc150-4,,BRIDGE3R,m15_bridge3r_fixed_v19,Camera-translation_m,6.374855442744569,2.599404563923904,3.7754508788206653
aist__gJS_sBM_cAll_d03_mJS5_ch01__mc150-4,aist__gJS_sBM_cAll_d03_mJS5_ch01__mc150-4,,BRIDGE3R,m15_bridge3r_fixed_v19,Boundary-camera-rotation_deg,87.505989337696,37.09225225364419,50.4137370840518
aist__gJS_sBM_cAll_d03_mJS5_ch01__mc150-4,aist__gJS_sBM_cAll_d03_mJS5_ch01__mc150-4,,BRIDGE3R,m15_bridge3r_fixed_v19,Boundary-camera-translation_m,6.057237614243394,3.030515214110853,3.026722400132541
aist__gJS_sBM_cAll_d03_mJS5_ch01__mc150-4,aist__gJS_sBM_cAll_d03_mJS5_ch01__mc150-4,,BRIDGE3R,m15_bridge3r_fixed_v19,Coverage,0.98,1.0,0.020000000000000018
aist__gJS_sFM_cAll_d03_mJS3_ch04__mc150-4,aist__gJS_sFM_cAll_d03_mJS3_ch04__mc150-4,,Human3R,m0_strict_human3r,PA-MPJPE_mm,61.1149432947802,56.96468994243238,4.150253352347818
aist__gJS_sFM_cAll_d03_mJS3_ch04__mc150-4,aist__gJS_sFM_cAll_d03_mJS3_ch04__mc150-4,,Human3R,m0_strict_human3r,Anchor-MPJPE_mm,2209.9624814735675,838.2758139272981,1371.6866675462693
aist__gJS_sFM_cAll_d03_mJS3_ch04__mc150-4,aist__gJS_sFM_cAll_d03_mJS3_ch04__mc150-4,,Human3R,m0_strict_human3r,Anchor-root_mm,2241.0781586748826,835.411174488791,1405.6669841860917
aist__gJS_sFM_cAll_d03_mJS3_ch04__mc150-4,aist__gJS_sFM_cAll_d03_mJS3_ch04__mc150-4,,Human3R,m0_strict_human3r,Orientation_deg,50.14969274222405,49.81278259944064,0.3369101427834096
aist__gJS_sFM_cAll_d03_mJS3_ch04__mc150-4,aist__gJS_sFM_cAll_d03_mJS3_ch04__mc150-4,,Human3R,m0_strict_human3r,Seam-root_mm,618.540309076946,907.682774273343,-289.142465196397
aist__gJS_sFM_cAll_d03_mJS3_ch04__mc150-4,aist__gJS_sFM_cAll_d03_mJS3_ch04__mc150-4,,Human3R,m0_strict_human3r,Seam-orientation_deg,30.76690258537496,98.91645445849956,-68.1495518731246
aist__gJS_sFM_cAll_d03_mJS3_ch04__mc150-4,aist__gJS_sFM_cAll_d03_mJS3_ch04__mc150-4,,Human3R,m0_strict_human3r,Camera-rotation_deg,59.819223442413275,60.4195425009627,-0.6003190585494238
aist__gJS_sFM_cAll_d03_mJS3_ch04__mc150-4,aist__gJS_sFM_cAll_d03_mJS3_ch04__mc150-4,,Human3R,m0_strict_human3r,Camera-translation_m,6.297540924094143,4.025142954363066,2.2723979697310774
aist__gJS_sFM_cAll_d03_mJS3_ch04__mc150-4,aist__gJS_sFM_cAll_d03_mJS3_ch04__mc150-4,,Human3R,m0_strict_human3r,Boundary-camera-rotation_deg,87.45566511220564,103.4455796363613,-15.989914524155665
aist__gJS_sFM_cAll_d03_mJS3_ch04__mc150-4,aist__gJS_sFM_cAll_d03_mJS3_ch04__mc150-4,,Human3R,m0_strict_human3r,Boundary-camera-translation_m,6.069370366691459,5.283561455008617,0.7858089116828415
aist__gJS_sFM_cAll_d03_mJS3_ch04__mc150-4,aist__gJS_sFM_cAll_d03_mJS3_ch04__mc150-4,,Human3R,m0_strict_human3r,Coverage,0.98,1.0,0.020000000000000018
aist__gJS_sFM_cAll_d03_mJS3_ch04__mc150-4,aist__gJS_sFM_cAll_d03_mJS3_ch04__mc150-4,,BRIDGE3R,m15_bridge3r_fixed_v19,PA-MPJPE_mm,61.1149432947802,57.298737093614754,3.8162062011654427
aist__gJS_sFM_cAll_d03_mJS3_ch04__mc150-4,aist__gJS_sFM_cAll_d03_mJS3_ch04__mc150-4,,BRIDGE3R,m15_bridge3r_fixed_v19,Anchor-MPJPE_mm,2209.9624814735675,1219.7841942826728,990.1782871908947
aist__gJS_sFM_cAll_d03_mJS3_ch04__mc150-4,aist__gJS_sFM_cAll_d03_mJS3_ch04__mc150-4,,BRIDGE3R,m15_bridge3r_fixed_v19,Anchor-root_mm,2241.0781586748826,1163.0217799428856,1078.056378731997
aist__gJS_sFM_cAll_d03_mJS3_ch04__mc150-4,aist__gJS_sFM_cAll_d03_mJS3_ch04__mc150-4,,BRIDGE3R,m15_bridge3r_fixed_v19,Orientation_deg,50.14969274222405,75.23226487990817,-25.082572137684124
aist__gJS_sFM_cAll_d03_mJS3_ch04__mc150-4,aist__gJS_sFM_cAll_d03_mJS3_ch04__mc150-4,,BRIDGE3R,m15_bridge3r_fixed_v19,Seam-root_mm,618.540309076946,779.8594811632042,-161.31917208625828
aist__gJS_sFM_cAll_d03_mJS3_ch04__mc150-4,aist__gJS_sFM_cAll_d03_mJS3_ch04__mc150-4,,BRIDGE3R,m15_bridge3r_fixed_v19,Seam-orientation_deg,30.76690258537496,66.60395878625613,-35.837056200881165
aist__gJS_sFM_cAll_d03_mJS3_ch04__mc150-4,aist__gJS_sFM_cAll_d03_mJS3_ch04__mc150-4,,BRIDGE3R,m15_bridge3r_fixed_v19,Camera-rotation_deg,59.819223442413275,92.9827711348775,-33.16354769246422
aist__gJS_sFM_cAll_d03_mJS3_ch04__mc150-4,aist__gJS_sFM_cAll_d03_mJS3_ch04__mc150-4,,BRIDGE3R,m15_bridge3r_fixed_v19,Camera-translation_m,6.297540924094143,4.418303069605654,1.8792378544884887
aist__gJS_sFM_cAll_d03_mJS3_ch04__mc150-4,aist__gJS_sFM_cAll_d03_mJS3_ch04__mc150-4,,BRIDGE3R,m15_bridge3r_fixed_v19,Boundary-camera-rotation_deg,87.45566511220564,70.45109051517382,17.00457459703182
aist__gJS_sFM_cAll_d03_mJS3_ch04__mc150-4,aist__gJS_sFM_cAll_d03_mJS3_ch04__mc150-4,,BRIDGE3R,m15_bridge3r_fixed_v19,Boundary-camera-translation_m,6.069370366691459,3.852672105813079,2.21669826087838
aist__gJS_sFM_cAll_d03_mJS3_ch04__mc150-4,aist__gJS_sFM_cAll_d03_mJS3_ch04__mc150-4,,BRIDGE3R,m15_bridge3r_fixed_v19,Coverage,0.98,1.0,0.020000000000000018
aist__gKR_sBM_cAll_d30_mKR2_ch01__mc150-4,aist__gKR_sBM_cAll_d30_mKR2_ch01__mc150-4,,Human3R,m0_strict_human3r,PA-MPJPE_mm,58.451637732114186,58.185839675177206,0.2657980569369798
aist__gKR_sBM_cAll_d30_mKR2_ch01__mc150-4,aist__gKR_sBM_cAll_d30_mKR2_ch01__mc150-4,,Human3R,m0_strict_human3r,Anchor-MPJPE_mm,1418.34093022364,376.6517042806353,1041.6892259430047
aist__gKR_sBM_cAll_d30_mKR2_ch01__mc150-4,aist__gKR_sBM_cAll_d30_mKR2_ch01__mc150-4,,Human3R,m0_strict_human3r,Anchor-root_mm,1344.2400618913864,296.49042554529814,1047.7496363460882
aist__gKR_sBM_cAll_d30_mKR2_ch01__mc150-4,aist__gKR_sBM_cAll_d30_mKR2_ch01__mc150-4,,Human3R,m0_strict_human3r,Orientation_deg,64.12166892196164,50.746539179470034,13.375129742491609
aist__gKR_sBM_cAll_d30_mKR2_ch01__mc150-4,aist__gKR_sBM_cAll_d30_mKR2_ch01__mc150-4,,Human3R,m0_strict_human3r,Seam-root_mm,567.8492889580807,458.05746766554313,109.79182129253758
aist__gKR_sBM_cAll_d30_mKR2_ch01__mc150-4,aist__gKR_sBM_cAll_d30_mKR2_ch01__mc150-4,,Human3R,m0_strict_human3r,Seam-orientation_deg,46.406116952512264,66.38875951732864,-19.982642564816373
aist__gKR_sBM_cAll_d30_mKR2_ch01__mc150-4,aist__gKR_sBM_cAll_d30_mKR2_ch01__mc150-4,,Human3R,m0_strict_human3r,Camera-rotation_deg,81.86420992153941,62.88852947676122,18.97568044477819
aist__gKR_sBM_cAll_d30_mKR2_ch01__mc150-4,aist__gKR_sBM_cAll_d30_mKR2_ch01__mc150-4,,Human3R,m0_strict_human3r,Camera-translation_m,7.55741481553427,5.624183546081783,1.9332312694524871
aist__gKR_sBM_cAll_d30_mKR2_ch01__mc150-4,aist__gKR_sBM_cAll_d30_mKR2_ch01__mc150-4,,Human3R,m0_strict_human3r,Boundary-camera-rotation_deg,89.82332222956695,67.10130429956642,22.722017930000533
aist__gKR_sBM_cAll_d30_mKR2_ch01__mc150-4,aist__gKR_sBM_cAll_d30_mKR2_ch01__mc150-4,,Human3R,m0_strict_human3r,Boundary-camera-translation_m,6.567488684284235,5.160459151988216,1.4070295322960185
aist__gKR_sBM_cAll_d30_mKR2_ch01__mc150-4,aist__gKR_sBM_cAll_d30_mKR2_ch01__mc150-4,,Human3R,m0_strict_human3r,Coverage,0.98,1.0,0.020000000000000018
aist__gKR_sBM_cAll_d30_mKR2_ch01__mc150-4,aist__gKR_sBM_cAll_d30_mKR2_ch01__mc150-4,,BRIDGE3R,m15_bridge3r_fixed_v19,PA-MPJPE_mm,58.451637732114186,57.92404948861657,0.5275882434976182
aist__gKR_sBM_cAll_d30_mKR2_ch01__mc150-4,aist__gKR_sBM_cAll_d30_mKR2_ch01__mc150-4,,BRIDGE3R,m15_bridge3r_fixed_v19,Anchor-MPJPE_mm,1418.34093022364,1134.5212272008482,283.8197030227918
aist__gKR_sBM_cAll_d30_mKR2_ch01__mc150-4,aist__gKR_sBM_cAll_d30_mKR2_ch01__mc150-4,,BRIDGE3R,m15_bridge3r_fixed_v19,Anchor-root_mm,1344.2400618913864,1105.599305954335,238.64075593705138
aist__gKR_sBM_cAll_d30_mKR2_ch01__mc150-4,aist__gKR_sBM_cAll_d30_mKR2_ch01__mc150-4,,BRIDGE3R,m15_bridge3r_fixed_v19,Orientation_deg,64.12166892196164,35.44596707279533,28.675701849166316
aist__gKR_sBM_cAll_d30_mKR2_ch01__mc150-4,aist__gKR_sBM_cAll_d30_mKR2_ch01__mc150-4,,BRIDGE3R,m15_bridge3r_fixed_v19,Seam-root_mm,567.8492889580807,1988.1742761590613,-1420.3249872009806
aist__gKR_sBM_cAll_d30_mKR2_ch01__mc150-4,aist__gKR_sBM_cAll_d30_mKR2_ch01__mc150-4,,BRIDGE3R,m15_bridge3r_fixed_v19,Seam-orientation_deg,46.406116952512264,56.83525866018709,-10.429141707674823
aist__gKR_sBM_cAll_d30_mKR2_ch01__mc150-4,aist__gKR_sBM_cAll_d30_mKR2_ch01__mc150-4,,BRIDGE3R,m15_bridge3r_fixed_v19,Camera-rotation_deg,81.86420992153941,41.717562457044274,40.14664746449514
aist__gKR_sBM_cAll_d30_mKR2_ch01__mc150-4,aist__gKR_sBM_cAll_d30_mKR2_ch01__mc150-4,,BRIDGE3R,m15_bridge3r_fixed_v19,Camera-translation_m,7.55741481553427,4.41006123964922,3.1473535758850497
aist__gKR_sBM_cAll_d30_mKR2_ch01__mc150-4,aist__gKR_sBM_cAll_d30_mKR2_ch01__mc150-4,,BRIDGE3R,m15_bridge3r_fixed_v19,Boundary-camera-rotation_deg,89.82332222956695,58.86244672795035,30.960875501616606
aist__gKR_sBM_cAll_d30_mKR2_ch01__mc150-4,aist__gKR_sBM_cAll_d30_mKR2_ch01__mc150-4,,BRIDGE3R,m15_bridge3r_fixed_v19,Boundary-camera-translation_m,6.567488684284235,4.901630102495312,1.6658585817889229
aist__gKR_sBM_cAll_d30_mKR2_ch01__mc150-4,aist__gKR_sBM_cAll_d30_mKR2_ch01__mc150-4,,BRIDGE3R,m15_bridge3r_fixed_v19,Coverage,0.98,1.0,0.020000000000000018
aist__gKR_sBM_cAll_d30_mKR2_ch02__mc150-4,aist__gKR_sBM_cAll_d30_mKR2_ch02__mc150-4,,Human3R,m0_strict_human3r,PA-MPJPE_mm,49.550617331940686,47.149859113806016,2.400758218134669
aist__gKR_sBM_cAll_d30_mKR2_ch02__mc150-4,aist__gKR_sBM_cAll_d30_mKR2_ch02__mc150-4,,Human3R,m0_strict_human3r,Anchor-MPJPE_mm,390.47230597305906,498.68738107030026,-108.2150750972412
aist__gKR_sBM_cAll_d30_mKR2_ch02__mc150-4,aist__gKR_sBM_cAll_d30_mKR2_ch02__mc150-4,,Human3R,m0_strict_human3r,Anchor-root_mm,274.8480924709163,424.3137575905706,-149.46566511965432
aist__gKR_sBM_cAll_d30_mKR2_ch02__mc150-4,aist__gKR_sBM_cAll_d30_mKR2_ch02__mc150-4,,Human3R,m0_strict_human3r,Orientation_deg,80.31549365128951,52.0424058548854,28.273087796404113
aist__gKR_sBM_cAll_d30_mKR2_ch02__mc150-4,aist__gKR_sBM_cAll_d30_mKR2_ch02__mc150-4,,Human3R,m0_strict_human3r,Seam-root_mm,489.9017897793521,505.841988501154,-15.940198721801892
aist__gKR_sBM_cAll_d30_mKR2_ch02__mc150-4,aist__gKR_sBM_cAll_d30_mKR2_ch02__mc150-4,,Human3R,m0_strict_human3r,Seam-orientation_deg,54.30970955398812,60.15757673485021,-5.847867180862089
aist__gKR_sBM_cAll_d30_mKR2_ch02__mc150-4,aist__gKR_sBM_cAll_d30_mKR2_ch02__mc150-4,,Human3R,m0_strict_human3r,Camera-rotation_deg,104.8221381531896,64.84347363331986,39.97866451986974
aist__gKR_sBM_cAll_d30_mKR2_ch02__mc150-4,aist__gKR_sBM_cAll_d30_mKR2_ch02__mc150-4,,Human3R,m0_strict_human3r,Camera-translation_m,8.1043881890648,5.698528551181714,2.4058596378830854
aist__gKR_sBM_cAll_d30_mKR2_ch02__mc150-4,aist__gKR_sBM_cAll_d30_mKR2_ch02__mc150-4,,Human3R,m0_strict_human3r,Boundary-camera-rotation_deg,89.80658584409048,65.08913939321849,24.71744645087199
aist__gKR_sBM_cAll_d30_mKR2_ch02__mc150-4,aist__gKR_sBM_cAll_d30_mKR2_ch02__mc150-4,,Human3R,m0_strict_human3r,Boundary-camera-translation_m,6.566676013503128,5.2861950749511335,1.2804809385519942
aist__gKR_sBM_cAll_d30_mKR2_ch02__mc150-4,aist__gKR_sBM_cAll_d30_mKR2_ch02__mc150-4,,Human3R,m0_strict_human3r,Coverage,0.98,1.0,0.020000000000000018
aist__gKR_sBM_cAll_d30_mKR2_ch02__mc150-4,aist__gKR_sBM_cAll_d30_mKR2_ch02__mc150-4,,BRIDGE3R,m15_bridge3r_fixed_v19,PA-MPJPE_mm,49.550617331940686,46.82247988193051,2.7281374500101734
aist__gKR_sBM_cAll_d30_mKR2_ch02__mc150-4,aist__gKR_sBM_cAll_d30_mKR2_ch02__mc150-4,,BRIDGE3R,m15_bridge3r_fixed_v19,Anchor-MPJPE_mm,390.47230597305906,738.1568147948284,-347.6845088217693
aist__gKR_sBM_cAll_d30_mKR2_ch02__mc150-4,aist__gKR_sBM_cAll_d30_mKR2_ch02__mc150-4,,BRIDGE3R,m15_bridge3r_fixed_v19,Anchor-root_mm,274.8480924709163,683.0637294143902,-408.2156369434739
aist__gKR_sBM_cAll_d30_mKR2_ch02__mc150-4,aist__gKR_sBM_cAll_d30_mKR2_ch02__mc150-4,,BRIDGE3R,m15_bridge3r_fixed_v19,Orientation_deg,80.31549365128951,52.691656403416694,27.62383724787282
aist__gKR_sBM_cAll_d30_mKR2_ch02__mc150-4,aist__gKR_sBM_cAll_d30_mKR2_ch02__mc150-4,,BRIDGE3R,m15_bridge3r_fixed_v19,Seam-root_mm,489.9017897793521,965.3652932043498,-475.46350342499767
aist__gKR_sBM_cAll_d30_mKR2_ch02__mc150-4,aist__gKR_sBM_cAll_d30_mKR2_ch02__mc150-4,,BRIDGE3R,m15_bridge3r_fixed_v19,Seam-orientation_deg,54.30970955398812,54.54942398383167,-0.23971442984355207
aist__gKR_sBM_cAll_d30_mKR2_ch02__mc150-4,aist__gKR_sBM_cAll_d30_mKR2_ch02__mc150-4,,BRIDGE3R,m15_bridge3r_fixed_v19,Camera-rotation_deg,104.8221381531896,63.98047359138554,40.84166456180406
aist__gKR_sBM_cAll_d30_mKR2_ch02__mc150-4,aist__gKR_sBM_cAll_d30_mKR2_ch02__mc150-4,,BRIDGE3R,m15_bridge3r_fixed_v19,Camera-translation_m,8.1043881890648,5.5573894006603135,2.546998788404486
aist__gKR_sBM_cAll_d30_mKR2_ch02__mc150-4,aist__gKR_sBM_cAll_d30_mKR2_ch02__mc150-4,,BRIDGE3R,m15_bridge3r_fixed_v19,Boundary-camera-rotation_deg,89.80658584409048,60.28074790736222,29.52583793672826
aist__gKR_sBM_cAll_d30_mKR2_ch02__mc150-4,aist__gKR_sBM_cAll_d30_mKR2_ch02__mc150-4,,BRIDGE3R,m15_bridge3r_fixed_v19,Boundary-camera-translation_m,6.566676013503128,4.745526776257784,1.8211492372453435
aist__gKR_sBM_cAll_d30_mKR2_ch02__mc150-4,aist__gKR_sBM_cAll_d30_mKR2_ch02__mc150-4,,BRIDGE3R,m15_bridge3r_fixed_v19,Coverage,0.98,1.0,0.020000000000000018
aist__gKR_sBM_cAll_d30_mKR2_ch03__mc150-4,aist__gKR_sBM_cAll_d30_mKR2_ch03__mc150-4,,Human3R,m0_strict_human3r,PA-MPJPE_mm,53.61273700248464,54.917184633746295,-1.3044476312616524
aist__gKR_sBM_cAll_d30_mKR2_ch03__mc150-4,aist__gKR_sBM_cAll_d30_mKR2_ch03__mc150-4,,Human3R,m0_strict_human3r,Anchor-MPJPE_mm,698.9051628447322,597.6404577415917,101.2647051031405
aist__gKR_sBM_cAll_d30_mKR2_ch03__mc150-4,aist__gKR_sBM_cAll_d30_mKR2_ch03__mc150-4,,Human3R,m0_strict_human3r,Anchor-root_mm,583.8882948392877,551.3299675171544,32.55832732213332
aist__gKR_sBM_cAll_d30_mKR2_ch03__mc150-4,aist__gKR_sBM_cAll_d30_mKR2_ch03__mc150-4,,Human3R,m0_strict_human3r,Orientation_deg,91.32051105115795,44.48427943963652,46.83623161152143
aist__gKR_sBM_cAll_d30_mKR2_ch03__mc150-4,aist__gKR_sBM_cAll_d30_mKR2_ch03__mc150-4,,Human3R,m0_strict_human3r,Seam-root_mm,391.54107692858935,1243.2130993907372,-851.6720224621479
aist__gKR_sBM_cAll_d30_mKR2_ch03__mc150-4,aist__gKR_sBM_cAll_d30_mKR2_ch03__mc150-4,,Human3R,m0_strict_human3r,Seam-orientation_deg,40.11085252295965,65.60588518874532,-25.495032665785672
aist__gKR_sBM_cAll_d30_mKR2_ch03__mc150-4,aist__gKR_sBM_cAll_d30_mKR2_ch03__mc150-4,,Human3R,m0_strict_human3r,Camera-rotation_deg,113.75836143230481,61.20975384559732,52.54860758670749
aist__gKR_sBM_cAll_d30_mKR2_ch03__mc150-4,aist__gKR_sBM_cAll_d30_mKR2_ch03__mc150-4,,Human3R,m0_strict_human3r,Camera-translation_m,6.9561251477893915,5.406777891853592,1.5493472559357997
aist__gKR_sBM_cAll_d30_mKR2_ch03__mc150-4,aist__gKR_sBM_cAll_d30_mKR2_ch03__mc150-4,,Human3R,m0_strict_human3r,Boundary-camera-rotation_deg,89.82816623019202,70.7517381810945,19.07642804909753
aist__gKR_sBM_cAll_d30_mKR2_ch03__mc150-4,aist__gKR_sBM_cAll_d30_mKR2_ch03__mc150-4,,Human3R,m0_strict_human3r,Boundary-camera-translation_m,6.569657204609527,5.734347233268243,0.8353099713412844
aist__gKR_sBM_cAll_d30_mKR2_ch03__mc150-4,aist__gKR_sBM_cAll_d30_mKR2_ch03__mc150-4,,Human3R,m0_strict_human3r,Coverage,0.98,1.0,0.020000000000000018
aist__gKR_sBM_cAll_d30_mKR2_ch03__mc150-4,aist__gKR_sBM_cAll_d30_mKR2_ch03__mc150-4,,BRIDGE3R,m15_bridge3r_fixed_v19,PA-MPJPE_mm,53.61273700248464,54.11376954508401,-0.5010325425993685
aist__gKR_sBM_cAll_d30_mKR2_ch03__mc150-4,aist__gKR_sBM_cAll_d30_mKR2_ch03__mc150-4,,BRIDGE3R,m15_bridge3r_fixed_v19,Anchor-MPJPE_mm,698.9051628447322,723.9853577469937,-25.080194902261496
aist__gKR_sBM_cAll_d30_mKR2_ch03__mc150-4,aist__gKR_sBM_cAll_d30_mKR2_ch03__mc150-4,,BRIDGE3R,m15_bridge3r_fixed_v19,Anchor-root_mm,583.8882948392877,702.8807948063834,-118.99249996709568
aist__gKR_sBM_cAll_d30_mKR2_ch03__mc150-4,aist__gKR_sBM_cAll_d30_mKR2_ch03__mc150-4,,BRIDGE3R,m15_bridge3r_fixed_v19,Orientation_deg,91.32051105115795,45.334932804953766,45.985578246204184
aist__gKR_sBM_cAll_d30_mKR2_ch03__mc150-4,aist__gKR_sBM_cAll_d30_mKR2_ch03__mc150-4,,BRIDGE3R,m15_bridge3r_fixed_v19,Seam-root_mm,391.54107692858935,752.6011495870865,-361.0600726584972
aist__gKR_sBM_cAll_d30_mKR2_ch03__mc150-4,aist__gKR_sBM_cAll_d30_mKR2_ch03__mc150-4,,BRIDGE3R,m15_bridge3r_fixed_v19,Seam-orientation_deg,40.11085252295965,75.35085782469748,-35.24000530173784
aist__gKR_sBM_cAll_d30_mKR2_ch03__mc150-4,aist__gKR_sBM_cAll_d30_mKR2_ch03__mc150-4,,BRIDGE3R,m15_bridge3r_fixed_v19,Camera-rotation_deg,113.75836143230481,61.80590391553617,51.95245751676864
aist__gKR_sBM_cAll_d30_mKR2_ch03__mc150-4,aist__gKR_sBM_cAll_d30_mKR2_ch03__mc150-4,,BRIDGE3R,m15_bridge3r_fixed_v19,Camera-translation_m,6.9561251477893915,4.992195707707749,1.9639294400816425
aist__gKR_sBM_cAll_d30_mKR2_ch03__mc150-4,aist__gKR_sBM_cAll_d30_mKR2_ch03__mc150-4,,BRIDGE3R,m15_bridge3r_fixed_v19,Boundary-camera-rotation_deg,89.82816623019202,80.28336433627561,9.544801893916414
aist__gKR_sBM_cAll_d30_mKR2_ch03__mc150-4,aist__gKR_sBM_cAll_d30_mKR2_ch03__mc150-4,,BRIDGE3R,m15_bridge3r_fixed_v19,Boundary-camera-translation_m,6.569657204609527,6.341870949046188,0.22778625556333854
aist__gKR_sBM_cAll_d30_mKR2_ch03__mc150-4,aist__gKR_sBM_cAll_d30_mKR2_ch03__mc150-4,,BRIDGE3R,m15_bridge3r_fixed_v19,Coverage,0.98,1.0,0.020000000000000018
aist__gKR_sBM_cAll_d30_mKR2_ch04__mc150-4,aist__gKR_sBM_cAll_d30_mKR2_ch04__mc150-4,,Human3R,m0_strict_human3r,PA-MPJPE_mm,51.113550300367194,50.08581832987505,1.027731970492141
aist__gKR_sBM_cAll_d30_mKR2_ch04__mc150-4,aist__gKR_sBM_cAll_d30_mKR2_ch04__mc150-4,,Human3R,m0_strict_human3r,Anchor-MPJPE_mm,1248.8755650106636,1136.1433518130061,112.73221319765753
aist__gKR_sBM_cAll_d30_mKR2_ch04__mc150-4,aist__gKR_sBM_cAll_d30_mKR2_ch04__mc150-4,,Human3R,m0_strict_human3r,Anchor-root_mm,1263.0442349833893,1080.3436882256638,182.70054675772553
aist__gKR_sBM_cAll_d30_mKR2_ch04__mc150-4,aist__gKR_sBM_cAll_d30_mKR2_ch04__mc150-4,,Human3R,m0_strict_human3r,Orientation_deg,33.57080590443086,35.838876356827726,-2.268070452396863
aist__gKR_sBM_cAll_d30_mKR2_ch04__mc150-4,aist__gKR_sBM_cAll_d30_mKR2_ch04__mc150-4,,Human3R,m0_strict_human3r,Seam-root_mm,577.2741045906856,921.3275001679908,-344.0533955773052
aist__gKR_sBM_cAll_d30_mKR2_ch04__mc150-4,aist__gKR_sBM_cAll_d30_mKR2_ch04__mc150-4,,Human3R,m0_strict_human3r,Seam-orientation_deg,47.57680980891104,60.06874563119109,-12.491935822280055
aist__gKR_sBM_cAll_d30_mKR2_ch04__mc150-4,aist__gKR_sBM_cAll_d30_mKR2_ch04__mc150-4,,Human3R,m0_strict_human3r,Camera-rotation_deg,34.68395980838567,43.078102603714804,-8.394142795329131
aist__gKR_sBM_cAll_d30_mKR2_ch04__mc150-4,aist__gKR_sBM_cAll_d30_mKR2_ch04__mc150-4,,Human3R,m0_strict_human3r,Camera-translation_m,4.529904476503382,3.5069348525590405,1.0229696239443413
aist__gKR_sBM_cAll_d30_mKR2_ch04__mc150-4,aist__gKR_sBM_cAll_d30_mKR2_ch04__mc150-4,,Human3R,m0_strict_human3r,Boundary-camera-rotation_deg,86.92210612951219,57.17098606745813,29.751120062054056
aist__gKR_sBM_cAll_d30_mKR2_ch04__mc150-4,aist__gKR_sBM_cAll_d30_mKR2_ch04__mc150-4,,Human3R,m0_strict_human3r,Boundary-camera-translation_m,6.410009125643434,5.155089888592245,1.2549192370511886
aist__gKR_sBM_cAll_d30_mKR2_ch04__mc150-4,aist__gKR_sBM_cAll_d30_mKR2_ch04__mc150-4,,Human3R,m0_strict_human3r,Coverage,0.98,1.0,0.020000000000000018
aist__gKR_sBM_cAll_d30_mKR2_ch04__mc150-4,aist__gKR_sBM_cAll_d30_mKR2_ch04__mc150-4,,BRIDGE3R,m15_bridge3r_fixed_v19,PA-MPJPE_mm,51.113550300367194,49.703515925445494,1.4100343749217004
aist__gKR_sBM_cAll_d30_mKR2_ch04__mc150-4,aist__gKR_sBM_cAll_d30_mKR2_ch04__mc150-4,,BRIDGE3R,m15_bridge3r_fixed_v19,Anchor-MPJPE_mm,1248.8755650106636,1499.633716028528,-250.7581510178643
aist__gKR_sBM_cAll_d30_mKR2_ch04__mc150-4,aist__gKR_sBM_cAll_d30_mKR2_ch04__mc150-4,,BRIDGE3R,m15_bridge3r_fixed_v19,Anchor-root_mm,1263.0442349833893,1467.1499576481167,-204.1057226647274
aist__gKR_sBM_cAll_d30_mKR2_ch04__mc150-4,aist__gKR_sBM_cAll_d30_mKR2_ch04__mc150-4,,BRIDGE3R,m15_bridge3r_fixed_v19,Orientation_deg,33.57080590443086,53.563598605393615,-19.992792700962752
aist__gKR_sBM_cAll_d30_mKR2_ch04__mc150-4,aist__gKR_sBM_cAll_d30_mKR2_ch04__mc150-4,,BRIDGE3R,m15_bridge3r_fixed_v19,Seam-root_mm,577.2741045906856,2599.866990459023,-2022.5928858683374
aist__gKR_sBM_cAll_d30_mKR2_ch04__mc150-4,aist__gKR_sBM_cAll_d30_mKR2_ch04__mc150-4,,BRIDGE3R,m15_bridge3r_fixed_v19,Seam-orientation_deg,47.57680980891104,58.62675746687744,-11.049947657966406
aist__gKR_sBM_cAll_d30_mKR2_ch04__mc150-4,aist__gKR_sBM_cAll_d30_mKR2_ch04__mc150-4,,BRIDGE3R,m15_bridge3r_fixed_v19,Camera-rotation_deg,34.68395980838567,67.807919881404,-33.12396007301833
aist__gKR_sBM_cAll_d30_mKR2_ch04__mc150-4,aist__gKR_sBM_cAll_d30_mKR2_ch04__mc150-4,,BRIDGE3R,m15_bridge3r_fixed_v19,Camera-translation_m,4.529904476503382,4.372688119725606,0.15721635677777623
aist__gKR_sBM_cAll_d30_mKR2_ch04__mc150-4,aist__gKR_sBM_cAll_d30_mKR2_ch04__mc150-4,,BRIDGE3R,m15_bridge3r_fixed_v19,Boundary-camera-rotation_deg,86.92210612951219,59.98768573049657,26.934420399015615
aist__gKR_sBM_cAll_d30_mKR2_ch04__mc150-4,aist__gKR_sBM_cAll_d30_mKR2_ch04__mc150-4,,BRIDGE3R,m15_bridge3r_fixed_v19,Boundary-camera-translation_m,6.410009125643434,4.69997787114809,1.7100312544953438
aist__gKR_sBM_cAll_d30_mKR2_ch04__mc150-4,aist__gKR_sBM_cAll_d30_mKR2_ch04__mc150-4,,BRIDGE3R,m15_bridge3r_fixed_v19,Coverage,0.98,1.0,0.020000000000000018
aist__gKR_sBM_cAll_d30_mKR2_ch05__mc150-4,aist__gKR_sBM_cAll_d30_mKR2_ch05__mc150-4,,Human3R,m0_strict_human3r,PA-MPJPE_mm,48.61857652407387,54.078634680722075,-5.460058156648202
aist__gKR_sBM_cAll_d30_mKR2_ch05__mc150-4,aist__gKR_sBM_cAll_d30_mKR2_ch05__mc150-4,,Human3R,m0_strict_human3r,Anchor-MPJPE_mm,1375.7557126160375,615.6688678618893,760.0868447541482
aist__gKR_sBM_cAll_d30_mKR2_ch05__mc150-4,aist__gKR_sBM_cAll_d30_mKR2_ch05__mc150-4,,Human3R,m0_strict_human3r,Anchor-root_mm,1355.6088143729946,563.8328650176398,791.7759493553548
aist__gKR_sBM_cAll_d30_mKR2_ch05__mc150-4,aist__gKR_sBM_cAll_d30_mKR2_ch05__mc150-4,,Human3R,m0_strict_human3r,Orientation_deg,34.2858576830483,53.89524993906669,-19.60939225601839
aist__gKR_sBM_cAll_d30_mKR2_ch05__mc150-4,aist__gKR_sBM_cAll_d30_mKR2_ch05__mc150-4,,Human3R,m0_strict_human3r,Seam-root_mm,595.539583714976,603.4103699350766,-7.8707862201006265
aist__gKR_sBM_cAll_d30_mKR2_ch05__mc150-4,aist__gKR_sBM_cAll_d30_mKR2_ch05__mc150-4,,Human3R,m0_strict_human3r,Seam-orientation_deg,53.36176259553333,66.92799347563817,-13.566230880104847
aist__gKR_sBM_cAll_d30_mKR2_ch05__mc150-4,aist__gKR_sBM_cAll_d30_mKR2_ch05__mc150-4,,Human3R,m0_strict_human3r,Camera-rotation_deg,34.341647118465275,63.173444153435526,-28.83179703497025
aist__gKR_sBM_cAll_d30_mKR2_ch05__mc150-4,aist__gKR_sBM_cAll_d30_mKR2_ch05__mc150-4,,Human3R,m0_strict_human3r,Camera-translation_m,4.58735020938462,4.9542876743535045,-0.3669374649688848
aist__gKR_sBM_cAll_d30_mKR2_ch05__mc150-4,aist__gKR_sBM_cAll_d30_mKR2_ch05__mc150-4,,Human3R,m0_strict_human3r,Boundary-camera-rotation_deg,86.90567804484328,57.76875544851504,29.136922596328247
aist__gKR_sBM_cAll_d30_mKR2_ch05__mc150-4,aist__gKR_sBM_cAll_d30_mKR2_ch05__mc150-4,,Human3R,m0_strict_human3r,Boundary-camera-translation_m,6.420180949654849,4.831373950562377,1.5888069990924718
aist__gKR_sBM_cAll_d30_mKR2_ch05__mc150-4,aist__gKR_sBM_cAll_d30_mKR2_ch05__mc150-4,,Human3R,m0_strict_human3r,Coverage,0.98,1.0,0.020000000000000018
aist__gKR_sBM_cAll_d30_mKR2_ch05__mc150-4,aist__gKR_sBM_cAll_d30_mKR2_ch05__mc150-4,,BRIDGE3R,m15_bridge3r_fixed_v19,PA-MPJPE_mm,48.61857652407387,53.31047848922659,-4.6919019651527165
aist__gKR_sBM_cAll_d30_mKR2_ch05__mc150-4,aist__gKR_sBM_cAll_d30_mKR2_ch05__mc150-4,,BRIDGE3R,m15_bridge3r_fixed_v19,Anchor-MPJPE_mm,1375.7557126160375,508.6807854654644,867.0749271505731
aist__gKR_sBM_cAll_d30_mKR2_ch05__mc150-4,aist__gKR_sBM_cAll_d30_mKR2_ch05__mc150-4,,BRIDGE3R,m15_bridge3r_fixed_v19,Anchor-root_mm,1355.6088143729946,464.4779046448983,891.1309097280964
aist__gKR_sBM_cAll_d30_mKR2_ch05__mc150-4,aist__gKR_sBM_cAll_d30_mKR2_ch05__mc150-4,,BRIDGE3R,m15_bridge3r_fixed_v19,Orientation_deg,34.2858576830483,71.39336459389718,-37.107506910848876
aist__gKR_sBM_cAll_d30_mKR2_ch05__mc150-4,aist__gKR_sBM_cAll_d30_mKR2_ch05__mc150-4,,BRIDGE3R,m15_bridge3r_fixed_v19,Seam-root_mm,595.539583714976,799.5546624647859,-204.01507874980996
aist__gKR_sBM_cAll_d30_mKR2_ch05__mc150-4,aist__gKR_sBM_cAll_d30_mKR2_ch05__mc150-4,,BRIDGE3R,m15_bridge3r_fixed_v19,Seam-orientation_deg,53.36176259553333,39.653995701409826,13.707766894123502
aist__gKR_sBM_cAll_d30_mKR2_ch05__mc150-4,aist__gKR_sBM_cAll_d30_mKR2_ch05__mc150-4,,BRIDGE3R,m15_bridge3r_fixed_v19,Camera-rotation_deg,34.341647118465275,85.5941929079593,-51.25254578949402
aist__gKR_sBM_cAll_d30_mKR2_ch05__mc150-4,aist__gKR_sBM_cAll_d30_mKR2_ch05__mc150-4,,BRIDGE3R,m15_bridge3r_fixed_v19,Camera-translation_m,4.58735020938462,6.093220526057607,-1.5058703166729872
aist__gKR_sBM_cAll_d30_mKR2_ch05__mc150-4,aist__gKR_sBM_cAll_d30_mKR2_ch05__mc150-4,,BRIDGE3R,m15_bridge3r_fixed_v19,Boundary-camera-rotation_deg,86.90567804484328,33.217420186305766,53.68825785853752
aist__gKR_sBM_cAll_d30_mKR2_ch05__mc150-4,aist__gKR_sBM_cAll_d30_mKR2_ch05__mc150-4,,BRIDGE3R,m15_bridge3r_fixed_v19,Boundary-camera-translation_m,6.420180949654849,3.2773632372272297,3.1428177124276195
aist__gKR_sBM_cAll_d30_mKR2_ch05__mc150-4,aist__gKR_sBM_cAll_d30_mKR2_ch05__mc150-4,,BRIDGE3R,m15_bridge3r_fixed_v19,Coverage,0.98,1.0,0.020000000000000018
aist__gKR_sBM_cAll_d30_mKR2_ch06__mc150-4,aist__gKR_sBM_cAll_d30_mKR2_ch06__mc150-4,,Human3R,m0_strict_human3r,PA-MPJPE_mm,47.844012738238156,51.142510504480825,-3.2984977662426687
aist__gKR_sBM_cAll_d30_mKR2_ch06__mc150-4,aist__gKR_sBM_cAll_d30_mKR2_ch06__mc150-4,,Human3R,m0_strict_human3r,Anchor-MPJPE_mm,577.7604932121893,701.3599764989348,-123.59948328674545
aist__gKR_sBM_cAll_d30_mKR2_ch06__mc150-4,aist__gKR_sBM_cAll_d30_mKR2_ch06__mc150-4,,Human3R,m0_strict_human3r,Anchor-root_mm,459.95401649897565,617.9024714218771,-157.94845492290142
aist__gKR_sBM_cAll_d30_mKR2_ch06__mc150-4,aist__gKR_sBM_cAll_d30_mKR2_ch06__mc150-4,,Human3R,m0_strict_human3r,Orientation_deg,89.1341458736817,74.4893351533127,14.644810720369009
aist__gKR_sBM_cAll_d30_mKR2_ch06__mc150-4,aist__gKR_sBM_cAll_d30_mKR2_ch06__mc150-4,,Human3R,m0_strict_human3r,Seam-root_mm,385.0374455533636,554.4187678115314,-169.3813222581678
aist__gKR_sBM_cAll_d30_mKR2_ch06__mc150-4,aist__gKR_sBM_cAll_d30_mKR2_ch06__mc150-4,,Human3R,m0_strict_human3r,Seam-orientation_deg,41.883381511414306,112.83611379318326,-70.95273228176896
aist__gKR_sBM_cAll_d30_mKR2_ch06__mc150-4,aist__gKR_sBM_cAll_d30_mKR2_ch06__mc150-4,,Human3R,m0_strict_human3r,Camera-rotation_deg,111.11596234568023,97.72468815011588,13.39127419556435
aist__gKR_sBM_cAll_d30_mKR2_ch06__mc150-4,aist__gKR_sBM_cAll_d30_mKR2_ch06__mc150-4,,Human3R,m0_strict_human3r,Camera-translation_m,6.70569232389485,6.734772900880982,-0.0290805769861322
aist__gKR_sBM_cAll_d30_mKR2_ch06__mc150-4,aist__gKR_sBM_cAll_d30_mKR2_ch06__mc150-4,,Human3R,m0_strict_human3r,Boundary-camera-rotation_deg,89.8307606835166,111.56743210826289,-21.73667142474629
aist__gKR_sBM_cAll_d30_mKR2_ch06__mc150-4,aist__gKR_sBM_cAll_d30_mKR2_ch06__mc150-4,,Human3R,m0_strict_human3r,Boundary-camera-translation_m,6.563227050464298,7.3736149883364845,-0.8103879378721865
aist__gKR_sBM_cAll_d30_mKR2_ch06__mc150-4,aist__gKR_sBM_cAll_d30_mKR2_ch06__mc150-4,,Human3R,m0_strict_human3r,Coverage,0.98,1.0,0.020000000000000018
aist__gKR_sBM_cAll_d30_mKR2_ch06__mc150-4,aist__gKR_sBM_cAll_d30_mKR2_ch06__mc150-4,,BRIDGE3R,m15_bridge3r_fixed_v19,PA-MPJPE_mm,47.844012738238156,50.997256864212,-3.153244125973842
aist__gKR_sBM_cAll_d30_mKR2_ch06__mc150-4,aist__gKR_sBM_cAll_d30_mKR2_ch06__mc150-4,,BRIDGE3R,m15_bridge3r_fixed_v19,Anchor-MPJPE_mm,577.7604932121893,632.4288945019457,-54.66840128975639
aist__gKR_sBM_cAll_d30_mKR2_ch06__mc150-4,aist__gKR_sBM_cAll_d30_mKR2_ch06__mc150-4,,BRIDGE3R,m15_bridge3r_fixed_v19,Anchor-root_mm,459.95401649897565,613.128105424247,-153.17408892527135
aist__gKR_sBM_cAll_d30_mKR2_ch06__mc150-4,aist__gKR_sBM_cAll_d30_mKR2_ch06__mc150-4,,BRIDGE3R,m15_bridge3r_fixed_v19,Orientation_deg,89.1341458736817,50.56569500658175,38.568450867099955
aist__gKR_sBM_cAll_d30_mKR2_ch06__mc150-4,aist__gKR_sBM_cAll_d30_mKR2_ch06__mc150-4,,BRIDGE3R,m15_bridge3r_fixed_v19,Seam-root_mm,385.0374455533636,482.51163842801617,-97.47419287465254
aist__gKR_sBM_cAll_d30_mKR2_ch06__mc150-4,aist__gKR_sBM_cAll_d30_mKR2_ch06__mc150-4,,BRIDGE3R,m15_bridge3r_fixed_v19,Seam-orientation_deg,41.883381511414306,74.17540150850094,-32.29201999708663
aist__gKR_sBM_cAll_d30_mKR2_ch06__mc150-4,aist__gKR_sBM_cAll_d30_mKR2_ch06__mc150-4,,BRIDGE3R,m15_bridge3r_fixed_v19,Camera-rotation_deg,111.11596234568023,67.88032768596034,43.23563465971989
aist__gKR_sBM_cAll_d30_mKR2_ch06__mc150-4,aist__gKR_sBM_cAll_d30_mKR2_ch06__mc150-4,,BRIDGE3R,m15_bridge3r_fixed_v19,Camera-translation_m,6.70569232389485,5.391198203902682,1.314494119992168
aist__gKR_sBM_cAll_d30_mKR2_ch06__mc150-4,aist__gKR_sBM_cAll_d30_mKR2_ch06__mc150-4,,BRIDGE3R,m15_bridge3r_fixed_v19,Boundary-camera-rotation_deg,89.8307606835166,85.13424333104427,4.696517352472327
aist__gKR_sBM_cAll_d30_mKR2_ch06__mc150-4,aist__gKR_sBM_cAll_d30_mKR2_ch06__mc150-4,,BRIDGE3R,m15_bridge3r_fixed_v19,Boundary-camera-translation_m,6.563227050464298,6.522096469925263,0.0411305805390354
aist__gKR_sBM_cAll_d30_mKR2_ch06__mc150-4,aist__gKR_sBM_cAll_d30_mKR2_ch06__mc150-4,,BRIDGE3R,m15_bridge3r_fixed_v19,Coverage,0.98,1.0,0.020000000000000018
aist__gKR_sBM_cAll_d30_mKR2_ch07__mc150-4,aist__gKR_sBM_cAll_d30_mKR2_ch07__mc150-4,,Human3R,m0_strict_human3r,PA-MPJPE_mm,55.53555523340912,57.798689223248196,-2.2631339898390763
aist__gKR_sBM_cAll_d30_mKR2_ch07__mc150-4,aist__gKR_sBM_cAll_d30_mKR2_ch07__mc150-4,,Human3R,m0_strict_human3r,Anchor-MPJPE_mm,1161.6629334154343,774.5830829173515,387.0798504980828
aist__gKR_sBM_cAll_d30_mKR2_ch07__mc150-4,aist__gKR_sBM_cAll_d30_mKR2_ch07__mc150-4,,Human3R,m0_strict_human3r,Anchor-root_mm,1170.6099894448619,735.6472884744784,434.9627009703835
aist__gKR_sBM_cAll_d30_mKR2_ch07__mc150-4,aist__gKR_sBM_cAll_d30_mKR2_ch07__mc150-4,,Human3R,m0_strict_human3r,Orientation_deg,40.15259901128401,27.319242286990157,12.833356724293854
aist__gKR_sBM_cAll_d30_mKR2_ch07__mc150-4,aist__gKR_sBM_cAll_d30_mKR2_ch07__mc150-4,,Human3R,m0_strict_human3r,Seam-root_mm,284.1590637493404,547.7484264990127,-263.58936274967226
aist__gKR_sBM_cAll_d30_mKR2_ch07__mc150-4,aist__gKR_sBM_cAll_d30_mKR2_ch07__mc150-4,,Human3R,m0_strict_human3r,Seam-orientation_deg,27.915317944084666,37.816962847796454,-9.901644903711787
aist__gKR_sBM_cAll_d30_mKR2_ch07__mc150-4,aist__gKR_sBM_cAll_d30_mKR2_ch07__mc150-4,,Human3R,m0_strict_human3r,Camera-rotation_deg,49.27890020567515,34.65556239817173,14.623337807503418
aist__gKR_sBM_cAll_d30_mKR2_ch07__mc150-4,aist__gKR_sBM_cAll_d30_mKR2_ch07__mc150-4,,Human3R,m0_strict_human3r,Camera-translation_m,3.8029648291714357,3.3463727270207904,0.4565921021506454
aist__gKR_sBM_cAll_d30_mKR2_ch07__mc150-4,aist__gKR_sBM_cAll_d30_mKR2_ch07__mc150-4,,Human3R,m0_strict_human3r,Boundary-camera-rotation_deg,80.95022596691341,36.754974713208384,44.195251253705024
aist__gKR_sBM_cAll_d30_mKR2_ch07__mc150-4,aist__gKR_sBM_cAll_d30_mKR2_ch07__mc150-4,,Human3R,m0_strict_human3r,Boundary-camera-translation_m,5.997167157246467,2.66652361500832,3.3306435422381466
aist__gKR_sBM_cAll_d30_mKR2_ch07__mc150-4,aist__gKR_sBM_cAll_d30_mKR2_ch07__mc150-4,,Human3R,m0_strict_human3r,Coverage,0.9733333333333334,1.0,0.026666666666666616
aist__gKR_sBM_cAll_d30_mKR2_ch07__mc150-4,aist__gKR_sBM_cAll_d30_mKR2_ch07__mc150-4,,BRIDGE3R,m15_bridge3r_fixed_v19,PA-MPJPE_mm,55.53555523340912,57.48579498798799,-1.9502397545788668
aist__gKR_sBM_cAll_d30_mKR2_ch07__mc150-4,aist__gKR_sBM_cAll_d30_mKR2_ch07__mc150-4,,BRIDGE3R,m15_bridge3r_fixed_v19,Anchor-MPJPE_mm,1161.6629334154343,620.486316236125,541.1766171793092
aist__gKR_sBM_cAll_d30_mKR2_ch07__mc150-4,aist__gKR_sBM_cAll_d30_mKR2_ch07__mc150-4,,BRIDGE3R,m15_bridge3r_fixed_v19,Anchor-root_mm,1170.6099894448619,581.5000773235985,589.1099121212634
aist__gKR_sBM_cAll_d30_mKR2_ch07__mc150-4,aist__gKR_sBM_cAll_d30_mKR2_ch07__mc150-4,,BRIDGE3R,m15_bridge3r_fixed_v19,Orientation_deg,40.15259901128401,41.33535292714504,-1.1827539158610278
aist__gKR_sBM_cAll_d30_mKR2_ch07__mc150-4,aist__gKR_sBM_cAll_d30_mKR2_ch07__mc150-4,,BRIDGE3R,m15_bridge3r_fixed_v19,Seam-root_mm,284.1590637493404,1348.1720999841452,-1064.0130362348048
aist__gKR_sBM_cAll_d30_mKR2_ch07__mc150-4,aist__gKR_sBM_cAll_d30_mKR2_ch07__mc150-4,,BRIDGE3R,m15_bridge3r_fixed_v19,Seam-orientation_deg,27.915317944084666,53.09318816198944,-25.177870217904772
aist__gKR_sBM_cAll_d30_mKR2_ch07__mc150-4,aist__gKR_sBM_cAll_d30_mKR2_ch07__mc150-4,,BRIDGE3R,m15_bridge3r_fixed_v19,Camera-rotation_deg,49.27890020567515,52.793437201647556,-3.5145369959724064
aist__gKR_sBM_cAll_d30_mKR2_ch07__mc150-4,aist__gKR_sBM_cAll_d30_mKR2_ch07__mc150-4,,BRIDGE3R,m15_bridge3r_fixed_v19,Camera-translation_m,3.8029648291714357,3.218599577536552,0.5843652516348836
aist__gKR_sBM_cAll_d30_mKR2_ch07__mc150-4,aist__gKR_sBM_cAll_d30_mKR2_ch07__mc150-4,,BRIDGE3R,m15_bridge3r_fixed_v19,Boundary-camera-rotation_deg,80.95022596691341,51.13420877837887,29.816017188534538
aist__gKR_sBM_cAll_d30_mKR2_ch07__mc150-4,aist__gKR_sBM_cAll_d30_mKR2_ch07__mc150-4,,BRIDGE3R,m15_bridge3r_fixed_v19,Boundary-camera-translation_m,5.997167157246467,3.2974321217653375,2.699735035481129
aist__gKR_sBM_cAll_d30_mKR2_ch07__mc150-4,aist__gKR_sBM_cAll_d30_mKR2_ch07__mc150-4,,BRIDGE3R,m15_bridge3r_fixed_v19,Coverage,0.9733333333333334,1.0,0.026666666666666616
aist__gKR_sBM_cAll_d30_mKR2_ch08__mc150-4,aist__gKR_sBM_cAll_d30_mKR2_ch08__mc150-4,,Human3R,m0_strict_human3r,PA-MPJPE_mm,51.69553326634722,51.91600627786469,-0.22047301151746979
aist__gKR_sBM_cAll_d30_mKR2_ch08__mc150-4,aist__gKR_sBM_cAll_d30_mKR2_ch08__mc150-4,,Human3R,m0_strict_human3r,Anchor-MPJPE_mm,1426.825027080822,629.3438929166679,797.4811341641542
aist__gKR_sBM_cAll_d30_mKR2_ch08__mc150-4,aist__gKR_sBM_cAll_d30_mKR2_ch08__mc150-4,,Human3R,m0_strict_human3r,Anchor-root_mm,1420.007410765798,613.1147870071022,806.8926237586959
aist__gKR_sBM_cAll_d30_mKR2_ch08__mc150-4,aist__gKR_sBM_cAll_d30_mKR2_ch08__mc150-4,,Human3R,m0_strict_human3r,Orientation_deg,32.55187125706538,31.454779769259282,1.0970914878060967
aist__gKR_sBM_cAll_d30_mKR2_ch08__mc150-4,aist__gKR_sBM_cAll_d30_mKR2_ch08__mc150-4,,Human3R,m0_strict_human3r,Seam-root_mm,647.2755064223977,1302.312279565692,-655.0367731432943
aist__gKR_sBM_cAll_d30_mKR2_ch08__mc150-4,aist__gKR_sBM_cAll_d30_mKR2_ch08__mc150-4,,Human3R,m0_strict_human3r,Seam-orientation_deg,46.597875613265025,57.87834666586338,-11.280471052598358
aist__gKR_sBM_cAll_d30_mKR2_ch08__mc150-4,aist__gKR_sBM_cAll_d30_mKR2_ch08__mc150-4,,Human3R,m0_strict_human3r,Camera-rotation_deg,34.56444572554734,40.78003604282838,-6.215590317281041
aist__gKR_sBM_cAll_d30_mKR2_ch08__mc150-4,aist__gKR_sBM_cAll_d30_mKR2_ch08__mc150-4,,Human3R,m0_strict_human3r,Camera-translation_m,4.546947125098923,3.312258172755854,1.2346889523430686
aist__gKR_sBM_cAll_d30_mKR2_ch08__mc150-4,aist__gKR_sBM_cAll_d30_mKR2_ch08__mc150-4,,Human3R,m0_strict_human3r,Boundary-camera-rotation_deg,86.91680410355906,56.49300276072714,30.423801342831922
aist__gKR_sBM_cAll_d30_mKR2_ch08__mc150-4,aist__gKR_sBM_cAll_d30_mKR2_ch08__mc150-4,,Human3R,m0_strict_human3r,Boundary-camera-translation_m,6.412235169230384,5.168507887395143,1.2437272818352412
aist__gKR_sBM_cAll_d30_mKR2_ch08__mc150-4,aist__gKR_sBM_cAll_d30_mKR2_ch08__mc150-4,,Human3R,m0_strict_human3r,Coverage,0.9933333333333333,1.0,0.00666666666666671
aist__gKR_sBM_cAll_d30_mKR2_ch08__mc150-4,aist__gKR_sBM_cAll_d30_mKR2_ch08__mc150-4,,BRIDGE3R,m15_bridge3r_fixed_v19,PA-MPJPE_mm,51.69553326634722,51.21656356333781,0.4789697030094118
aist__gKR_sBM_cAll_d30_mKR2_ch08__mc150-4,aist__gKR_sBM_cAll_d30_mKR2_ch08__mc150-4,,BRIDGE3R,m15_bridge3r_fixed_v19,Anchor-MPJPE_mm,1426.825027080822,539.805954552988,887.019072527834
aist__gKR_sBM_cAll_d30_mKR2_ch08__mc150-4,aist__gKR_sBM_cAll_d30_mKR2_ch08__mc150-4,,BRIDGE3R,m15_bridge3r_fixed_v19,Anchor-root_mm,1420.007410765798,472.25781527498026,947.7495954908179
aist__gKR_sBM_cAll_d30_mKR2_ch08__mc150-4,aist__gKR_sBM_cAll_d30_mKR2_ch08__mc150-4,,BRIDGE3R,m15_bridge3r_fixed_v19,Orientation_deg,32.55187125706538,65.13317428011804,-32.58130302305266
aist__gKR_sBM_cAll_d30_mKR2_ch08__mc150-4,aist__gKR_sBM_cAll_d30_mKR2_ch08__mc150-4,,BRIDGE3R,m15_bridge3r_fixed_v19,Seam-root_mm,647.2755064223977,979.5013644585115,-332.2258580361138
aist__gKR_sBM_cAll_d30_mKR2_ch08__mc150-4,aist__gKR_sBM_cAll_d30_mKR2_ch08__mc150-4,,BRIDGE3R,m15_bridge3r_fixed_v19,Seam-orientation_deg,46.597875613265025,37.46392805457437,9.133947558690657
aist__gKR_sBM_cAll_d30_mKR2_ch08__mc150-4,aist__gKR_sBM_cAll_d30_mKR2_ch08__mc150-4,,BRIDGE3R,m15_bridge3r_fixed_v19,Camera-rotation_deg,34.56444572554734,86.21953504998358,-51.65508932443624
aist__gKR_sBM_cAll_d30_mKR2_ch08__mc150-4,aist__gKR_sBM_cAll_d30_mKR2_ch08__mc150-4,,BRIDGE3R,m15_bridge3r_fixed_v19,Camera-translation_m,4.546947125098923,6.369859490058805,-1.8229123649598824
aist__gKR_sBM_cAll_d30_mKR2_ch08__mc150-4,aist__gKR_sBM_cAll_d30_mKR2_ch08__mc150-4,,BRIDGE3R,m15_bridge3r_fixed_v19,Boundary-camera-rotation_deg,86.91680410355906,37.094637930455356,49.8221661731037
aist__gKR_sBM_cAll_d30_mKR2_ch08__mc150-4,aist__gKR_sBM_cAll_d30_mKR2_ch08__mc150-4,,BRIDGE3R,m15_bridge3r_fixed_v19,Boundary-camera-translation_m,6.412235169230384,3.4436806693587463,2.968554499871638
aist__gKR_sBM_cAll_d30_mKR2_ch08__mc150-4,aist__gKR_sBM_cAll_d30_mKR2_ch08__mc150-4,,BRIDGE3R,m15_bridge3r_fixed_v19,Coverage,0.9933333333333333,1.0,0.00666666666666671
aist__gKR_sBM_cAll_d30_mKR3_ch02__mc150-4,aist__gKR_sBM_cAll_d30_mKR3_ch02__mc150-4,,Human3R,m0_strict_human3r,PA-MPJPE_mm,54.082417032344885,51.16782529734112,2.914591735003768
aist__gKR_sBM_cAll_d30_mKR3_ch02__mc150-4,aist__gKR_sBM_cAll_d30_mKR3_ch02__mc150-4,,Human3R,m0_strict_human3r,Anchor-MPJPE_mm,1251.1235085309781,1269.168914537681,-18.045406006702933
aist__gKR_sBM_cAll_d30_mKR3_ch02__mc150-4,aist__gKR_sBM_cAll_d30_mKR3_ch02__mc150-4,,Human3R,m0_strict_human3r,Anchor-root_mm,1249.2519585548746,1231.610727784741,17.64123077013369
aist__gKR_sBM_cAll_d30_mKR3_ch02__mc150-4,aist__gKR_sBM_cAll_d30_mKR3_ch02__mc150-4,,Human3R,m0_strict_human3r,Orientation_deg,35.95443762677667,37.62696365250872,-1.6725260257320542
aist__gKR_sBM_cAll_d30_mKR3_ch02__mc150-4,aist__gKR_sBM_cAll_d30_mKR3_ch02__mc150-4,,Human3R,m0_strict_human3r,Seam-root_mm,627.3499004989072,803.3889360730578,-176.0390355741506
aist__gKR_sBM_cAll_d30_mKR3_ch02__mc150-4,aist__gKR_sBM_cAll_d30_mKR3_ch02__mc150-4,,Human3R,m0_strict_human3r,Seam-orientation_deg,39.44323357433118,53.053039136754954,-13.609805562423773
aist__gKR_sBM_cAll_d30_mKR3_ch02__mc150-4,aist__gKR_sBM_cAll_d30_mKR3_ch02__mc150-4,,Human3R,m0_strict_human3r,Camera-rotation_deg,34.33464655669507,35.5663425335797,-1.2316959768846303
aist__gKR_sBM_cAll_d30_mKR3_ch02__mc150-4,aist__gKR_sBM_cAll_d30_mKR3_ch02__mc150-4,,Human3R,m0_strict_human3r,Camera-translation_m,4.219214720714296,4.066563553720561,0.15265116699373493
aist__gKR_sBM_cAll_d30_mKR3_ch02__mc150-4,aist__gKR_sBM_cAll_d30_mKR3_ch02__mc150-4,,Human3R,m0_strict_human3r,Boundary-camera-rotation_deg,86.88388592525591,57.1227168337096,29.761169091546307
aist__gKR_sBM_cAll_d30_mKR3_ch02__mc150-4,aist__gKR_sBM_cAll_d30_mKR3_ch02__mc150-4,,Human3R,m0_strict_human3r,Boundary-camera-translation_m,6.387054470867169,4.640125970012067,1.7469285008551019
aist__gKR_sBM_cAll_d30_mKR3_ch02__mc150-4,aist__gKR_sBM_cAll_d30_mKR3_ch02__mc150-4,,Human3R,m0_strict_human3r,Coverage,0.98,1.0,0.020000000000000018
aist__gKR_sBM_cAll_d30_mKR3_ch02__mc150-4,aist__gKR_sBM_cAll_d30_mKR3_ch02__mc150-4,,BRIDGE3R,m15_bridge3r_fixed_v19,PA-MPJPE_mm,54.082417032344885,50.98128057858252,3.101136453762365
aist__gKR_sBM_cAll_d30_mKR3_ch02__mc150-4,aist__gKR_sBM_cAll_d30_mKR3_ch02__mc150-4,,BRIDGE3R,m15_bridge3r_fixed_v19,Anchor-MPJPE_mm,1251.1235085309781,763.5079722381744,487.61553629280377
aist__gKR_sBM_cAll_d30_mKR3_ch02__mc150-4,aist__gKR_sBM_cAll_d30_mKR3_ch02__mc150-4,,BRIDGE3R,m15_bridge3r_fixed_v19,Anchor-root_mm,1249.2519585548746,697.7412701087196,551.510688446155
aist__gKR_sBM_cAll_d30_mKR3_ch02__mc150-4,aist__gKR_sBM_cAll_d30_mKR3_ch02__mc150-4,,BRIDGE3R,m15_bridge3r_fixed_v19,Orientation_deg,35.95443762677667,73.204035204331,-37.24959757755434
aist__gKR_sBM_cAll_d30_mKR3_ch02__mc150-4,aist__gKR_sBM_cAll_d30_mKR3_ch02__mc150-4,,BRIDGE3R,m15_bridge3r_fixed_v19,Seam-root_mm,627.3499004989072,1170.2377866109223,-542.887886112015
aist__gKR_sBM_cAll_d30_mKR3_ch02__mc150-4,aist__gKR_sBM_cAll_d30_mKR3_ch02__mc150-4,,BRIDGE3R,m15_bridge3r_fixed_v19,Seam-orientation_deg,39.44323357433118,28.640340977956896,10.802892596374285
aist__gKR_sBM_cAll_d30_mKR3_ch02__mc150-4,aist__gKR_sBM_cAll_d30_mKR3_ch02__mc150-4,,BRIDGE3R,m15_bridge3r_fixed_v19,Camera-rotation_deg,34.33464655669507,83.22504703095126,-48.89040047425619
aist__gKR_sBM_cAll_d30_mKR3_ch02__mc150-4,aist__gKR_sBM_cAll_d30_mKR3_ch02__mc150-4,,BRIDGE3R,m15_bridge3r_fixed_v19,Camera-translation_m,4.219214720714296,5.829064964408661,-1.609850243694365
aist__gKR_sBM_cAll_d30_mKR3_ch02__mc150-4,aist__gKR_sBM_cAll_d30_mKR3_ch02__mc150-4,,BRIDGE3R,m15_bridge3r_fixed_v19,Boundary-camera-rotation_deg,86.88388592525591,35.25892437194734,51.62496155330857
aist__gKR_sBM_cAll_d30_mKR3_ch02__mc150-4,aist__gKR_sBM_cAll_d30_mKR3_ch02__mc150-4,,BRIDGE3R,m15_bridge3r_fixed_v19,Boundary-camera-translation_m,6.387054470867169,3.4522772350283044,2.934777235838865
aist__gKR_sBM_cAll_d30_mKR3_ch02__mc150-4,aist__gKR_sBM_cAll_d30_mKR3_ch02__mc150-4,,BRIDGE3R,m15_bridge3r_fixed_v19,Coverage,0.98,1.0,0.020000000000000018
aist__gKR_sBM_cAll_d30_mKR4_ch01__mc150-4,aist__gKR_sBM_cAll_d30_mKR4_ch01__mc150-4,,Human3R,m0_strict_human3r,PA-MPJPE_mm,55.16651493130441,62.223362539661224,-7.0568476083568115
aist__gKR_sBM_cAll_d30_mKR4_ch01__mc150-4,aist__gKR_sBM_cAll_d30_mKR4_ch01__mc150-4,,Human3R,m0_strict_human3r,Anchor-MPJPE_mm,522.3779078048925,1251.135043421211,-728.7571356163186
aist__gKR_sBM_cAll_d30_mKR4_ch01__mc150-4,aist__gKR_sBM_cAll_d30_mKR4_ch01__mc150-4,,Human3R,m0_strict_human3r,Anchor-root_mm,332.6142927527613,1220.1648740708513,-887.55058131809
aist__gKR_sBM_cAll_d30_mKR4_ch01__mc150-4,aist__gKR_sBM_cAll_d30_mKR4_ch01__mc150-4,,Human3R,m0_strict_human3r,Orientation_deg,115.25791421846766,128.5661987156532,-13.30828449718554
aist__gKR_sBM_cAll_d30_mKR4_ch01__mc150-4,aist__gKR_sBM_cAll_d30_mKR4_ch01__mc150-4,,Human3R,m0_strict_human3r,Seam-root_mm,462.81021044445805,1445.3582876405283,-982.5480771960702
aist__gKR_sBM_cAll_d30_mKR4_ch01__mc150-4,aist__gKR_sBM_cAll_d30_mKR4_ch01__mc150-4,,Human3R,m0_strict_human3r,Seam-orientation_deg,43.115870858453434,54.05476583325674,-10.938894974803304
aist__gKR_sBM_cAll_d30_mKR4_ch01__mc150-4,aist__gKR_sBM_cAll_d30_mKR4_ch01__mc150-4,,Human3R,m0_strict_human3r,Camera-rotation_deg,149.60263077629057,170.6554836840014,-21.052852907710843
aist__gKR_sBM_cAll_d30_mKR4_ch01__mc150-4,aist__gKR_sBM_cAll_d30_mKR4_ch01__mc150-4,,Human3R,m0_strict_human3r,Camera-translation_m,9.603489699134863,11.043891893506848,-1.440402194371984
aist__gKR_sBM_cAll_d30_mKR4_ch01__mc150-4,aist__gKR_sBM_cAll_d30_mKR4_ch01__mc150-4,,Human3R,m0_strict_human3r,Boundary-camera-rotation_deg,90.20841586901798,52.44401413411975,37.764401734898236
aist__gKR_sBM_cAll_d30_mKR4_ch01__mc150-4,aist__gKR_sBM_cAll_d30_mKR4_ch01__mc150-4,,Human3R,m0_strict_human3r,Boundary-camera-translation_m,6.682224078722825,3.2024137456327115,3.479810333090114
aist__gKR_sBM_cAll_d30_mKR4_ch01__mc150-4,aist__gKR_sBM_cAll_d30_mKR4_ch01__mc150-4,,Human3R,m0_strict_human3r,Coverage,0.98,1.0,0.020000000000000018
aist__gKR_sBM_cAll_d30_mKR4_ch01__mc150-4,aist__gKR_sBM_cAll_d30_mKR4_ch01__mc150-4,,BRIDGE3R,m15_bridge3r_fixed_v19,PA-MPJPE_mm,55.16651493130441,61.372921623826066,-6.206406692521654
aist__gKR_sBM_cAll_d30_mKR4_ch01__mc150-4,aist__gKR_sBM_cAll_d30_mKR4_ch01__mc150-4,,BRIDGE3R,m15_bridge3r_fixed_v19,Anchor-MPJPE_mm,522.3779078048925,628.0631400586086,-105.6852322537161
aist__gKR_sBM_cAll_d30_mKR4_ch01__mc150-4,aist__gKR_sBM_cAll_d30_mKR4_ch01__mc150-4,,BRIDGE3R,m15_bridge3r_fixed_v19,Anchor-root_mm,332.6142927527613,564.9002966137534,-232.28600386099214
aist__gKR_sBM_cAll_d30_mKR4_ch01__mc150-4,aist__gKR_sBM_cAll_d30_mKR4_ch01__mc150-4,,BRIDGE3R,m15_bridge3r_fixed_v19,Orientation_deg,115.25791421846766,71.21787254111466,44.040041677353
aist__gKR_sBM_cAll_d30_mKR4_ch01__mc150-4,aist__gKR_sBM_cAll_d30_mKR4_ch01__mc150-4,,BRIDGE3R,m15_bridge3r_fixed_v19,Seam-root_mm,462.81021044445805,1094.004799276841,-631.1945888323828
aist__gKR_sBM_cAll_d30_mKR4_ch01__mc150-4,aist__gKR_sBM_cAll_d30_mKR4_ch01__mc150-4,,BRIDGE3R,m15_bridge3r_fixed_v19,Seam-orientation_deg,43.115870858453434,34.30324621246492,8.812624645988514
aist__gKR_sBM_cAll_d30_mKR4_ch01__mc150-4,aist__gKR_sBM_cAll_d30_mKR4_ch01__mc150-4,,BRIDGE3R,m15_bridge3r_fixed_v19,Camera-rotation_deg,149.60263077629057,94.74370934578829,54.85892143050228
aist__gKR_sBM_cAll_d30_mKR4_ch01__mc150-4,aist__gKR_sBM_cAll_d30_mKR4_ch01__mc150-4,,BRIDGE3R,m15_bridge3r_fixed_v19,Camera-translation_m,9.603489699134863,7.090250311906738,2.5132393872281256
aist__gKR_sBM_cAll_d30_mKR4_ch01__mc150-4,aist__gKR_sBM_cAll_d30_mKR4_ch01__mc150-4,,BRIDGE3R,m15_bridge3r_fixed_v19,Boundary-camera-rotation_deg,90.20841586901798,33.34090509394432,56.86751077507366
aist__gKR_sBM_cAll_d30_mKR4_ch01__mc150-4,aist__gKR_sBM_cAll_d30_mKR4_ch01__mc150-4,,BRIDGE3R,m15_bridge3r_fixed_v19,Boundary-camera-translation_m,6.682224078722825,3.1851962480698233,3.497027830653002
aist__gKR_sBM_cAll_d30_mKR4_ch01__mc150-4,aist__gKR_sBM_cAll_d30_mKR4_ch01__mc150-4,,BRIDGE3R,m15_bridge3r_fixed_v19,Coverage,0.98,1.0,0.020000000000000018
aist__gKR_sBM_cAll_d30_mKR4_ch02__mc150-4,aist__gKR_sBM_cAll_d30_mKR4_ch02__mc150-4,,Human3R,m0_strict_human3r,PA-MPJPE_mm,55.76592972184325,56.71913941508849,-0.9532096932452419
aist__gKR_sBM_cAll_d30_mKR4_ch02__mc150-4,aist__gKR_sBM_cAll_d30_mKR4_ch02__mc150-4,,Human3R,m0_strict_human3r,Anchor-MPJPE_mm,1068.9585137834583,816.1421627760582,252.81635100740016
aist__gKR_sBM_cAll_d30_mKR4_ch02__mc150-4,aist__gKR_sBM_cAll_d30_mKR4_ch02__mc150-4,,Human3R,m0_strict_human3r,Anchor-root_mm,1026.8820394740262,764.5228099233,262.35922955072624
aist__gKR_sBM_cAll_d30_mKR4_ch02__mc150-4,aist__gKR_sBM_cAll_d30_mKR4_ch02__mc150-4,,Human3R,m0_strict_human3r,Orientation_deg,31.716011558048084,39.590772271407474,-7.8747607133593895
aist__gKR_sBM_cAll_d30_mKR4_ch02__mc150-4,aist__gKR_sBM_cAll_d30_mKR4_ch02__mc150-4,,Human3R,m0_strict_human3r,Seam-root_mm,431.01787529027615,821.735648994733,-390.7177737044568
aist__gKR_sBM_cAll_d30_mKR4_ch02__mc150-4,aist__gKR_sBM_cAll_d30_mKR4_ch02__mc150-4,,Human3R,m0_strict_human3r,Seam-orientation_deg,41.839470691434514,59.473946746606806,-17.634476055172293
aist__gKR_sBM_cAll_d30_mKR4_ch02__mc150-4,aist__gKR_sBM_cAll_d30_mKR4_ch02__mc150-4,,Human3R,m0_strict_human3r,Camera-rotation_deg,34.78013150685342,46.92029692393358,-12.140165417080155
aist__gKR_sBM_cAll_d30_mKR4_ch02__mc150-4,aist__gKR_sBM_cAll_d30_mKR4_ch02__mc150-4,,Human3R,m0_strict_human3r,Camera-translation_m,4.321273923517792,3.2691892869297376,1.052084636588054
aist__gKR_sBM_cAll_d30_mKR4_ch02__mc150-4,aist__gKR_sBM_cAll_d30_mKR4_ch02__mc150-4,,Human3R,m0_strict_human3r,Boundary-camera-rotation_deg,86.89951933883623,56.00591618928113,30.893603149555098
aist__gKR_sBM_cAll_d30_mKR4_ch02__mc150-4,aist__gKR_sBM_cAll_d30_mKR4_ch02__mc150-4,,Human3R,m0_strict_human3r,Boundary-camera-translation_m,6.4129911817214,4.4473374156419405,1.965653766079459
aist__gKR_sBM_cAll_d30_mKR4_ch02__mc150-4,aist__gKR_sBM_cAll_d30_mKR4_ch02__mc150-4,,Human3R,m0_strict_human3r,Coverage,0.9933333333333333,1.0,0.00666666666666671
aist__gKR_sBM_cAll_d30_mKR4_ch02__mc150-4,aist__gKR_sBM_cAll_d30_mKR4_ch02__mc150-4,,BRIDGE3R,m15_bridge3r_fixed_v19,PA-MPJPE_mm,55.76592972184325,56.69934006489564,-0.9334103430523868
aist__gKR_sBM_cAll_d30_mKR4_ch02__mc150-4,aist__gKR_sBM_cAll_d30_mKR4_ch02__mc150-4,,BRIDGE3R,m15_bridge3r_fixed_v19,Anchor-MPJPE_mm,1068.9585137834583,525.6330737140439,543.3254400694144
aist__gKR_sBM_cAll_d30_mKR4_ch02__mc150-4,aist__gKR_sBM_cAll_d30_mKR4_ch02__mc150-4,,BRIDGE3R,m15_bridge3r_fixed_v19,Anchor-root_mm,1026.8820394740262,455.6534542057345,571.2285852682917
aist__gKR_sBM_cAll_d30_mKR4_ch02__mc150-4,aist__gKR_sBM_cAll_d30_mKR4_ch02__mc150-4,,BRIDGE3R,m15_bridge3r_fixed_v19,Orientation_deg,31.716011558048084,65.82256256091343,-34.106551002865345
aist__gKR_sBM_cAll_d30_mKR4_ch02__mc150-4,aist__gKR_sBM_cAll_d30_mKR4_ch02__mc150-4,,BRIDGE3R,m15_bridge3r_fixed_v19,Seam-root_mm,431.01787529027615,690.9134399959065,-259.89556470563036
aist__gKR_sBM_cAll_d30_mKR4_ch02__mc150-4,aist__gKR_sBM_cAll_d30_mKR4_ch02__mc150-4,,BRIDGE3R,m15_bridge3r_fixed_v19,Seam-orientation_deg,41.839470691434514,41.29970075180561,0.5397699396289042
aist__gKR_sBM_cAll_d30_mKR4_ch02__mc150-4,aist__gKR_sBM_cAll_d30_mKR4_ch02__mc150-4,,BRIDGE3R,m15_bridge3r_fixed_v19,Camera-rotation_deg,34.78013150685342,81.81350630849579,-47.03337480164237
aist__gKR_sBM_cAll_d30_mKR4_ch02__mc150-4,aist__gKR_sBM_cAll_d30_mKR4_ch02__mc150-4,,BRIDGE3R,m15_bridge3r_fixed_v19,Camera-translation_m,4.321273923517792,6.133007740340844,-1.8117338168230521
aist__gKR_sBM_cAll_d30_mKR4_ch02__mc150-4,aist__gKR_sBM_cAll_d30_mKR4_ch02__mc150-4,,BRIDGE3R,m15_bridge3r_fixed_v19,Boundary-camera-rotation_deg,86.89951933883623,31.762715860649887,55.13680347818634
aist__gKR_sBM_cAll_d30_mKR4_ch02__mc150-4,aist__gKR_sBM_cAll_d30_mKR4_ch02__mc150-4,,BRIDGE3R,m15_bridge3r_fixed_v19,Boundary-camera-translation_m,6.4129911817214,3.159849502501963,3.2531416792194365
aist__gKR_sBM_cAll_d30_mKR4_ch02__mc150-4,aist__gKR_sBM_cAll_d30_mKR4_ch02__mc150-4,,BRIDGE3R,m15_bridge3r_fixed_v19,Coverage,0.9933333333333333,1.0,0.00666666666666671
aist__gKR_sFM_cAll_d30_mKR2_ch17__mc150-4,aist__gKR_sFM_cAll_d30_mKR2_ch17__mc150-4,,Human3R,m0_strict_human3r,PA-MPJPE_mm,53.56719389143791,51.93253036910058,1.634663522337327
aist__gKR_sFM_cAll_d30_mKR2_ch17__mc150-4,aist__gKR_sFM_cAll_d30_mKR2_ch17__mc150-4,,Human3R,m0_strict_human3r,Anchor-MPJPE_mm,1003.1712460469638,641.4629745687336,361.70827147823024
aist__gKR_sFM_cAll_d30_mKR2_ch17__mc150-4,aist__gKR_sFM_cAll_d30_mKR2_ch17__mc150-4,,Human3R,m0_strict_human3r,Anchor-root_mm,943.7255877269205,573.3867572571061,370.3388304698144
aist__gKR_sFM_cAll_d30_mKR2_ch17__mc150-4,aist__gKR_sFM_cAll_d30_mKR2_ch17__mc150-4,,Human3R,m0_strict_human3r,Orientation_deg,68.70626795524358,59.81830503045344,8.887962924790138
aist__gKR_sFM_cAll_d30_mKR2_ch17__mc150-4,aist__gKR_sFM_cAll_d30_mKR2_ch17__mc150-4,,Human3R,m0_strict_human3r,Seam-root_mm,469.9653268173559,476.0307050144461,-6.065378197090183
aist__gKR_sFM_cAll_d30_mKR2_ch17__mc150-4,aist__gKR_sFM_cAll_d30_mKR2_ch17__mc150-4,,Human3R,m0_strict_human3r,Seam-orientation_deg,46.533349630474056,62.501648403493185,-15.968298773019129
aist__gKR_sFM_cAll_d30_mKR2_ch17__mc150-4,aist__gKR_sFM_cAll_d30_mKR2_ch17__mc150-4,,Human3R,m0_strict_human3r,Camera-rotation_deg,79.4673657802148,68.45077899519671,11.016586785018092
aist__gKR_sFM_cAll_d30_mKR2_ch17__mc150-4,aist__gKR_sFM_cAll_d30_mKR2_ch17__mc150-4,,Human3R,m0_strict_human3r,Camera-translation_m,6.689683605115903,6.046903966072304,0.6427796390435985
aist__gKR_sFM_cAll_d30_mKR2_ch17__mc150-4,aist__gKR_sFM_cAll_d30_mKR2_ch17__mc150-4,,Human3R,m0_strict_human3r,Boundary-camera-rotation_deg,89.81713164264436,66.18498154067531,23.632150101969046
aist__gKR_sFM_cAll_d30_mKR2_ch17__mc150-4,aist__gKR_sFM_cAll_d30_mKR2_ch17__mc150-4,,Human3R,m0_strict_human3r,Boundary-camera-translation_m,6.572198658351703,5.0971077309528035,1.4750909273988997
aist__gKR_sFM_cAll_d30_mKR2_ch17__mc150-4,aist__gKR_sFM_cAll_d30_mKR2_ch17__mc150-4,,Human3R,m0_strict_human3r,Coverage,0.98,1.0,0.020000000000000018
aist__gKR_sFM_cAll_d30_mKR2_ch17__mc150-4,aist__gKR_sFM_cAll_d30_mKR2_ch17__mc150-4,,BRIDGE3R,m15_bridge3r_fixed_v19,PA-MPJPE_mm,53.56719389143791,51.383880888490054,2.1833130029478554
aist__gKR_sFM_cAll_d30_mKR2_ch17__mc150-4,aist__gKR_sFM_cAll_d30_mKR2_ch17__mc150-4,,BRIDGE3R,m15_bridge3r_fixed_v19,Anchor-MPJPE_mm,1003.1712460469638,872.6334176135028,130.53782843346096
aist__gKR_sFM_cAll_d30_mKR2_ch17__mc150-4,aist__gKR_sFM_cAll_d30_mKR2_ch17__mc150-4,,BRIDGE3R,m15_bridge3r_fixed_v19,Anchor-root_mm,943.7255877269205,868.3397056144901,75.38588211243041
aist__gKR_sFM_cAll_d30_mKR2_ch17__mc150-4,aist__gKR_sFM_cAll_d30_mKR2_ch17__mc150-4,,BRIDGE3R,m15_bridge3r_fixed_v19,Orientation_deg,68.70626795524358,42.19699906360911,26.509268891634463
aist__gKR_sFM_cAll_d30_mKR2_ch17__mc150-4,aist__gKR_sFM_cAll_d30_mKR2_ch17__mc150-4,,BRIDGE3R,m15_bridge3r_fixed_v19,Seam-root_mm,469.9653268173559,1656.6861795559107,-1186.7208527385549
aist__gKR_sFM_cAll_d30_mKR2_ch17__mc150-4,aist__gKR_sFM_cAll_d30_mKR2_ch17__mc150-4,,BRIDGE3R,m15_bridge3r_fixed_v19,Seam-orientation_deg,46.533349630474056,48.0830899274186,-1.5497402969445417
aist__gKR_sFM_cAll_d30_mKR2_ch17__mc150-4,aist__gKR_sFM_cAll_d30_mKR2_ch17__mc150-4,,BRIDGE3R,m15_bridge3r_fixed_v19,Camera-rotation_deg,79.4673657802148,49.45411600387498,30.013249776339826
aist__gKR_sFM_cAll_d30_mKR2_ch17__mc150-4,aist__gKR_sFM_cAll_d30_mKR2_ch17__mc150-4,,BRIDGE3R,m15_bridge3r_fixed_v19,Camera-translation_m,6.689683605115903,4.295012660146341,2.394670944969562
aist__gKR_sFM_cAll_d30_mKR2_ch17__mc150-4,aist__gKR_sFM_cAll_d30_mKR2_ch17__mc150-4,,BRIDGE3R,m15_bridge3r_fixed_v19,Boundary-camera-rotation_deg,89.81713164264436,51.91849491448088,37.898636728163474
aist__gKR_sFM_cAll_d30_mKR2_ch17__mc150-4,aist__gKR_sFM_cAll_d30_mKR2_ch17__mc150-4,,BRIDGE3R,m15_bridge3r_fixed_v19,Boundary-camera-translation_m,6.572198658351703,3.6592281103904,2.912970547961303
aist__gKR_sFM_cAll_d30_mKR2_ch17__mc150-4,aist__gKR_sFM_cAll_d30_mKR2_ch17__mc150-4,,BRIDGE3R,m15_bridge3r_fixed_v19,Coverage,0.98,1.0,0.020000000000000018
aist__gLH_sBM_cAll_d18_mLH2_ch01__mc150-4,aist__gLH_sBM_cAll_d18_mLH2_ch01__mc150-4,,Human3R,m0_strict_human3r,PA-MPJPE_mm,54.20049430061873,51.35845935809623,2.8420349425224956
aist__gLH_sBM_cAll_d18_mLH2_ch01__mc150-4,aist__gLH_sBM_cAll_d18_mLH2_ch01__mc150-4,,Human3R,m0_strict_human3r,Anchor-MPJPE_mm,887.0344322018673,784.1694306882011,102.86500151366613
aist__gLH_sBM_cAll_d18_mLH2_ch01__mc150-4,aist__gLH_sBM_cAll_d18_mLH2_ch01__mc150-4,,Human3R,m0_strict_human3r,Anchor-root_mm,865.8190820056462,756.4225958197947,109.39648618585159
aist__gLH_sBM_cAll_d18_mLH2_ch01__mc150-4,aist__gLH_sBM_cAll_d18_mLH2_ch01__mc150-4,,Human3R,m0_strict_human3r,Orientation_deg,57.0229064598271,52.472987738900194,4.549918720926904
aist__gLH_sBM_cAll_d18_mLH2_ch01__mc150-4,aist__gLH_sBM_cAll_d18_mLH2_ch01__mc150-4,,Human3R,m0_strict_human3r,Seam-root_mm,457.8616189930207,395.69809222652225,62.16352676649848
aist__gLH_sBM_cAll_d18_mLH2_ch01__mc150-4,aist__gLH_sBM_cAll_d18_mLH2_ch01__mc150-4,,Human3R,m0_strict_human3r,Seam-orientation_deg,31.370093914511045,59.608636684187694,-28.23854276967665
aist__gLH_sBM_cAll_d18_mLH2_ch01__mc150-4,aist__gLH_sBM_cAll_d18_mLH2_ch01__mc150-4,,Human3R,m0_strict_human3r,Camera-rotation_deg,73.81397179693406,60.96698907031703,12.846982726617028
aist__gLH_sBM_cAll_d18_mLH2_ch01__mc150-4,aist__gLH_sBM_cAll_d18_mLH2_ch01__mc150-4,,Human3R,m0_strict_human3r,Camera-translation_m,6.085484940225366,5.45541838018895,0.6300665600364157
aist__gLH_sBM_cAll_d18_mLH2_ch01__mc150-4,aist__gLH_sBM_cAll_d18_mLH2_ch01__mc150-4,,Human3R,m0_strict_human3r,Boundary-camera-rotation_deg,87.04507493744954,63.61673771947363,23.42833721797591
aist__gLH_sBM_cAll_d18_mLH2_ch01__mc150-4,aist__gLH_sBM_cAll_d18_mLH2_ch01__mc150-4,,Human3R,m0_strict_human3r,Boundary-camera-translation_m,6.3563142655679625,4.819853170713743,1.5364610948542197
aist__gLH_sBM_cAll_d18_mLH2_ch01__mc150-4,aist__gLH_sBM_cAll_d18_mLH2_ch01__mc150-4,,Human3R,m0_strict_human3r,Coverage,0.98,1.0,0.020000000000000018
aist__gLH_sBM_cAll_d18_mLH2_ch01__mc150-4,aist__gLH_sBM_cAll_d18_mLH2_ch01__mc150-4,,BRIDGE3R,m15_bridge3r_fixed_v19,PA-MPJPE_mm,54.20049430061873,50.78896818886238,3.411526111756352
aist__gLH_sBM_cAll_d18_mLH2_ch01__mc150-4,aist__gLH_sBM_cAll_d18_mLH2_ch01__mc150-4,,BRIDGE3R,m15_bridge3r_fixed_v19,Anchor-MPJPE_mm,887.0344322018673,628.5309141492238,258.50351805264347
aist__gLH_sBM_cAll_d18_mLH2_ch01__mc150-4,aist__gLH_sBM_cAll_d18_mLH2_ch01__mc150-4,,BRIDGE3R,m15_bridge3r_fixed_v19,Anchor-root_mm,865.8190820056462,611.2472247700185,254.5718572356277
aist__gLH_sBM_cAll_d18_mLH2_ch01__mc150-4,aist__gLH_sBM_cAll_d18_mLH2_ch01__mc150-4,,BRIDGE3R,m15_bridge3r_fixed_v19,Orientation_deg,57.0229064598271,30.81605511597071,26.20685134385639
aist__gLH_sBM_cAll_d18_mLH2_ch01__mc150-4,aist__gLH_sBM_cAll_d18_mLH2_ch01__mc150-4,,BRIDGE3R,m15_bridge3r_fixed_v19,Seam-root_mm,457.8616189930207,845.2548819097577,-387.393262916737
aist__gLH_sBM_cAll_d18_mLH2_ch01__mc150-4,aist__gLH_sBM_cAll_d18_mLH2_ch01__mc150-4,,BRIDGE3R,m15_bridge3r_fixed_v19,Seam-orientation_deg,31.370093914511045,41.672021822162414,-10.301927907651368
aist__gLH_sBM_cAll_d18_mLH2_ch01__mc150-4,aist__gLH_sBM_cAll_d18_mLH2_ch01__mc150-4,,BRIDGE3R,m15_bridge3r_fixed_v19,Camera-rotation_deg,73.81397179693406,41.53020153686197,32.28377026007208
aist__gLH_sBM_cAll_d18_mLH2_ch01__mc150-4,aist__gLH_sBM_cAll_d18_mLH2_ch01__mc150-4,,BRIDGE3R,m15_bridge3r_fixed_v19,Camera-translation_m,6.085484940225366,2.8941781376432343,3.191306802582132
aist__gLH_sBM_cAll_d18_mLH2_ch01__mc150-4,aist__gLH_sBM_cAll_d18_mLH2_ch01__mc150-4,,BRIDGE3R,m15_bridge3r_fixed_v19,Boundary-camera-rotation_deg,87.04507493744954,40.72175210885173,46.32332282859781
aist__gLH_sBM_cAll_d18_mLH2_ch01__mc150-4,aist__gLH_sBM_cAll_d18_mLH2_ch01__mc150-4,,BRIDGE3R,m15_bridge3r_fixed_v19,Boundary-camera-translation_m,6.3563142655679625,2.969360347677473,3.3869539178904895
aist__gLH_sBM_cAll_d18_mLH2_ch01__mc150-4,aist__gLH_sBM_cAll_d18_mLH2_ch01__mc150-4,,BRIDGE3R,m15_bridge3r_fixed_v19,Coverage,0.98,1.0,0.020000000000000018
aist__gLH_sBM_cAll_d18_mLH2_ch02__mc150-4,aist__gLH_sBM_cAll_d18_mLH2_ch02__mc150-4,,Human3R,m0_strict_human3r,PA-MPJPE_mm,57.02141270761649,53.650201483422876,3.3712112241936154
aist__gLH_sBM_cAll_d18_mLH2_ch02__mc150-4,aist__gLH_sBM_cAll_d18_mLH2_ch02__mc150-4,,Human3R,m0_strict_human3r,Anchor-MPJPE_mm,1077.6468058890669,403.42275956446423,674.2240463246026
aist__gLH_sBM_cAll_d18_mLH2_ch02__mc150-4,aist__gLH_sBM_cAll_d18_mLH2_ch02__mc150-4,,Human3R,m0_strict_human3r,Anchor-root_mm,1063.470759797209,370.25869622159536,693.2120635756137
aist__gLH_sBM_cAll_d18_mLH2_ch02__mc150-4,aist__gLH_sBM_cAll_d18_mLH2_ch02__mc150-4,,Human3R,m0_strict_human3r,Orientation_deg,17.581839840901143,28.16479863177671,-10.582958790875566
aist__gLH_sBM_cAll_d18_mLH2_ch02__mc150-4,aist__gLH_sBM_cAll_d18_mLH2_ch02__mc150-4,,Human3R,m0_strict_human3r,Seam-root_mm,591.968904999757,246.5345278291663,345.43437717059066
aist__gLH_sBM_cAll_d18_mLH2_ch02__mc150-4,aist__gLH_sBM_cAll_d18_mLH2_ch02__mc150-4,,Human3R,m0_strict_human3r,Seam-orientation_deg,34.92048096916006,67.38059531459392,-32.46011434543386
aist__gLH_sBM_cAll_d18_mLH2_ch02__mc150-4,aist__gLH_sBM_cAll_d18_mLH2_ch02__mc150-4,,Human3R,m0_strict_human3r,Camera-rotation_deg,22.165714922006284,35.01495824431505,-12.84924332230877
aist__gLH_sBM_cAll_d18_mLH2_ch02__mc150-4,aist__gLH_sBM_cAll_d18_mLH2_ch02__mc150-4,,Human3R,m0_strict_human3r,Camera-translation_m,2.5846020904725657,2.9110694885078807,-0.326467398035315
aist__gLH_sBM_cAll_d18_mLH2_ch02__mc150-4,aist__gLH_sBM_cAll_d18_mLH2_ch02__mc150-4,,Human3R,m0_strict_human3r,Boundary-camera-rotation_deg,90.13576765403398,62.55901365418032,27.576753999853665
aist__gLH_sBM_cAll_d18_mLH2_ch02__mc150-4,aist__gLH_sBM_cAll_d18_mLH2_ch02__mc150-4,,Human3R,m0_strict_human3r,Boundary-camera-translation_m,6.5934217993804936,4.922111547365221,1.6713102520152727
aist__gLH_sBM_cAll_d18_mLH2_ch02__mc150-4,aist__gLH_sBM_cAll_d18_mLH2_ch02__mc150-4,,Human3R,m0_strict_human3r,Coverage,0.98,1.0,0.020000000000000018
aist__gLH_sBM_cAll_d18_mLH2_ch02__mc150-4,aist__gLH_sBM_cAll_d18_mLH2_ch02__mc150-4,,BRIDGE3R,m15_bridge3r_fixed_v19,PA-MPJPE_mm,57.02141270761649,53.05602828474468,3.9653844228718143
aist__gLH_sBM_cAll_d18_mLH2_ch02__mc150-4,aist__gLH_sBM_cAll_d18_mLH2_ch02__mc150-4,,BRIDGE3R,m15_bridge3r_fixed_v19,Anchor-MPJPE_mm,1077.6468058890669,546.7656006432604,530.8812052458064
aist__gLH_sBM_cAll_d18_mLH2_ch02__mc150-4,aist__gLH_sBM_cAll_d18_mLH2_ch02__mc150-4,,BRIDGE3R,m15_bridge3r_fixed_v19,Anchor-root_mm,1063.470759797209,506.08351598288397,557.3872438143251
aist__gLH_sBM_cAll_d18_mLH2_ch02__mc150-4,aist__gLH_sBM_cAll_d18_mLH2_ch02__mc150-4,,BRIDGE3R,m15_bridge3r_fixed_v19,Orientation_deg,17.581839840901143,61.163854000736244,-43.5820141598351
aist__gLH_sBM_cAll_d18_mLH2_ch02__mc150-4,aist__gLH_sBM_cAll_d18_mLH2_ch02__mc150-4,,BRIDGE3R,m15_bridge3r_fixed_v19,Seam-root_mm,591.968904999757,703.0347792599277,-111.06587426017074
aist__gLH_sBM_cAll_d18_mLH2_ch02__mc150-4,aist__gLH_sBM_cAll_d18_mLH2_ch02__mc150-4,,BRIDGE3R,m15_bridge3r_fixed_v19,Seam-orientation_deg,34.92048096916006,101.69861436296183,-66.77813339380177
aist__gLH_sBM_cAll_d18_mLH2_ch02__mc150-4,aist__gLH_sBM_cAll_d18_mLH2_ch02__mc150-4,,BRIDGE3R,m15_bridge3r_fixed_v19,Camera-rotation_deg,22.165714922006284,82.79827151667253,-60.63255659466624
aist__gLH_sBM_cAll_d18_mLH2_ch02__mc150-4,aist__gLH_sBM_cAll_d18_mLH2_ch02__mc150-4,,BRIDGE3R,m15_bridge3r_fixed_v19,Camera-translation_m,2.5846020904725657,5.200819414766873,-2.6162173242943076
aist__gLH_sBM_cAll_d18_mLH2_ch02__mc150-4,aist__gLH_sBM_cAll_d18_mLH2_ch02__mc150-4,,BRIDGE3R,m15_bridge3r_fixed_v19,Boundary-camera-rotation_deg,90.13576765403398,98.51273332211012,-8.376965668076139
aist__gLH_sBM_cAll_d18_mLH2_ch02__mc150-4,aist__gLH_sBM_cAll_d18_mLH2_ch02__mc150-4,,BRIDGE3R,m15_bridge3r_fixed_v19,Boundary-camera-translation_m,6.5934217993804936,6.806347481506308,-0.21292568212581475
aist__gLH_sBM_cAll_d18_mLH2_ch02__mc150-4,aist__gLH_sBM_cAll_d18_mLH2_ch02__mc150-4,,BRIDGE3R,m15_bridge3r_fixed_v19,Coverage,0.98,1.0,0.020000000000000018
aist__gLH_sBM_cAll_d18_mLH3_ch01__mc150-4,aist__gLH_sBM_cAll_d18_mLH3_ch01__mc150-4,,Human3R,m0_strict_human3r,PA-MPJPE_mm,58.6081106593735,56.52247583597064,2.085634823402863
aist__gLH_sBM_cAll_d18_mLH3_ch01__mc150-4,aist__gLH_sBM_cAll_d18_mLH3_ch01__mc150-4,,Human3R,m0_strict_human3r,Anchor-MPJPE_mm,1022.7026445460307,761.4177067086765,261.28493783735416
aist__gLH_sBM_cAll_d18_mLH3_ch01__mc150-4,aist__gLH_sBM_cAll_d18_mLH3_ch01__mc150-4,,Human3R,m0_strict_human3r,Anchor-root_mm,1017.3519425546579,749.2887173235255,268.0632252311324
aist__gLH_sBM_cAll_d18_mLH3_ch01__mc150-4,aist__gLH_sBM_cAll_d18_mLH3_ch01__mc150-4,,Human3R,m0_strict_human3r,Orientation_deg,58.045232224935816,43.80414287217713,14.241089352758685
aist__gLH_sBM_cAll_d18_mLH3_ch01__mc150-4,aist__gLH_sBM_cAll_d18_mLH3_ch01__mc150-4,,Human3R,m0_strict_human3r,Seam-root_mm,286.12829319683715,304.2411436277741,-18.11285043093693
aist__gLH_sBM_cAll_d18_mLH3_ch01__mc150-4,aist__gLH_sBM_cAll_d18_mLH3_ch01__mc150-4,,Human3R,m0_strict_human3r,Seam-orientation_deg,27.846819804820683,57.52203315079269,-29.675213345972004
aist__gLH_sBM_cAll_d18_mLH3_ch01__mc150-4,aist__gLH_sBM_cAll_d18_mLH3_ch01__mc150-4,,Human3R,m0_strict_human3r,Camera-rotation_deg,73.76208217525301,61.029226616665916,12.732855558587097
aist__gLH_sBM_cAll_d18_mLH3_ch01__mc150-4,aist__gLH_sBM_cAll_d18_mLH3_ch01__mc150-4,,Human3R,m0_strict_human3r,Camera-translation_m,6.144021611102997,5.345340000751838,0.7986816103511591
aist__gLH_sBM_cAll_d18_mLH3_ch01__mc150-4,aist__gLH_sBM_cAll_d18_mLH3_ch01__mc150-4,,Human3R,m0_strict_human3r,Boundary-camera-rotation_deg,87.01696022246786,62.42047463283262,24.596485589635236
aist__gLH_sBM_cAll_d18_mLH3_ch01__mc150-4,aist__gLH_sBM_cAll_d18_mLH3_ch01__mc150-4,,Human3R,m0_strict_human3r,Boundary-camera-translation_m,6.352101755408401,4.904584125334055,1.447517630074346
aist__gLH_sBM_cAll_d18_mLH3_ch01__mc150-4,aist__gLH_sBM_cAll_d18_mLH3_ch01__mc150-4,,Human3R,m0_strict_human3r,Coverage,0.9733333333333334,1.0,0.026666666666666616
aist__gLH_sBM_cAll_d18_mLH3_ch01__mc150-4,aist__gLH_sBM_cAll_d18_mLH3_ch01__mc150-4,,BRIDGE3R,m15_bridge3r_fixed_v19,PA-MPJPE_mm,58.6081106593735,56.123450585429914,2.484660073943587
aist__gLH_sBM_cAll_d18_mLH3_ch01__mc150-4,aist__gLH_sBM_cAll_d18_mLH3_ch01__mc150-4,,BRIDGE3R,m15_bridge3r_fixed_v19,Anchor-MPJPE_mm,1022.7026445460307,630.2628377194435,392.4398068265872
aist__gLH_sBM_cAll_d18_mLH3_ch01__mc150-4,aist__gLH_sBM_cAll_d18_mLH3_ch01__mc150-4,,BRIDGE3R,m15_bridge3r_fixed_v19,Anchor-root_mm,1017.3519425546579,596.0778308832512,421.2741116714067
aist__gLH_sBM_cAll_d18_mLH3_ch01__mc150-4,aist__gLH_sBM_cAll_d18_mLH3_ch01__mc150-4,,BRIDGE3R,m15_bridge3r_fixed_v19,Orientation_deg,58.045232224935816,41.47702239221054,16.568209832725273
aist__gLH_sBM_cAll_d18_mLH3_ch01__mc150-4,aist__gLH_sBM_cAll_d18_mLH3_ch01__mc150-4,,BRIDGE3R,m15_bridge3r_fixed_v19,Seam-root_mm,286.12829319683715,785.8234710590535,-499.6951778622164
aist__gLH_sBM_cAll_d18_mLH3_ch01__mc150-4,aist__gLH_sBM_cAll_d18_mLH3_ch01__mc150-4,,BRIDGE3R,m15_bridge3r_fixed_v19,Seam-orientation_deg,27.846819804820683,36.579333660954795,-8.732513856134112
aist__gLH_sBM_cAll_d18_mLH3_ch01__mc150-4,aist__gLH_sBM_cAll_d18_mLH3_ch01__mc150-4,,BRIDGE3R,m15_bridge3r_fixed_v19,Camera-rotation_deg,73.76208217525301,44.88047971311801,28.881602462135007
aist__gLH_sBM_cAll_d18_mLH3_ch01__mc150-4,aist__gLH_sBM_cAll_d18_mLH3_ch01__mc150-4,,BRIDGE3R,m15_bridge3r_fixed_v19,Camera-translation_m,6.144021611102997,3.4704985063234233,2.673523104779574
aist__gLH_sBM_cAll_d18_mLH3_ch01__mc150-4,aist__gLH_sBM_cAll_d18_mLH3_ch01__mc150-4,,BRIDGE3R,m15_bridge3r_fixed_v19,Boundary-camera-rotation_deg,87.01696022246786,39.10520831425786,47.91175190821
aist__gLH_sBM_cAll_d18_mLH3_ch01__mc150-4,aist__gLH_sBM_cAll_d18_mLH3_ch01__mc150-4,,BRIDGE3R,m15_bridge3r_fixed_v19,Boundary-camera-translation_m,6.352101755408401,3.2014973289982294,3.1506044264101716
aist__gLH_sBM_cAll_d18_mLH3_ch01__mc150-4,aist__gLH_sBM_cAll_d18_mLH3_ch01__mc150-4,,BRIDGE3R,m15_bridge3r_fixed_v19,Coverage,0.9733333333333334,1.0,0.026666666666666616
aist__gLH_sBM_cAll_d18_mLH3_ch02__mc150-4,aist__gLH_sBM_cAll_d18_mLH3_ch02__mc150-4,,Human3R,m0_strict_human3r,PA-MPJPE_mm,61.323347968981956,59.498074129920276,1.8252738390616798
aist__gLH_sBM_cAll_d18_mLH3_ch02__mc150-4,aist__gLH_sBM_cAll_d18_mLH3_ch02__mc150-4,,Human3R,m0_strict_human3r,Anchor-MPJPE_mm,683.3251642397618,463.1159980477907,220.20916619197106
aist__gLH_sBM_cAll_d18_mLH3_ch02__mc150-4,aist__gLH_sBM_cAll_d18_mLH3_ch02__mc150-4,,Human3R,m0_strict_human3r,Anchor-root_mm,657.6952810489393,385.01967094966227,272.675610099277
aist__gLH_sBM_cAll_d18_mLH3_ch02__mc150-4,aist__gLH_sBM_cAll_d18_mLH3_ch02__mc150-4,,Human3R,m0_strict_human3r,Orientation_deg,105.57720117472401,57.41563989452848,48.16156128019553
aist__gLH_sBM_cAll_d18_mLH3_ch02__mc150-4,aist__gLH_sBM_cAll_d18_mLH3_ch02__mc150-4,,Human3R,m0_strict_human3r,Seam-root_mm,433.8703009640078,446.0969525726576,-12.226651608649775
aist__gLH_sBM_cAll_d18_mLH3_ch02__mc150-4,aist__gLH_sBM_cAll_d18_mLH3_ch02__mc150-4,,Human3R,m0_strict_human3r,Seam-orientation_deg,29.276610927382926,58.50023493052678,-29.223624003143854
aist__gLH_sBM_cAll_d18_mLH3_ch02__mc150-4,aist__gLH_sBM_cAll_d18_mLH3_ch02__mc150-4,,Human3R,m0_strict_human3r,Camera-rotation_deg,135.10618810055672,71.57059776740627,63.53559033315045
aist__gLH_sBM_cAll_d18_mLH3_ch02__mc150-4,aist__gLH_sBM_cAll_d18_mLH3_ch02__mc150-4,,Human3R,m0_strict_human3r,Camera-translation_m,8.620359414827714,5.863872947581504,2.7564864672462104
aist__gLH_sBM_cAll_d18_mLH3_ch02__mc150-4,aist__gLH_sBM_cAll_d18_mLH3_ch02__mc150-4,,Human3R,m0_strict_human3r,Boundary-camera-rotation_deg,90.10835260809279,54.98528081633278,35.123071791760005
aist__gLH_sBM_cAll_d18_mLH3_ch02__mc150-4,aist__gLH_sBM_cAll_d18_mLH3_ch02__mc150-4,,Human3R,m0_strict_human3r,Boundary-camera-translation_m,6.534139931637877,4.123543058998389,2.4105968726394877
aist__gLH_sBM_cAll_d18_mLH3_ch02__mc150-4,aist__gLH_sBM_cAll_d18_mLH3_ch02__mc150-4,,Human3R,m0_strict_human3r,Coverage,0.9733333333333334,1.0,0.026666666666666616
aist__gLH_sBM_cAll_d18_mLH3_ch02__mc150-4,aist__gLH_sBM_cAll_d18_mLH3_ch02__mc150-4,,BRIDGE3R,m15_bridge3r_fixed_v19,PA-MPJPE_mm,61.323347968981956,59.29994512105499,2.023402847926967
aist__gLH_sBM_cAll_d18_mLH3_ch02__mc150-4,aist__gLH_sBM_cAll_d18_mLH3_ch02__mc150-4,,BRIDGE3R,m15_bridge3r_fixed_v19,Anchor-MPJPE_mm,683.3251642397618,503.8350534110945,179.49011082866724
aist__gLH_sBM_cAll_d18_mLH3_ch02__mc150-4,aist__gLH_sBM_cAll_d18_mLH3_ch02__mc150-4,,BRIDGE3R,m15_bridge3r_fixed_v19,Anchor-root_mm,657.6952810489393,448.35389177048694,209.3413892784523
aist__gLH_sBM_cAll_d18_mLH3_ch02__mc150-4,aist__gLH_sBM_cAll_d18_mLH3_ch02__mc150-4,,BRIDGE3R,m15_bridge3r_fixed_v19,Orientation_deg,105.57720117472401,64.63010973817444,40.94709143654957
aist__gLH_sBM_cAll_d18_mLH3_ch02__mc150-4,aist__gLH_sBM_cAll_d18_mLH3_ch02__mc150-4,,BRIDGE3R,m15_bridge3r_fixed_v19,Seam-root_mm,433.8703009640078,320.932830456927,112.93747050708083
aist__gLH_sBM_cAll_d18_mLH3_ch02__mc150-4,aist__gLH_sBM_cAll_d18_mLH3_ch02__mc150-4,,BRIDGE3R,m15_bridge3r_fixed_v19,Seam-orientation_deg,29.276610927382926,55.81630084926339,-26.539689921880466
aist__gLH_sBM_cAll_d18_mLH3_ch02__mc150-4,aist__gLH_sBM_cAll_d18_mLH3_ch02__mc150-4,,BRIDGE3R,m15_bridge3r_fixed_v19,Camera-rotation_deg,135.10618810055672,81.60339134152365,53.502796759033075
aist__gLH_sBM_cAll_d18_mLH3_ch02__mc150-4,aist__gLH_sBM_cAll_d18_mLH3_ch02__mc150-4,,BRIDGE3R,m15_bridge3r_fixed_v19,Camera-translation_m,8.620359414827714,6.435786706745069,2.184572708082645
aist__gLH_sBM_cAll_d18_mLH3_ch02__mc150-4,aist__gLH_sBM_cAll_d18_mLH3_ch02__mc150-4,,BRIDGE3R,m15_bridge3r_fixed_v19,Boundary-camera-rotation_deg,90.10835260809279,52.205641161188225,37.90271144690456
aist__gLH_sBM_cAll_d18_mLH3_ch02__mc150-4,aist__gLH_sBM_cAll_d18_mLH3_ch02__mc150-4,,BRIDGE3R,m15_bridge3r_fixed_v19,Boundary-camera-translation_m,6.534139931637877,4.024251578907734,2.509888352730143
aist__gLH_sBM_cAll_d18_mLH3_ch02__mc150-4,aist__gLH_sBM_cAll_d18_mLH3_ch02__mc150-4,,BRIDGE3R,m15_bridge3r_fixed_v19,Coverage,0.9733333333333334,1.0,0.026666666666666616
aist__gLH_sBM_cAll_d18_mLH4_ch04__mc150-4,aist__gLH_sBM_cAll_d18_mLH4_ch04__mc150-4,,Human3R,m0_strict_human3r,PA-MPJPE_mm,50.06674925309096,50.28603297441189,-0.21928372132092733
aist__gLH_sBM_cAll_d18_mLH4_ch04__mc150-4,aist__gLH_sBM_cAll_d18_mLH4_ch04__mc150-4,,Human3R,m0_strict_human3r,Anchor-MPJPE_mm,436.5518729643473,293.7794334000097,142.77243956433762
aist__gLH_sBM_cAll_d18_mLH4_ch04__mc150-4,aist__gLH_sBM_cAll_d18_mLH4_ch04__mc150-4,,Human3R,m0_strict_human3r,Anchor-root_mm,359.11100782923603,204.60707134683165,154.50393648240438
aist__gLH_sBM_cAll_d18_mLH4_ch04__mc150-4,aist__gLH_sBM_cAll_d18_mLH4_ch04__mc150-4,,Human3R,m0_strict_human3r,Orientation_deg,97.93421210795934,51.742199650114564,46.192012457844775
aist__gLH_sBM_cAll_d18_mLH4_ch04__mc150-4,aist__gLH_sBM_cAll_d18_mLH4_ch04__mc150-4,,Human3R,m0_strict_human3r,Seam-root_mm,471.91611946765187,736.7504995071653,-264.8343800395134
aist__gLH_sBM_cAll_d18_mLH4_ch04__mc150-4,aist__gLH_sBM_cAll_d18_mLH4_ch04__mc150-4,,Human3R,m0_strict_human3r,Seam-orientation_deg,25.086887130395326,68.75950035579966,-43.67261322540433
aist__gLH_sBM_cAll_d18_mLH4_ch04__mc150-4,aist__gLH_sBM_cAll_d18_mLH4_ch04__mc150-4,,Human3R,m0_strict_human3r,Camera-rotation_deg,135.1175155038691,63.22917613171301,71.88833937215608
aist__gLH_sBM_cAll_d18_mLH4_ch04__mc150-4,aist__gLH_sBM_cAll_d18_mLH4_ch04__mc150-4,,Human3R,m0_strict_human3r,Camera-translation_m,8.634596779391613,5.191774275792857,3.442822503598756
aist__gLH_sBM_cAll_d18_mLH4_ch04__mc150-4,aist__gLH_sBM_cAll_d18_mLH4_ch04__mc150-4,,Human3R,m0_strict_human3r,Boundary-camera-rotation_deg,90.11261139461759,61.39324534219784,28.71936605241975
aist__gLH_sBM_cAll_d18_mLH4_ch04__mc150-4,aist__gLH_sBM_cAll_d18_mLH4_ch04__mc150-4,,Human3R,m0_strict_human3r,Boundary-camera-translation_m,6.536887139563031,4.497293318628604,2.039593820934426
aist__gLH_sBM_cAll_d18_mLH4_ch04__mc150-4,aist__gLH_sBM_cAll_d18_mLH4_ch04__mc150-4,,Human3R,m0_strict_human3r,Coverage,0.9933333333333333,1.0,0.00666666666666671
aist__gLH_sBM_cAll_d18_mLH4_ch04__mc150-4,aist__gLH_sBM_cAll_d18_mLH4_ch04__mc150-4,,BRIDGE3R,m15_bridge3r_fixed_v19,PA-MPJPE_mm,50.06674925309096,49.85744853709885,0.2093007159921143
aist__gLH_sBM_cAll_d18_mLH4_ch04__mc150-4,aist__gLH_sBM_cAll_d18_mLH4_ch04__mc150-4,,BRIDGE3R,m15_bridge3r_fixed_v19,Anchor-MPJPE_mm,436.5518729643473,510.461419380645,-73.9095464162977
aist__gLH_sBM_cAll_d18_mLH4_ch04__mc150-4,aist__gLH_sBM_cAll_d18_mLH4_ch04__mc150-4,,BRIDGE3R,m15_bridge3r_fixed_v19,Anchor-root_mm,359.11100782923603,441.6922769877988,-82.58126915856275
aist__gLH_sBM_cAll_d18_mLH4_ch04__mc150-4,aist__gLH_sBM_cAll_d18_mLH4_ch04__mc150-4,,BRIDGE3R,m15_bridge3r_fixed_v19,Orientation_deg,97.93421210795934,58.53300884298321,39.40120326497613
aist__gLH_sBM_cAll_d18_mLH4_ch04__mc150-4,aist__gLH_sBM_cAll_d18_mLH4_ch04__mc150-4,,BRIDGE3R,m15_bridge3r_fixed_v19,Seam-root_mm,471.91611946765187,485.65340949024875,-13.73729002259688
aist__gLH_sBM_cAll_d18_mLH4_ch04__mc150-4,aist__gLH_sBM_cAll_d18_mLH4_ch04__mc150-4,,BRIDGE3R,m15_bridge3r_fixed_v19,Seam-orientation_deg,25.086887130395326,61.95028486172587,-36.863397731330544
aist__gLH_sBM_cAll_d18_mLH4_ch04__mc150-4,aist__gLH_sBM_cAll_d18_mLH4_ch04__mc150-4,,BRIDGE3R,m15_bridge3r_fixed_v19,Camera-rotation_deg,135.1175155038691,73.51952440180456,61.59799110206454
aist__gLH_sBM_cAll_d18_mLH4_ch04__mc150-4,aist__gLH_sBM_cAll_d18_mLH4_ch04__mc150-4,,BRIDGE3R,m15_bridge3r_fixed_v19,Camera-translation_m,8.634596779391613,6.123781218554387,2.5108155608372256
aist__gLH_sBM_cAll_d18_mLH4_ch04__mc150-4,aist__gLH_sBM_cAll_d18_mLH4_ch04__mc150-4,,BRIDGE3R,m15_bridge3r_fixed_v19,Boundary-camera-rotation_deg,90.11261139461759,56.375473329221286,33.7371380653963
aist__gLH_sBM_cAll_d18_mLH4_ch04__mc150-4,aist__gLH_sBM_cAll_d18_mLH4_ch04__mc150-4,,BRIDGE3R,m15_bridge3r_fixed_v19,Boundary-camera-translation_m,6.536887139563031,4.245050278212795,2.2918368613502356
aist__gLH_sBM_cAll_d18_mLH4_ch04__mc150-4,aist__gLH_sBM_cAll_d18_mLH4_ch04__mc150-4,,BRIDGE3R,m15_bridge3r_fixed_v19,Coverage,0.9933333333333333,1.0,0.00666666666666671
aist__gLH_sBM_cAll_d18_mLH4_ch05__mc150-4,aist__gLH_sBM_cAll_d18_mLH4_ch05__mc150-4,,Human3R,m0_strict_human3r,PA-MPJPE_mm,51.160415801467806,50.59294389050651,0.5674719109612951
aist__gLH_sBM_cAll_d18_mLH4_ch05__mc150-4,aist__gLH_sBM_cAll_d18_mLH4_ch05__mc150-4,,Human3R,m0_strict_human3r,Anchor-MPJPE_mm,551.7494515390263,444.5231654480788,107.22628609094744
aist__gLH_sBM_cAll_d18_mLH4_ch05__mc150-4,aist__gLH_sBM_cAll_d18_mLH4_ch05__mc150-4,,Human3R,m0_strict_human3r,Anchor-root_mm,541.5998716505002,383.2833138666442,158.31655778385596
aist__gLH_sBM_cAll_d18_mLH4_ch05__mc150-4,aist__gLH_sBM_cAll_d18_mLH4_ch05__mc150-4,,Human3R,m0_strict_human3r,Orientation_deg,57.97113051160677,51.22135802646675,6.749772485140021
aist__gLH_sBM_cAll_d18_mLH4_ch05__mc150-4,aist__gLH_sBM_cAll_d18_mLH4_ch05__mc150-4,,Human3R,m0_strict_human3r,Seam-root_mm,309.49615040986197,1044.566095116096,-735.0699447062341
aist__gLH_sBM_cAll_d18_mLH4_ch05__mc150-4,aist__gLH_sBM_cAll_d18_mLH4_ch05__mc150-4,,Human3R,m0_strict_human3r,Seam-orientation_deg,37.996831407223894,63.92156472639059,-25.924733319166698
aist__gLH_sBM_cAll_d18_mLH4_ch05__mc150-4,aist__gLH_sBM_cAll_d18_mLH4_ch05__mc150-4,,Human3R,m0_strict_human3r,Camera-rotation_deg,71.04452146728686,64.22739400566253,6.817127461624324
aist__gLH_sBM_cAll_d18_mLH4_ch05__mc150-4,aist__gLH_sBM_cAll_d18_mLH4_ch05__mc150-4,,Human3R,m0_strict_human3r,Camera-translation_m,5.106533142166406,4.531988784571349,0.5745443575950571
aist__gLH_sBM_cAll_d18_mLH4_ch05__mc150-4,aist__gLH_sBM_cAll_d18_mLH4_ch05__mc150-4,,Human3R,m0_strict_human3r,Boundary-camera-rotation_deg,90.08723593796499,60.576201482221585,29.511034455743406
aist__gLH_sBM_cAll_d18_mLH4_ch05__mc150-4,aist__gLH_sBM_cAll_d18_mLH4_ch05__mc150-4,,Human3R,m0_strict_human3r,Boundary-camera-translation_m,6.554831369601865,4.510214516875174,2.0446168527266906
aist__gLH_sBM_cAll_d18_mLH4_ch05__mc150-4,aist__gLH_sBM_cAll_d18_mLH4_ch05__mc150-4,,Human3R,m0_strict_human3r,Coverage,0.98,1.0,0.020000000000000018
aist__gLH_sBM_cAll_d18_mLH4_ch05__mc150-4,aist__gLH_sBM_cAll_d18_mLH4_ch05__mc150-4,,BRIDGE3R,m15_bridge3r_fixed_v19,PA-MPJPE_mm,51.160415801467806,49.88149249820298,1.2789233032648255
aist__gLH_sBM_cAll_d18_mLH4_ch05__mc150-4,aist__gLH_sBM_cAll_d18_mLH4_ch05__mc150-4,,BRIDGE3R,m15_bridge3r_fixed_v19,Anchor-MPJPE_mm,551.7494515390263,473.67488316998373,78.07456836904254
aist__gLH_sBM_cAll_d18_mLH4_ch05__mc150-4,aist__gLH_sBM_cAll_d18_mLH4_ch05__mc150-4,,BRIDGE3R,m15_bridge3r_fixed_v19,Anchor-root_mm,541.5998716505002,465.2945586001487,76.30531305035146
aist__gLH_sBM_cAll_d18_mLH4_ch05__mc150-4,aist__gLH_sBM_cAll_d18_mLH4_ch05__mc150-4,,BRIDGE3R,m15_bridge3r_fixed_v19,Orientation_deg,57.97113051160677,67.67493112725289,-9.703800615646117
aist__gLH_sBM_cAll_d18_mLH4_ch05__mc150-4,aist__gLH_sBM_cAll_d18_mLH4_ch05__mc150-4,,BRIDGE3R,m15_bridge3r_fixed_v19,Seam-root_mm,309.49615040986197,588.0050702641623,-278.50891985430036
aist__gLH_sBM_cAll_d18_mLH4_ch05__mc150-4,aist__gLH_sBM_cAll_d18_mLH4_ch05__mc150-4,,BRIDGE3R,m15_bridge3r_fixed_v19,Seam-orientation_deg,37.996831407223894,98.90868716298644,-60.911855755762545
aist__gLH_sBM_cAll_d18_mLH4_ch05__mc150-4,aist__gLH_sBM_cAll_d18_mLH4_ch05__mc150-4,,BRIDGE3R,m15_bridge3r_fixed_v19,Camera-rotation_deg,71.04452146728686,91.06581840756455,-20.021296940277693
aist__gLH_sBM_cAll_d18_mLH4_ch05__mc150-4,aist__gLH_sBM_cAll_d18_mLH4_ch05__mc150-4,,BRIDGE3R,m15_bridge3r_fixed_v19,Camera-translation_m,5.106533142166406,5.666253907613845,-0.5597207654474383
aist__gLH_sBM_cAll_d18_mLH4_ch05__mc150-4,aist__gLH_sBM_cAll_d18_mLH4_ch05__mc150-4,,BRIDGE3R,m15_bridge3r_fixed_v19,Boundary-camera-rotation_deg,90.08723593796499,94.42897450799478,-4.34173857002979
aist__gLH_sBM_cAll_d18_mLH4_ch05__mc150-4,aist__gLH_sBM_cAll_d18_mLH4_ch05__mc150-4,,BRIDGE3R,m15_bridge3r_fixed_v19,Boundary-camera-translation_m,6.554831369601865,6.570156692374209,-0.015325322772344663
aist__gLH_sBM_cAll_d18_mLH4_ch05__mc150-4,aist__gLH_sBM_cAll_d18_mLH4_ch05__mc150-4,,BRIDGE3R,m15_bridge3r_fixed_v19,Coverage,0.98,1.0,0.020000000000000018
aist__gLH_sBM_cAll_d18_mLH4_ch06__mc150-4,aist__gLH_sBM_cAll_d18_mLH4_ch06__mc150-4,,Human3R,m0_strict_human3r,PA-MPJPE_mm,60.78571819380249,59.95292533959232,0.8327928542101688
aist__gLH_sBM_cAll_d18_mLH4_ch06__mc150-4,aist__gLH_sBM_cAll_d18_mLH4_ch06__mc150-4,,Human3R,m0_strict_human3r,Anchor-MPJPE_mm,348.7612560088574,291.78616411718065,56.975091891676755
aist__gLH_sBM_cAll_d18_mLH4_ch06__mc150-4,aist__gLH_sBM_cAll_d18_mLH4_ch06__mc150-4,,Human3R,m0_strict_human3r,Anchor-root_mm,300.0302387890618,247.26217581663116,52.76806297243064
aist__gLH_sBM_cAll_d18_mLH4_ch06__mc150-4,aist__gLH_sBM_cAll_d18_mLH4_ch06__mc150-4,,Human3R,m0_strict_human3r,Orientation_deg,49.596569857931975,28.47878646277968,21.117783395152294
aist__gLH_sBM_cAll_d18_mLH4_ch06__mc150-4,aist__gLH_sBM_cAll_d18_mLH4_ch06__mc150-4,,Human3R,m0_strict_human3r,Seam-root_mm,188.6591785738659,374.6490759653681,-185.98989739150224
aist__gLH_sBM_cAll_d18_mLH4_ch06__mc150-4,aist__gLH_sBM_cAll_d18_mLH4_ch06__mc150-4,,Human3R,m0_strict_human3r,Seam-orientation_deg,43.3099532359553,56.87594345514933,-13.565990219194035
aist__gLH_sBM_cAll_d18_mLH4_ch06__mc150-4,aist__gLH_sBM_cAll_d18_mLH4_ch06__mc150-4,,Human3R,m0_strict_human3r,Camera-rotation_deg,60.22046460408023,33.8226784824558,26.397786121624428
aist__gLH_sBM_cAll_d18_mLH4_ch06__mc150-4,aist__gLH_sBM_cAll_d18_mLH4_ch06__mc150-4,,Human3R,m0_strict_human3r,Camera-translation_m,4.585286077300237,2.795865596454256,1.7894204808459815
aist__gLH_sBM_cAll_d18_mLH4_ch06__mc150-4,aist__gLH_sBM_cAll_d18_mLH4_ch06__mc150-4,,Human3R,m0_strict_human3r,Boundary-camera-rotation_deg,90.05213119580259,61.213654201478455,28.838476994324132
aist__gLH_sBM_cAll_d18_mLH4_ch06__mc150-4,aist__gLH_sBM_cAll_d18_mLH4_ch06__mc150-4,,Human3R,m0_strict_human3r,Boundary-camera-translation_m,6.548884645465055,4.889263076770291,1.6596215686947637
aist__gLH_sBM_cAll_d18_mLH4_ch06__mc150-4,aist__gLH_sBM_cAll_d18_mLH4_ch06__mc150-4,,Human3R,m0_strict_human3r,Coverage,0.98,1.0,0.020000000000000018
aist__gLH_sBM_cAll_d18_mLH4_ch06__mc150-4,aist__gLH_sBM_cAll_d18_mLH4_ch06__mc150-4,,BRIDGE3R,m15_bridge3r_fixed_v19,PA-MPJPE_mm,60.78571819380249,59.22735770195696,1.5583604918455265
aist__gLH_sBM_cAll_d18_mLH4_ch06__mc150-4,aist__gLH_sBM_cAll_d18_mLH4_ch06__mc150-4,,BRIDGE3R,m15_bridge3r_fixed_v19,Anchor-MPJPE_mm,348.7612560088574,500.50119581662096,-151.73993980776356
aist__gLH_sBM_cAll_d18_mLH4_ch06__mc150-4,aist__gLH_sBM_cAll_d18_mLH4_ch06__mc150-4,,BRIDGE3R,m15_bridge3r_fixed_v19,Anchor-root_mm,300.0302387890618,477.92381418963197,-177.89357540057017
aist__gLH_sBM_cAll_d18_mLH4_ch06__mc150-4,aist__gLH_sBM_cAll_d18_mLH4_ch06__mc150-4,,BRIDGE3R,m15_bridge3r_fixed_v19,Orientation_deg,49.596569857931975,78.50431356854502,-28.90774371061304
aist__gLH_sBM_cAll_d18_mLH4_ch06__mc150-4,aist__gLH_sBM_cAll_d18_mLH4_ch06__mc150-4,,BRIDGE3R,m15_bridge3r_fixed_v19,Seam-root_mm,188.6591785738659,678.6847369610213,-490.02555838715534
aist__gLH_sBM_cAll_d18_mLH4_ch06__mc150-4,aist__gLH_sBM_cAll_d18_mLH4_ch06__mc150-4,,BRIDGE3R,m15_bridge3r_fixed_v19,Seam-orientation_deg,43.3099532359553,91.84508242272437,-48.535129186769076
aist__gLH_sBM_cAll_d18_mLH4_ch06__mc150-4,aist__gLH_sBM_cAll_d18_mLH4_ch06__mc150-4,,BRIDGE3R,m15_bridge3r_fixed_v19,Camera-rotation_deg,60.22046460408023,102.35486299533,-42.13439839124977
aist__gLH_sBM_cAll_d18_mLH4_ch06__mc150-4,aist__gLH_sBM_cAll_d18_mLH4_ch06__mc150-4,,BRIDGE3R,m15_bridge3r_fixed_v19,Camera-translation_m,4.585286077300237,6.128476488653805,-1.5431904113535673
aist__gLH_sBM_cAll_d18_mLH4_ch06__mc150-4,aist__gLH_sBM_cAll_d18_mLH4_ch06__mc150-4,,BRIDGE3R,m15_bridge3r_fixed_v19,Boundary-camera-rotation_deg,90.05213119580259,93.63654050742916,-3.5844093116265725
aist__gLH_sBM_cAll_d18_mLH4_ch06__mc150-4,aist__gLH_sBM_cAll_d18_mLH4_ch06__mc150-4,,BRIDGE3R,m15_bridge3r_fixed_v19,Boundary-camera-translation_m,6.548884645465055,6.744276302927695,-0.19539165746263976
aist__gLH_sBM_cAll_d18_mLH4_ch06__mc150-4,aist__gLH_sBM_cAll_d18_mLH4_ch06__mc150-4,,BRIDGE3R,m15_bridge3r_fixed_v19,Coverage,0.98,1.0,0.020000000000000018
aist__gLH_sBM_cAll_d18_mLH4_ch09__mc150-4,aist__gLH_sBM_cAll_d18_mLH4_ch09__mc150-4,,Human3R,m0_strict_human3r,PA-MPJPE_mm,56.21186420934038,55.462726904829054,0.7491373045113292
aist__gLH_sBM_cAll_d18_mLH4_ch09__mc150-4,aist__gLH_sBM_cAll_d18_mLH4_ch09__mc150-4,,Human3R,m0_strict_human3r,Anchor-MPJPE_mm,966.0108461004538,358.24996172022594,607.7608843802279
aist__gLH_sBM_cAll_d18_mLH4_ch09__mc150-4,aist__gLH_sBM_cAll_d18_mLH4_ch09__mc150-4,,Human3R,m0_strict_human3r,Anchor-root_mm,965.0646993548493,324.09145177559196,640.9732475792573
aist__gLH_sBM_cAll_d18_mLH4_ch09__mc150-4,aist__gLH_sBM_cAll_d18_mLH4_ch09__mc150-4,,Human3R,m0_strict_human3r,Orientation_deg,54.02613861485782,27.307776559497153,26.718362055360668
aist__gLH_sBM_cAll_d18_mLH4_ch09__mc150-4,aist__gLH_sBM_cAll_d18_mLH4_ch09__mc150-4,,Human3R,m0_strict_human3r,Seam-root_mm,567.6366109967285,387.8522497152591,179.78436128146933
aist__gLH_sBM_cAll_d18_mLH4_ch09__mc150-4,aist__gLH_sBM_cAll_d18_mLH4_ch09__mc150-4,,Human3R,m0_strict_human3r,Seam-orientation_deg,31.605645527419238,60.35972877456148,-28.754083247142244
aist__gLH_sBM_cAll_d18_mLH4_ch09__mc150-4,aist__gLH_sBM_cAll_d18_mLH4_ch09__mc150-4,,Human3R,m0_strict_human3r,Camera-rotation_deg,64.78093452763929,34.96560003339185,29.815334494247438
aist__gLH_sBM_cAll_d18_mLH4_ch09__mc150-4,aist__gLH_sBM_cAll_d18_mLH4_ch09__mc150-4,,Human3R,m0_strict_human3r,Camera-translation_m,4.699778486676408,2.7864807416664275,1.9132977450099804
aist__gLH_sBM_cAll_d18_mLH4_ch09__mc150-4,aist__gLH_sBM_cAll_d18_mLH4_ch09__mc150-4,,Human3R,m0_strict_human3r,Boundary-camera-rotation_deg,90.05373641746799,59.61687671901705,30.436859698450938
aist__gLH_sBM_cAll_d18_mLH4_ch09__mc150-4,aist__gLH_sBM_cAll_d18_mLH4_ch09__mc150-4,,Human3R,m0_strict_human3r,Boundary-camera-translation_m,6.549071330697532,4.695708568662996,1.8533627620345365
aist__gLH_sBM_cAll_d18_mLH4_ch09__mc150-4,aist__gLH_sBM_cAll_d18_mLH4_ch09__mc150-4,,Human3R,m0_strict_human3r,Coverage,0.98,1.0,0.020000000000000018
aist__gLH_sBM_cAll_d18_mLH4_ch09__mc150-4,aist__gLH_sBM_cAll_d18_mLH4_ch09__mc150-4,,BRIDGE3R,m15_bridge3r_fixed_v19,PA-MPJPE_mm,56.21186420934038,55.161925086765635,1.0499391225747488
aist__gLH_sBM_cAll_d18_mLH4_ch09__mc150-4,aist__gLH_sBM_cAll_d18_mLH4_ch09__mc150-4,,BRIDGE3R,m15_bridge3r_fixed_v19,Anchor-MPJPE_mm,966.0108461004538,420.52216240154513,545.4886836989087
aist__gLH_sBM_cAll_d18_mLH4_ch09__mc150-4,aist__gLH_sBM_cAll_d18_mLH4_ch09__mc150-4,,BRIDGE3R,m15_bridge3r_fixed_v19,Anchor-root_mm,965.0646993548493,334.5459515521969,630.5187478026523
aist__gLH_sBM_cAll_d18_mLH4_ch09__mc150-4,aist__gLH_sBM_cAll_d18_mLH4_ch09__mc150-4,,BRIDGE3R,m15_bridge3r_fixed_v19,Orientation_deg,54.02613861485782,72.26310537374158,-18.23696675888376
aist__gLH_sBM_cAll_d18_mLH4_ch09__mc150-4,aist__gLH_sBM_cAll_d18_mLH4_ch09__mc150-4,,BRIDGE3R,m15_bridge3r_fixed_v19,Seam-root_mm,567.6366109967285,671.40576285672,-103.76915185999155
aist__gLH_sBM_cAll_d18_mLH4_ch09__mc150-4,aist__gLH_sBM_cAll_d18_mLH4_ch09__mc150-4,,BRIDGE3R,m15_bridge3r_fixed_v19,Seam-orientation_deg,31.605645527419238,92.10095358276065,-60.49530805534141
aist__gLH_sBM_cAll_d18_mLH4_ch09__mc150-4,aist__gLH_sBM_cAll_d18_mLH4_ch09__mc150-4,,BRIDGE3R,m15_bridge3r_fixed_v19,Camera-rotation_deg,64.78093452763929,97.33796657138302,-32.55703204374373
aist__gLH_sBM_cAll_d18_mLH4_ch09__mc150-4,aist__gLH_sBM_cAll_d18_mLH4_ch09__mc150-4,,BRIDGE3R,m15_bridge3r_fixed_v19,Camera-translation_m,4.699778486676408,6.128126224107313,-1.4283477374309053
aist__gLH_sBM_cAll_d18_mLH4_ch09__mc150-4,aist__gLH_sBM_cAll_d18_mLH4_ch09__mc150-4,,BRIDGE3R,m15_bridge3r_fixed_v19,Boundary-camera-rotation_deg,90.05373641746799,91.86854018168378,-1.814803764215796
aist__gLH_sBM_cAll_d18_mLH4_ch09__mc150-4,aist__gLH_sBM_cAll_d18_mLH4_ch09__mc150-4,,BRIDGE3R,m15_bridge3r_fixed_v19,Boundary-camera-translation_m,6.549071330697532,6.647613935730047,-0.09854260503251489
aist__gLH_sBM_cAll_d18_mLH4_ch09__mc150-4,aist__gLH_sBM_cAll_d18_mLH4_ch09__mc150-4,,BRIDGE3R,m15_bridge3r_fixed_v19,Coverage,0.98,1.0,0.020000000000000018
aist__gLH_sBM_cAll_d18_mLH4_ch10__mc150-4,aist__gLH_sBM_cAll_d18_mLH4_ch10__mc150-4,,Human3R,m0_strict_human3r,PA-MPJPE_mm,53.782027541590224,56.590104192924215,-2.808076651333991
aist__gLH_sBM_cAll_d18_mLH4_ch10__mc150-4,aist__gLH_sBM_cAll_d18_mLH4_ch10__mc150-4,,Human3R,m0_strict_human3r,Anchor-MPJPE_mm,411.36039150481196,1125.335193336705,-713.974801831893
aist__gLH_sBM_cAll_d18_mLH4_ch10__mc150-4,aist__gLH_sBM_cAll_d18_mLH4_ch10__mc150-4,,Human3R,m0_strict_human3r,Anchor-root_mm,349.2716747090079,1102.2324300599562,-752.9607553509483
aist__gLH_sBM_cAll_d18_mLH4_ch10__mc150-4,aist__gLH_sBM_cAll_d18_mLH4_ch10__mc150-4,,Human3R,m0_strict_human3r,Orientation_deg,97.60767712756164,46.17464250318724,51.4330346243744
aist__gLH_sBM_cAll_d18_mLH4_ch10__mc150-4,aist__gLH_sBM_cAll_d18_mLH4_ch10__mc150-4,,Human3R,m0_strict_human3r,Seam-root_mm,495.5870574167703,858.4540709331337,-362.86701351636344
aist__gLH_sBM_cAll_d18_mLH4_ch10__mc150-4,aist__gLH_sBM_cAll_d18_mLH4_ch10__mc150-4,,Human3R,m0_strict_human3r,Seam-orientation_deg,39.54818907191954,65.98920362059057,-26.441014548671035
aist__gLH_sBM_cAll_d18_mLH4_ch10__mc150-4,aist__gLH_sBM_cAll_d18_mLH4_ch10__mc150-4,,Human3R,m0_strict_human3r,Camera-rotation_deg,135.14570521491873,61.06618874056067,74.07951647435806
aist__gLH_sBM_cAll_d18_mLH4_ch10__mc150-4,aist__gLH_sBM_cAll_d18_mLH4_ch10__mc150-4,,Human3R,m0_strict_human3r,Camera-translation_m,8.669070518836076,5.179866313305589,3.489204205530487
aist__gLH_sBM_cAll_d18_mLH4_ch10__mc150-4,aist__gLH_sBM_cAll_d18_mLH4_ch10__mc150-4,,Human3R,m0_strict_human3r,Boundary-camera-rotation_deg,90.11115997727326,63.31744713953746,26.793712837735804
aist__gLH_sBM_cAll_d18_mLH4_ch10__mc150-4,aist__gLH_sBM_cAll_d18_mLH4_ch10__mc150-4,,Human3R,m0_strict_human3r,Boundary-camera-translation_m,6.537452635729778,5.0181373709268575,1.5193152648029207
aist__gLH_sBM_cAll_d18_mLH4_ch10__mc150-4,aist__gLH_sBM_cAll_d18_mLH4_ch10__mc150-4,,Human3R,m0_strict_human3r,Coverage,0.9933333333333333,1.0,0.00666666666666671
aist__gLH_sBM_cAll_d18_mLH4_ch10__mc150-4,aist__gLH_sBM_cAll_d18_mLH4_ch10__mc150-4,,BRIDGE3R,m15_bridge3r_fixed_v19,PA-MPJPE_mm,53.782027541590224,56.76975817959518,-2.9877306380049546
aist__gLH_sBM_cAll_d18_mLH4_ch10__mc150-4,aist__gLH_sBM_cAll_d18_mLH4_ch10__mc150-4,,BRIDGE3R,m15_bridge3r_fixed_v19,Anchor-MPJPE_mm,411.36039150481196,966.4304845538953,-555.0700930490834
aist__gLH_sBM_cAll_d18_mLH4_ch10__mc150-4,aist__gLH_sBM_cAll_d18_mLH4_ch10__mc150-4,,BRIDGE3R,m15_bridge3r_fixed_v19,Anchor-root_mm,349.2716747090079,936.111975631384,-586.8403009223761
aist__gLH_sBM_cAll_d18_mLH4_ch10__mc150-4,aist__gLH_sBM_cAll_d18_mLH4_ch10__mc150-4,,BRIDGE3R,m15_bridge3r_fixed_v19,Orientation_deg,97.60767712756164,46.94944493844961,50.658232189112034
aist__gLH_sBM_cAll_d18_mLH4_ch10__mc150-4,aist__gLH_sBM_cAll_d18_mLH4_ch10__mc150-4,,BRIDGE3R,m15_bridge3r_fixed_v19,Seam-root_mm,495.5870574167703,688.2708836760945,-192.68382625932423
aist__gLH_sBM_cAll_d18_mLH4_ch10__mc150-4,aist__gLH_sBM_cAll_d18_mLH4_ch10__mc150-4,,BRIDGE3R,m15_bridge3r_fixed_v19,Seam-orientation_deg,39.54818907191954,63.5460363106643,-23.99784723874476
aist__gLH_sBM_cAll_d18_mLH4_ch10__mc150-4,aist__gLH_sBM_cAll_d18_mLH4_ch10__mc150-4,,BRIDGE3R,m15_bridge3r_fixed_v19,Camera-rotation_deg,135.14570521491873,61.97471752525986,73.17098768965887
aist__gLH_sBM_cAll_d18_mLH4_ch10__mc150-4,aist__gLH_sBM_cAll_d18_mLH4_ch10__mc150-4,,BRIDGE3R,m15_bridge3r_fixed_v19,Camera-translation_m,8.669070518836076,5.266100922958242,3.402969595877834
aist__gLH_sBM_cAll_d18_mLH4_ch10__mc150-4,aist__gLH_sBM_cAll_d18_mLH4_ch10__mc150-4,,BRIDGE3R,m15_bridge3r_fixed_v19,Boundary-camera-rotation_deg,90.11115997727326,63.826639249925165,26.284520727348095
aist__gLH_sBM_cAll_d18_mLH4_ch10__mc150-4,aist__gLH_sBM_cAll_d18_mLH4_ch10__mc150-4,,BRIDGE3R,m15_bridge3r_fixed_v19,Boundary-camera-translation_m,6.537452635729778,4.657110784008296,1.8803418517214823
aist__gLH_sBM_cAll_d18_mLH4_ch10__mc150-4,aist__gLH_sBM_cAll_d18_mLH4_ch10__mc150-4,,BRIDGE3R,m15_bridge3r_fixed_v19,Coverage,0.9933333333333333,1.0,0.00666666666666671
aist__gLH_sBM_cAll_d18_mLH5_ch01__mc150-4,aist__gLH_sBM_cAll_d18_mLH5_ch01__mc150-4,,Human3R,m0_strict_human3r,PA-MPJPE_mm,66.0402776943043,59.738221403381495,6.302056290922799
aist__gLH_sBM_cAll_d18_mLH5_ch01__mc150-4,aist__gLH_sBM_cAll_d18_mLH5_ch01__mc150-4,,Human3R,m0_strict_human3r,Anchor-MPJPE_mm,942.2433478236596,365.3270139137695,576.9163339098901
aist__gLH_sBM_cAll_d18_mLH5_ch01__mc150-4,aist__gLH_sBM_cAll_d18_mLH5_ch01__mc150-4,,Human3R,m0_strict_human3r,Anchor-root_mm,926.1714125457796,335.6690114171412,590.5024011286384
aist__gLH_sBM_cAll_d18_mLH5_ch01__mc150-4,aist__gLH_sBM_cAll_d18_mLH5_ch01__mc150-4,,Human3R,m0_strict_human3r,Orientation_deg,46.31593960275366,29.545864281953545,16.770075320800114
aist__gLH_sBM_cAll_d18_mLH5_ch01__mc150-4,aist__gLH_sBM_cAll_d18_mLH5_ch01__mc150-4,,Human3R,m0_strict_human3r,Seam-root_mm,260.10178683104533,540.1987122862329,-280.09692545518755
aist__gLH_sBM_cAll_d18_mLH5_ch01__mc150-4,aist__gLH_sBM_cAll_d18_mLH5_ch01__mc150-4,,Human3R,m0_strict_human3r,Seam-orientation_deg,26.45749241579415,48.60287160643856,-22.145379190644412
aist__gLH_sBM_cAll_d18_mLH5_ch01__mc150-4,aist__gLH_sBM_cAll_d18_mLH5_ch01__mc150-4,,Human3R,m0_strict_human3r,Camera-rotation_deg,50.393826328903394,34.56899825317656,15.824828075726835
aist__gLH_sBM_cAll_d18_mLH5_ch01__mc150-4,aist__gLH_sBM_cAll_d18_mLH5_ch01__mc150-4,,Human3R,m0_strict_human3r,Camera-translation_m,4.695194010100146,2.9629932501160114,1.732200759984135
aist__gLH_sBM_cAll_d18_mLH5_ch01__mc150-4,aist__gLH_sBM_cAll_d18_mLH5_ch01__mc150-4,,Human3R,m0_strict_human3r,Boundary-camera-rotation_deg,90.06131945180262,58.99207248202388,31.06924696977874
aist__gLH_sBM_cAll_d18_mLH5_ch01__mc150-4,aist__gLH_sBM_cAll_d18_mLH5_ch01__mc150-4,,Human3R,m0_strict_human3r,Boundary-camera-translation_m,6.564279052188399,4.564559696521564,1.9997193556668353
aist__gLH_sBM_cAll_d18_mLH5_ch01__mc150-4,aist__gLH_sBM_cAll_d18_mLH5_ch01__mc150-4,,Human3R,m0_strict_human3r,Coverage,0.96,1.0,0.040000000000000036
aist__gLH_sBM_cAll_d18_mLH5_ch01__mc150-4,aist__gLH_sBM_cAll_d18_mLH5_ch01__mc150-4,,BRIDGE3R,m15_bridge3r_fixed_v19,PA-MPJPE_mm,66.0402776943043,59.167404485323566,6.872873208980728
aist__gLH_sBM_cAll_d18_mLH5_ch01__mc150-4,aist__gLH_sBM_cAll_d18_mLH5_ch01__mc150-4,,BRIDGE3R,m15_bridge3r_fixed_v19,Anchor-MPJPE_mm,942.2433478236596,525.7191240122036,416.52422381145607
aist__gLH_sBM_cAll_d18_mLH5_ch01__mc150-4,aist__gLH_sBM_cAll_d18_mLH5_ch01__mc150-4,,BRIDGE3R,m15_bridge3r_fixed_v19,Anchor-root_mm,926.1714125457796,517.8628173392096,408.30859520657
aist__gLH_sBM_cAll_d18_mLH5_ch01__mc150-4,aist__gLH_sBM_cAll_d18_mLH5_ch01__mc150-4,,BRIDGE3R,m15_bridge3r_fixed_v19,Orientation_deg,46.31593960275366,51.18196084901081,-4.866021246257148
aist__gLH_sBM_cAll_d18_mLH5_ch01__mc150-4,aist__gLH_sBM_cAll_d18_mLH5_ch01__mc150-4,,BRIDGE3R,m15_bridge3r_fixed_v19,Seam-root_mm,260.10178683104533,806.1555800546371,-546.0537932235918
aist__gLH_sBM_cAll_d18_mLH5_ch01__mc150-4,aist__gLH_sBM_cAll_d18_mLH5_ch01__mc150-4,,BRIDGE3R,m15_bridge3r_fixed_v19,Seam-orientation_deg,26.45749241579415,112.06087265578856,-85.60338023999441
aist__gLH_sBM_cAll_d18_mLH5_ch01__mc150-4,aist__gLH_sBM_cAll_d18_mLH5_ch01__mc150-4,,BRIDGE3R,m15_bridge3r_fixed_v19,Camera-rotation_deg,50.393826328903394,62.346462714163316,-11.952636385259922
aist__gLH_sBM_cAll_d18_mLH5_ch01__mc150-4,aist__gLH_sBM_cAll_d18_mLH5_ch01__mc150-4,,BRIDGE3R,m15_bridge3r_fixed_v19,Camera-translation_m,4.695194010100146,3.7631660464281356,0.9320279636720108
aist__gLH_sBM_cAll_d18_mLH5_ch01__mc150-4,aist__gLH_sBM_cAll_d18_mLH5_ch01__mc150-4,,BRIDGE3R,m15_bridge3r_fixed_v19,Boundary-camera-rotation_deg,90.06131945180262,120.70549786254541,-30.644178410742796
aist__gLH_sBM_cAll_d18_mLH5_ch01__mc150-4,aist__gLH_sBM_cAll_d18_mLH5_ch01__mc150-4,,BRIDGE3R,m15_bridge3r_fixed_v19,Boundary-camera-translation_m,6.564279052188399,6.928193884245128,-0.3639148320567287
aist__gLH_sBM_cAll_d18_mLH5_ch01__mc150-4,aist__gLH_sBM_cAll_d18_mLH5_ch01__mc150-4,,BRIDGE3R,m15_bridge3r_fixed_v19,Coverage,0.96,1.0,0.040000000000000036
aist__gLH_sBM_cAll_d18_mLH5_ch02__mc150-4,aist__gLH_sBM_cAll_d18_mLH5_ch02__mc150-4,,Human3R,m0_strict_human3r,PA-MPJPE_mm,66.65470290464138,60.482610446090646,6.172092458550736
aist__gLH_sBM_cAll_d18_mLH5_ch02__mc150-4,aist__gLH_sBM_cAll_d18_mLH5_ch02__mc150-4,,Human3R,m0_strict_human3r,Anchor-MPJPE_mm,799.8063128299267,331.1525905384816,468.6537222914451
aist__gLH_sBM_cAll_d18_mLH5_ch02__mc150-4,aist__gLH_sBM_cAll_d18_mLH5_ch02__mc150-4,,Human3R,m0_strict_human3r,Anchor-root_mm,780.3300775596811,329.7051366602424,450.6249408994387
aist__gLH_sBM_cAll_d18_mLH5_ch02__mc150-4,aist__gLH_sBM_cAll_d18_mLH5_ch02__mc150-4,,Human3R,m0_strict_human3r,Orientation_deg,50.75819542433788,33.69405392086567,17.064141503472207
aist__gLH_sBM_cAll_d18_mLH5_ch02__mc150-4,aist__gLH_sBM_cAll_d18_mLH5_ch02__mc150-4,,Human3R,m0_strict_human3r,Seam-root_mm,302.2264920862834,801.5300213995991,-499.3035293133158
aist__gLH_sBM_cAll_d18_mLH5_ch02__mc150-4,aist__gLH_sBM_cAll_d18_mLH5_ch02__mc150-4,,Human3R,m0_strict_human3r,Seam-orientation_deg,12.69959673769615,62.55681445303646,-49.85721771534031
aist__gLH_sBM_cAll_d18_mLH5_ch02__mc150-4,aist__gLH_sBM_cAll_d18_mLH5_ch02__mc150-4,,Human3R,m0_strict_human3r,Camera-rotation_deg,61.98995075072038,38.04436894631109,23.945581804409294
aist__gLH_sBM_cAll_d18_mLH5_ch02__mc150-4,aist__gLH_sBM_cAll_d18_mLH5_ch02__mc150-4,,Human3R,m0_strict_human3r,Camera-translation_m,4.771684637204522,2.770849074279193,2.0008355629253285
aist__gLH_sBM_cAll_d18_mLH5_ch02__mc150-4,aist__gLH_sBM_cAll_d18_mLH5_ch02__mc150-4,,Human3R,m0_strict_human3r,Boundary-camera-rotation_deg,90.03387606035874,65.4242796537076,24.609596406651136
aist__gLH_sBM_cAll_d18_mLH5_ch02__mc150-4,aist__gLH_sBM_cAll_d18_mLH5_ch02__mc150-4,,Human3R,m0_strict_human3r,Boundary-camera-translation_m,6.541094885130845,5.320323752686474,1.220771132444371
aist__gLH_sBM_cAll_d18_mLH5_ch02__mc150-4,aist__gLH_sBM_cAll_d18_mLH5_ch02__mc150-4,,Human3R,m0_strict_human3r,Coverage,0.96,1.0,0.040000000000000036
aist__gLH_sBM_cAll_d18_mLH5_ch02__mc150-4,aist__gLH_sBM_cAll_d18_mLH5_ch02__mc150-4,,BRIDGE3R,m15_bridge3r_fixed_v19,PA-MPJPE_mm,66.65470290464138,60.123423798198786,6.531279106442597
aist__gLH_sBM_cAll_d18_mLH5_ch02__mc150-4,aist__gLH_sBM_cAll_d18_mLH5_ch02__mc150-4,,BRIDGE3R,m15_bridge3r_fixed_v19,Anchor-MPJPE_mm,799.8063128299267,925.7633057684294,-125.95699293850271
aist__gLH_sBM_cAll_d18_mLH5_ch02__mc150-4,aist__gLH_sBM_cAll_d18_mLH5_ch02__mc150-4,,BRIDGE3R,m15_bridge3r_fixed_v19,Anchor-root_mm,780.3300775596811,924.9440676525251,-144.613990092844
aist__gLH_sBM_cAll_d18_mLH5_ch02__mc150-4,aist__gLH_sBM_cAll_d18_mLH5_ch02__mc150-4,,BRIDGE3R,m15_bridge3r_fixed_v19,Orientation_deg,50.75819542433788,61.7063381546623,-10.94814273032442
aist__gLH_sBM_cAll_d18_mLH5_ch02__mc150-4,aist__gLH_sBM_cAll_d18_mLH5_ch02__mc150-4,,BRIDGE3R,m15_bridge3r_fixed_v19,Seam-root_mm,302.2264920862834,634.6761092356938,-332.44961714941047
aist__gLH_sBM_cAll_d18_mLH5_ch02__mc150-4,aist__gLH_sBM_cAll_d18_mLH5_ch02__mc150-4,,BRIDGE3R,m15_bridge3r_fixed_v19,Seam-orientation_deg,12.69959673769615,96.99308969774184,-84.29349296004568
aist__gLH_sBM_cAll_d18_mLH5_ch02__mc150-4,aist__gLH_sBM_cAll_d18_mLH5_ch02__mc150-4,,BRIDGE3R,m15_bridge3r_fixed_v19,Camera-rotation_deg,61.98995075072038,83.37404564191456,-21.38409489119418
aist__gLH_sBM_cAll_d18_mLH5_ch02__mc150-4,aist__gLH_sBM_cAll_d18_mLH5_ch02__mc150-4,,BRIDGE3R,m15_bridge3r_fixed_v19,Camera-translation_m,4.771684637204522,6.0493957489555745,-1.277711111751053
aist__gLH_sBM_cAll_d18_mLH5_ch02__mc150-4,aist__gLH_sBM_cAll_d18_mLH5_ch02__mc150-4,,BRIDGE3R,m15_bridge3r_fixed_v19,Boundary-camera-rotation_deg,90.03387606035874,99.52742771517082,-9.49355165481208
aist__gLH_sBM_cAll_d18_mLH5_ch02__mc150-4,aist__gLH_sBM_cAll_d18_mLH5_ch02__mc150-4,,BRIDGE3R,m15_bridge3r_fixed_v19,Boundary-camera-translation_m,6.541094885130845,6.802167586565705,-0.26107270143485994
aist__gLH_sBM_cAll_d18_mLH5_ch02__mc150-4,aist__gLH_sBM_cAll_d18_mLH5_ch02__mc150-4,,BRIDGE3R,m15_bridge3r_fixed_v19,Coverage,0.96,1.0,0.040000000000000036
aist__gLH_sFM_cAll_d18_mLH4_ch19__mc150-4,aist__gLH_sFM_cAll_d18_mLH4_ch19__mc150-4,,Human3R,m0_strict_human3r,PA-MPJPE_mm,59.31901911654424,60.8230942644382,-1.504075147893957
aist__gLH_sFM_cAll_d18_mLH4_ch19__mc150-4,aist__gLH_sFM_cAll_d18_mLH4_ch19__mc150-4,,Human3R,m0_strict_human3r,Anchor-MPJPE_mm,431.3543965148728,431.28816250910586,0.06623400576694394
aist__gLH_sFM_cAll_d18_mLH4_ch19__mc150-4,aist__gLH_sFM_cAll_d18_mLH4_ch19__mc150-4,,Human3R,m0_strict_human3r,Anchor-root_mm,385.60299934812736,426.13545983979196,-40.53246049166461
aist__gLH_sFM_cAll_d18_mLH4_ch19__mc150-4,aist__gLH_sFM_cAll_d18_mLH4_ch19__mc150-4,,Human3R,m0_strict_human3r,Orientation_deg,66.09027926652098,37.27331303877918,28.8169662277418
aist__gLH_sFM_cAll_d18_mLH4_ch19__mc150-4,aist__gLH_sFM_cAll_d18_mLH4_ch19__mc150-4,,Human3R,m0_strict_human3r,Seam-root_mm,539.799948988583,424.11729265631715,115.68265633226582
aist__gLH_sFM_cAll_d18_mLH4_ch19__mc150-4,aist__gLH_sFM_cAll_d18_mLH4_ch19__mc150-4,,Human3R,m0_strict_human3r,Seam-orientation_deg,40.32637909319386,70.5372971716642,-30.21091807847035
aist__gLH_sFM_cAll_d18_mLH4_ch19__mc150-4,aist__gLH_sFM_cAll_d18_mLH4_ch19__mc150-4,,Human3R,m0_strict_human3r,Camera-rotation_deg,74.93276872668837,38.853045625463324,36.07972310122504
aist__gLH_sFM_cAll_d18_mLH4_ch19__mc150-4,aist__gLH_sFM_cAll_d18_mLH4_ch19__mc150-4,,Human3R,m0_strict_human3r,Camera-translation_m,5.892163247249466,4.03387830053027,1.8582849467191966
aist__gLH_sFM_cAll_d18_mLH4_ch19__mc150-4,aist__gLH_sFM_cAll_d18_mLH4_ch19__mc150-4,,Human3R,m0_strict_human3r,Boundary-camera-rotation_deg,90.1134872833528,66.73776797697575,23.37571930637705
aist__gLH_sFM_cAll_d18_mLH4_ch19__mc150-4,aist__gLH_sFM_cAll_d18_mLH4_ch19__mc150-4,,Human3R,m0_strict_human3r,Boundary-camera-translation_m,6.646274583840468,4.990907490931225,1.655367092909243
aist__gLH_sFM_cAll_d18_mLH4_ch19__mc150-4,aist__gLH_sFM_cAll_d18_mLH4_ch19__mc150-4,,Human3R,m0_strict_human3r,Coverage,0.9933333333333333,1.0,0.00666666666666671
aist__gLH_sFM_cAll_d18_mLH4_ch19__mc150-4,aist__gLH_sFM_cAll_d18_mLH4_ch19__mc150-4,,BRIDGE3R,m15_bridge3r_fixed_v19,PA-MPJPE_mm,59.31901911654424,60.07273302292061,-0.7537139063763689
aist__gLH_sFM_cAll_d18_mLH4_ch19__mc150-4,aist__gLH_sFM_cAll_d18_mLH4_ch19__mc150-4,,BRIDGE3R,m15_bridge3r_fixed_v19,Anchor-MPJPE_mm,431.3543965148728,801.5203769476566,-370.1659804327838
aist__gLH_sFM_cAll_d18_mLH4_ch19__mc150-4,aist__gLH_sFM_cAll_d18_mLH4_ch19__mc150-4,,BRIDGE3R,m15_bridge3r_fixed_v19,Anchor-root_mm,385.60299934812736,786.5577182062347,-400.9547188581073
aist__gLH_sFM_cAll_d18_mLH4_ch19__mc150-4,aist__gLH_sFM_cAll_d18_mLH4_ch19__mc150-4,,BRIDGE3R,m15_bridge3r_fixed_v19,Orientation_deg,66.09027926652098,19.279713534191444,46.810565732329536
aist__gLH_sFM_cAll_d18_mLH4_ch19__mc150-4,aist__gLH_sFM_cAll_d18_mLH4_ch19__mc150-4,,BRIDGE3R,m15_bridge3r_fixed_v19,Seam-root_mm,539.799948988583,1389.7002073746135,-849.9002583860305
aist__gLH_sFM_cAll_d18_mLH4_ch19__mc150-4,aist__gLH_sFM_cAll_d18_mLH4_ch19__mc150-4,,BRIDGE3R,m15_bridge3r_fixed_v19,Seam-orientation_deg,40.32637909319386,23.04081834101974,17.285560752174117
aist__gLH_sFM_cAll_d18_mLH4_ch19__mc150-4,aist__gLH_sFM_cAll_d18_mLH4_ch19__mc150-4,,BRIDGE3R,m15_bridge3r_fixed_v19,Camera-rotation_deg,74.93276872668837,13.744648524485026,61.188120202203336
aist__gLH_sFM_cAll_d18_mLH4_ch19__mc150-4,aist__gLH_sFM_cAll_d18_mLH4_ch19__mc150-4,,BRIDGE3R,m15_bridge3r_fixed_v19,Camera-translation_m,5.892163247249466,2.213759884573631,3.6784033626758355
aist__gLH_sFM_cAll_d18_mLH4_ch19__mc150-4,aist__gLH_sFM_cAll_d18_mLH4_ch19__mc150-4,,BRIDGE3R,m15_bridge3r_fixed_v19,Boundary-camera-rotation_deg,90.1134872833528,22.075211975346576,68.03827530800622
aist__gLH_sFM_cAll_d18_mLH4_ch19__mc150-4,aist__gLH_sFM_cAll_d18_mLH4_ch19__mc150-4,,BRIDGE3R,m15_bridge3r_fixed_v19,Boundary-camera-translation_m,6.646274583840468,2.531785920941783,4.114488662898685
aist__gLH_sFM_cAll_d18_mLH4_ch19__mc150-4,aist__gLH_sFM_cAll_d18_mLH4_ch19__mc150-4,,BRIDGE3R,m15_bridge3r_fixed_v19,Coverage,0.9933333333333333,1.0,0.00666666666666671
aist__gLO_sBM_cAll_d15_mLO2_ch01__mc150-4,aist__gLO_sBM_cAll_d15_mLO2_ch01__mc150-4,,Human3R,m0_strict_human3r,PA-MPJPE_mm,54.45969716870197,52.24195694498868,2.2177402237132924
aist__gLO_sBM_cAll_d15_mLO2_ch01__mc150-4,aist__gLO_sBM_cAll_d15_mLO2_ch01__mc150-4,,Human3R,m0_strict_human3r,Anchor-MPJPE_mm,1356.1776694970365,614.990625182508,741.1870443145285
aist__gLO_sBM_cAll_d15_mLO2_ch01__mc150-4,aist__gLO_sBM_cAll_d15_mLO2_ch01__mc150-4,,Human3R,m0_strict_human3r,Anchor-root_mm,1336.2949298626343,596.2584221651132,740.0365076975211
aist__gLO_sBM_cAll_d15_mLO2_ch01__mc150-4,aist__gLO_sBM_cAll_d15_mLO2_ch01__mc150-4,,Human3R,m0_strict_human3r,Orientation_deg,38.66660526558889,26.859513796597668,11.807091468991224
aist__gLO_sBM_cAll_d15_mLO2_ch01__mc150-4,aist__gLO_sBM_cAll_d15_mLO2_ch01__mc150-4,,Human3R,m0_strict_human3r,Seam-root_mm,337.72179441779855,531.5698772918703,-193.84808287407174
aist__gLO_sBM_cAll_d15_mLO2_ch01__mc150-4,aist__gLO_sBM_cAll_d15_mLO2_ch01__mc150-4,,Human3R,m0_strict_human3r,Seam-orientation_deg,32.22009363976637,56.58600221960717,-24.3659085798408
aist__gLO_sBM_cAll_d15_mLO2_ch01__mc150-4,aist__gLO_sBM_cAll_d15_mLO2_ch01__mc150-4,,Human3R,m0_strict_human3r,Camera-rotation_deg,58.327373119575896,41.3244079595046,17.002965160071298
aist__gLO_sBM_cAll_d15_mLO2_ch01__mc150-4,aist__gLO_sBM_cAll_d15_mLO2_ch01__mc150-4,,Human3R,m0_strict_human3r,Camera-translation_m,4.825012469281703,3.8338017615486364,0.991210707733067
aist__gLO_sBM_cAll_d15_mLO2_ch01__mc150-4,aist__gLO_sBM_cAll_d15_mLO2_ch01__mc150-4,,Human3R,m0_strict_human3r,Boundary-camera-rotation_deg,87.29172204351691,57.21609575603106,30.075626287485854
aist__gLO_sBM_cAll_d15_mLO2_ch01__mc150-4,aist__gLO_sBM_cAll_d15_mLO2_ch01__mc150-4,,Human3R,m0_strict_human3r,Boundary-camera-translation_m,6.1767460019263885,4.7441530611494285,1.43259294077696
aist__gLO_sBM_cAll_d15_mLO2_ch01__mc150-4,aist__gLO_sBM_cAll_d15_mLO2_ch01__mc150-4,,Human3R,m0_strict_human3r,Coverage,0.98,1.0,0.020000000000000018
aist__gLO_sBM_cAll_d15_mLO2_ch01__mc150-4,aist__gLO_sBM_cAll_d15_mLO2_ch01__mc150-4,,BRIDGE3R,m15_bridge3r_fixed_v19,PA-MPJPE_mm,54.45969716870197,52.11146560473463,2.348231563967339
aist__gLO_sBM_cAll_d15_mLO2_ch01__mc150-4,aist__gLO_sBM_cAll_d15_mLO2_ch01__mc150-4,,BRIDGE3R,m15_bridge3r_fixed_v19,Anchor-MPJPE_mm,1356.1776694970365,1222.6690537179052,133.50861577913133
aist__gLO_sBM_cAll_d15_mLO2_ch01__mc150-4,aist__gLO_sBM_cAll_d15_mLO2_ch01__mc150-4,,BRIDGE3R,m15_bridge3r_fixed_v19,Anchor-root_mm,1336.2949298626343,1269.6462301591043,66.64869970352993
aist__gLO_sBM_cAll_d15_mLO2_ch01__mc150-4,aist__gLO_sBM_cAll_d15_mLO2_ch01__mc150-4,,BRIDGE3R,m15_bridge3r_fixed_v19,Orientation_deg,38.66660526558889,60.297781254050825,-21.631175988461933
aist__gLO_sBM_cAll_d15_mLO2_ch01__mc150-4,aist__gLO_sBM_cAll_d15_mLO2_ch01__mc150-4,,BRIDGE3R,m15_bridge3r_fixed_v19,Seam-root_mm,337.72179441779855,1762.8227141971404,-1425.100919779342
aist__gLO_sBM_cAll_d15_mLO2_ch01__mc150-4,aist__gLO_sBM_cAll_d15_mLO2_ch01__mc150-4,,BRIDGE3R,m15_bridge3r_fixed_v19,Seam-orientation_deg,32.22009363976637,34.3534668551537,-2.13337321538733
aist__gLO_sBM_cAll_d15_mLO2_ch01__mc150-4,aist__gLO_sBM_cAll_d15_mLO2_ch01__mc150-4,,BRIDGE3R,m15_bridge3r_fixed_v19,Camera-rotation_deg,58.327373119575896,94.9236527598852,-36.596279640309305
aist__gLO_sBM_cAll_d15_mLO2_ch01__mc150-4,aist__gLO_sBM_cAll_d15_mLO2_ch01__mc150-4,,BRIDGE3R,m15_bridge3r_fixed_v19,Camera-translation_m,4.825012469281703,6.3657455991377905,-1.5407331298560871
aist__gLO_sBM_cAll_d15_mLO2_ch01__mc150-4,aist__gLO_sBM_cAll_d15_mLO2_ch01__mc150-4,,BRIDGE3R,m15_bridge3r_fixed_v19,Boundary-camera-rotation_deg,87.29172204351691,40.998578666874145,46.29314337664277
aist__gLO_sBM_cAll_d15_mLO2_ch01__mc150-4,aist__gLO_sBM_cAll_d15_mLO2_ch01__mc150-4,,BRIDGE3R,m15_bridge3r_fixed_v19,Boundary-camera-translation_m,6.1767460019263885,3.220375819263149,2.9563701826632394
aist__gLO_sBM_cAll_d15_mLO2_ch01__mc150-4,aist__gLO_sBM_cAll_d15_mLO2_ch01__mc150-4,,BRIDGE3R,m15_bridge3r_fixed_v19,Coverage,0.98,1.0,0.020000000000000018
aist__gLO_sBM_cAll_d15_mLO2_ch02__mc150-4,aist__gLO_sBM_cAll_d15_mLO2_ch02__mc150-4,,Human3R,m0_strict_human3r,PA-MPJPE_mm,45.96734104437605,46.43638393144604,-0.469042887069989
aist__gLO_sBM_cAll_d15_mLO2_ch02__mc150-4,aist__gLO_sBM_cAll_d15_mLO2_ch02__mc150-4,,Human3R,m0_strict_human3r,Anchor-MPJPE_mm,370.71790184972446,554.502435563685,-183.78453371396057
aist__gLO_sBM_cAll_d15_mLO2_ch02__mc150-4,aist__gLO_sBM_cAll_d15_mLO2_ch02__mc150-4,,Human3R,m0_strict_human3r,Anchor-root_mm,72.27858529524022,573.2142502901352,-500.935664994895
aist__gLO_sBM_cAll_d15_mLO2_ch02__mc150-4,aist__gLO_sBM_cAll_d15_mLO2_ch02__mc150-4,,Human3R,m0_strict_human3r,Orientation_deg,39.19049514524734,30.285848941925384,8.904646203321956
aist__gLO_sBM_cAll_d15_mLO2_ch02__mc150-4,aist__gLO_sBM_cAll_d15_mLO2_ch02__mc150-4,,Human3R,m0_strict_human3r,Seam-root_mm,88.99219061374335,419.3452283943457,-330.3530377806024
aist__gLO_sBM_cAll_d15_mLO2_ch02__mc150-4,aist__gLO_sBM_cAll_d15_mLO2_ch02__mc150-4,,Human3R,m0_strict_human3r,Seam-orientation_deg,43.26058190189594,69.84867759390956,-26.588095692013617
aist__gLO_sBM_cAll_d15_mLO2_ch02__mc150-4,aist__gLO_sBM_cAll_d15_mLO2_ch02__mc150-4,,Human3R,m0_strict_human3r,Camera-rotation_deg,47.17350157192124,37.85275359615482,9.320747975766423
aist__gLO_sBM_cAll_d15_mLO2_ch02__mc150-4,aist__gLO_sBM_cAll_d15_mLO2_ch02__mc150-4,,Human3R,m0_strict_human3r,Camera-translation_m,3.840289194763309,4.078899591297088,-0.2386103965337787
aist__gLO_sBM_cAll_d15_mLO2_ch02__mc150-4,aist__gLO_sBM_cAll_d15_mLO2_ch02__mc150-4,,Human3R,m0_strict_human3r,Boundary-camera-rotation_deg,90.4256776478902,74.43913403936949,15.986543608520705
aist__gLO_sBM_cAll_d15_mLO2_ch02__mc150-4,aist__gLO_sBM_cAll_d15_mLO2_ch02__mc150-4,,Human3R,m0_strict_human3r,Boundary-camera-translation_m,6.643832326931573,5.566854289469387,1.0769780374621858
aist__gLO_sBM_cAll_d15_mLO2_ch02__mc150-4,aist__gLO_sBM_cAll_d15_mLO2_ch02__mc150-4,,Human3R,m0_strict_human3r,Coverage,0.98,1.0,0.020000000000000018
aist__gLO_sBM_cAll_d15_mLO2_ch02__mc150-4,aist__gLO_sBM_cAll_d15_mLO2_ch02__mc150-4,,BRIDGE3R,m15_bridge3r_fixed_v19,PA-MPJPE_mm,45.96734104437605,46.348830551054846,-0.3814895066787969
aist__gLO_sBM_cAll_d15_mLO2_ch02__mc150-4,aist__gLO_sBM_cAll_d15_mLO2_ch02__mc150-4,,BRIDGE3R,m15_bridge3r_fixed_v19,Anchor-MPJPE_mm,370.71790184972446,544.7317249372902,-174.01382308756575
aist__gLO_sBM_cAll_d15_mLO2_ch02__mc150-4,aist__gLO_sBM_cAll_d15_mLO2_ch02__mc150-4,,BRIDGE3R,m15_bridge3r_fixed_v19,Anchor-root_mm,72.27858529524022,504.16829324686074,-431.8897079516205
aist__gLO_sBM_cAll_d15_mLO2_ch02__mc150-4,aist__gLO_sBM_cAll_d15_mLO2_ch02__mc150-4,,BRIDGE3R,m15_bridge3r_fixed_v19,Orientation_deg,39.19049514524734,29.021655736696236,10.168839408551104
aist__gLO_sBM_cAll_d15_mLO2_ch02__mc150-4,aist__gLO_sBM_cAll_d15_mLO2_ch02__mc150-4,,BRIDGE3R,m15_bridge3r_fixed_v19,Seam-root_mm,88.99219061374335,844.101554508341,-755.1093638945977
aist__gLO_sBM_cAll_d15_mLO2_ch02__mc150-4,aist__gLO_sBM_cAll_d15_mLO2_ch02__mc150-4,,BRIDGE3R,m15_bridge3r_fixed_v19,Seam-orientation_deg,43.26058190189594,65.30939353397136,-22.04881163207542
aist__gLO_sBM_cAll_d15_mLO2_ch02__mc150-4,aist__gLO_sBM_cAll_d15_mLO2_ch02__mc150-4,,BRIDGE3R,m15_bridge3r_fixed_v19,Camera-rotation_deg,47.17350157192124,39.65967813996302,7.513823431958222
aist__gLO_sBM_cAll_d15_mLO2_ch02__mc150-4,aist__gLO_sBM_cAll_d15_mLO2_ch02__mc150-4,,BRIDGE3R,m15_bridge3r_fixed_v19,Camera-translation_m,3.840289194763309,3.525196341765938,0.3150928529973709
aist__gLO_sBM_cAll_d15_mLO2_ch02__mc150-4,aist__gLO_sBM_cAll_d15_mLO2_ch02__mc150-4,,BRIDGE3R,m15_bridge3r_fixed_v19,Boundary-camera-rotation_deg,90.4256776478902,69.94703757989096,20.478640067999237
aist__gLO_sBM_cAll_d15_mLO2_ch02__mc150-4,aist__gLO_sBM_cAll_d15_mLO2_ch02__mc150-4,,BRIDGE3R,m15_bridge3r_fixed_v19,Boundary-camera-translation_m,6.643832326931573,5.986085819751512,0.657746507180061
aist__gLO_sBM_cAll_d15_mLO2_ch02__mc150-4,aist__gLO_sBM_cAll_d15_mLO2_ch02__mc150-4,,BRIDGE3R,m15_bridge3r_fixed_v19,Coverage,0.98,1.0,0.020000000000000018
aist__gLO_sBM_cAll_d15_mLO2_ch03__mc150-4,aist__gLO_sBM_cAll_d15_mLO2_ch03__mc150-4,,Human3R,m0_strict_human3r,PA-MPJPE_mm,55.625015855805614,56.383442732880624,-0.75842687707501
aist__gLO_sBM_cAll_d15_mLO2_ch03__mc150-4,aist__gLO_sBM_cAll_d15_mLO2_ch03__mc150-4,,Human3R,m0_strict_human3r,Anchor-MPJPE_mm,606.7022199772775,758.9781850973918,-152.27596512011428
aist__gLO_sBM_cAll_d15_mLO2_ch03__mc150-4,aist__gLO_sBM_cAll_d15_mLO2_ch03__mc150-4,,Human3R,m0_strict_human3r,Anchor-root_mm,625.5824060317635,690.1166177247741,-64.53421169301055
aist__gLO_sBM_cAll_d15_mLO2_ch03__mc150-4,aist__gLO_sBM_cAll_d15_mLO2_ch03__mc150-4,,Human3R,m0_strict_human3r,Orientation_deg,89.90530369026868,74.55600052224591,15.349303168022772
aist__gLO_sBM_cAll_d15_mLO2_ch03__mc150-4,aist__gLO_sBM_cAll_d15_mLO2_ch03__mc150-4,,Human3R,m0_strict_human3r,Seam-root_mm,525.5593198707205,833.5104015835126,-307.9510817127921
aist__gLO_sBM_cAll_d15_mLO2_ch03__mc150-4,aist__gLO_sBM_cAll_d15_mLO2_ch03__mc150-4,,Human3R,m0_strict_human3r,Seam-orientation_deg,29.148337792261902,42.75782030949828,-13.609482517236376
aist__gLO_sBM_cAll_d15_mLO2_ch03__mc150-4,aist__gLO_sBM_cAll_d15_mLO2_ch03__mc150-4,,Human3R,m0_strict_human3r,Camera-rotation_deg,134.87348298050196,102.14007351403227,32.733409466469695
aist__gLO_sBM_cAll_d15_mLO2_ch03__mc150-4,aist__gLO_sBM_cAll_d15_mLO2_ch03__mc150-4,,Human3R,m0_strict_human3r,Camera-translation_m,9.032825839588314,7.658891739914656,1.373934099673658
aist__gLO_sBM_cAll_d15_mLO2_ch03__mc150-4,aist__gLO_sBM_cAll_d15_mLO2_ch03__mc150-4,,Human3R,m0_strict_human3r,Boundary-camera-rotation_deg,89.99837123966707,44.70325069269813,45.29512054696894
aist__gLO_sBM_cAll_d15_mLO2_ch03__mc150-4,aist__gLO_sBM_cAll_d15_mLO2_ch03__mc150-4,,Human3R,m0_strict_human3r,Boundary-camera-translation_m,6.6233513747410235,3.8971131842497617,2.726238190491262
aist__gLO_sBM_cAll_d15_mLO2_ch03__mc150-4,aist__gLO_sBM_cAll_d15_mLO2_ch03__mc150-4,,Human3R,m0_strict_human3r,Coverage,0.98,1.0,0.020000000000000018
aist__gLO_sBM_cAll_d15_mLO2_ch03__mc150-4,aist__gLO_sBM_cAll_d15_mLO2_ch03__mc150-4,,BRIDGE3R,m15_bridge3r_fixed_v19,PA-MPJPE_mm,55.625015855805614,56.314825630793834,-0.6898097749882197
aist__gLO_sBM_cAll_d15_mLO2_ch03__mc150-4,aist__gLO_sBM_cAll_d15_mLO2_ch03__mc150-4,,BRIDGE3R,m15_bridge3r_fixed_v19,Anchor-MPJPE_mm,606.7022199772775,645.3977033678345,-38.695483390557
aist__gLO_sBM_cAll_d15_mLO2_ch03__mc150-4,aist__gLO_sBM_cAll_d15_mLO2_ch03__mc150-4,,BRIDGE3R,m15_bridge3r_fixed_v19,Anchor-root_mm,625.5824060317635,562.5932725402768,62.98913349148677
aist__gLO_sBM_cAll_d15_mLO2_ch03__mc150-4,aist__gLO_sBM_cAll_d15_mLO2_ch03__mc150-4,,BRIDGE3R,m15_bridge3r_fixed_v19,Orientation_deg,89.90530369026868,59.733531128730924,30.171772561537757
aist__gLO_sBM_cAll_d15_mLO2_ch03__mc150-4,aist__gLO_sBM_cAll_d15_mLO2_ch03__mc150-4,,BRIDGE3R,m15_bridge3r_fixed_v19,Seam-root_mm,525.5593198707205,810.7042360762731,-285.1449162055526
aist__gLO_sBM_cAll_d15_mLO2_ch03__mc150-4,aist__gLO_sBM_cAll_d15_mLO2_ch03__mc150-4,,BRIDGE3R,m15_bridge3r_fixed_v19,Seam-orientation_deg,29.148337792261902,51.68737031185404,-22.539032519592137
aist__gLO_sBM_cAll_d15_mLO2_ch03__mc150-4,aist__gLO_sBM_cAll_d15_mLO2_ch03__mc150-4,,BRIDGE3R,m15_bridge3r_fixed_v19,Camera-rotation_deg,134.87348298050196,81.75457367341764,53.11890930708432
aist__gLO_sBM_cAll_d15_mLO2_ch03__mc150-4,aist__gLO_sBM_cAll_d15_mLO2_ch03__mc150-4,,BRIDGE3R,m15_bridge3r_fixed_v19,Camera-translation_m,9.032825839588314,6.269858999442986,2.762966840145328
aist__gLO_sBM_cAll_d15_mLO2_ch03__mc150-4,aist__gLO_sBM_cAll_d15_mLO2_ch03__mc150-4,,BRIDGE3R,m15_bridge3r_fixed_v19,Boundary-camera-rotation_deg,89.99837123966707,56.855729466179746,33.14264177348732
aist__gLO_sBM_cAll_d15_mLO2_ch03__mc150-4,aist__gLO_sBM_cAll_d15_mLO2_ch03__mc150-4,,BRIDGE3R,m15_bridge3r_fixed_v19,Boundary-camera-translation_m,6.6233513747410235,4.589418551408925,2.0339328233320986
aist__gLO_sBM_cAll_d15_mLO2_ch03__mc150-4,aist__gLO_sBM_cAll_d15_mLO2_ch03__mc150-4,,BRIDGE3R,m15_bridge3r_fixed_v19,Coverage,0.98,1.0,0.020000000000000018
aist__gLO_sBM_cAll_d15_mLO2_ch04__mc150-4,aist__gLO_sBM_cAll_d15_mLO2_ch04__mc150-4,,Human3R,m0_strict_human3r,PA-MPJPE_mm,50.25550614708642,62.377664342112915,-12.122158195026493
aist__gLO_sBM_cAll_d15_mLO2_ch04__mc150-4,aist__gLO_sBM_cAll_d15_mLO2_ch04__mc150-4,,Human3R,m0_strict_human3r,Anchor-MPJPE_mm,639.2821943666568,470.1611050836862,169.12108928297056
aist__gLO_sBM_cAll_d15_mLO2_ch04__mc150-4,aist__gLO_sBM_cAll_d15_mLO2_ch04__mc150-4,,Human3R,m0_strict_human3r,Anchor-root_mm,585.6616490652855,450.78349986229375,134.87814920299172
aist__gLO_sBM_cAll_d15_mLO2_ch04__mc150-4,aist__gLO_sBM_cAll_d15_mLO2_ch04__mc150-4,,Human3R,m0_strict_human3r,Orientation_deg,56.336919340516964,80.24880752304688,-23.911888182529914
aist__gLO_sBM_cAll_d15_mLO2_ch04__mc150-4,aist__gLO_sBM_cAll_d15_mLO2_ch04__mc150-4,,Human3R,m0_strict_human3r,Seam-root_mm,460.8360364123932,629.7402072339002,-168.90417082150697
aist__gLO_sBM_cAll_d15_mLO2_ch04__mc150-4,aist__gLO_sBM_cAll_d15_mLO2_ch04__mc150-4,,Human3R,m0_strict_human3r,Seam-orientation_deg,35.60878758104676,85.46662136984067,-49.857833788793904
aist__gLO_sBM_cAll_d15_mLO2_ch04__mc150-4,aist__gLO_sBM_cAll_d15_mLO2_ch04__mc150-4,,Human3R,m0_strict_human3r,Camera-rotation_deg,76.57843987748483,94.06174673853987,-17.48330686105504
aist__gLO_sBM_cAll_d15_mLO2_ch04__mc150-4,aist__gLO_sBM_cAll_d15_mLO2_ch04__mc150-4,,Human3R,m0_strict_human3r,Camera-translation_m,5.915697266506473,7.4226447174254,-1.5069474509189273
aist__gLO_sBM_cAll_d15_mLO2_ch04__mc150-4,aist__gLO_sBM_cAll_d15_mLO2_ch04__mc150-4,,Human3R,m0_strict_human3r,Boundary-camera-rotation_deg,90.0204867854693,72.71889904300537,17.301587742463937
aist__gLO_sBM_cAll_d15_mLO2_ch04__mc150-4,aist__gLO_sBM_cAll_d15_mLO2_ch04__mc150-4,,Human3R,m0_strict_human3r,Boundary-camera-translation_m,6.598037276727162,5.152599098573909,1.4454381781532524
aist__gLO_sBM_cAll_d15_mLO2_ch04__mc150-4,aist__gLO_sBM_cAll_d15_mLO2_ch04__mc150-4,,Human3R,m0_strict_human3r,Coverage,0.9933333333333333,1.0,0.00666666666666671
aist__gLO_sBM_cAll_d15_mLO2_ch04__mc150-4,aist__gLO_sBM_cAll_d15_mLO2_ch04__mc150-4,,BRIDGE3R,m15_bridge3r_fixed_v19,PA-MPJPE_mm,50.25550614708642,63.074836571315224,-12.819330424228802
aist__gLO_sBM_cAll_d15_mLO2_ch04__mc150-4,aist__gLO_sBM_cAll_d15_mLO2_ch04__mc150-4,,BRIDGE3R,m15_bridge3r_fixed_v19,Anchor-MPJPE_mm,639.2821943666568,1719.9224500636494,-1080.6402556969927
aist__gLO_sBM_cAll_d15_mLO2_ch04__mc150-4,aist__gLO_sBM_cAll_d15_mLO2_ch04__mc150-4,,BRIDGE3R,m15_bridge3r_fixed_v19,Anchor-root_mm,585.6616490652855,1676.055103936904,-1090.3934548716186
aist__gLO_sBM_cAll_d15_mLO2_ch04__mc150-4,aist__gLO_sBM_cAll_d15_mLO2_ch04__mc150-4,,BRIDGE3R,m15_bridge3r_fixed_v19,Orientation_deg,56.336919340516964,26.435370634785738,29.901548705731226
aist__gLO_sBM_cAll_d15_mLO2_ch04__mc150-4,aist__gLO_sBM_cAll_d15_mLO2_ch04__mc150-4,,BRIDGE3R,m15_bridge3r_fixed_v19,Seam-root_mm,460.8360364123932,1096.2055107588226,-635.3694743464293
aist__gLO_sBM_cAll_d15_mLO2_ch04__mc150-4,aist__gLO_sBM_cAll_d15_mLO2_ch04__mc150-4,,BRIDGE3R,m15_bridge3r_fixed_v19,Seam-orientation_deg,35.60878758104676,45.28381874823565,-9.675031167188891
aist__gLO_sBM_cAll_d15_mLO2_ch04__mc150-4,aist__gLO_sBM_cAll_d15_mLO2_ch04__mc150-4,,BRIDGE3R,m15_bridge3r_fixed_v19,Camera-rotation_deg,76.57843987748483,38.83482069888538,37.743619178599445
aist__gLO_sBM_cAll_d15_mLO2_ch04__mc150-4,aist__gLO_sBM_cAll_d15_mLO2_ch04__mc150-4,,BRIDGE3R,m15_bridge3r_fixed_v19,Camera-translation_m,5.915697266506473,2.853949459484705,3.0617478070217676
aist__gLO_sBM_cAll_d15_mLO2_ch04__mc150-4,aist__gLO_sBM_cAll_d15_mLO2_ch04__mc150-4,,BRIDGE3R,m15_bridge3r_fixed_v19,Boundary-camera-rotation_deg,90.0204867854693,40.84388787662647,49.176598908842834
aist__gLO_sBM_cAll_d15_mLO2_ch04__mc150-4,aist__gLO_sBM_cAll_d15_mLO2_ch04__mc150-4,,BRIDGE3R,m15_bridge3r_fixed_v19,Boundary-camera-translation_m,6.598037276727162,3.4708422739915483,3.1271950027356135
aist__gLO_sBM_cAll_d15_mLO2_ch04__mc150-4,aist__gLO_sBM_cAll_d15_mLO2_ch04__mc150-4,,BRIDGE3R,m15_bridge3r_fixed_v19,Coverage,0.9933333333333333,1.0,0.00666666666666671
aist__gLO_sBM_cAll_d15_mLO2_ch05__mc150-4,aist__gLO_sBM_cAll_d15_mLO2_ch05__mc150-4,,Human3R,m0_strict_human3r,PA-MPJPE_mm,46.86655373508307,46.15974760442431,0.7068061306587623
aist__gLO_sBM_cAll_d15_mLO2_ch05__mc150-4,aist__gLO_sBM_cAll_d15_mLO2_ch05__mc150-4,,Human3R,m0_strict_human3r,Anchor-MPJPE_mm,1027.4394210174135,583.8411312854756,443.5982897319378
aist__gLO_sBM_cAll_d15_mLO2_ch05__mc150-4,aist__gLO_sBM_cAll_d15_mLO2_ch05__mc150-4,,Human3R,m0_strict_human3r,Anchor-root_mm,997.2502805045682,560.3265277843902,436.92375272017796
aist__gLO_sBM_cAll_d15_mLO2_ch05__mc150-4,aist__gLO_sBM_cAll_d15_mLO2_ch05__mc150-4,,Human3R,m0_strict_human3r,Orientation_deg,30.671398862153303,64.27078163245318,-33.599382770299876
aist__gLO_sBM_cAll_d15_mLO2_ch05__mc150-4,aist__gLO_sBM_cAll_d15_mLO2_ch05__mc150-4,,Human3R,m0_strict_human3r,Seam-root_mm,489.1085502636631,646.7133418254399,-157.60479156177678
aist__gLO_sBM_cAll_d15_mLO2_ch05__mc150-4,aist__gLO_sBM_cAll_d15_mLO2_ch05__mc150-4,,Human3R,m0_strict_human3r,Seam-orientation_deg,22.07358764066109,85.41422951590454,-63.34064187524345
aist__gLO_sBM_cAll_d15_mLO2_ch05__mc150-4,aist__gLO_sBM_cAll_d15_mLO2_ch05__mc150-4,,Human3R,m0_strict_human3r,Camera-rotation_deg,35.65681244920847,87.09435075283497,-51.437538303626496
aist__gLO_sBM_cAll_d15_mLO2_ch05__mc150-4,aist__gLO_sBM_cAll_d15_mLO2_ch05__mc150-4,,Human3R,m0_strict_human3r,Camera-translation_m,3.773354023066676,5.995824796272174,-2.2224707732054982
aist__gLO_sBM_cAll_d15_mLO2_ch05__mc150-4,aist__gLO_sBM_cAll_d15_mLO2_ch05__mc150-4,,Human3R,m0_strict_human3r,Boundary-camera-rotation_deg,87.64181728427165,88.03780908112407,-0.3959917968524138
aist__gLO_sBM_cAll_d15_mLO2_ch05__mc150-4,aist__gLO_sBM_cAll_d15_mLO2_ch05__mc150-4,,Human3R,m0_strict_human3r,Boundary-camera-translation_m,6.212813138741784,5.330024715943989,0.8827884227977947
aist__gLO_sBM_cAll_d15_mLO2_ch05__mc150-4,aist__gLO_sBM_cAll_d15_mLO2_ch05__mc150-4,,Human3R,m0_strict_human3r,Coverage,0.9666666666666667,1.0,0.033333333333333326
aist__gLO_sBM_cAll_d15_mLO2_ch05__mc150-4,aist__gLO_sBM_cAll_d15_mLO2_ch05__mc150-4,,BRIDGE3R,m15_bridge3r_fixed_v19,PA-MPJPE_mm,46.86655373508307,45.82099205430336,1.0455616807797128
aist__gLO_sBM_cAll_d15_mLO2_ch05__mc150-4,aist__gLO_sBM_cAll_d15_mLO2_ch05__mc150-4,,BRIDGE3R,m15_bridge3r_fixed_v19,Anchor-MPJPE_mm,1027.4394210174135,751.2064575390124,276.2329634784011
aist__gLO_sBM_cAll_d15_mLO2_ch05__mc150-4,aist__gLO_sBM_cAll_d15_mLO2_ch05__mc150-4,,BRIDGE3R,m15_bridge3r_fixed_v19,Anchor-root_mm,997.2502805045682,723.2859131332115,273.96436737135673
aist__gLO_sBM_cAll_d15_mLO2_ch05__mc150-4,aist__gLO_sBM_cAll_d15_mLO2_ch05__mc150-4,,BRIDGE3R,m15_bridge3r_fixed_v19,Orientation_deg,30.671398862153303,85.13111539711046,-54.45971653495716
aist__gLO_sBM_cAll_d15_mLO2_ch05__mc150-4,aist__gLO_sBM_cAll_d15_mLO2_ch05__mc150-4,,BRIDGE3R,m15_bridge3r_fixed_v19,Seam-root_mm,489.1085502636631,882.0410827369315,-392.93253247326834
aist__gLO_sBM_cAll_d15_mLO2_ch05__mc150-4,aist__gLO_sBM_cAll_d15_mLO2_ch05__mc150-4,,BRIDGE3R,m15_bridge3r_fixed_v19,Seam-orientation_deg,22.07358764066109,65.12853239312078,-43.05494475245969
aist__gLO_sBM_cAll_d15_mLO2_ch05__mc150-4,aist__gLO_sBM_cAll_d15_mLO2_ch05__mc150-4,,BRIDGE3R,m15_bridge3r_fixed_v19,Camera-rotation_deg,35.65681244920847,115.23384548195163,-79.57703303274316
aist__gLO_sBM_cAll_d15_mLO2_ch05__mc150-4,aist__gLO_sBM_cAll_d15_mLO2_ch05__mc150-4,,BRIDGE3R,m15_bridge3r_fixed_v19,Camera-translation_m,3.773354023066676,6.588586998721605,-2.8152329756549292
aist__gLO_sBM_cAll_d15_mLO2_ch05__mc150-4,aist__gLO_sBM_cAll_d15_mLO2_ch05__mc150-4,,BRIDGE3R,m15_bridge3r_fixed_v19,Boundary-camera-rotation_deg,87.64181728427165,62.97834983346795,24.6634674508037
aist__gLO_sBM_cAll_d15_mLO2_ch05__mc150-4,aist__gLO_sBM_cAll_d15_mLO2_ch05__mc150-4,,BRIDGE3R,m15_bridge3r_fixed_v19,Boundary-camera-translation_m,6.212813138741784,3.9607774072823614,2.2520357314594226
aist__gLO_sBM_cAll_d15_mLO2_ch05__mc150-4,aist__gLO_sBM_cAll_d15_mLO2_ch05__mc150-4,,BRIDGE3R,m15_bridge3r_fixed_v19,Coverage,0.9666666666666667,1.0,0.033333333333333326
aist__gLO_sBM_cAll_d15_mLO2_ch08__mc150-4,aist__gLO_sBM_cAll_d15_mLO2_ch08__mc150-4,,Human3R,m0_strict_human3r,PA-MPJPE_mm,63.27071858108126,65.46681498272953,-2.196096401648269
aist__gLO_sBM_cAll_d15_mLO2_ch08__mc150-4,aist__gLO_sBM_cAll_d15_mLO2_ch08__mc150-4,,Human3R,m0_strict_human3r,Anchor-MPJPE_mm,717.1000531069628,1256.334867895095,-539.2348147881321
aist__gLO_sBM_cAll_d15_mLO2_ch08__mc150-4,aist__gLO_sBM_cAll_d15_mLO2_ch08__mc150-4,,Human3R,m0_strict_human3r,Anchor-root_mm,709.7068944594596,1283.3135068646352,-573.6066124051756
aist__gLO_sBM_cAll_d15_mLO2_ch08__mc150-4,aist__gLO_sBM_cAll_d15_mLO2_ch08__mc150-4,,Human3R,m0_strict_human3r,Orientation_deg,40.83101835406805,39.88726683469206,0.9437515193759864
aist__gLO_sBM_cAll_d15_mLO2_ch08__mc150-4,aist__gLO_sBM_cAll_d15_mLO2_ch08__mc150-4,,Human3R,m0_strict_human3r,Seam-root_mm,282.83440270778846,698.2042987841113,-415.36989607632285
aist__gLO_sBM_cAll_d15_mLO2_ch08__mc150-4,aist__gLO_sBM_cAll_d15_mLO2_ch08__mc150-4,,Human3R,m0_strict_human3r,Seam-orientation_deg,41.62992471229604,52.516096691309464,-10.886171979013426
aist__gLO_sBM_cAll_d15_mLO2_ch08__mc150-4,aist__gLO_sBM_cAll_d15_mLO2_ch08__mc150-4,,Human3R,m0_strict_human3r,Camera-rotation_deg,49.36847504957091,45.31553677231212,4.052938277258789
aist__gLO_sBM_cAll_d15_mLO2_ch08__mc150-4,aist__gLO_sBM_cAll_d15_mLO2_ch08__mc150-4,,Human3R,m0_strict_human3r,Camera-translation_m,4.299212032516146,3.505750873161514,0.7934611593546319
aist__gLO_sBM_cAll_d15_mLO2_ch08__mc150-4,aist__gLO_sBM_cAll_d15_mLO2_ch08__mc150-4,,Human3R,m0_strict_human3r,Boundary-camera-rotation_deg,87.12929029583131,45.47071851715631,41.658571778675004
aist__gLO_sBM_cAll_d15_mLO2_ch08__mc150-4,aist__gLO_sBM_cAll_d15_mLO2_ch08__mc150-4,,Human3R,m0_strict_human3r,Boundary-camera-translation_m,6.333395635037287,3.258199300004689,3.075196335032598
aist__gLO_sBM_cAll_d15_mLO2_ch08__mc150-4,aist__gLO_sBM_cAll_d15_mLO2_ch08__mc150-4,,Human3R,m0_strict_human3r,Coverage,0.98,1.0,0.020000000000000018
aist__gLO_sBM_cAll_d15_mLO2_ch08__mc150-4,aist__gLO_sBM_cAll_d15_mLO2_ch08__mc150-4,,BRIDGE3R,m15_bridge3r_fixed_v19,PA-MPJPE_mm,63.27071858108126,65.63685729943228,-2.366138718351017
aist__gLO_sBM_cAll_d15_mLO2_ch08__mc150-4,aist__gLO_sBM_cAll_d15_mLO2_ch08__mc150-4,,BRIDGE3R,m15_bridge3r_fixed_v19,Anchor-MPJPE_mm,717.1000531069628,734.1494450668023,-17.049391959839454
aist__gLO_sBM_cAll_d15_mLO2_ch08__mc150-4,aist__gLO_sBM_cAll_d15_mLO2_ch08__mc150-4,,BRIDGE3R,m15_bridge3r_fixed_v19,Anchor-root_mm,709.7068944594596,742.414073391935,-32.70717893247536
aist__gLO_sBM_cAll_d15_mLO2_ch08__mc150-4,aist__gLO_sBM_cAll_d15_mLO2_ch08__mc150-4,,BRIDGE3R,m15_bridge3r_fixed_v19,Orientation_deg,40.83101835406805,32.90961327631399,7.921405077754059
aist__gLO_sBM_cAll_d15_mLO2_ch08__mc150-4,aist__gLO_sBM_cAll_d15_mLO2_ch08__mc150-4,,BRIDGE3R,m15_bridge3r_fixed_v19,Seam-root_mm,282.83440270778846,1134.6932520095595,-851.858849301771
aist__gLO_sBM_cAll_d15_mLO2_ch08__mc150-4,aist__gLO_sBM_cAll_d15_mLO2_ch08__mc150-4,,BRIDGE3R,m15_bridge3r_fixed_v19,Seam-orientation_deg,41.62992471229604,45.69130061264688,-4.061375900350839
aist__gLO_sBM_cAll_d15_mLO2_ch08__mc150-4,aist__gLO_sBM_cAll_d15_mLO2_ch08__mc150-4,,BRIDGE3R,m15_bridge3r_fixed_v19,Camera-rotation_deg,49.36847504957091,36.84210779517583,12.526367254395083
aist__gLO_sBM_cAll_d15_mLO2_ch08__mc150-4,aist__gLO_sBM_cAll_d15_mLO2_ch08__mc150-4,,BRIDGE3R,m15_bridge3r_fixed_v19,Camera-translation_m,4.299212032516146,3.357248009670273,0.9419640228458732
aist__gLO_sBM_cAll_d15_mLO2_ch08__mc150-4,aist__gLO_sBM_cAll_d15_mLO2_ch08__mc150-4,,BRIDGE3R,m15_bridge3r_fixed_v19,Boundary-camera-rotation_deg,87.12929029583131,39.0852139265232,48.04407636930811
aist__gLO_sBM_cAll_d15_mLO2_ch08__mc150-4,aist__gLO_sBM_cAll_d15_mLO2_ch08__mc150-4,,BRIDGE3R,m15_bridge3r_fixed_v19,Boundary-camera-translation_m,6.333395635037287,3.717777234080133,2.615618400957154
aist__gLO_sBM_cAll_d15_mLO2_ch08__mc150-4,aist__gLO_sBM_cAll_d15_mLO2_ch08__mc150-4,,BRIDGE3R,m15_bridge3r_fixed_v19,Coverage,0.98,1.0,0.020000000000000018
aist__gLO_sBM_cAll_d15_mLO2_ch10__mc150-4,aist__gLO_sBM_cAll_d15_mLO2_ch10__mc150-4,,Human3R,m0_strict_human3r,PA-MPJPE_mm,65.60347855866478,64.72916044262514,0.8743181160396318
aist__gLO_sBM_cAll_d15_mLO2_ch10__mc150-4,aist__gLO_sBM_cAll_d15_mLO2_ch10__mc150-4,,Human3R,m0_strict_human3r,Anchor-MPJPE_mm,969.1496999433722,398.54461011231723,570.605089831055
aist__gLO_sBM_cAll_d15_mLO2_ch10__mc150-4,aist__gLO_sBM_cAll_d15_mLO2_ch10__mc150-4,,Human3R,m0_strict_human3r,Anchor-root_mm,955.9597817205661,362.7473700604057,593.2124116601603
aist__gLO_sBM_cAll_d15_mLO2_ch10__mc150-4,aist__gLO_sBM_cAll_d15_mLO2_ch10__mc150-4,,Human3R,m0_strict_human3r,Orientation_deg,30.332966143385704,66.33610853392487,-36.00314239053917
aist__gLO_sBM_cAll_d15_mLO2_ch10__mc150-4,aist__gLO_sBM_cAll_d15_mLO2_ch10__mc150-4,,Human3R,m0_strict_human3r,Seam-root_mm,674.6335377477807,489.98328966199455,184.65024808578613
aist__gLO_sBM_cAll_d15_mLO2_ch10__mc150-4,aist__gLO_sBM_cAll_d15_mLO2_ch10__mc150-4,,Human3R,m0_strict_human3r,Seam-orientation_deg,25.61270365835544,78.44785642895447,-52.835152770599024
aist__gLO_sBM_cAll_d15_mLO2_ch10__mc150-4,aist__gLO_sBM_cAll_d15_mLO2_ch10__mc150-4,,Human3R,m0_strict_human3r,Camera-rotation_deg,35.213206001321,81.23081823675388,-46.01761223543288
aist__gLO_sBM_cAll_d15_mLO2_ch10__mc150-4,aist__gLO_sBM_cAll_d15_mLO2_ch10__mc150-4,,Human3R,m0_strict_human3r,Camera-translation_m,3.4275651630374457,5.6486176695362715,-2.221052506498826
aist__gLO_sBM_cAll_d15_mLO2_ch10__mc150-4,aist__gLO_sBM_cAll_d15_mLO2_ch10__mc150-4,,Human3R,m0_strict_human3r,Boundary-camera-rotation_deg,87.49834048972836,75.3010389895788,12.197301500149564
aist__gLO_sBM_cAll_d15_mLO2_ch10__mc150-4,aist__gLO_sBM_cAll_d15_mLO2_ch10__mc150-4,,Human3R,m0_strict_human3r,Boundary-camera-translation_m,6.479995674600267,4.96786003523955,1.512135639360717
aist__gLO_sBM_cAll_d15_mLO2_ch10__mc150-4,aist__gLO_sBM_cAll_d15_mLO2_ch10__mc150-4,,Human3R,m0_strict_human3r,Coverage,0.98,1.0,0.020000000000000018
aist__gLO_sBM_cAll_d15_mLO2_ch10__mc150-4,aist__gLO_sBM_cAll_d15_mLO2_ch10__mc150-4,,BRIDGE3R,m15_bridge3r_fixed_v19,PA-MPJPE_mm,65.60347855866478,64.64720148097079,0.9562770776939828
aist__gLO_sBM_cAll_d15_mLO2_ch10__mc150-4,aist__gLO_sBM_cAll_d15_mLO2_ch10__mc150-4,,BRIDGE3R,m15_bridge3r_fixed_v19,Anchor-MPJPE_mm,969.1496999433722,640.0261113764653,329.12358856690685
aist__gLO_sBM_cAll_d15_mLO2_ch10__mc150-4,aist__gLO_sBM_cAll_d15_mLO2_ch10__mc150-4,,BRIDGE3R,m15_bridge3r_fixed_v19,Anchor-root_mm,955.9597817205661,644.5348901667217,311.4248915538444
aist__gLO_sBM_cAll_d15_mLO2_ch10__mc150-4,aist__gLO_sBM_cAll_d15_mLO2_ch10__mc150-4,,BRIDGE3R,m15_bridge3r_fixed_v19,Orientation_deg,30.332966143385704,80.59390012128497,-50.26093397789927
aist__gLO_sBM_cAll_d15_mLO2_ch10__mc150-4,aist__gLO_sBM_cAll_d15_mLO2_ch10__mc150-4,,BRIDGE3R,m15_bridge3r_fixed_v19,Seam-root_mm,674.6335377477807,647.6168711320335,27.016666615747226
aist__gLO_sBM_cAll_d15_mLO2_ch10__mc150-4,aist__gLO_sBM_cAll_d15_mLO2_ch10__mc150-4,,BRIDGE3R,m15_bridge3r_fixed_v19,Seam-orientation_deg,25.61270365835544,53.252356957089866,-27.639653298734427
aist__gLO_sBM_cAll_d15_mLO2_ch10__mc150-4,aist__gLO_sBM_cAll_d15_mLO2_ch10__mc150-4,,BRIDGE3R,m15_bridge3r_fixed_v19,Camera-rotation_deg,35.213206001321,99.94421783604594,-64.73101183472494
aist__gLO_sBM_cAll_d15_mLO2_ch10__mc150-4,aist__gLO_sBM_cAll_d15_mLO2_ch10__mc150-4,,BRIDGE3R,m15_bridge3r_fixed_v19,Camera-translation_m,3.4275651630374457,6.1566523160969036,-2.729087153059458
aist__gLO_sBM_cAll_d15_mLO2_ch10__mc150-4,aist__gLO_sBM_cAll_d15_mLO2_ch10__mc150-4,,BRIDGE3R,m15_bridge3r_fixed_v19,Boundary-camera-rotation_deg,87.49834048972836,54.98052321702445,32.517817272703915
aist__gLO_sBM_cAll_d15_mLO2_ch10__mc150-4,aist__gLO_sBM_cAll_d15_mLO2_ch10__mc150-4,,BRIDGE3R,m15_bridge3r_fixed_v19,Boundary-camera-translation_m,6.479995674600267,3.899798920761679,2.580196753838588
aist__gLO_sBM_cAll_d15_mLO2_ch10__mc150-4,aist__gLO_sBM_cAll_d15_mLO2_ch10__mc150-4,,BRIDGE3R,m15_bridge3r_fixed_v19,Coverage,0.98,1.0,0.020000000000000018
aist__gLO_sBM_cAll_d15_mLO3_ch02__mc150-4,aist__gLO_sBM_cAll_d15_mLO3_ch02__mc150-4,,Human3R,m0_strict_human3r,PA-MPJPE_mm,41.63612361198783,44.25702551755982,-2.6209019055719907
aist__gLO_sBM_cAll_d15_mLO3_ch02__mc150-4,aist__gLO_sBM_cAll_d15_mLO3_ch02__mc150-4,,Human3R,m0_strict_human3r,Anchor-MPJPE_mm,1378.2413113450382,258.2973162089256,1119.9439951361126
aist__gLO_sBM_cAll_d15_mLO3_ch02__mc150-4,aist__gLO_sBM_cAll_d15_mLO3_ch02__mc150-4,,Human3R,m0_strict_human3r,Anchor-root_mm,1380.2246285081194,258.9283177337686,1121.2963107743508
aist__gLO_sBM_cAll_d15_mLO3_ch02__mc150-4,aist__gLO_sBM_cAll_d15_mLO3_ch02__mc150-4,,Human3R,m0_strict_human3r,Orientation_deg,20.072810110473135,14.099433374652877,5.973376735820258
aist__gLO_sBM_cAll_d15_mLO3_ch02__mc150-4,aist__gLO_sBM_cAll_d15_mLO3_ch02__mc150-4,,Human3R,m0_strict_human3r,Seam-root_mm,411.6468295616647,1319.2419707369056,-907.595141175241
aist__gLO_sBM_cAll_d15_mLO3_ch02__mc150-4,aist__gLO_sBM_cAll_d15_mLO3_ch02__mc150-4,,Human3R,m0_strict_human3r,Seam-orientation_deg,37.07536121351604,11.939026638779799,25.13633457473624
aist__gLO_sBM_cAll_d15_mLO3_ch02__mc150-4,aist__gLO_sBM_cAll_d15_mLO3_ch02__mc150-4,,Human3R,m0_strict_human3r,Camera-rotation_deg,12.348119717883,10.364754948348716,1.9833647695342833
aist__gLO_sBM_cAll_d15_mLO3_ch02__mc150-4,aist__gLO_sBM_cAll_d15_mLO3_ch02__mc150-4,,Human3R,m0_strict_human3r,Camera-translation_m,2.029154637197046,1.6660604553103882,0.36309418188665776
aist__gLO_sBM_cAll_d15_mLO3_ch02__mc150-4,aist__gLO_sBM_cAll_d15_mLO3_ch02__mc150-4,,Human3R,m0_strict_human3r,Boundary-camera-rotation_deg,81.58739241334958,7.790082431958744,73.79730998139084
aist__gLO_sBM_cAll_d15_mLO3_ch02__mc150-4,aist__gLO_sBM_cAll_d15_mLO3_ch02__mc150-4,,Human3R,m0_strict_human3r,Boundary-camera-translation_m,5.834898340397594,1.4755798380444212,4.359318502353172
aist__gLO_sBM_cAll_d15_mLO3_ch02__mc150-4,aist__gLO_sBM_cAll_d15_mLO3_ch02__mc150-4,,Human3R,m0_strict_human3r,Coverage,0.98,1.0,0.020000000000000018
aist__gLO_sBM_cAll_d15_mLO3_ch02__mc150-4,aist__gLO_sBM_cAll_d15_mLO3_ch02__mc150-4,,BRIDGE3R,m15_bridge3r_fixed_v19,PA-MPJPE_mm,41.63612361198783,44.480048482161045,-2.8439248701732183
aist__gLO_sBM_cAll_d15_mLO3_ch02__mc150-4,aist__gLO_sBM_cAll_d15_mLO3_ch02__mc150-4,,BRIDGE3R,m15_bridge3r_fixed_v19,Anchor-MPJPE_mm,1378.2413113450382,560.0493254327608,818.1919859122773
aist__gLO_sBM_cAll_d15_mLO3_ch02__mc150-4,aist__gLO_sBM_cAll_d15_mLO3_ch02__mc150-4,,BRIDGE3R,m15_bridge3r_fixed_v19,Anchor-root_mm,1380.2246285081194,582.652397933589,797.5722305745304
aist__gLO_sBM_cAll_d15_mLO3_ch02__mc150-4,aist__gLO_sBM_cAll_d15_mLO3_ch02__mc150-4,,BRIDGE3R,m15_bridge3r_fixed_v19,Orientation_deg,20.072810110473135,17.63396528894165,2.438844821531486
aist__gLO_sBM_cAll_d15_mLO3_ch02__mc150-4,aist__gLO_sBM_cAll_d15_mLO3_ch02__mc150-4,,BRIDGE3R,m15_bridge3r_fixed_v19,Seam-root_mm,411.6468295616647,936.4000791230955,-524.7532495614307
aist__gLO_sBM_cAll_d15_mLO3_ch02__mc150-4,aist__gLO_sBM_cAll_d15_mLO3_ch02__mc150-4,,BRIDGE3R,m15_bridge3r_fixed_v19,Seam-orientation_deg,37.07536121351604,16.637769767964983,20.437591445551057
aist__gLO_sBM_cAll_d15_mLO3_ch02__mc150-4,aist__gLO_sBM_cAll_d15_mLO3_ch02__mc150-4,,BRIDGE3R,m15_bridge3r_fixed_v19,Camera-rotation_deg,12.348119717883,13.921188049006457,-1.5730683311234568
aist__gLO_sBM_cAll_d15_mLO3_ch02__mc150-4,aist__gLO_sBM_cAll_d15_mLO3_ch02__mc150-4,,BRIDGE3R,m15_bridge3r_fixed_v19,Camera-translation_m,2.029154637197046,1.851770546678926,0.17738409051811987
aist__gLO_sBM_cAll_d15_mLO3_ch02__mc150-4,aist__gLO_sBM_cAll_d15_mLO3_ch02__mc150-4,,BRIDGE3R,m15_bridge3r_fixed_v19,Boundary-camera-rotation_deg,81.58739241334958,12.33564849101134,69.25174392233824
aist__gLO_sBM_cAll_d15_mLO3_ch02__mc150-4,aist__gLO_sBM_cAll_d15_mLO3_ch02__mc150-4,,BRIDGE3R,m15_bridge3r_fixed_v19,Boundary-camera-translation_m,5.834898340397594,1.996471143113152,3.8384271972844415
aist__gLO_sBM_cAll_d15_mLO3_ch02__mc150-4,aist__gLO_sBM_cAll_d15_mLO3_ch02__mc150-4,,BRIDGE3R,m15_bridge3r_fixed_v19,Coverage,0.98,1.0,0.020000000000000018
aist__gLO_sBM_cAll_d15_mLO4_ch01__mc150-4,aist__gLO_sBM_cAll_d15_mLO4_ch01__mc150-4,,Human3R,m0_strict_human3r,PA-MPJPE_mm,70.26693040548842,59.30570371885676,10.961226686631662
aist__gLO_sBM_cAll_d15_mLO4_ch01__mc150-4,aist__gLO_sBM_cAll_d15_mLO4_ch01__mc150-4,,Human3R,m0_strict_human3r,Anchor-MPJPE_mm,367.9796484008186,517.89898525014,-149.91933684932138
aist__gLO_sBM_cAll_d15_mLO4_ch01__mc150-4,aist__gLO_sBM_cAll_d15_mLO4_ch01__mc150-4,,Human3R,m0_strict_human3r,Anchor-root_mm,122.93528695792845,521.1382085498874,-398.20292159195895
aist__gLO_sBM_cAll_d15_mLO4_ch01__mc150-4,aist__gLO_sBM_cAll_d15_mLO4_ch01__mc150-4,,Human3R,m0_strict_human3r,Orientation_deg,40.70400400287137,15.767439500504024,24.936564502367347
aist__gLO_sBM_cAll_d15_mLO4_ch01__mc150-4,aist__gLO_sBM_cAll_d15_mLO4_ch01__mc150-4,,Human3R,m0_strict_human3r,Seam-root_mm,64.18584616897562,647.2963804835887,-583.110534314613
aist__gLO_sBM_cAll_d15_mLO4_ch01__mc150-4,aist__gLO_sBM_cAll_d15_mLO4_ch01__mc150-4,,Human3R,m0_strict_human3r,Seam-orientation_deg,43.74680302727604,27.020783837993037,16.726019189283
aist__gLO_sBM_cAll_d15_mLO4_ch01__mc150-4,aist__gLO_sBM_cAll_d15_mLO4_ch01__mc150-4,,Human3R,m0_strict_human3r,Camera-rotation_deg,61.829143457922214,12.740157738351783,49.08898571957043
aist__gLO_sBM_cAll_d15_mLO4_ch01__mc150-4,aist__gLO_sBM_cAll_d15_mLO4_ch01__mc150-4,,Human3R,m0_strict_human3r,Camera-translation_m,4.250683568291856,0.8974072027361898,3.353276365555666
aist__gLO_sBM_cAll_d15_mLO4_ch01__mc150-4,aist__gLO_sBM_cAll_d15_mLO4_ch01__mc150-4,,Human3R,m0_strict_human3r,Boundary-camera-rotation_deg,89.87827340895198,21.60949957663259,68.2687738323194
aist__gLO_sBM_cAll_d15_mLO4_ch01__mc150-4,aist__gLO_sBM_cAll_d15_mLO4_ch01__mc150-4,,Human3R,m0_strict_human3r,Boundary-camera-translation_m,6.485470364335531,2.3600758583349988,4.125394506000532
aist__gLO_sBM_cAll_d15_mLO4_ch01__mc150-4,aist__gLO_sBM_cAll_d15_mLO4_ch01__mc150-4,,Human3R,m0_strict_human3r,Coverage,0.98,1.0,0.020000000000000018
aist__gLO_sBM_cAll_d15_mLO4_ch01__mc150-4,aist__gLO_sBM_cAll_d15_mLO4_ch01__mc150-4,,BRIDGE3R,m15_bridge3r_fixed_v19,PA-MPJPE_mm,70.26693040548842,59.555459625613025,10.711470779875398
aist__gLO_sBM_cAll_d15_mLO4_ch01__mc150-4,aist__gLO_sBM_cAll_d15_mLO4_ch01__mc150-4,,BRIDGE3R,m15_bridge3r_fixed_v19,Anchor-MPJPE_mm,367.9796484008186,839.1376746311417,-471.1580262303232
aist__gLO_sBM_cAll_d15_mLO4_ch01__mc150-4,aist__gLO_sBM_cAll_d15_mLO4_ch01__mc150-4,,BRIDGE3R,m15_bridge3r_fixed_v19,Anchor-root_mm,122.93528695792845,888.6045943663686,-765.6693074084401
aist__gLO_sBM_cAll_d15_mLO4_ch01__mc150-4,aist__gLO_sBM_cAll_d15_mLO4_ch01__mc150-4,,BRIDGE3R,m15_bridge3r_fixed_v19,Orientation_deg,40.70400400287137,42.74947804302085,-2.045474040149479
aist__gLO_sBM_cAll_d15_mLO4_ch01__mc150-4,aist__gLO_sBM_cAll_d15_mLO4_ch01__mc150-4,,BRIDGE3R,m15_bridge3r_fixed_v19,Seam-root_mm,64.18584616897562,1298.250950218349,-1234.0651040493735
aist__gLO_sBM_cAll_d15_mLO4_ch01__mc150-4,aist__gLO_sBM_cAll_d15_mLO4_ch01__mc150-4,,BRIDGE3R,m15_bridge3r_fixed_v19,Seam-orientation_deg,43.74680302727604,56.754792657589825,-13.007989630313787
aist__gLO_sBM_cAll_d15_mLO4_ch01__mc150-4,aist__gLO_sBM_cAll_d15_mLO4_ch01__mc150-4,,BRIDGE3R,m15_bridge3r_fixed_v19,Camera-rotation_deg,61.829143457922214,58.1651010754717,3.6640423824505106
aist__gLO_sBM_cAll_d15_mLO4_ch01__mc150-4,aist__gLO_sBM_cAll_d15_mLO4_ch01__mc150-4,,BRIDGE3R,m15_bridge3r_fixed_v19,Camera-translation_m,4.250683568291856,3.5715591767525083,0.6791243915393474
aist__gLO_sBM_cAll_d15_mLO4_ch01__mc150-4,aist__gLO_sBM_cAll_d15_mLO4_ch01__mc150-4,,BRIDGE3R,m15_bridge3r_fixed_v19,Boundary-camera-rotation_deg,89.87827340895198,62.803617687043534,27.07465572190845
aist__gLO_sBM_cAll_d15_mLO4_ch01__mc150-4,aist__gLO_sBM_cAll_d15_mLO4_ch01__mc150-4,,BRIDGE3R,m15_bridge3r_fixed_v19,Boundary-camera-translation_m,6.485470364335531,3.8615268845078354,2.6239434798276955
aist__gLO_sBM_cAll_d15_mLO4_ch01__mc150-4,aist__gLO_sBM_cAll_d15_mLO4_ch01__mc150-4,,BRIDGE3R,m15_bridge3r_fixed_v19,Coverage,0.98,1.0,0.020000000000000018
aist__gLO_sBM_cAll_d15_mLO5_ch01__mc150-4,aist__gLO_sBM_cAll_d15_mLO5_ch01__mc150-4,,Human3R,m0_strict_human3r,PA-MPJPE_mm,,56.367375281817864,
aist__gLO_sBM_cAll_d15_mLO5_ch01__mc150-4,aist__gLO_sBM_cAll_d15_mLO5_ch01__mc150-4,,Human3R,m0_strict_human3r,Anchor-MPJPE_mm,,899.4709699789036,
aist__gLO_sBM_cAll_d15_mLO5_ch01__mc150-4,aist__gLO_sBM_cAll_d15_mLO5_ch01__mc150-4,,Human3R,m0_strict_human3r,Anchor-root_mm,,912.6544920071984,
aist__gLO_sBM_cAll_d15_mLO5_ch01__mc150-4,aist__gLO_sBM_cAll_d15_mLO5_ch01__mc150-4,,Human3R,m0_strict_human3r,Orientation_deg,,13.159252471391389,
aist__gLO_sBM_cAll_d15_mLO5_ch01__mc150-4,aist__gLO_sBM_cAll_d15_mLO5_ch01__mc150-4,,Human3R,m0_strict_human3r,Seam-root_mm,,1526.9819490675347,
aist__gLO_sBM_cAll_d15_mLO5_ch01__mc150-4,aist__gLO_sBM_cAll_d15_mLO5_ch01__mc150-4,,Human3R,m0_strict_human3r,Seam-orientation_deg,,83.24580049164604,
aist__gLO_sBM_cAll_d15_mLO5_ch01__mc150-4,aist__gLO_sBM_cAll_d15_mLO5_ch01__mc150-4,,Human3R,m0_strict_human3r,Camera-rotation_deg,,11.804170364794427,
aist__gLO_sBM_cAll_d15_mLO5_ch01__mc150-4,aist__gLO_sBM_cAll_d15_mLO5_ch01__mc150-4,,Human3R,m0_strict_human3r,Camera-translation_m,,1.800283363969882,
aist__gLO_sBM_cAll_d15_mLO5_ch01__mc150-4,aist__gLO_sBM_cAll_d15_mLO5_ch01__mc150-4,,Human3R,m0_strict_human3r,Boundary-camera-rotation_deg,,78.78413553805588,
aist__gLO_sBM_cAll_d15_mLO5_ch01__mc150-4,aist__gLO_sBM_cAll_d15_mLO5_ch01__mc150-4,,Human3R,m0_strict_human3r,Boundary-camera-translation_m,,5.219091294628907,
aist__gLO_sBM_cAll_d15_mLO5_ch01__mc150-4,aist__gLO_sBM_cAll_d15_mLO5_ch01__mc150-4,,Human3R,m0_strict_human3r,Coverage,0.0,1.0,1.0
aist__gLO_sBM_cAll_d15_mLO5_ch01__mc150-4,aist__gLO_sBM_cAll_d15_mLO5_ch01__mc150-4,,BRIDGE3R,m15_bridge3r_fixed_v19,PA-MPJPE_mm,,56.726114766126194,
aist__gLO_sBM_cAll_d15_mLO5_ch01__mc150-4,aist__gLO_sBM_cAll_d15_mLO5_ch01__mc150-4,,BRIDGE3R,m15_bridge3r_fixed_v19,Anchor-MPJPE_mm,,604.8517179302773,
aist__gLO_sBM_cAll_d15_mLO5_ch01__mc150-4,aist__gLO_sBM_cAll_d15_mLO5_ch01__mc150-4,,BRIDGE3R,m15_bridge3r_fixed_v19,Anchor-root_mm,,610.1714524227625,
aist__gLO_sBM_cAll_d15_mLO5_ch01__mc150-4,aist__gLO_sBM_cAll_d15_mLO5_ch01__mc150-4,,BRIDGE3R,m15_bridge3r_fixed_v19,Orientation_deg,,11.43387775567078,
aist__gLO_sBM_cAll_d15_mLO5_ch01__mc150-4,aist__gLO_sBM_cAll_d15_mLO5_ch01__mc150-4,,BRIDGE3R,m15_bridge3r_fixed_v19,Seam-root_mm,,834.556263200343,
aist__gLO_sBM_cAll_d15_mLO5_ch01__mc150-4,aist__gLO_sBM_cAll_d15_mLO5_ch01__mc150-4,,BRIDGE3R,m15_bridge3r_fixed_v19,Seam-orientation_deg,,16.443362611216223,
aist__gLO_sBM_cAll_d15_mLO5_ch01__mc150-4,aist__gLO_sBM_cAll_d15_mLO5_ch01__mc150-4,,BRIDGE3R,m15_bridge3r_fixed_v19,Camera-rotation_deg,,9.903292764809875,
aist__gLO_sBM_cAll_d15_mLO5_ch01__mc150-4,aist__gLO_sBM_cAll_d15_mLO5_ch01__mc150-4,,BRIDGE3R,m15_bridge3r_fixed_v19,Camera-translation_m,,1.1575391292176824,
aist__gLO_sBM_cAll_d15_mLO5_ch01__mc150-4,aist__gLO_sBM_cAll_d15_mLO5_ch01__mc150-4,,BRIDGE3R,m15_bridge3r_fixed_v19,Boundary-camera-rotation_deg,,7.439713282883344,
aist__gLO_sBM_cAll_d15_mLO5_ch01__mc150-4,aist__gLO_sBM_cAll_d15_mLO5_ch01__mc150-4,,BRIDGE3R,m15_bridge3r_fixed_v19,Boundary-camera-translation_m,,1.075260766084208,
aist__gLO_sBM_cAll_d15_mLO5_ch01__mc150-4,aist__gLO_sBM_cAll_d15_mLO5_ch01__mc150-4,,BRIDGE3R,m15_bridge3r_fixed_v19,Coverage,0.0,1.0,1.0
aist__gLO_sBM_cAll_d15_mLO5_ch02__mc150-4,aist__gLO_sBM_cAll_d15_mLO5_ch02__mc150-4,,Human3R,m0_strict_human3r,PA-MPJPE_mm,,40.92867152229314,
aist__gLO_sBM_cAll_d15_mLO5_ch02__mc150-4,aist__gLO_sBM_cAll_d15_mLO5_ch02__mc150-4,,Human3R,m0_strict_human3r,Anchor-MPJPE_mm,,428.15070747849063,
aist__gLO_sBM_cAll_d15_mLO5_ch02__mc150-4,aist__gLO_sBM_cAll_d15_mLO5_ch02__mc150-4,,Human3R,m0_strict_human3r,Anchor-root_mm,,434.1959834807828,
aist__gLO_sBM_cAll_d15_mLO5_ch02__mc150-4,aist__gLO_sBM_cAll_d15_mLO5_ch02__mc150-4,,Human3R,m0_strict_human3r,Orientation_deg,,7.5576765529218,
aist__gLO_sBM_cAll_d15_mLO5_ch02__mc150-4,aist__gLO_sBM_cAll_d15_mLO5_ch02__mc150-4,,Human3R,m0_strict_human3r,Seam-root_mm,,1973.6264103942437,
aist__gLO_sBM_cAll_d15_mLO5_ch02__mc150-4,aist__gLO_sBM_cAll_d15_mLO5_ch02__mc150-4,,Human3R,m0_strict_human3r,Seam-orientation_deg,,30.555723173364868,
aist__gLO_sBM_cAll_d15_mLO5_ch02__mc150-4,aist__gLO_sBM_cAll_d15_mLO5_ch02__mc150-4,,Human3R,m0_strict_human3r,Camera-rotation_deg,,8.90806049442745,
aist__gLO_sBM_cAll_d15_mLO5_ch02__mc150-4,aist__gLO_sBM_cAll_d15_mLO5_ch02__mc150-4,,Human3R,m0_strict_human3r,Camera-translation_m,,1.0831165031531467,
aist__gLO_sBM_cAll_d15_mLO5_ch02__mc150-4,aist__gLO_sBM_cAll_d15_mLO5_ch02__mc150-4,,Human3R,m0_strict_human3r,Boundary-camera-rotation_deg,,29.791909394092553,
aist__gLO_sBM_cAll_d15_mLO5_ch02__mc150-4,aist__gLO_sBM_cAll_d15_mLO5_ch02__mc150-4,,Human3R,m0_strict_human3r,Boundary-camera-translation_m,,2.214531795266026,
aist__gLO_sBM_cAll_d15_mLO5_ch02__mc150-4,aist__gLO_sBM_cAll_d15_mLO5_ch02__mc150-4,,Human3R,m0_strict_human3r,Coverage,0.0,1.0,1.0
aist__gLO_sBM_cAll_d15_mLO5_ch02__mc150-4,aist__gLO_sBM_cAll_d15_mLO5_ch02__mc150-4,,BRIDGE3R,m15_bridge3r_fixed_v19,PA-MPJPE_mm,,40.73416254426993,
aist__gLO_sBM_cAll_d15_mLO5_ch02__mc150-4,aist__gLO_sBM_cAll_d15_mLO5_ch02__mc150-4,,BRIDGE3R,m15_bridge3r_fixed_v19,Anchor-MPJPE_mm,,503.6239984137247,
aist__gLO_sBM_cAll_d15_mLO5_ch02__mc150-4,aist__gLO_sBM_cAll_d15_mLO5_ch02__mc150-4,,BRIDGE3R,m15_bridge3r_fixed_v19,Anchor-root_mm,,495.10914507561876,
aist__gLO_sBM_cAll_d15_mLO5_ch02__mc150-4,aist__gLO_sBM_cAll_d15_mLO5_ch02__mc150-4,,BRIDGE3R,m15_bridge3r_fixed_v19,Orientation_deg,,6.795455733082569,
aist__gLO_sBM_cAll_d15_mLO5_ch02__mc150-4,aist__gLO_sBM_cAll_d15_mLO5_ch02__mc150-4,,BRIDGE3R,m15_bridge3r_fixed_v19,Seam-root_mm,,1020.3069551687589,
aist__gLO_sBM_cAll_d15_mLO5_ch02__mc150-4,aist__gLO_sBM_cAll_d15_mLO5_ch02__mc150-4,,BRIDGE3R,m15_bridge3r_fixed_v19,Seam-orientation_deg,,8.240099046003106,
aist__gLO_sBM_cAll_d15_mLO5_ch02__mc150-4,aist__gLO_sBM_cAll_d15_mLO5_ch02__mc150-4,,BRIDGE3R,m15_bridge3r_fixed_v19,Camera-rotation_deg,,7.6241717513490626,
aist__gLO_sBM_cAll_d15_mLO5_ch02__mc150-4,aist__gLO_sBM_cAll_d15_mLO5_ch02__mc150-4,,BRIDGE3R,m15_bridge3r_fixed_v19,Camera-translation_m,,0.7427377234985565,
aist__gLO_sBM_cAll_d15_mLO5_ch02__mc150-4,aist__gLO_sBM_cAll_d15_mLO5_ch02__mc150-4,,BRIDGE3R,m15_bridge3r_fixed_v19,Boundary-camera-rotation_deg,,6.076553869470537,
aist__gLO_sBM_cAll_d15_mLO5_ch02__mc150-4,aist__gLO_sBM_cAll_d15_mLO5_ch02__mc150-4,,BRIDGE3R,m15_bridge3r_fixed_v19,Boundary-camera-translation_m,,0.9960020762987559,
aist__gLO_sBM_cAll_d15_mLO5_ch02__mc150-4,aist__gLO_sBM_cAll_d15_mLO5_ch02__mc150-4,,BRIDGE3R,m15_bridge3r_fixed_v19,Coverage,0.0,1.0,1.0
aist__gMH_sBM_cAll_d24_mMH2_ch01__mc150-4,aist__gMH_sBM_cAll_d24_mMH2_ch01__mc150-4,,Human3R,m0_strict_human3r,PA-MPJPE_mm,53.51243850721288,56.44554044563576,-2.9331019384228796
aist__gMH_sBM_cAll_d24_mMH2_ch01__mc150-4,aist__gMH_sBM_cAll_d24_mMH2_ch01__mc150-4,,Human3R,m0_strict_human3r,Anchor-MPJPE_mm,2384.88554010973,1090.2040406578,1294.6814994519298
aist__gMH_sBM_cAll_d24_mMH2_ch01__mc150-4,aist__gMH_sBM_cAll_d24_mMH2_ch01__mc150-4,,Human3R,m0_strict_human3r,Anchor-root_mm,2392.0077280199966,1061.9993398524448,1330.0083881675519
aist__gMH_sBM_cAll_d24_mMH2_ch01__mc150-4,aist__gMH_sBM_cAll_d24_mMH2_ch01__mc150-4,,Human3R,m0_strict_human3r,Orientation_deg,79.20362609309366,33.52442002360261,45.67920606949105
aist__gMH_sBM_cAll_d24_mMH2_ch01__mc150-4,aist__gMH_sBM_cAll_d24_mMH2_ch01__mc150-4,,Human3R,m0_strict_human3r,Seam-root_mm,872.2705603937007,1169.4220115522432,-297.1514511585425
aist__gMH_sBM_cAll_d24_mMH2_ch01__mc150-4,aist__gMH_sBM_cAll_d24_mMH2_ch01__mc150-4,,Human3R,m0_strict_human3r,Seam-orientation_deg,30.214677231385206,54.40574478256895,-24.191067551183746
aist__gMH_sBM_cAll_d24_mMH2_ch01__mc150-4,aist__gMH_sBM_cAll_d24_mMH2_ch01__mc150-4,,Human3R,m0_strict_human3r,Camera-rotation_deg,101.67615049632639,35.113735036126734,66.56241546019965
aist__gMH_sBM_cAll_d24_mMH2_ch01__mc150-4,aist__gMH_sBM_cAll_d24_mMH2_ch01__mc150-4,,Human3R,m0_strict_human3r,Camera-translation_m,6.11875525503046,3.2753607402195235,2.8433945148109365
aist__gMH_sBM_cAll_d24_mMH2_ch01__mc150-4,aist__gMH_sBM_cAll_d24_mMH2_ch01__mc150-4,,Human3R,m0_strict_human3r,Boundary-camera-rotation_deg,83.63241597606252,55.245490767354134,28.386925208708384
aist__gMH_sBM_cAll_d24_mMH2_ch01__mc150-4,aist__gMH_sBM_cAll_d24_mMH2_ch01__mc150-4,,Human3R,m0_strict_human3r,Boundary-camera-translation_m,6.237785124116566,3.71148274959138,2.526302374525186
aist__gMH_sBM_cAll_d24_mMH2_ch01__mc150-4,aist__gMH_sBM_cAll_d24_mMH2_ch01__mc150-4,,Human3R,m0_strict_human3r,Coverage,0.98,1.0,0.020000000000000018
aist__gMH_sBM_cAll_d24_mMH2_ch01__mc150-4,aist__gMH_sBM_cAll_d24_mMH2_ch01__mc150-4,,BRIDGE3R,m15_bridge3r_fixed_v19,PA-MPJPE_mm,53.51243850721288,56.46721797771951,-2.9547794705066295
aist__gMH_sBM_cAll_d24_mMH2_ch01__mc150-4,aist__gMH_sBM_cAll_d24_mMH2_ch01__mc150-4,,BRIDGE3R,m15_bridge3r_fixed_v19,Anchor-MPJPE_mm,2384.88554010973,1050.4673717708747,1334.4181683388551
aist__gMH_sBM_cAll_d24_mMH2_ch01__mc150-4,aist__gMH_sBM_cAll_d24_mMH2_ch01__mc150-4,,BRIDGE3R,m15_bridge3r_fixed_v19,Anchor-root_mm,2392.0077280199966,1032.714091028339,1359.2936369916576
aist__gMH_sBM_cAll_d24_mMH2_ch01__mc150-4,aist__gMH_sBM_cAll_d24_mMH2_ch01__mc150-4,,BRIDGE3R,m15_bridge3r_fixed_v19,Orientation_deg,79.20362609309366,46.14836358025523,33.05526251283843
aist__gMH_sBM_cAll_d24_mMH2_ch01__mc150-4,aist__gMH_sBM_cAll_d24_mMH2_ch01__mc150-4,,BRIDGE3R,m15_bridge3r_fixed_v19,Seam-root_mm,872.2705603937007,1506.0428155089194,-633.7722551152186
aist__gMH_sBM_cAll_d24_mMH2_ch01__mc150-4,aist__gMH_sBM_cAll_d24_mMH2_ch01__mc150-4,,BRIDGE3R,m15_bridge3r_fixed_v19,Seam-orientation_deg,30.214677231385206,101.03851271698737,-70.82383548560216
aist__gMH_sBM_cAll_d24_mMH2_ch01__mc150-4,aist__gMH_sBM_cAll_d24_mMH2_ch01__mc150-4,,BRIDGE3R,m15_bridge3r_fixed_v19,Camera-rotation_deg,101.67615049632639,49.546395923493094,52.12975457283329
aist__gMH_sBM_cAll_d24_mMH2_ch01__mc150-4,aist__gMH_sBM_cAll_d24_mMH2_ch01__mc150-4,,BRIDGE3R,m15_bridge3r_fixed_v19,Camera-translation_m,6.11875525503046,3.3085281521644987,2.8102271028659613
aist__gMH_sBM_cAll_d24_mMH2_ch01__mc150-4,aist__gMH_sBM_cAll_d24_mMH2_ch01__mc150-4,,BRIDGE3R,m15_bridge3r_fixed_v19,Boundary-camera-rotation_deg,83.63241597606252,92.72207678050923,-9.089660804446709
aist__gMH_sBM_cAll_d24_mMH2_ch01__mc150-4,aist__gMH_sBM_cAll_d24_mMH2_ch01__mc150-4,,BRIDGE3R,m15_bridge3r_fixed_v19,Boundary-camera-translation_m,6.237785124116566,5.323391861567123,0.9143932625494422
aist__gMH_sBM_cAll_d24_mMH2_ch01__mc150-4,aist__gMH_sBM_cAll_d24_mMH2_ch01__mc150-4,,BRIDGE3R,m15_bridge3r_fixed_v19,Coverage,0.98,1.0,0.020000000000000018
aist__gMH_sBM_cAll_d24_mMH2_ch02__mc150-4,aist__gMH_sBM_cAll_d24_mMH2_ch02__mc150-4,,Human3R,m0_strict_human3r,PA-MPJPE_mm,52.765985090080704,56.2809350476905,-3.514949957609794
aist__gMH_sBM_cAll_d24_mMH2_ch02__mc150-4,aist__gMH_sBM_cAll_d24_mMH2_ch02__mc150-4,,Human3R,m0_strict_human3r,Anchor-MPJPE_mm,2313.9614949096976,1335.427394763691,978.5341001460067
aist__gMH_sBM_cAll_d24_mMH2_ch02__mc150-4,aist__gMH_sBM_cAll_d24_mMH2_ch02__mc150-4,,Human3R,m0_strict_human3r,Anchor-root_mm,2319.4258346917386,1324.2289692495788,995.1968654421598
aist__gMH_sBM_cAll_d24_mMH2_ch02__mc150-4,aist__gMH_sBM_cAll_d24_mMH2_ch02__mc150-4,,Human3R,m0_strict_human3r,Orientation_deg,78.0902414705594,61.602282750138585,16.48795872042082
aist__gMH_sBM_cAll_d24_mMH2_ch02__mc150-4,aist__gMH_sBM_cAll_d24_mMH2_ch02__mc150-4,,Human3R,m0_strict_human3r,Seam-root_mm,837.1241421093467,1379.8025682394357,-542.678426130089
aist__gMH_sBM_cAll_d24_mMH2_ch02__mc150-4,aist__gMH_sBM_cAll_d24_mMH2_ch02__mc150-4,,Human3R,m0_strict_human3r,Seam-orientation_deg,27.89069575355113,65.95144117649176,-38.06074542294063
aist__gMH_sBM_cAll_d24_mMH2_ch02__mc150-4,aist__gMH_sBM_cAll_d24_mMH2_ch02__mc150-4,,Human3R,m0_strict_human3r,Camera-rotation_deg,102.49758959871681,77.92435600565457,24.57323359306224
aist__gMH_sBM_cAll_d24_mMH2_ch02__mc150-4,aist__gMH_sBM_cAll_d24_mMH2_ch02__mc150-4,,Human3R,m0_strict_human3r,Camera-translation_m,6.16218220284748,6.902808041499517,-0.7406258386520372
aist__gMH_sBM_cAll_d24_mMH2_ch02__mc150-4,aist__gMH_sBM_cAll_d24_mMH2_ch02__mc150-4,,Human3R,m0_strict_human3r,Boundary-camera-rotation_deg,83.60869948804155,66.26054940583113,17.348150082210424
aist__gMH_sBM_cAll_d24_mMH2_ch02__mc150-4,aist__gMH_sBM_cAll_d24_mMH2_ch02__mc150-4,,Human3R,m0_strict_human3r,Boundary-camera-translation_m,6.24996950385048,3.4383163074953553,2.8116531963551243
aist__gMH_sBM_cAll_d24_mMH2_ch02__mc150-4,aist__gMH_sBM_cAll_d24_mMH2_ch02__mc150-4,,Human3R,m0_strict_human3r,Coverage,0.9933333333333333,1.0,0.00666666666666671
aist__gMH_sBM_cAll_d24_mMH2_ch02__mc150-4,aist__gMH_sBM_cAll_d24_mMH2_ch02__mc150-4,,BRIDGE3R,m15_bridge3r_fixed_v19,PA-MPJPE_mm,52.765985090080704,56.23793024974564,-3.4719451596649336
aist__gMH_sBM_cAll_d24_mMH2_ch02__mc150-4,aist__gMH_sBM_cAll_d24_mMH2_ch02__mc150-4,,BRIDGE3R,m15_bridge3r_fixed_v19,Anchor-MPJPE_mm,2313.9614949096976,832.2284098943659,1481.7330850153317
aist__gMH_sBM_cAll_d24_mMH2_ch02__mc150-4,aist__gMH_sBM_cAll_d24_mMH2_ch02__mc150-4,,BRIDGE3R,m15_bridge3r_fixed_v19,Anchor-root_mm,2319.4258346917386,826.3037319301407,1493.122102761598
aist__gMH_sBM_cAll_d24_mMH2_ch02__mc150-4,aist__gMH_sBM_cAll_d24_mMH2_ch02__mc150-4,,BRIDGE3R,m15_bridge3r_fixed_v19,Orientation_deg,78.0902414705594,63.029906257100215,15.06033521345919
aist__gMH_sBM_cAll_d24_mMH2_ch02__mc150-4,aist__gMH_sBM_cAll_d24_mMH2_ch02__mc150-4,,BRIDGE3R,m15_bridge3r_fixed_v19,Seam-root_mm,837.1241421093467,801.8137161399658,35.31042596938096
aist__gMH_sBM_cAll_d24_mMH2_ch02__mc150-4,aist__gMH_sBM_cAll_d24_mMH2_ch02__mc150-4,,BRIDGE3R,m15_bridge3r_fixed_v19,Seam-orientation_deg,27.89069575355113,55.64333868429375,-27.75264293074262
aist__gMH_sBM_cAll_d24_mMH2_ch02__mc150-4,aist__gMH_sBM_cAll_d24_mMH2_ch02__mc150-4,,BRIDGE3R,m15_bridge3r_fixed_v19,Camera-rotation_deg,102.49758959871681,80.90753920338031,21.590050395336505
aist__gMH_sBM_cAll_d24_mMH2_ch02__mc150-4,aist__gMH_sBM_cAll_d24_mMH2_ch02__mc150-4,,BRIDGE3R,m15_bridge3r_fixed_v19,Camera-translation_m,6.16218220284748,5.821308489328702,0.3408737135187776
aist__gMH_sBM_cAll_d24_mMH2_ch02__mc150-4,aist__gMH_sBM_cAll_d24_mMH2_ch02__mc150-4,,BRIDGE3R,m15_bridge3r_fixed_v19,Boundary-camera-rotation_deg,83.60869948804155,55.51494278091922,28.09375670712233
aist__gMH_sBM_cAll_d24_mMH2_ch02__mc150-4,aist__gMH_sBM_cAll_d24_mMH2_ch02__mc150-4,,BRIDGE3R,m15_bridge3r_fixed_v19,Boundary-camera-translation_m,6.24996950385048,3.703776350422249,2.5461931534282307
aist__gMH_sBM_cAll_d24_mMH2_ch02__mc150-4,aist__gMH_sBM_cAll_d24_mMH2_ch02__mc150-4,,BRIDGE3R,m15_bridge3r_fixed_v19,Coverage,0.9933333333333333,1.0,0.00666666666666671
aist__gMH_sBM_cAll_d24_mMH3_ch01__mc150-4,aist__gMH_sBM_cAll_d24_mMH3_ch01__mc150-4,,Human3R,m0_strict_human3r,PA-MPJPE_mm,52.85774295544841,56.90144225275224,-4.0436992973038315
aist__gMH_sBM_cAll_d24_mMH3_ch01__mc150-4,aist__gMH_sBM_cAll_d24_mMH3_ch01__mc150-4,,Human3R,m0_strict_human3r,Anchor-MPJPE_mm,982.1491295132565,422.9808399050151,559.1682896082414
aist__gMH_sBM_cAll_d24_mMH3_ch01__mc150-4,aist__gMH_sBM_cAll_d24_mMH3_ch01__mc150-4,,Human3R,m0_strict_human3r,Anchor-root_mm,947.1233838475187,401.1437098067603,545.9796740407584
aist__gMH_sBM_cAll_d24_mMH3_ch01__mc150-4,aist__gMH_sBM_cAll_d24_mMH3_ch01__mc150-4,,Human3R,m0_strict_human3r,Orientation_deg,41.42435556287072,27.891943756499955,13.532411806370767
aist__gMH_sBM_cAll_d24_mMH3_ch01__mc150-4,aist__gMH_sBM_cAll_d24_mMH3_ch01__mc150-4,,Human3R,m0_strict_human3r,Seam-root_mm,595.1000656749753,226.35426022159072,368.7458054533846
aist__gMH_sBM_cAll_d24_mMH3_ch01__mc150-4,aist__gMH_sBM_cAll_d24_mMH3_ch01__mc150-4,,Human3R,m0_strict_human3r,Seam-orientation_deg,41.00395377071644,36.76810635809338,4.235847412623066
aist__gMH_sBM_cAll_d24_mMH3_ch01__mc150-4,aist__gMH_sBM_cAll_d24_mMH3_ch01__mc150-4,,Human3R,m0_strict_human3r,Camera-rotation_deg,49.098399571705066,31.346155642694725,17.75224392901034
aist__gMH_sBM_cAll_d24_mMH3_ch01__mc150-4,aist__gMH_sBM_cAll_d24_mMH3_ch01__mc150-4,,Human3R,m0_strict_human3r,Camera-translation_m,4.043488874196841,2.7844112963050875,1.2590775778917536
aist__gMH_sBM_cAll_d24_mMH3_ch01__mc150-4,aist__gMH_sBM_cAll_d24_mMH3_ch01__mc150-4,,Human3R,m0_strict_human3r,Boundary-camera-rotation_deg,80.95381808131155,32.41556408928465,48.5382539920269
aist__gMH_sBM_cAll_d24_mMH3_ch01__mc150-4,aist__gMH_sBM_cAll_d24_mMH3_ch01__mc150-4,,Human3R,m0_strict_human3r,Boundary-camera-translation_m,6.111322652464016,2.7626493310051217,3.348673321458894
aist__gMH_sBM_cAll_d24_mMH3_ch01__mc150-4,aist__gMH_sBM_cAll_d24_mMH3_ch01__mc150-4,,Human3R,m0_strict_human3r,Coverage,0.98,1.0,0.020000000000000018
aist__gMH_sBM_cAll_d24_mMH3_ch01__mc150-4,aist__gMH_sBM_cAll_d24_mMH3_ch01__mc150-4,,BRIDGE3R,m15_bridge3r_fixed_v19,PA-MPJPE_mm,52.85774295544841,56.888067983794926,-4.0303250283465175
aist__gMH_sBM_cAll_d24_mMH3_ch01__mc150-4,aist__gMH_sBM_cAll_d24_mMH3_ch01__mc150-4,,BRIDGE3R,m15_bridge3r_fixed_v19,Anchor-MPJPE_mm,982.1491295132565,669.4800302718158,312.6690992414407
aist__gMH_sBM_cAll_d24_mMH3_ch01__mc150-4,aist__gMH_sBM_cAll_d24_mMH3_ch01__mc150-4,,BRIDGE3R,m15_bridge3r_fixed_v19,Anchor-root_mm,947.1233838475187,646.141148622134,300.98223522538467
aist__gMH_sBM_cAll_d24_mMH3_ch01__mc150-4,aist__gMH_sBM_cAll_d24_mMH3_ch01__mc150-4,,BRIDGE3R,m15_bridge3r_fixed_v19,Orientation_deg,41.42435556287072,29.27066509818904,12.153690464681684
aist__gMH_sBM_cAll_d24_mMH3_ch01__mc150-4,aist__gMH_sBM_cAll_d24_mMH3_ch01__mc150-4,,BRIDGE3R,m15_bridge3r_fixed_v19,Seam-root_mm,595.1000656749753,968.575679344301,-373.47561366932564
aist__gMH_sBM_cAll_d24_mMH3_ch01__mc150-4,aist__gMH_sBM_cAll_d24_mMH3_ch01__mc150-4,,BRIDGE3R,m15_bridge3r_fixed_v19,Seam-orientation_deg,41.00395377071644,37.54936487614234,3.4545888945741012
aist__gMH_sBM_cAll_d24_mMH3_ch01__mc150-4,aist__gMH_sBM_cAll_d24_mMH3_ch01__mc150-4,,BRIDGE3R,m15_bridge3r_fixed_v19,Camera-rotation_deg,49.098399571705066,34.18475544375374,14.91364412795133
aist__gMH_sBM_cAll_d24_mMH3_ch01__mc150-4,aist__gMH_sBM_cAll_d24_mMH3_ch01__mc150-4,,BRIDGE3R,m15_bridge3r_fixed_v19,Camera-translation_m,4.043488874196841,2.734702149574573,1.308786724622268
aist__gMH_sBM_cAll_d24_mMH3_ch01__mc150-4,aist__gMH_sBM_cAll_d24_mMH3_ch01__mc150-4,,BRIDGE3R,m15_bridge3r_fixed_v19,Boundary-camera-rotation_deg,80.95381808131155,40.64675473035174,40.307063350959815
aist__gMH_sBM_cAll_d24_mMH3_ch01__mc150-4,aist__gMH_sBM_cAll_d24_mMH3_ch01__mc150-4,,BRIDGE3R,m15_bridge3r_fixed_v19,Boundary-camera-translation_m,6.111322652464016,3.530537331065981,2.5807853213980345
aist__gMH_sBM_cAll_d24_mMH3_ch01__mc150-4,aist__gMH_sBM_cAll_d24_mMH3_ch01__mc150-4,,BRIDGE3R,m15_bridge3r_fixed_v19,Coverage,0.98,1.0,0.020000000000000018
aist__gMH_sBM_cAll_d24_mMH3_ch02__mc150-4,aist__gMH_sBM_cAll_d24_mMH3_ch02__mc150-4,,Human3R,m0_strict_human3r,PA-MPJPE_mm,56.02958833257153,56.30644687439497,-0.2768585418234437
aist__gMH_sBM_cAll_d24_mMH3_ch02__mc150-4,aist__gMH_sBM_cAll_d24_mMH3_ch02__mc150-4,,Human3R,m0_strict_human3r,Anchor-MPJPE_mm,2411.356019659114,707.3294669649183,1704.0265526941955
aist__gMH_sBM_cAll_d24_mMH3_ch02__mc150-4,aist__gMH_sBM_cAll_d24_mMH3_ch02__mc150-4,,Human3R,m0_strict_human3r,Anchor-root_mm,2415.2450730640207,699.0409060282642,1716.2041670357567
aist__gMH_sBM_cAll_d24_mMH3_ch02__mc150-4,aist__gMH_sBM_cAll_d24_mMH3_ch02__mc150-4,,Human3R,m0_strict_human3r,Orientation_deg,74.03830436541939,55.64136045119919,18.396943914220202
aist__gMH_sBM_cAll_d24_mMH3_ch02__mc150-4,aist__gMH_sBM_cAll_d24_mMH3_ch02__mc150-4,,Human3R,m0_strict_human3r,Seam-root_mm,428.15702252808507,746.83922055523,-318.6821980271449
aist__gMH_sBM_cAll_d24_mMH3_ch02__mc150-4,aist__gMH_sBM_cAll_d24_mMH3_ch02__mc150-4,,Human3R,m0_strict_human3r,Seam-orientation_deg,47.72189854382132,45.87441379499029,1.8474847488310289
aist__gMH_sBM_cAll_d24_mMH3_ch02__mc150-4,aist__gMH_sBM_cAll_d24_mMH3_ch02__mc150-4,,Human3R,m0_strict_human3r,Camera-rotation_deg,91.83602368128865,61.68572830319993,30.15029537808872
aist__gMH_sBM_cAll_d24_mMH3_ch02__mc150-4,aist__gMH_sBM_cAll_d24_mMH3_ch02__mc150-4,,Human3R,m0_strict_human3r,Camera-translation_m,6.728046997594951,4.781819910464487,1.9462270871304632
aist__gMH_sBM_cAll_d24_mMH3_ch02__mc150-4,aist__gMH_sBM_cAll_d24_mMH3_ch02__mc150-4,,Human3R,m0_strict_human3r,Boundary-camera-rotation_deg,87.13210492978163,35.838548152628995,51.29355677715264
aist__gMH_sBM_cAll_d24_mMH3_ch02__mc150-4,aist__gMH_sBM_cAll_d24_mMH3_ch02__mc150-4,,Human3R,m0_strict_human3r,Boundary-camera-translation_m,6.571645516311555,3.0755431980881096,3.496102318223445
aist__gMH_sBM_cAll_d24_mMH3_ch02__mc150-4,aist__gMH_sBM_cAll_d24_mMH3_ch02__mc150-4,,Human3R,m0_strict_human3r,Coverage,0.98,1.0,0.020000000000000018
aist__gMH_sBM_cAll_d24_mMH3_ch02__mc150-4,aist__gMH_sBM_cAll_d24_mMH3_ch02__mc150-4,,BRIDGE3R,m15_bridge3r_fixed_v19,PA-MPJPE_mm,56.02958833257153,55.95989903454463,0.06968929802690127
aist__gMH_sBM_cAll_d24_mMH3_ch02__mc150-4,aist__gMH_sBM_cAll_d24_mMH3_ch02__mc150-4,,BRIDGE3R,m15_bridge3r_fixed_v19,Anchor-MPJPE_mm,2411.356019659114,681.5697486567237,1729.78627100239
aist__gMH_sBM_cAll_d24_mMH3_ch02__mc150-4,aist__gMH_sBM_cAll_d24_mMH3_ch02__mc150-4,,BRIDGE3R,m15_bridge3r_fixed_v19,Anchor-root_mm,2415.2450730640207,669.7525124674985,1745.4925605965223
aist__gMH_sBM_cAll_d24_mMH3_ch02__mc150-4,aist__gMH_sBM_cAll_d24_mMH3_ch02__mc150-4,,BRIDGE3R,m15_bridge3r_fixed_v19,Orientation_deg,74.03830436541939,53.22708640741695,20.811217958002445
aist__gMH_sBM_cAll_d24_mMH3_ch02__mc150-4,aist__gMH_sBM_cAll_d24_mMH3_ch02__mc150-4,,BRIDGE3R,m15_bridge3r_fixed_v19,Seam-root_mm,428.15702252808507,1123.9085662128848,-695.7515436847998
aist__gMH_sBM_cAll_d24_mMH3_ch02__mc150-4,aist__gMH_sBM_cAll_d24_mMH3_ch02__mc150-4,,BRIDGE3R,m15_bridge3r_fixed_v19,Seam-orientation_deg,47.72189854382132,42.94483423977343,4.77706430404789
aist__gMH_sBM_cAll_d24_mMH3_ch02__mc150-4,aist__gMH_sBM_cAll_d24_mMH3_ch02__mc150-4,,BRIDGE3R,m15_bridge3r_fixed_v19,Camera-rotation_deg,91.83602368128865,59.61929129506688,32.21673238622177
aist__gMH_sBM_cAll_d24_mMH3_ch02__mc150-4,aist__gMH_sBM_cAll_d24_mMH3_ch02__mc150-4,,BRIDGE3R,m15_bridge3r_fixed_v19,Camera-translation_m,6.728046997594951,4.329930436537966,2.398116561056985
aist__gMH_sBM_cAll_d24_mMH3_ch02__mc150-4,aist__gMH_sBM_cAll_d24_mMH3_ch02__mc150-4,,BRIDGE3R,m15_bridge3r_fixed_v19,Boundary-camera-rotation_deg,87.13210492978163,33.813180493483884,53.31892443629775
aist__gMH_sBM_cAll_d24_mMH3_ch02__mc150-4,aist__gMH_sBM_cAll_d24_mMH3_ch02__mc150-4,,BRIDGE3R,m15_bridge3r_fixed_v19,Boundary-camera-translation_m,6.571645516311555,3.1806230047868227,3.391022511524732
aist__gMH_sBM_cAll_d24_mMH3_ch02__mc150-4,aist__gMH_sBM_cAll_d24_mMH3_ch02__mc150-4,,BRIDGE3R,m15_bridge3r_fixed_v19,Coverage,0.98,1.0,0.020000000000000018
aist__gMH_sBM_cAll_d24_mMH3_ch04__mc150-4,aist__gMH_sBM_cAll_d24_mMH3_ch04__mc150-4,,Human3R,m0_strict_human3r,PA-MPJPE_mm,51.49198113395227,53.44415715183842,-1.9521760178861456
aist__gMH_sBM_cAll_d24_mMH3_ch04__mc150-4,aist__gMH_sBM_cAll_d24_mMH3_ch04__mc150-4,,Human3R,m0_strict_human3r,Anchor-MPJPE_mm,1974.7115981589297,628.4506722761303,1346.2609258827995
aist__gMH_sBM_cAll_d24_mMH3_ch04__mc150-4,aist__gMH_sBM_cAll_d24_mMH3_ch04__mc150-4,,Human3R,m0_strict_human3r,Anchor-root_mm,2037.3392681298449,566.8986109551248,1470.44065717472
aist__gMH_sBM_cAll_d24_mMH3_ch04__mc150-4,aist__gMH_sBM_cAll_d24_mMH3_ch04__mc150-4,,Human3R,m0_strict_human3r,Orientation_deg,75.31588167335234,59.24731745252326,16.068564220829074
aist__gMH_sBM_cAll_d24_mMH3_ch04__mc150-4,aist__gMH_sBM_cAll_d24_mMH3_ch04__mc150-4,,Human3R,m0_strict_human3r,Seam-root_mm,663.1561160969987,1178.58683509497,-515.4307189979712
aist__gMH_sBM_cAll_d24_mMH3_ch04__mc150-4,aist__gMH_sBM_cAll_d24_mMH3_ch04__mc150-4,,Human3R,m0_strict_human3r,Seam-orientation_deg,27.407471743747347,50.46272465259699,-23.055252908849642
aist__gMH_sBM_cAll_d24_mMH3_ch04__mc150-4,aist__gMH_sBM_cAll_d24_mMH3_ch04__mc150-4,,Human3R,m0_strict_human3r,Camera-rotation_deg,103.04895542127042,74.96025681403935,28.088698607231066
aist__gMH_sBM_cAll_d24_mMH3_ch04__mc150-4,aist__gMH_sBM_cAll_d24_mMH3_ch04__mc150-4,,Human3R,m0_strict_human3r,Camera-translation_m,6.3668294681460385,5.839799528296342,0.5270299398496965
aist__gMH_sBM_cAll_d24_mMH3_ch04__mc150-4,aist__gMH_sBM_cAll_d24_mMH3_ch04__mc150-4,,Human3R,m0_strict_human3r,Boundary-camera-rotation_deg,83.76203974895841,52.69291194174229,31.069127807216127
aist__gMH_sBM_cAll_d24_mMH3_ch04__mc150-4,aist__gMH_sBM_cAll_d24_mMH3_ch04__mc150-4,,Human3R,m0_strict_human3r,Boundary-camera-translation_m,6.24086909289158,2.9071662555370508,3.333702837354529
aist__gMH_sBM_cAll_d24_mMH3_ch04__mc150-4,aist__gMH_sBM_cAll_d24_mMH3_ch04__mc150-4,,Human3R,m0_strict_human3r,Coverage,0.9933333333333333,1.0,0.00666666666666671
aist__gMH_sBM_cAll_d24_mMH3_ch04__mc150-4,aist__gMH_sBM_cAll_d24_mMH3_ch04__mc150-4,,BRIDGE3R,m15_bridge3r_fixed_v19,PA-MPJPE_mm,51.49198113395227,53.98994538484908,-2.497964250896807
aist__gMH_sBM_cAll_d24_mMH3_ch04__mc150-4,aist__gMH_sBM_cAll_d24_mMH3_ch04__mc150-4,,BRIDGE3R,m15_bridge3r_fixed_v19,Anchor-MPJPE_mm,1974.7115981589297,768.3677929226767,1206.343805236253
aist__gMH_sBM_cAll_d24_mMH3_ch04__mc150-4,aist__gMH_sBM_cAll_d24_mMH3_ch04__mc150-4,,BRIDGE3R,m15_bridge3r_fixed_v19,Anchor-root_mm,2037.3392681298449,813.160914478454,1224.1783536513908
aist__gMH_sBM_cAll_d24_mMH3_ch04__mc150-4,aist__gMH_sBM_cAll_d24_mMH3_ch04__mc150-4,,BRIDGE3R,m15_bridge3r_fixed_v19,Orientation_deg,75.31588167335234,70.98947626070016,4.3264054126521785
aist__gMH_sBM_cAll_d24_mMH3_ch04__mc150-4,aist__gMH_sBM_cAll_d24_mMH3_ch04__mc150-4,,BRIDGE3R,m15_bridge3r_fixed_v19,Seam-root_mm,663.1561160969987,1118.6228925302757,-455.466776433277
aist__gMH_sBM_cAll_d24_mMH3_ch04__mc150-4,aist__gMH_sBM_cAll_d24_mMH3_ch04__mc150-4,,BRIDGE3R,m15_bridge3r_fixed_v19,Seam-orientation_deg,27.407471743747347,80.26144040921237,-52.85396866546502
aist__gMH_sBM_cAll_d24_mMH3_ch04__mc150-4,aist__gMH_sBM_cAll_d24_mMH3_ch04__mc150-4,,BRIDGE3R,m15_bridge3r_fixed_v19,Camera-rotation_deg,103.04895542127042,91.80903450635984,11.239920914910584
aist__gMH_sBM_cAll_d24_mMH3_ch04__mc150-4,aist__gMH_sBM_cAll_d24_mMH3_ch04__mc150-4,,BRIDGE3R,m15_bridge3r_fixed_v19,Camera-translation_m,6.3668294681460385,5.42764712095306,0.9391823471929781
aist__gMH_sBM_cAll_d24_mMH3_ch04__mc150-4,aist__gMH_sBM_cAll_d24_mMH3_ch04__mc150-4,,BRIDGE3R,m15_bridge3r_fixed_v19,Boundary-camera-rotation_deg,83.76203974895841,75.20939549948594,8.552644249472479
aist__gMH_sBM_cAll_d24_mMH3_ch04__mc150-4,aist__gMH_sBM_cAll_d24_mMH3_ch04__mc150-4,,BRIDGE3R,m15_bridge3r_fixed_v19,Boundary-camera-translation_m,6.24086909289158,3.983919421397091,2.2569496714944886
aist__gMH_sBM_cAll_d24_mMH3_ch04__mc150-4,aist__gMH_sBM_cAll_d24_mMH3_ch04__mc150-4,,BRIDGE3R,m15_bridge3r_fixed_v19,Coverage,0.9933333333333333,1.0,0.00666666666666671
aist__gMH_sBM_cAll_d24_mMH3_ch05__mc150-4,aist__gMH_sBM_cAll_d24_mMH3_ch05__mc150-4,,Human3R,m0_strict_human3r,PA-MPJPE_mm,56.44884147752135,57.31160458911744,-0.8627631115960881
aist__gMH_sBM_cAll_d24_mMH3_ch05__mc150-4,aist__gMH_sBM_cAll_d24_mMH3_ch05__mc150-4,,Human3R,m0_strict_human3r,Anchor-MPJPE_mm,1841.6207976676408,806.0722684405343,1035.5485292271064
aist__gMH_sBM_cAll_d24_mMH3_ch05__mc150-4,aist__gMH_sBM_cAll_d24_mMH3_ch05__mc150-4,,Human3R,m0_strict_human3r,Anchor-root_mm,1852.4199898410557,796.7687663796245,1055.651223461431
aist__gMH_sBM_cAll_d24_mMH3_ch05__mc150-4,aist__gMH_sBM_cAll_d24_mMH3_ch05__mc150-4,,Human3R,m0_strict_human3r,Orientation_deg,44.824938253583234,40.038120889710456,4.786817363872778
aist__gMH_sBM_cAll_d24_mMH3_ch05__mc150-4,aist__gMH_sBM_cAll_d24_mMH3_ch05__mc150-4,,Human3R,m0_strict_human3r,Seam-root_mm,938.2568243799639,1588.4715455546877,-650.2147211747239
aist__gMH_sBM_cAll_d24_mMH3_ch05__mc150-4,aist__gMH_sBM_cAll_d24_mMH3_ch05__mc150-4,,Human3R,m0_strict_human3r,Seam-orientation_deg,27.062325417263178,43.90976141370164,-16.84743599643846
aist__gMH_sBM_cAll_d24_mMH3_ch05__mc150-4,aist__gMH_sBM_cAll_d24_mMH3_ch05__mc150-4,,Human3R,m0_strict_human3r,Camera-rotation_deg,51.13997152959434,51.002556261397025,0.13741526819731575
aist__gMH_sBM_cAll_d24_mMH3_ch05__mc150-4,aist__gMH_sBM_cAll_d24_mMH3_ch05__mc150-4,,Human3R,m0_strict_human3r,Camera-translation_m,4.604770959649206,3.6666633072604498,0.9381076523887559
aist__gMH_sBM_cAll_d24_mMH3_ch05__mc150-4,aist__gMH_sBM_cAll_d24_mMH3_ch05__mc150-4,,Human3R,m0_strict_human3r,Boundary-camera-rotation_deg,80.65891848819693,40.57108624278214,40.087832245414795
aist__gMH_sBM_cAll_d24_mMH3_ch05__mc150-4,aist__gMH_sBM_cAll_d24_mMH3_ch05__mc150-4,,Human3R,m0_strict_human3r,Boundary-camera-translation_m,6.133815842240971,3.5274470336351578,2.6063688086058137
aist__gMH_sBM_cAll_d24_mMH3_ch05__mc150-4,aist__gMH_sBM_cAll_d24_mMH3_ch05__mc150-4,,Human3R,m0_strict_human3r,Coverage,0.98,1.0,0.020000000000000018
aist__gMH_sBM_cAll_d24_mMH3_ch05__mc150-4,aist__gMH_sBM_cAll_d24_mMH3_ch05__mc150-4,,BRIDGE3R,m15_bridge3r_fixed_v19,PA-MPJPE_mm,56.44884147752135,57.45456601541286,-1.0057245378915098
aist__gMH_sBM_cAll_d24_mMH3_ch05__mc150-4,aist__gMH_sBM_cAll_d24_mMH3_ch05__mc150-4,,BRIDGE3R,m15_bridge3r_fixed_v19,Anchor-MPJPE_mm,1841.6207976676408,952.7080276259582,888.9127700416826
aist__gMH_sBM_cAll_d24_mMH3_ch05__mc150-4,aist__gMH_sBM_cAll_d24_mMH3_ch05__mc150-4,,BRIDGE3R,m15_bridge3r_fixed_v19,Anchor-root_mm,1852.4199898410557,943.944158403906,908.4758314371496
aist__gMH_sBM_cAll_d24_mMH3_ch05__mc150-4,aist__gMH_sBM_cAll_d24_mMH3_ch05__mc150-4,,BRIDGE3R,m15_bridge3r_fixed_v19,Orientation_deg,44.824938253583234,14.141103821344501,30.683834432238733
aist__gMH_sBM_cAll_d24_mMH3_ch05__mc150-4,aist__gMH_sBM_cAll_d24_mMH3_ch05__mc150-4,,BRIDGE3R,m15_bridge3r_fixed_v19,Seam-root_mm,938.2568243799639,1476.2112696232907,-537.9544452433269
aist__gMH_sBM_cAll_d24_mMH3_ch05__mc150-4,aist__gMH_sBM_cAll_d24_mMH3_ch05__mc150-4,,BRIDGE3R,m15_bridge3r_fixed_v19,Seam-orientation_deg,27.062325417263178,8.692654399534582,18.369671017728596
aist__gMH_sBM_cAll_d24_mMH3_ch05__mc150-4,aist__gMH_sBM_cAll_d24_mMH3_ch05__mc150-4,,BRIDGE3R,m15_bridge3r_fixed_v19,Camera-rotation_deg,51.13997152959434,7.744120953622281,43.39585057597206
aist__gMH_sBM_cAll_d24_mMH3_ch05__mc150-4,aist__gMH_sBM_cAll_d24_mMH3_ch05__mc150-4,,BRIDGE3R,m15_bridge3r_fixed_v19,Camera-translation_m,4.604770959649206,0.9561894325223831,3.6485815271268227
aist__gMH_sBM_cAll_d24_mMH3_ch05__mc150-4,aist__gMH_sBM_cAll_d24_mMH3_ch05__mc150-4,,BRIDGE3R,m15_bridge3r_fixed_v19,Boundary-camera-rotation_deg,80.65891848819693,10.9735518448952,69.68536664330173
aist__gMH_sBM_cAll_d24_mMH3_ch05__mc150-4,aist__gMH_sBM_cAll_d24_mMH3_ch05__mc150-4,,BRIDGE3R,m15_bridge3r_fixed_v19,Boundary-camera-translation_m,6.133815842240971,1.4243337298169845,4.709482112423987
aist__gMH_sBM_cAll_d24_mMH3_ch05__mc150-4,aist__gMH_sBM_cAll_d24_mMH3_ch05__mc150-4,,BRIDGE3R,m15_bridge3r_fixed_v19,Coverage,0.98,1.0,0.020000000000000018
aist__gMH_sBM_cAll_d24_mMH3_ch06__mc150-4,aist__gMH_sBM_cAll_d24_mMH3_ch06__mc150-4,,Human3R,m0_strict_human3r,PA-MPJPE_mm,59.72951523570992,60.982704899066306,-1.2531896633563875
aist__gMH_sBM_cAll_d24_mMH3_ch06__mc150-4,aist__gMH_sBM_cAll_d24_mMH3_ch06__mc150-4,,Human3R,m0_strict_human3r,Anchor-MPJPE_mm,500.3611525249421,527.925279224459,-27.56412669951692
aist__gMH_sBM_cAll_d24_mMH3_ch06__mc150-4,aist__gMH_sBM_cAll_d24_mMH3_ch06__mc150-4,,Human3R,m0_strict_human3r,Anchor-root_mm,335.8524083698059,421.78500897404587,-85.93260060423995
aist__gMH_sBM_cAll_d24_mMH3_ch06__mc150-4,aist__gMH_sBM_cAll_d24_mMH3_ch06__mc150-4,,Human3R,m0_strict_human3r,Orientation_deg,115.89393948562338,97.65822612779453,18.235713357828843
aist__gMH_sBM_cAll_d24_mMH3_ch06__mc150-4,aist__gMH_sBM_cAll_d24_mMH3_ch06__mc150-4,,Human3R,m0_strict_human3r,Seam-root_mm,293.74401641065157,857.0723704389737,-563.3283540283221
aist__gMH_sBM_cAll_d24_mMH3_ch06__mc150-4,aist__gMH_sBM_cAll_d24_mMH3_ch06__mc150-4,,Human3R,m0_strict_human3r,Seam-orientation_deg,41.58796510232639,43.081762000161895,-1.4937968978355016
aist__gMH_sBM_cAll_d24_mMH3_ch06__mc150-4,aist__gMH_sBM_cAll_d24_mMH3_ch06__mc150-4,,Human3R,m0_strict_human3r,Camera-rotation_deg,149.82824038790088,133.885288865418,15.942951522482872
aist__gMH_sBM_cAll_d24_mMH3_ch06__mc150-4,aist__gMH_sBM_cAll_d24_mMH3_ch06__mc150-4,,Human3R,m0_strict_human3r,Camera-translation_m,8.627134484728197,9.735193235458599,-1.108058750730402
aist__gMH_sBM_cAll_d24_mMH3_ch06__mc150-4,aist__gMH_sBM_cAll_d24_mMH3_ch06__mc150-4,,Human3R,m0_strict_human3r,Boundary-camera-rotation_deg,90.125427036193,41.26424038651066,48.861186649682345
aist__gMH_sBM_cAll_d24_mMH3_ch06__mc150-4,aist__gMH_sBM_cAll_d24_mMH3_ch06__mc150-4,,Human3R,m0_strict_human3r,Boundary-camera-translation_m,6.754557219117795,3.8285317810675807,2.9260254380502144
aist__gMH_sBM_cAll_d24_mMH3_ch06__mc150-4,aist__gMH_sBM_cAll_d24_mMH3_ch06__mc150-4,,Human3R,m0_strict_human3r,Coverage,0.98,1.0,0.020000000000000018
aist__gMH_sBM_cAll_d24_mMH3_ch06__mc150-4,aist__gMH_sBM_cAll_d24_mMH3_ch06__mc150-4,,BRIDGE3R,m15_bridge3r_fixed_v19,PA-MPJPE_mm,59.72951523570992,60.46189007185042,-0.7323748361405009
aist__gMH_sBM_cAll_d24_mMH3_ch06__mc150-4,aist__gMH_sBM_cAll_d24_mMH3_ch06__mc150-4,,BRIDGE3R,m15_bridge3r_fixed_v19,Anchor-MPJPE_mm,500.3611525249421,719.7364905960196,-219.37533807107752
aist__gMH_sBM_cAll_d24_mMH3_ch06__mc150-4,aist__gMH_sBM_cAll_d24_mMH3_ch06__mc150-4,,BRIDGE3R,m15_bridge3r_fixed_v19,Anchor-root_mm,335.8524083698059,626.7846910557168,-290.93228268591093
aist__gMH_sBM_cAll_d24_mMH3_ch06__mc150-4,aist__gMH_sBM_cAll_d24_mMH3_ch06__mc150-4,,BRIDGE3R,m15_bridge3r_fixed_v19,Orientation_deg,115.89393948562338,94.28037803267547,21.613561452947906
aist__gMH_sBM_cAll_d24_mMH3_ch06__mc150-4,aist__gMH_sBM_cAll_d24_mMH3_ch06__mc150-4,,BRIDGE3R,m15_bridge3r_fixed_v19,Seam-root_mm,293.74401641065157,525.6238790455192,-231.8798626348676
aist__gMH_sBM_cAll_d24_mMH3_ch06__mc150-4,aist__gMH_sBM_cAll_d24_mMH3_ch06__mc150-4,,BRIDGE3R,m15_bridge3r_fixed_v19,Seam-orientation_deg,41.58796510232639,48.53864631988807,-6.95068121756168
aist__gMH_sBM_cAll_d24_mMH3_ch06__mc150-4,aist__gMH_sBM_cAll_d24_mMH3_ch06__mc150-4,,BRIDGE3R,m15_bridge3r_fixed_v19,Camera-rotation_deg,149.82824038790088,129.72899919855027,20.099241189350607
aist__gMH_sBM_cAll_d24_mMH3_ch06__mc150-4,aist__gMH_sBM_cAll_d24_mMH3_ch06__mc150-4,,BRIDGE3R,m15_bridge3r_fixed_v19,Camera-translation_m,8.627134484728197,9.094621601520492,-0.46748711679229515
aist__gMH_sBM_cAll_d24_mMH3_ch06__mc150-4,aist__gMH_sBM_cAll_d24_mMH3_ch06__mc150-4,,BRIDGE3R,m15_bridge3r_fixed_v19,Boundary-camera-rotation_deg,90.125427036193,47.880976910617846,42.244450125575156
aist__gMH_sBM_cAll_d24_mMH3_ch06__mc150-4,aist__gMH_sBM_cAll_d24_mMH3_ch06__mc150-4,,BRIDGE3R,m15_bridge3r_fixed_v19,Boundary-camera-translation_m,6.754557219117795,3.62496730816199,3.129589910955805
aist__gMH_sBM_cAll_d24_mMH3_ch06__mc150-4,aist__gMH_sBM_cAll_d24_mMH3_ch06__mc150-4,,BRIDGE3R,m15_bridge3r_fixed_v19,Coverage,0.98,1.0,0.020000000000000018
aist__gMH_sBM_cAll_d24_mMH3_ch07__mc150-4,aist__gMH_sBM_cAll_d24_mMH3_ch07__mc150-4,,Human3R,m0_strict_human3r,PA-MPJPE_mm,51.91577104887359,59.93671018852775,-8.02093913965416
aist__gMH_sBM_cAll_d24_mMH3_ch07__mc150-4,aist__gMH_sBM_cAll_d24_mMH3_ch07__mc150-4,,Human3R,m0_strict_human3r,Anchor-MPJPE_mm,1451.6485676572322,824.5703017638757,627.0782658933565
aist__gMH_sBM_cAll_d24_mMH3_ch07__mc150-4,aist__gMH_sBM_cAll_d24_mMH3_ch07__mc150-4,,Human3R,m0_strict_human3r,Anchor-root_mm,1465.173639159351,838.1520985605079,627.0215405988432
aist__gMH_sBM_cAll_d24_mMH3_ch07__mc150-4,aist__gMH_sBM_cAll_d24_mMH3_ch07__mc150-4,,Human3R,m0_strict_human3r,Orientation_deg,74.40540552131463,51.73539523056061,22.67001029075402
aist__gMH_sBM_cAll_d24_mMH3_ch07__mc150-4,aist__gMH_sBM_cAll_d24_mMH3_ch07__mc150-4,,Human3R,m0_strict_human3r,Seam-root_mm,419.53937885793266,785.2850336623782,-365.7456548044455
aist__gMH_sBM_cAll_d24_mMH3_ch07__mc150-4,aist__gMH_sBM_cAll_d24_mMH3_ch07__mc150-4,,Human3R,m0_strict_human3r,Seam-orientation_deg,56.61699904103659,33.77039713274487,22.846601908291724
aist__gMH_sBM_cAll_d24_mMH3_ch07__mc150-4,aist__gMH_sBM_cAll_d24_mMH3_ch07__mc150-4,,Human3R,m0_strict_human3r,Camera-rotation_deg,91.77832674745491,63.20360537704186,28.57472137041305
aist__gMH_sBM_cAll_d24_mMH3_ch07__mc150-4,aist__gMH_sBM_cAll_d24_mMH3_ch07__mc150-4,,Human3R,m0_strict_human3r,Camera-translation_m,6.423338908068999,5.001781846396688,1.4215570616723108
aist__gMH_sBM_cAll_d24_mMH3_ch07__mc150-4,aist__gMH_sBM_cAll_d24_mMH3_ch07__mc150-4,,Human3R,m0_strict_human3r,Boundary-camera-rotation_deg,86.91285165613381,38.50035875413629,48.41249290199752
aist__gMH_sBM_cAll_d24_mMH3_ch07__mc150-4,aist__gMH_sBM_cAll_d24_mMH3_ch07__mc150-4,,Human3R,m0_strict_human3r,Boundary-camera-translation_m,6.4775810584096325,3.3406145860442877,3.1369664723653448
aist__gMH_sBM_cAll_d24_mMH3_ch07__mc150-4,aist__gMH_sBM_cAll_d24_mMH3_ch07__mc150-4,,Human3R,m0_strict_human3r,Coverage,0.98,1.0,0.020000000000000018
aist__gMH_sBM_cAll_d24_mMH3_ch07__mc150-4,aist__gMH_sBM_cAll_d24_mMH3_ch07__mc150-4,,BRIDGE3R,m15_bridge3r_fixed_v19,PA-MPJPE_mm,51.91577104887359,60.06338072249548,-8.147609673621893
aist__gMH_sBM_cAll_d24_mMH3_ch07__mc150-4,aist__gMH_sBM_cAll_d24_mMH3_ch07__mc150-4,,BRIDGE3R,m15_bridge3r_fixed_v19,Anchor-MPJPE_mm,1451.6485676572322,737.1934594087445,714.4551082484877
aist__gMH_sBM_cAll_d24_mMH3_ch07__mc150-4,aist__gMH_sBM_cAll_d24_mMH3_ch07__mc150-4,,BRIDGE3R,m15_bridge3r_fixed_v19,Anchor-root_mm,1465.173639159351,744.8029199423025,720.3707192170485
aist__gMH_sBM_cAll_d24_mMH3_ch07__mc150-4,aist__gMH_sBM_cAll_d24_mMH3_ch07__mc150-4,,BRIDGE3R,m15_bridge3r_fixed_v19,Orientation_deg,74.40540552131463,51.40618997796174,22.999215543352896
aist__gMH_sBM_cAll_d24_mMH3_ch07__mc150-4,aist__gMH_sBM_cAll_d24_mMH3_ch07__mc150-4,,BRIDGE3R,m15_bridge3r_fixed_v19,Seam-root_mm,419.53937885793266,1310.295072470616,-890.7556936126834
aist__gMH_sBM_cAll_d24_mMH3_ch07__mc150-4,aist__gMH_sBM_cAll_d24_mMH3_ch07__mc150-4,,BRIDGE3R,m15_bridge3r_fixed_v19,Seam-orientation_deg,56.61699904103659,30.96022712820378,25.656771912832813
aist__gMH_sBM_cAll_d24_mMH3_ch07__mc150-4,aist__gMH_sBM_cAll_d24_mMH3_ch07__mc150-4,,BRIDGE3R,m15_bridge3r_fixed_v19,Camera-rotation_deg,91.77832674745491,63.14857540055937,28.62975134689554
aist__gMH_sBM_cAll_d24_mMH3_ch07__mc150-4,aist__gMH_sBM_cAll_d24_mMH3_ch07__mc150-4,,BRIDGE3R,m15_bridge3r_fixed_v19,Camera-translation_m,6.423338908068999,4.612400587248115,1.8109383208208838
aist__gMH_sBM_cAll_d24_mMH3_ch07__mc150-4,aist__gMH_sBM_cAll_d24_mMH3_ch07__mc150-4,,BRIDGE3R,m15_bridge3r_fixed_v19,Boundary-camera-rotation_deg,86.91285165613381,33.682704155991495,53.230147500142316
aist__gMH_sBM_cAll_d24_mMH3_ch07__mc150-4,aist__gMH_sBM_cAll_d24_mMH3_ch07__mc150-4,,BRIDGE3R,m15_bridge3r_fixed_v19,Boundary-camera-translation_m,6.4775810584096325,3.1106845246101487,3.366896533799484
aist__gMH_sBM_cAll_d24_mMH3_ch07__mc150-4,aist__gMH_sBM_cAll_d24_mMH3_ch07__mc150-4,,BRIDGE3R,m15_bridge3r_fixed_v19,Coverage,0.98,1.0,0.020000000000000018
aist__gMH_sBM_cAll_d24_mMH3_ch10__mc150-4,aist__gMH_sBM_cAll_d24_mMH3_ch10__mc150-4,,Human3R,m0_strict_human3r,PA-MPJPE_mm,50.59278519226911,50.92315866006275,-0.33037346779363475
aist__gMH_sBM_cAll_d24_mMH3_ch10__mc150-4,aist__gMH_sBM_cAll_d24_mMH3_ch10__mc150-4,,Human3R,m0_strict_human3r,Anchor-MPJPE_mm,1769.2558050652933,515.035144154952,1254.2206609103414
aist__gMH_sBM_cAll_d24_mMH3_ch10__mc150-4,aist__gMH_sBM_cAll_d24_mMH3_ch10__mc150-4,,Human3R,m0_strict_human3r,Anchor-root_mm,1771.600748715617,495.8414884466952,1275.759260268922
aist__gMH_sBM_cAll_d24_mMH3_ch10__mc150-4,aist__gMH_sBM_cAll_d24_mMH3_ch10__mc150-4,,Human3R,m0_strict_human3r,Orientation_deg,45.28389488204991,28.89029135345399,16.393603528595918
aist__gMH_sBM_cAll_d24_mMH3_ch10__mc150-4,aist__gMH_sBM_cAll_d24_mMH3_ch10__mc150-4,,Human3R,m0_strict_human3r,Seam-root_mm,719.7839540394008,1412.6505155400991,-692.8665615006984
aist__gMH_sBM_cAll_d24_mMH3_ch10__mc150-4,aist__gMH_sBM_cAll_d24_mMH3_ch10__mc150-4,,Human3R,m0_strict_human3r,Seam-orientation_deg,29.90761922129739,32.16355929559375,-2.2559400742963582
aist__gMH_sBM_cAll_d24_mMH3_ch10__mc150-4,aist__gMH_sBM_cAll_d24_mMH3_ch10__mc150-4,,Human3R,m0_strict_human3r,Camera-rotation_deg,51.84172308621509,33.30886866054031,18.532854425674778
aist__gMH_sBM_cAll_d24_mMH3_ch10__mc150-4,aist__gMH_sBM_cAll_d24_mMH3_ch10__mc150-4,,Human3R,m0_strict_human3r,Camera-translation_m,4.611336241233785,2.9378415866840406,1.673494654549744
aist__gMH_sBM_cAll_d24_mMH3_ch10__mc150-4,aist__gMH_sBM_cAll_d24_mMH3_ch10__mc150-4,,Human3R,m0_strict_human3r,Boundary-camera-rotation_deg,80.58235038481293,30.351704487384712,50.23064589742822
aist__gMH_sBM_cAll_d24_mMH3_ch10__mc150-4,aist__gMH_sBM_cAll_d24_mMH3_ch10__mc150-4,,Human3R,m0_strict_human3r,Boundary-camera-translation_m,6.120510710526351,3.2738980861288045,2.8466126243975465
aist__gMH_sBM_cAll_d24_mMH3_ch10__mc150-4,aist__gMH_sBM_cAll_d24_mMH3_ch10__mc150-4,,Human3R,m0_strict_human3r,Coverage,0.98,1.0,0.020000000000000018
aist__gMH_sBM_cAll_d24_mMH3_ch10__mc150-4,aist__gMH_sBM_cAll_d24_mMH3_ch10__mc150-4,,BRIDGE3R,m15_bridge3r_fixed_v19,PA-MPJPE_mm,50.59278519226911,50.77876970016331,-0.1859845078941973
aist__gMH_sBM_cAll_d24_mMH3_ch10__mc150-4,aist__gMH_sBM_cAll_d24_mMH3_ch10__mc150-4,,BRIDGE3R,m15_bridge3r_fixed_v19,Anchor-MPJPE_mm,1769.2558050652933,880.3867702922093,888.869034773084
aist__gMH_sBM_cAll_d24_mMH3_ch10__mc150-4,aist__gMH_sBM_cAll_d24_mMH3_ch10__mc150-4,,BRIDGE3R,m15_bridge3r_fixed_v19,Anchor-root_mm,1771.600748715617,871.5968403785513,900.0039083370658
aist__gMH_sBM_cAll_d24_mMH3_ch10__mc150-4,aist__gMH_sBM_cAll_d24_mMH3_ch10__mc150-4,,BRIDGE3R,m15_bridge3r_fixed_v19,Orientation_deg,45.28389488204991,20.754229414512967,24.52966546753694
aist__gMH_sBM_cAll_d24_mMH3_ch10__mc150-4,aist__gMH_sBM_cAll_d24_mMH3_ch10__mc150-4,,BRIDGE3R,m15_bridge3r_fixed_v19,Seam-root_mm,719.7839540394008,1368.599529022392,-648.8155749829913
aist__gMH_sBM_cAll_d24_mMH3_ch10__mc150-4,aist__gMH_sBM_cAll_d24_mMH3_ch10__mc150-4,,BRIDGE3R,m15_bridge3r_fixed_v19,Seam-orientation_deg,29.90761922129739,16.54802309927969,13.359596122017702
aist__gMH_sBM_cAll_d24_mMH3_ch10__mc150-4,aist__gMH_sBM_cAll_d24_mMH3_ch10__mc150-4,,BRIDGE3R,m15_bridge3r_fixed_v19,Camera-rotation_deg,51.84172308621509,21.5098646574204,30.33185842879469
aist__gMH_sBM_cAll_d24_mMH3_ch10__mc150-4,aist__gMH_sBM_cAll_d24_mMH3_ch10__mc150-4,,BRIDGE3R,m15_bridge3r_fixed_v19,Camera-translation_m,4.611336241233785,2.173118701743051,2.4382175394907337
aist__gMH_sBM_cAll_d24_mMH3_ch10__mc150-4,aist__gMH_sBM_cAll_d24_mMH3_ch10__mc150-4,,BRIDGE3R,m15_bridge3r_fixed_v19,Boundary-camera-rotation_deg,80.58235038481293,18.42871818646986,62.15363219834306
aist__gMH_sBM_cAll_d24_mMH3_ch10__mc150-4,aist__gMH_sBM_cAll_d24_mMH3_ch10__mc150-4,,BRIDGE3R,m15_bridge3r_fixed_v19,Boundary-camera-translation_m,6.120510710526351,2.470574095699597,3.649936614826754
aist__gMH_sBM_cAll_d24_mMH3_ch10__mc150-4,aist__gMH_sBM_cAll_d24_mMH3_ch10__mc150-4,,BRIDGE3R,m15_bridge3r_fixed_v19,Coverage,0.98,1.0,0.020000000000000018
aist__gMH_sBM_cAll_d24_mMH4_ch01__mc150-4,aist__gMH_sBM_cAll_d24_mMH4_ch01__mc150-4,,Human3R,m0_strict_human3r,PA-MPJPE_mm,61.453728757923706,63.657299529698136,-2.20357077177443
aist__gMH_sBM_cAll_d24_mMH4_ch01__mc150-4,aist__gMH_sBM_cAll_d24_mMH4_ch01__mc150-4,,Human3R,m0_strict_human3r,Anchor-MPJPE_mm,1548.163325399644,506.5786118242811,1041.584713575363
aist__gMH_sBM_cAll_d24_mMH4_ch01__mc150-4,aist__gMH_sBM_cAll_d24_mMH4_ch01__mc150-4,,Human3R,m0_strict_human3r,Anchor-root_mm,1554.0723323885481,461.09622372940385,1092.9761086591443
aist__gMH_sBM_cAll_d24_mMH4_ch01__mc150-4,aist__gMH_sBM_cAll_d24_mMH4_ch01__mc150-4,,Human3R,m0_strict_human3r,Orientation_deg,51.31449096113268,27.62190689881187,23.692584062320808
aist__gMH_sBM_cAll_d24_mMH4_ch01__mc150-4,aist__gMH_sBM_cAll_d24_mMH4_ch01__mc150-4,,Human3R,m0_strict_human3r,Seam-root_mm,790.6573554815396,1220.425432001871,-429.7680765203314
aist__gMH_sBM_cAll_d24_mMH4_ch01__mc150-4,aist__gMH_sBM_cAll_d24_mMH4_ch01__mc150-4,,Human3R,m0_strict_human3r,Seam-orientation_deg,24.329405161376826,30.978209076717217,-6.648803915340391
aist__gMH_sBM_cAll_d24_mMH4_ch01__mc150-4,aist__gMH_sBM_cAll_d24_mMH4_ch01__mc150-4,,Human3R,m0_strict_human3r,Camera-rotation_deg,51.7929577996286,29.70501765151654,22.087940148112065
aist__gMH_sBM_cAll_d24_mMH4_ch01__mc150-4,aist__gMH_sBM_cAll_d24_mMH4_ch01__mc150-4,,Human3R,m0_strict_human3r,Camera-translation_m,4.636227062433223,3.0754832072088476,1.5607438552243753
aist__gMH_sBM_cAll_d24_mMH4_ch01__mc150-4,aist__gMH_sBM_cAll_d24_mMH4_ch01__mc150-4,,Human3R,m0_strict_human3r,Boundary-camera-rotation_deg,80.75187492156059,28.98092150071639,51.770953420844194
aist__gMH_sBM_cAll_d24_mMH4_ch01__mc150-4,aist__gMH_sBM_cAll_d24_mMH4_ch01__mc150-4,,Human3R,m0_strict_human3r,Boundary-camera-translation_m,5.98579126902375,2.7340278338403508,3.251763435183399
aist__gMH_sBM_cAll_d24_mMH4_ch01__mc150-4,aist__gMH_sBM_cAll_d24_mMH4_ch01__mc150-4,,Human3R,m0_strict_human3r,Coverage,0.9933333333333333,1.0,0.00666666666666671
aist__gMH_sBM_cAll_d24_mMH4_ch01__mc150-4,aist__gMH_sBM_cAll_d24_mMH4_ch01__mc150-4,,BRIDGE3R,m15_bridge3r_fixed_v19,PA-MPJPE_mm,61.453728757923706,63.56194126397107,-2.1082125060473658
aist__gMH_sBM_cAll_d24_mMH4_ch01__mc150-4,aist__gMH_sBM_cAll_d24_mMH4_ch01__mc150-4,,BRIDGE3R,m15_bridge3r_fixed_v19,Anchor-MPJPE_mm,1548.163325399644,1112.186826219573,435.97649918007096
aist__gMH_sBM_cAll_d24_mMH4_ch01__mc150-4,aist__gMH_sBM_cAll_d24_mMH4_ch01__mc150-4,,BRIDGE3R,m15_bridge3r_fixed_v19,Anchor-root_mm,1554.0723323885481,1105.9054432556304,448.16688913291773
aist__gMH_sBM_cAll_d24_mMH4_ch01__mc150-4,aist__gMH_sBM_cAll_d24_mMH4_ch01__mc150-4,,BRIDGE3R,m15_bridge3r_fixed_v19,Orientation_deg,51.31449096113268,20.422156763091646,30.89233419804103
aist__gMH_sBM_cAll_d24_mMH4_ch01__mc150-4,aist__gMH_sBM_cAll_d24_mMH4_ch01__mc150-4,,BRIDGE3R,m15_bridge3r_fixed_v19,Seam-root_mm,790.6573554815396,1345.9086330960176,-555.251277614478
aist__gMH_sBM_cAll_d24_mMH4_ch01__mc150-4,aist__gMH_sBM_cAll_d24_mMH4_ch01__mc150-4,,BRIDGE3R,m15_bridge3r_fixed_v19,Seam-orientation_deg,24.329405161376826,32.04315227000572,-7.713747108628894
aist__gMH_sBM_cAll_d24_mMH4_ch01__mc150-4,aist__gMH_sBM_cAll_d24_mMH4_ch01__mc150-4,,BRIDGE3R,m15_bridge3r_fixed_v19,Camera-rotation_deg,51.7929577996286,16.072554260302358,35.72040353932624
aist__gMH_sBM_cAll_d24_mMH4_ch01__mc150-4,aist__gMH_sBM_cAll_d24_mMH4_ch01__mc150-4,,BRIDGE3R,m15_bridge3r_fixed_v19,Camera-translation_m,4.636227062433223,1.2693687348907585,3.3668583275424644
aist__gMH_sBM_cAll_d24_mMH4_ch01__mc150-4,aist__gMH_sBM_cAll_d24_mMH4_ch01__mc150-4,,BRIDGE3R,m15_bridge3r_fixed_v19,Boundary-camera-rotation_deg,80.75187492156059,18.044991439927838,62.706883481632744
aist__gMH_sBM_cAll_d24_mMH4_ch01__mc150-4,aist__gMH_sBM_cAll_d24_mMH4_ch01__mc150-4,,BRIDGE3R,m15_bridge3r_fixed_v19,Boundary-camera-translation_m,5.98579126902375,1.6559559406932658,4.329835328330484
aist__gMH_sBM_cAll_d24_mMH4_ch01__mc150-4,aist__gMH_sBM_cAll_d24_mMH4_ch01__mc150-4,,BRIDGE3R,m15_bridge3r_fixed_v19,Coverage,0.9933333333333333,1.0,0.00666666666666671
aist__gMH_sBM_cAll_d24_mMH4_ch02__mc150-4,aist__gMH_sBM_cAll_d24_mMH4_ch02__mc150-4,,Human3R,m0_strict_human3r,PA-MPJPE_mm,57.58485714327428,59.17451771767839,-1.589660574404114
aist__gMH_sBM_cAll_d24_mMH4_ch02__mc150-4,aist__gMH_sBM_cAll_d24_mMH4_ch02__mc150-4,,Human3R,m0_strict_human3r,Anchor-MPJPE_mm,1505.2713326510045,471.4329873143926,1033.8383453366118
aist__gMH_sBM_cAll_d24_mMH4_ch02__mc150-4,aist__gMH_sBM_cAll_d24_mMH4_ch02__mc150-4,,Human3R,m0_strict_human3r,Anchor-root_mm,1499.6911090716733,433.5685895189601,1066.1225195527131
aist__gMH_sBM_cAll_d24_mMH4_ch02__mc150-4,aist__gMH_sBM_cAll_d24_mMH4_ch02__mc150-4,,Human3R,m0_strict_human3r,Orientation_deg,46.0109942038156,27.623383565241365,18.387610638574234
aist__gMH_sBM_cAll_d24_mMH4_ch02__mc150-4,aist__gMH_sBM_cAll_d24_mMH4_ch02__mc150-4,,Human3R,m0_strict_human3r,Seam-root_mm,1010.725312946818,1494.2558986448473,-483.5305856980293
aist__gMH_sBM_cAll_d24_mMH4_ch02__mc150-4,aist__gMH_sBM_cAll_d24_mMH4_ch02__mc150-4,,Human3R,m0_strict_human3r,Seam-orientation_deg,26.59472590996283,24.852707927778678,1.7420179821841515
aist__gMH_sBM_cAll_d24_mMH4_ch02__mc150-4,aist__gMH_sBM_cAll_d24_mMH4_ch02__mc150-4,,Human3R,m0_strict_human3r,Camera-rotation_deg,54.56155902210038,29.75004399670244,24.81151502539794
aist__gMH_sBM_cAll_d24_mMH4_ch02__mc150-4,aist__gMH_sBM_cAll_d24_mMH4_ch02__mc150-4,,Human3R,m0_strict_human3r,Camera-translation_m,4.439957918955778,2.9113353955733454,1.5286225233824324
aist__gMH_sBM_cAll_d24_mMH4_ch02__mc150-4,aist__gMH_sBM_cAll_d24_mMH4_ch02__mc150-4,,Human3R,m0_strict_human3r,Boundary-camera-rotation_deg,80.67230901749976,27.534953963762238,53.13735505373752
aist__gMH_sBM_cAll_d24_mMH4_ch02__mc150-4,aist__gMH_sBM_cAll_d24_mMH4_ch02__mc150-4,,Human3R,m0_strict_human3r,Boundary-camera-translation_m,6.011871344692129,3.032081629723877,2.9797897149682524
aist__gMH_sBM_cAll_d24_mMH4_ch02__mc150-4,aist__gMH_sBM_cAll_d24_mMH4_ch02__mc150-4,,Human3R,m0_strict_human3r,Coverage,0.9933333333333333,1.0,0.00666666666666671
aist__gMH_sBM_cAll_d24_mMH4_ch02__mc150-4,aist__gMH_sBM_cAll_d24_mMH4_ch02__mc150-4,,BRIDGE3R,m15_bridge3r_fixed_v19,PA-MPJPE_mm,57.58485714327428,59.21175474544655,-1.6268976021722708
aist__gMH_sBM_cAll_d24_mMH4_ch02__mc150-4,aist__gMH_sBM_cAll_d24_mMH4_ch02__mc150-4,,BRIDGE3R,m15_bridge3r_fixed_v19,Anchor-MPJPE_mm,1505.2713326510045,886.2401555254326,619.031177125572
aist__gMH_sBM_cAll_d24_mMH4_ch02__mc150-4,aist__gMH_sBM_cAll_d24_mMH4_ch02__mc150-4,,BRIDGE3R,m15_bridge3r_fixed_v19,Anchor-root_mm,1499.6911090716733,889.6455944203597,610.0455146513136
aist__gMH_sBM_cAll_d24_mMH4_ch02__mc150-4,aist__gMH_sBM_cAll_d24_mMH4_ch02__mc150-4,,BRIDGE3R,m15_bridge3r_fixed_v19,Orientation_deg,46.0109942038156,17.43328719225874,28.57770701155686
aist__gMH_sBM_cAll_d24_mMH4_ch02__mc150-4,aist__gMH_sBM_cAll_d24_mMH4_ch02__mc150-4,,BRIDGE3R,m15_bridge3r_fixed_v19,Seam-root_mm,1010.725312946818,1300.7053117157927,-289.9799987689747
aist__gMH_sBM_cAll_d24_mMH4_ch02__mc150-4,aist__gMH_sBM_cAll_d24_mMH4_ch02__mc150-4,,BRIDGE3R,m15_bridge3r_fixed_v19,Seam-orientation_deg,26.59472590996283,10.366052861813086,16.228673048149744
aist__gMH_sBM_cAll_d24_mMH4_ch02__mc150-4,aist__gMH_sBM_cAll_d24_mMH4_ch02__mc150-4,,BRIDGE3R,m15_bridge3r_fixed_v19,Camera-rotation_deg,54.56155902210038,14.922099787520333,39.63945923458005
aist__gMH_sBM_cAll_d24_mMH4_ch02__mc150-4,aist__gMH_sBM_cAll_d24_mMH4_ch02__mc150-4,,BRIDGE3R,m15_bridge3r_fixed_v19,Camera-translation_m,4.439957918955778,1.6846906113896274,2.7552673075661502
aist__gMH_sBM_cAll_d24_mMH4_ch02__mc150-4,aist__gMH_sBM_cAll_d24_mMH4_ch02__mc150-4,,BRIDGE3R,m15_bridge3r_fixed_v19,Boundary-camera-rotation_deg,80.67230901749976,11.742494502832393,68.92981451466736
aist__gMH_sBM_cAll_d24_mMH4_ch02__mc150-4,aist__gMH_sBM_cAll_d24_mMH4_ch02__mc150-4,,BRIDGE3R,m15_bridge3r_fixed_v19,Boundary-camera-translation_m,6.011871344692129,1.8248179479793964,4.187053396712733
aist__gMH_sBM_cAll_d24_mMH4_ch02__mc150-4,aist__gMH_sBM_cAll_d24_mMH4_ch02__mc150-4,,BRIDGE3R,m15_bridge3r_fixed_v19,Coverage,0.9933333333333333,1.0,0.00666666666666671
aist__gMH_sBM_cAll_d24_mMH5_ch01__mc150-4,aist__gMH_sBM_cAll_d24_mMH5_ch01__mc150-4,,Human3R,m0_strict_human3r,PA-MPJPE_mm,70.65446085041793,70.25110097305325,0.4033598773646787
aist__gMH_sBM_cAll_d24_mMH5_ch01__mc150-4,aist__gMH_sBM_cAll_d24_mMH5_ch01__mc150-4,,Human3R,m0_strict_human3r,Anchor-MPJPE_mm,493.79349223073376,977.7006066451156,-483.90711441438185
aist__gMH_sBM_cAll_d24_mMH5_ch01__mc150-4,aist__gMH_sBM_cAll_d24_mMH5_ch01__mc150-4,,Human3R,m0_strict_human3r,Anchor-root_mm,360.59123559551244,927.4520044521122,-566.8607688565997
aist__gMH_sBM_cAll_d24_mMH5_ch01__mc150-4,aist__gMH_sBM_cAll_d24_mMH5_ch01__mc150-4,,Human3R,m0_strict_human3r,Orientation_deg,114.4557925552627,66.22426614874253,48.231526406520175
aist__gMH_sBM_cAll_d24_mMH5_ch01__mc150-4,aist__gMH_sBM_cAll_d24_mMH5_ch01__mc150-4,,Human3R,m0_strict_human3r,Seam-root_mm,423.67929134165314,443.11547383003125,-19.43618248837811
aist__gMH_sBM_cAll_d24_mMH5_ch01__mc150-4,aist__gMH_sBM_cAll_d24_mMH5_ch01__mc150-4,,Human3R,m0_strict_human3r,Seam-orientation_deg,51.86014164682751,45.058919459372284,6.801222187455224
aist__gMH_sBM_cAll_d24_mMH5_ch01__mc150-4,aist__gMH_sBM_cAll_d24_mMH5_ch01__mc150-4,,Human3R,m0_strict_human3r,Camera-rotation_deg,149.55741520484298,89.29351552141874,60.26389968342424
aist__gMH_sBM_cAll_d24_mMH5_ch01__mc150-4,aist__gMH_sBM_cAll_d24_mMH5_ch01__mc150-4,,Human3R,m0_strict_human3r,Camera-translation_m,8.899068357936718,7.770335417060799,1.1287329408759188
aist__gMH_sBM_cAll_d24_mMH5_ch01__mc150-4,aist__gMH_sBM_cAll_d24_mMH5_ch01__mc150-4,,Human3R,m0_strict_human3r,Boundary-camera-rotation_deg,90.1357701712296,35.868512168774124,54.26725800245547
aist__gMH_sBM_cAll_d24_mMH5_ch01__mc150-4,aist__gMH_sBM_cAll_d24_mMH5_ch01__mc150-4,,Human3R,m0_strict_human3r,Boundary-camera-translation_m,6.725654977398822,3.245568767808248,3.480086209590574
aist__gMH_sBM_cAll_d24_mMH5_ch01__mc150-4,aist__gMH_sBM_cAll_d24_mMH5_ch01__mc150-4,,Human3R,m0_strict_human3r,Coverage,0.9933333333333333,1.0,0.00666666666666671
aist__gMH_sBM_cAll_d24_mMH5_ch01__mc150-4,aist__gMH_sBM_cAll_d24_mMH5_ch01__mc150-4,,BRIDGE3R,m15_bridge3r_fixed_v19,PA-MPJPE_mm,70.65446085041793,70.28976707591961,0.3646937744983205
aist__gMH_sBM_cAll_d24_mMH5_ch01__mc150-4,aist__gMH_sBM_cAll_d24_mMH5_ch01__mc150-4,,BRIDGE3R,m15_bridge3r_fixed_v19,Anchor-MPJPE_mm,493.79349223073376,516.4540133663809,-22.660521135647116
aist__gMH_sBM_cAll_d24_mMH5_ch01__mc150-4,aist__gMH_sBM_cAll_d24_mMH5_ch01__mc150-4,,BRIDGE3R,m15_bridge3r_fixed_v19,Anchor-root_mm,360.59123559551244,411.7453735750392,-51.15413797952675
aist__gMH_sBM_cAll_d24_mMH5_ch01__mc150-4,aist__gMH_sBM_cAll_d24_mMH5_ch01__mc150-4,,BRIDGE3R,m15_bridge3r_fixed_v19,Orientation_deg,114.4557925552627,76.05353891687305,38.40225363838965
aist__gMH_sBM_cAll_d24_mMH5_ch01__mc150-4,aist__gMH_sBM_cAll_d24_mMH5_ch01__mc150-4,,BRIDGE3R,m15_bridge3r_fixed_v19,Seam-root_mm,423.67929134165314,730.7894066794939,-307.1101153378408
aist__gMH_sBM_cAll_d24_mMH5_ch01__mc150-4,aist__gMH_sBM_cAll_d24_mMH5_ch01__mc150-4,,BRIDGE3R,m15_bridge3r_fixed_v19,Seam-orientation_deg,51.86014164682751,56.39445451283751,-4.534312866010005
aist__gMH_sBM_cAll_d24_mMH5_ch01__mc150-4,aist__gMH_sBM_cAll_d24_mMH5_ch01__mc150-4,,BRIDGE3R,m15_bridge3r_fixed_v19,Camera-rotation_deg,149.55741520484298,102.67628505547839,46.881130149364594
aist__gMH_sBM_cAll_d24_mMH5_ch01__mc150-4,aist__gMH_sBM_cAll_d24_mMH5_ch01__mc150-4,,BRIDGE3R,m15_bridge3r_fixed_v19,Camera-translation_m,8.899068357936718,7.439191835807364,1.4598765221293544
aist__gMH_sBM_cAll_d24_mMH5_ch01__mc150-4,aist__gMH_sBM_cAll_d24_mMH5_ch01__mc150-4,,BRIDGE3R,m15_bridge3r_fixed_v19,Boundary-camera-rotation_deg,90.1357701712296,52.922816056308015,37.21295411492158
aist__gMH_sBM_cAll_d24_mMH5_ch01__mc150-4,aist__gMH_sBM_cAll_d24_mMH5_ch01__mc150-4,,BRIDGE3R,m15_bridge3r_fixed_v19,Boundary-camera-translation_m,6.725654977398822,3.832210139302045,2.893444838096777
aist__gMH_sBM_cAll_d24_mMH5_ch01__mc150-4,aist__gMH_sBM_cAll_d24_mMH5_ch01__mc150-4,,BRIDGE3R,m15_bridge3r_fixed_v19,Coverage,0.9933333333333333,1.0,0.00666666666666671
aist__gMH_sBM_cAll_d24_mMH5_ch02__mc150-4,aist__gMH_sBM_cAll_d24_mMH5_ch02__mc150-4,,Human3R,m0_strict_human3r,PA-MPJPE_mm,68.81136621410485,70.74962221356185,-1.9382559994569988
aist__gMH_sBM_cAll_d24_mMH5_ch02__mc150-4,aist__gMH_sBM_cAll_d24_mMH5_ch02__mc150-4,,Human3R,m0_strict_human3r,Anchor-MPJPE_mm,540.0128553710296,1069.0039283782887,-528.9910730072592
aist__gMH_sBM_cAll_d24_mMH5_ch02__mc150-4,aist__gMH_sBM_cAll_d24_mMH5_ch02__mc150-4,,Human3R,m0_strict_human3r,Anchor-root_mm,491.6384950634523,1036.7690235240393,-545.130528460587
aist__gMH_sBM_cAll_d24_mMH5_ch02__mc150-4,aist__gMH_sBM_cAll_d24_mMH5_ch02__mc150-4,,Human3R,m0_strict_human3r,Orientation_deg,117.38327068118187,76.09071568548798,41.29255499569389
aist__gMH_sBM_cAll_d24_mMH5_ch02__mc150-4,aist__gMH_sBM_cAll_d24_mMH5_ch02__mc150-4,,Human3R,m0_strict_human3r,Seam-root_mm,466.64303341319686,554.6579860327707,-88.01495261957388
aist__gMH_sBM_cAll_d24_mMH5_ch02__mc150-4,aist__gMH_sBM_cAll_d24_mMH5_ch02__mc150-4,,Human3R,m0_strict_human3r,Seam-orientation_deg,45.33569093068161,37.509340121996075,7.8263508086855325
aist__gMH_sBM_cAll_d24_mMH5_ch02__mc150-4,aist__gMH_sBM_cAll_d24_mMH5_ch02__mc150-4,,Human3R,m0_strict_human3r,Camera-rotation_deg,149.81296481664353,93.1890483214753,56.62391649516823
aist__gMH_sBM_cAll_d24_mMH5_ch02__mc150-4,aist__gMH_sBM_cAll_d24_mMH5_ch02__mc150-4,,Human3R,m0_strict_human3r,Camera-translation_m,9.390141807590286,7.441712713180673,1.9484290944096134
aist__gMH_sBM_cAll_d24_mMH5_ch02__mc150-4,aist__gMH_sBM_cAll_d24_mMH5_ch02__mc150-4,,Human3R,m0_strict_human3r,Boundary-camera-rotation_deg,90.13853460941813,35.418708876434124,54.719825732984006
aist__gMH_sBM_cAll_d24_mMH5_ch02__mc150-4,aist__gMH_sBM_cAll_d24_mMH5_ch02__mc150-4,,Human3R,m0_strict_human3r,Boundary-camera-translation_m,6.759774162373983,2.8263607085283984,3.9334134538455845
aist__gMH_sBM_cAll_d24_mMH5_ch02__mc150-4,aist__gMH_sBM_cAll_d24_mMH5_ch02__mc150-4,,Human3R,m0_strict_human3r,Coverage,0.98,1.0,0.020000000000000018
aist__gMH_sBM_cAll_d24_mMH5_ch02__mc150-4,aist__gMH_sBM_cAll_d24_mMH5_ch02__mc150-4,,BRIDGE3R,m15_bridge3r_fixed_v19,PA-MPJPE_mm,68.81136621410485,70.52763129128937,-1.7162650771845165
aist__gMH_sBM_cAll_d24_mMH5_ch02__mc150-4,aist__gMH_sBM_cAll_d24_mMH5_ch02__mc150-4,,BRIDGE3R,m15_bridge3r_fixed_v19,Anchor-MPJPE_mm,540.0128553710296,584.4471741739854,-44.434318802955886
aist__gMH_sBM_cAll_d24_mMH5_ch02__mc150-4,aist__gMH_sBM_cAll_d24_mMH5_ch02__mc150-4,,BRIDGE3R,m15_bridge3r_fixed_v19,Anchor-root_mm,491.6384950634523,568.398298626005,-76.75980356255275
aist__gMH_sBM_cAll_d24_mMH5_ch02__mc150-4,aist__gMH_sBM_cAll_d24_mMH5_ch02__mc150-4,,BRIDGE3R,m15_bridge3r_fixed_v19,Orientation_deg,117.38327068118187,9.36410531936934,108.01916536181253
aist__gMH_sBM_cAll_d24_mMH5_ch02__mc150-4,aist__gMH_sBM_cAll_d24_mMH5_ch02__mc150-4,,BRIDGE3R,m15_bridge3r_fixed_v19,Seam-root_mm,466.64303341319686,1231.2851169662463,-764.6420835530494
aist__gMH_sBM_cAll_d24_mMH5_ch02__mc150-4,aist__gMH_sBM_cAll_d24_mMH5_ch02__mc150-4,,BRIDGE3R,m15_bridge3r_fixed_v19,Seam-orientation_deg,45.33569093068161,14.316471220109278,31.01921971057233
aist__gMH_sBM_cAll_d24_mMH5_ch02__mc150-4,aist__gMH_sBM_cAll_d24_mMH5_ch02__mc150-4,,BRIDGE3R,m15_bridge3r_fixed_v19,Camera-rotation_deg,149.81296481664353,10.836436657724468,138.97652815891905
aist__gMH_sBM_cAll_d24_mMH5_ch02__mc150-4,aist__gMH_sBM_cAll_d24_mMH5_ch02__mc150-4,,BRIDGE3R,m15_bridge3r_fixed_v19,Camera-translation_m,9.390141807590286,1.6092222499071749,7.780919557683111
aist__gMH_sBM_cAll_d24_mMH5_ch02__mc150-4,aist__gMH_sBM_cAll_d24_mMH5_ch02__mc150-4,,BRIDGE3R,m15_bridge3r_fixed_v19,Boundary-camera-rotation_deg,90.13853460941813,9.997299894621134,80.141234714797
aist__gMH_sBM_cAll_d24_mMH5_ch02__mc150-4,aist__gMH_sBM_cAll_d24_mMH5_ch02__mc150-4,,BRIDGE3R,m15_bridge3r_fixed_v19,Boundary-camera-translation_m,6.759774162373983,2.3089472610412645,4.450826901332718
aist__gMH_sBM_cAll_d24_mMH5_ch02__mc150-4,aist__gMH_sBM_cAll_d24_mMH5_ch02__mc150-4,,BRIDGE3R,m15_bridge3r_fixed_v19,Coverage,0.98,1.0,0.020000000000000018
aist__gMH_sFM_cAll_d24_mMH3_ch18__mc150-4,aist__gMH_sFM_cAll_d24_mMH3_ch18__mc150-4,,Human3R,m0_strict_human3r,PA-MPJPE_mm,57.70039856189682,61.22073940260195,-3.5203408407051313
aist__gMH_sFM_cAll_d24_mMH3_ch18__mc150-4,aist__gMH_sFM_cAll_d24_mMH3_ch18__mc150-4,,Human3R,m0_strict_human3r,Anchor-MPJPE_mm,943.7972587608057,540.7017412156695,403.0955175451362
aist__gMH_sFM_cAll_d24_mMH3_ch18__mc150-4,aist__gMH_sFM_cAll_d24_mMH3_ch18__mc150-4,,Human3R,m0_strict_human3r,Anchor-root_mm,934.6726618680034,517.648933635691,417.02372823231235
aist__gMH_sFM_cAll_d24_mMH3_ch18__mc150-4,aist__gMH_sFM_cAll_d24_mMH3_ch18__mc150-4,,Human3R,m0_strict_human3r,Orientation_deg,44.71981342187272,29.933792265925913,14.786021155946809
aist__gMH_sFM_cAll_d24_mMH3_ch18__mc150-4,aist__gMH_sFM_cAll_d24_mMH3_ch18__mc150-4,,Human3R,m0_strict_human3r,Seam-root_mm,449.90102233770784,411.9762060313556,37.92481630635223
aist__gMH_sFM_cAll_d24_mMH3_ch18__mc150-4,aist__gMH_sFM_cAll_d24_mMH3_ch18__mc150-4,,Human3R,m0_strict_human3r,Seam-orientation_deg,68.52033968199355,66.89689919015738,1.6234404918361633
aist__gMH_sFM_cAll_d24_mMH3_ch18__mc150-4,aist__gMH_sFM_cAll_d24_mMH3_ch18__mc150-4,,Human3R,m0_strict_human3r,Camera-rotation_deg,48.047601999779936,33.65300425832442,14.394597741455513
aist__gMH_sFM_cAll_d24_mMH3_ch18__mc150-4,aist__gMH_sFM_cAll_d24_mMH3_ch18__mc150-4,,Human3R,m0_strict_human3r,Camera-translation_m,4.465703693458698,2.617493336341602,1.8482103571170958
aist__gMH_sFM_cAll_d24_mMH3_ch18__mc150-4,aist__gMH_sFM_cAll_d24_mMH3_ch18__mc150-4,,Human3R,m0_strict_human3r,Boundary-camera-rotation_deg,87.35574422870066,64.69488172052534,22.660862508175313
aist__gMH_sFM_cAll_d24_mMH3_ch18__mc150-4,aist__gMH_sFM_cAll_d24_mMH3_ch18__mc150-4,,Human3R,m0_strict_human3r,Boundary-camera-translation_m,6.367419915103056,5.006716543460727,1.3607033716423294
aist__gMH_sFM_cAll_d24_mMH3_ch18__mc150-4,aist__gMH_sFM_cAll_d24_mMH3_ch18__mc150-4,,Human3R,m0_strict_human3r,Coverage,0.98,1.0,0.020000000000000018
aist__gMH_sFM_cAll_d24_mMH3_ch18__mc150-4,aist__gMH_sFM_cAll_d24_mMH3_ch18__mc150-4,,BRIDGE3R,m15_bridge3r_fixed_v19,PA-MPJPE_mm,57.70039856189682,60.869262233753304,-3.168863671856485
aist__gMH_sFM_cAll_d24_mMH3_ch18__mc150-4,aist__gMH_sFM_cAll_d24_mMH3_ch18__mc150-4,,BRIDGE3R,m15_bridge3r_fixed_v19,Anchor-MPJPE_mm,943.7972587608057,495.7307745124947,448.066484248311
aist__gMH_sFM_cAll_d24_mMH3_ch18__mc150-4,aist__gMH_sFM_cAll_d24_mMH3_ch18__mc150-4,,BRIDGE3R,m15_bridge3r_fixed_v19,Anchor-root_mm,934.6726618680034,471.0753666253619,463.5972952426415
aist__gMH_sFM_cAll_d24_mMH3_ch18__mc150-4,aist__gMH_sFM_cAll_d24_mMH3_ch18__mc150-4,,BRIDGE3R,m15_bridge3r_fixed_v19,Orientation_deg,44.71981342187272,35.82315947013984,8.89665395173288
aist__gMH_sFM_cAll_d24_mMH3_ch18__mc150-4,aist__gMH_sFM_cAll_d24_mMH3_ch18__mc150-4,,BRIDGE3R,m15_bridge3r_fixed_v19,Seam-root_mm,449.90102233770784,730.1692384628095,-280.2682161251017
aist__gMH_sFM_cAll_d24_mMH3_ch18__mc150-4,aist__gMH_sFM_cAll_d24_mMH3_ch18__mc150-4,,BRIDGE3R,m15_bridge3r_fixed_v19,Seam-orientation_deg,68.52033968199355,81.0472769043393,-12.526937222345751
aist__gMH_sFM_cAll_d24_mMH3_ch18__mc150-4,aist__gMH_sFM_cAll_d24_mMH3_ch18__mc150-4,,BRIDGE3R,m15_bridge3r_fixed_v19,Camera-rotation_deg,48.047601999779936,41.43471038354736,6.612891616232574
aist__gMH_sFM_cAll_d24_mMH3_ch18__mc150-4,aist__gMH_sFM_cAll_d24_mMH3_ch18__mc150-4,,BRIDGE3R,m15_bridge3r_fixed_v19,Camera-translation_m,4.465703693458698,3.1939599014934097,1.2717437919652883
aist__gMH_sFM_cAll_d24_mMH3_ch18__mc150-4,aist__gMH_sFM_cAll_d24_mMH3_ch18__mc150-4,,BRIDGE3R,m15_bridge3r_fixed_v19,Boundary-camera-rotation_deg,87.35574422870066,78.25030537445575,9.105438854244909
aist__gMH_sFM_cAll_d24_mMH3_ch18__mc150-4,aist__gMH_sFM_cAll_d24_mMH3_ch18__mc150-4,,BRIDGE3R,m15_bridge3r_fixed_v19,Boundary-camera-translation_m,6.367419915103056,5.4740054628866845,0.8934144522163718
aist__gMH_sFM_cAll_d24_mMH3_ch18__mc150-4,aist__gMH_sFM_cAll_d24_mMH3_ch18__mc150-4,,BRIDGE3R,m15_bridge3r_fixed_v19,Coverage,0.98,1.0,0.020000000000000018
aist__gPO_sBM_cAll_d12_mPO2_ch01__mc150-4,aist__gPO_sBM_cAll_d12_mPO2_ch01__mc150-4,,Human3R,m0_strict_human3r,PA-MPJPE_mm,49.11585682515534,59.42385498761539,-10.307998162460052
aist__gPO_sBM_cAll_d12_mPO2_ch01__mc150-4,aist__gPO_sBM_cAll_d12_mPO2_ch01__mc150-4,,Human3R,m0_strict_human3r,Anchor-MPJPE_mm,407.6973605872217,563.4347617929071,-155.73740120568544
aist__gPO_sBM_cAll_d12_mPO2_ch01__mc150-4,aist__gPO_sBM_cAll_d12_mPO2_ch01__mc150-4,,Human3R,m0_strict_human3r,Anchor-root_mm,317.89476347985004,550.414410969285,-232.51964748943493
aist__gPO_sBM_cAll_d12_mPO2_ch01__mc150-4,aist__gPO_sBM_cAll_d12_mPO2_ch01__mc150-4,,Human3R,m0_strict_human3r,Orientation_deg,95.37965607503156,44.598206980607756,50.781449094423806
aist__gPO_sBM_cAll_d12_mPO2_ch01__mc150-4,aist__gPO_sBM_cAll_d12_mPO2_ch01__mc150-4,,Human3R,m0_strict_human3r,Seam-root_mm,371.9154535497487,581.2033514502065,-209.28789790045778
aist__gPO_sBM_cAll_d12_mPO2_ch01__mc150-4,aist__gPO_sBM_cAll_d12_mPO2_ch01__mc150-4,,Human3R,m0_strict_human3r,Seam-orientation_deg,32.854177394275446,40.59836618972,-7.7441887954445505
aist__gPO_sBM_cAll_d12_mPO2_ch01__mc150-4,aist__gPO_sBM_cAll_d12_mPO2_ch01__mc150-4,,Human3R,m0_strict_human3r,Camera-rotation_deg,135.46194788242926,57.40835023444811,78.05359764798115
aist__gPO_sBM_cAll_d12_mPO2_ch01__mc150-4,aist__gPO_sBM_cAll_d12_mPO2_ch01__mc150-4,,Human3R,m0_strict_human3r,Camera-translation_m,8.534052119533358,5.87237129058367,2.661680828949688
aist__gPO_sBM_cAll_d12_mPO2_ch01__mc150-4,aist__gPO_sBM_cAll_d12_mPO2_ch01__mc150-4,,Human3R,m0_strict_human3r,Boundary-camera-rotation_deg,89.96735667204787,31.255415319782234,58.71194135226564
aist__gPO_sBM_cAll_d12_mPO2_ch01__mc150-4,aist__gPO_sBM_cAll_d12_mPO2_ch01__mc150-4,,Human3R,m0_strict_human3r,Boundary-camera-translation_m,6.459698327263333,2.748942572365756,3.710755754897577
aist__gPO_sBM_cAll_d12_mPO2_ch01__mc150-4,aist__gPO_sBM_cAll_d12_mPO2_ch01__mc150-4,,Human3R,m0_strict_human3r,Coverage,0.98,1.0,0.020000000000000018
aist__gPO_sBM_cAll_d12_mPO2_ch01__mc150-4,aist__gPO_sBM_cAll_d12_mPO2_ch01__mc150-4,,BRIDGE3R,m15_bridge3r_fixed_v19,PA-MPJPE_mm,49.11585682515534,58.906434539375475,-9.790577714220134
aist__gPO_sBM_cAll_d12_mPO2_ch01__mc150-4,aist__gPO_sBM_cAll_d12_mPO2_ch01__mc150-4,,BRIDGE3R,m15_bridge3r_fixed_v19,Anchor-MPJPE_mm,407.6973605872217,738.1422903114894,-330.44492972426775
aist__gPO_sBM_cAll_d12_mPO2_ch01__mc150-4,aist__gPO_sBM_cAll_d12_mPO2_ch01__mc150-4,,BRIDGE3R,m15_bridge3r_fixed_v19,Anchor-root_mm,317.89476347985004,714.9249464189611,-397.03018293911106
aist__gPO_sBM_cAll_d12_mPO2_ch01__mc150-4,aist__gPO_sBM_cAll_d12_mPO2_ch01__mc150-4,,BRIDGE3R,m15_bridge3r_fixed_v19,Orientation_deg,95.37965607503156,21.86627687938463,73.51337919564693
aist__gPO_sBM_cAll_d12_mPO2_ch01__mc150-4,aist__gPO_sBM_cAll_d12_mPO2_ch01__mc150-4,,BRIDGE3R,m15_bridge3r_fixed_v19,Seam-root_mm,371.9154535497487,659.2938021375935,-287.3783485878448
aist__gPO_sBM_cAll_d12_mPO2_ch01__mc150-4,aist__gPO_sBM_cAll_d12_mPO2_ch01__mc150-4,,BRIDGE3R,m15_bridge3r_fixed_v19,Seam-orientation_deg,32.854177394275446,20.06856741614458,12.785609978130864
aist__gPO_sBM_cAll_d12_mPO2_ch01__mc150-4,aist__gPO_sBM_cAll_d12_mPO2_ch01__mc150-4,,BRIDGE3R,m15_bridge3r_fixed_v19,Camera-rotation_deg,135.46194788242926,24.501020509292932,110.96092737313633
aist__gPO_sBM_cAll_d12_mPO2_ch01__mc150-4,aist__gPO_sBM_cAll_d12_mPO2_ch01__mc150-4,,BRIDGE3R,m15_bridge3r_fixed_v19,Camera-translation_m,8.534052119533358,2.7605088294651012,5.7735432900682575
aist__gPO_sBM_cAll_d12_mPO2_ch01__mc150-4,aist__gPO_sBM_cAll_d12_mPO2_ch01__mc150-4,,BRIDGE3R,m15_bridge3r_fixed_v19,Boundary-camera-rotation_deg,89.96735667204787,17.98587023367369,71.98148643837418
aist__gPO_sBM_cAll_d12_mPO2_ch01__mc150-4,aist__gPO_sBM_cAll_d12_mPO2_ch01__mc150-4,,BRIDGE3R,m15_bridge3r_fixed_v19,Boundary-camera-translation_m,6.459698327263333,1.783145943437989,4.676552383825344
aist__gPO_sBM_cAll_d12_mPO2_ch01__mc150-4,aist__gPO_sBM_cAll_d12_mPO2_ch01__mc150-4,,BRIDGE3R,m15_bridge3r_fixed_v19,Coverage,0.98,1.0,0.020000000000000018
aist__gPO_sBM_cAll_d12_mPO3_ch02__mc150-4,aist__gPO_sBM_cAll_d12_mPO3_ch02__mc150-4,,Human3R,m0_strict_human3r,PA-MPJPE_mm,47.54707479122028,50.84153847471664,-3.2944636834963603
aist__gPO_sBM_cAll_d12_mPO3_ch02__mc150-4,aist__gPO_sBM_cAll_d12_mPO3_ch02__mc150-4,,Human3R,m0_strict_human3r,Anchor-MPJPE_mm,2054.321885879729,311.77248912552267,1742.5493967542063
aist__gPO_sBM_cAll_d12_mPO3_ch02__mc150-4,aist__gPO_sBM_cAll_d12_mPO3_ch02__mc150-4,,Human3R,m0_strict_human3r,Anchor-root_mm,2066.9307828356186,264.6425581493408,1802.2882246862778
aist__gPO_sBM_cAll_d12_mPO3_ch02__mc150-4,aist__gPO_sBM_cAll_d12_mPO3_ch02__mc150-4,,Human3R,m0_strict_human3r,Orientation_deg,60.86490629668478,49.529291706160734,11.335614590524045
aist__gPO_sBM_cAll_d12_mPO3_ch02__mc150-4,aist__gPO_sBM_cAll_d12_mPO3_ch02__mc150-4,,Human3R,m0_strict_human3r,Seam-root_mm,722.9454242417306,806.4461297878466,-83.50070554611602
aist__gPO_sBM_cAll_d12_mPO3_ch02__mc150-4,aist__gPO_sBM_cAll_d12_mPO3_ch02__mc150-4,,Human3R,m0_strict_human3r,Seam-orientation_deg,39.14899303347798,49.37170732686145,-10.222714293383468
aist__gPO_sBM_cAll_d12_mPO3_ch02__mc150-4,aist__gPO_sBM_cAll_d12_mPO3_ch02__mc150-4,,Human3R,m0_strict_human3r,Camera-rotation_deg,72.58488400192827,67.01345567230237,5.571428329625903
aist__gPO_sBM_cAll_d12_mPO3_ch02__mc150-4,aist__gPO_sBM_cAll_d12_mPO3_ch02__mc150-4,,Human3R,m0_strict_human3r,Camera-translation_m,5.1760922389801625,5.498396507008562,-0.3223042680283994
aist__gPO_sBM_cAll_d12_mPO3_ch02__mc150-4,aist__gPO_sBM_cAll_d12_mPO3_ch02__mc150-4,,Human3R,m0_strict_human3r,Boundary-camera-rotation_deg,84.02521144122379,43.384744559056806,40.64046688216698
aist__gPO_sBM_cAll_d12_mPO3_ch02__mc150-4,aist__gPO_sBM_cAll_d12_mPO3_ch02__mc150-4,,Human3R,m0_strict_human3r,Boundary-camera-translation_m,6.24547360785014,3.478021392533776,2.7674522153163634
aist__gPO_sBM_cAll_d12_mPO3_ch02__mc150-4,aist__gPO_sBM_cAll_d12_mPO3_ch02__mc150-4,,Human3R,m0_strict_human3r,Coverage,0.98,1.0,0.020000000000000018
aist__gPO_sBM_cAll_d12_mPO3_ch02__mc150-4,aist__gPO_sBM_cAll_d12_mPO3_ch02__mc150-4,,BRIDGE3R,m15_bridge3r_fixed_v19,PA-MPJPE_mm,47.54707479122028,50.95049850795879,-3.4034237167385086
aist__gPO_sBM_cAll_d12_mPO3_ch02__mc150-4,aist__gPO_sBM_cAll_d12_mPO3_ch02__mc150-4,,BRIDGE3R,m15_bridge3r_fixed_v19,Anchor-MPJPE_mm,2054.321885879729,672.202971445837,1382.118914433892
aist__gPO_sBM_cAll_d12_mPO3_ch02__mc150-4,aist__gPO_sBM_cAll_d12_mPO3_ch02__mc150-4,,BRIDGE3R,m15_bridge3r_fixed_v19,Anchor-root_mm,2066.9307828356186,662.3011747759076,1404.629608059711
aist__gPO_sBM_cAll_d12_mPO3_ch02__mc150-4,aist__gPO_sBM_cAll_d12_mPO3_ch02__mc150-4,,BRIDGE3R,m15_bridge3r_fixed_v19,Orientation_deg,60.86490629668478,33.18306800849188,27.6818382881929
aist__gPO_sBM_cAll_d12_mPO3_ch02__mc150-4,aist__gPO_sBM_cAll_d12_mPO3_ch02__mc150-4,,BRIDGE3R,m15_bridge3r_fixed_v19,Seam-root_mm,722.9454242417306,802.7606735497758,-79.81524930804517
aist__gPO_sBM_cAll_d12_mPO3_ch02__mc150-4,aist__gPO_sBM_cAll_d12_mPO3_ch02__mc150-4,,BRIDGE3R,m15_bridge3r_fixed_v19,Seam-orientation_deg,39.14899303347798,43.54277815624898,-4.393785122771
aist__gPO_sBM_cAll_d12_mPO3_ch02__mc150-4,aist__gPO_sBM_cAll_d12_mPO3_ch02__mc150-4,,BRIDGE3R,m15_bridge3r_fixed_v19,Camera-rotation_deg,72.58488400192827,48.17365066488463,24.41123333704364
aist__gPO_sBM_cAll_d12_mPO3_ch02__mc150-4,aist__gPO_sBM_cAll_d12_mPO3_ch02__mc150-4,,BRIDGE3R,m15_bridge3r_fixed_v19,Camera-translation_m,5.1760922389801625,3.7477032379825976,1.4283890009975648
aist__gPO_sBM_cAll_d12_mPO3_ch02__mc150-4,aist__gPO_sBM_cAll_d12_mPO3_ch02__mc150-4,,BRIDGE3R,m15_bridge3r_fixed_v19,Boundary-camera-rotation_deg,84.02521144122379,37.05096777887855,46.97424366234524
aist__gPO_sBM_cAll_d12_mPO3_ch02__mc150-4,aist__gPO_sBM_cAll_d12_mPO3_ch02__mc150-4,,BRIDGE3R,m15_bridge3r_fixed_v19,Boundary-camera-translation_m,6.24547360785014,3.2659307135478115,2.979542894302328
aist__gPO_sBM_cAll_d12_mPO3_ch02__mc150-4,aist__gPO_sBM_cAll_d12_mPO3_ch02__mc150-4,,BRIDGE3R,m15_bridge3r_fixed_v19,Coverage,0.98,1.0,0.020000000000000018
aist__gPO_sBM_cAll_d12_mPO4_ch01__mc150-4,aist__gPO_sBM_cAll_d12_mPO4_ch01__mc150-4,,Human3R,m0_strict_human3r,PA-MPJPE_mm,48.732739268297365,63.59241206431871,-14.859672796021343
aist__gPO_sBM_cAll_d12_mPO4_ch01__mc150-4,aist__gPO_sBM_cAll_d12_mPO4_ch01__mc150-4,,Human3R,m0_strict_human3r,Anchor-MPJPE_mm,1200.3350985871718,828.854024684315,371.4810739028568
aist__gPO_sBM_cAll_d12_mPO4_ch01__mc150-4,aist__gPO_sBM_cAll_d12_mPO4_ch01__mc150-4,,Human3R,m0_strict_human3r,Anchor-root_mm,1154.4424577696527,790.5776529590975,363.86480481055526
aist__gPO_sBM_cAll_d12_mPO4_ch01__mc150-4,aist__gPO_sBM_cAll_d12_mPO4_ch01__mc150-4,,Human3R,m0_strict_human3r,Orientation_deg,66.9645607099255,39.209142264841965,27.755418445083528
aist__gPO_sBM_cAll_d12_mPO4_ch01__mc150-4,aist__gPO_sBM_cAll_d12_mPO4_ch01__mc150-4,,Human3R,m0_strict_human3r,Seam-root_mm,352.3911011158363,633.5128233494097,-281.1217222335734
aist__gPO_sBM_cAll_d12_mPO4_ch01__mc150-4,aist__gPO_sBM_cAll_d12_mPO4_ch01__mc150-4,,Human3R,m0_strict_human3r,Seam-orientation_deg,39.842673491738566,67.80733844757539,-27.964664955836824
aist__gPO_sBM_cAll_d12_mPO4_ch01__mc150-4,aist__gPO_sBM_cAll_d12_mPO4_ch01__mc150-4,,Human3R,m0_strict_human3r,Camera-rotation_deg,66.41586220342317,38.76613203137675,27.649730172046425
aist__gPO_sBM_cAll_d12_mPO4_ch01__mc150-4,aist__gPO_sBM_cAll_d12_mPO4_ch01__mc150-4,,Human3R,m0_strict_human3r,Camera-translation_m,5.6852388018119,4.226632551549999,1.4586062502619006
aist__gPO_sBM_cAll_d12_mPO4_ch01__mc150-4,aist__gPO_sBM_cAll_d12_mPO4_ch01__mc150-4,,Human3R,m0_strict_human3r,Boundary-camera-rotation_deg,89.78911345859206,61.21142383945375,28.577689619138305
aist__gPO_sBM_cAll_d12_mPO4_ch01__mc150-4,aist__gPO_sBM_cAll_d12_mPO4_ch01__mc150-4,,Human3R,m0_strict_human3r,Boundary-camera-translation_m,6.608840192219272,5.16577323475351,1.4430669574657626
aist__gPO_sBM_cAll_d12_mPO4_ch01__mc150-4,aist__gPO_sBM_cAll_d12_mPO4_ch01__mc150-4,,Human3R,m0_strict_human3r,Coverage,0.98,1.0,0.020000000000000018
aist__gPO_sBM_cAll_d12_mPO4_ch01__mc150-4,aist__gPO_sBM_cAll_d12_mPO4_ch01__mc150-4,,BRIDGE3R,m15_bridge3r_fixed_v19,PA-MPJPE_mm,48.732739268297365,63.598272214546306,-14.86553294624894
aist__gPO_sBM_cAll_d12_mPO4_ch01__mc150-4,aist__gPO_sBM_cAll_d12_mPO4_ch01__mc150-4,,BRIDGE3R,m15_bridge3r_fixed_v19,Anchor-MPJPE_mm,1200.3350985871718,681.6969918588595,518.6381067283123
aist__gPO_sBM_cAll_d12_mPO4_ch01__mc150-4,aist__gPO_sBM_cAll_d12_mPO4_ch01__mc150-4,,BRIDGE3R,m15_bridge3r_fixed_v19,Anchor-root_mm,1154.4424577696527,636.3667818303022,518.0756759393505
aist__gPO_sBM_cAll_d12_mPO4_ch01__mc150-4,aist__gPO_sBM_cAll_d12_mPO4_ch01__mc150-4,,BRIDGE3R,m15_bridge3r_fixed_v19,Orientation_deg,66.9645607099255,57.80869635500734,9.155864354918151
aist__gPO_sBM_cAll_d12_mPO4_ch01__mc150-4,aist__gPO_sBM_cAll_d12_mPO4_ch01__mc150-4,,BRIDGE3R,m15_bridge3r_fixed_v19,Seam-root_mm,352.3911011158363,931.5435557774323,-579.152454661596
aist__gPO_sBM_cAll_d12_mPO4_ch01__mc150-4,aist__gPO_sBM_cAll_d12_mPO4_ch01__mc150-4,,BRIDGE3R,m15_bridge3r_fixed_v19,Seam-orientation_deg,39.842673491738566,100.05150637102696,-60.208832879288394
aist__gPO_sBM_cAll_d12_mPO4_ch01__mc150-4,aist__gPO_sBM_cAll_d12_mPO4_ch01__mc150-4,,BRIDGE3R,m15_bridge3r_fixed_v19,Camera-rotation_deg,66.41586220342317,64.19232910861984,2.2235330948033294
aist__gPO_sBM_cAll_d12_mPO4_ch01__mc150-4,aist__gPO_sBM_cAll_d12_mPO4_ch01__mc150-4,,BRIDGE3R,m15_bridge3r_fixed_v19,Camera-translation_m,5.6852388018119,5.059958047494557,0.6252807543173429
aist__gPO_sBM_cAll_d12_mPO4_ch01__mc150-4,aist__gPO_sBM_cAll_d12_mPO4_ch01__mc150-4,,BRIDGE3R,m15_bridge3r_fixed_v19,Boundary-camera-rotation_deg,89.78911345859206,102.25436569662476,-12.465252238032704
aist__gPO_sBM_cAll_d12_mPO4_ch01__mc150-4,aist__gPO_sBM_cAll_d12_mPO4_ch01__mc150-4,,BRIDGE3R,m15_bridge3r_fixed_v19,Boundary-camera-translation_m,6.608840192219272,7.135458313995642,-0.5266181217763695
aist__gPO_sBM_cAll_d12_mPO4_ch01__mc150-4,aist__gPO_sBM_cAll_d12_mPO4_ch01__mc150-4,,BRIDGE3R,m15_bridge3r_fixed_v19,Coverage,0.98,1.0,0.020000000000000018
aist__gPO_sBM_cAll_d12_mPO5_ch01__mc150-4,aist__gPO_sBM_cAll_d12_mPO5_ch01__mc150-4,,Human3R,m0_strict_human3r,PA-MPJPE_mm,50.35794807042145,60.419457956228534,-10.061509885807084
aist__gPO_sBM_cAll_d12_mPO5_ch01__mc150-4,aist__gPO_sBM_cAll_d12_mPO5_ch01__mc150-4,,Human3R,m0_strict_human3r,Anchor-MPJPE_mm,2280.6243788845736,350.9386093785488,1929.6857695060248
aist__gPO_sBM_cAll_d12_mPO5_ch01__mc150-4,aist__gPO_sBM_cAll_d12_mPO5_ch01__mc150-4,,Human3R,m0_strict_human3r,Anchor-root_mm,2273.718537705625,296.6746131291761,1977.0439245764487
aist__gPO_sBM_cAll_d12_mPO5_ch01__mc150-4,aist__gPO_sBM_cAll_d12_mPO5_ch01__mc150-4,,Human3R,m0_strict_human3r,Orientation_deg,62.5760052921931,45.699288786094925,16.876716506098177
aist__gPO_sBM_cAll_d12_mPO5_ch01__mc150-4,aist__gPO_sBM_cAll_d12_mPO5_ch01__mc150-4,,Human3R,m0_strict_human3r,Seam-root_mm,489.4849376774303,873.0961795955392,-383.6112419181089
aist__gPO_sBM_cAll_d12_mPO5_ch01__mc150-4,aist__gPO_sBM_cAll_d12_mPO5_ch01__mc150-4,,Human3R,m0_strict_human3r,Seam-orientation_deg,30.584421863480458,49.902870778318,-19.31844891483754
aist__gPO_sBM_cAll_d12_mPO5_ch01__mc150-4,aist__gPO_sBM_cAll_d12_mPO5_ch01__mc150-4,,Human3R,m0_strict_human3r,Camera-rotation_deg,72.10956709949663,53.936579408475254,18.172987691021376
aist__gPO_sBM_cAll_d12_mPO5_ch01__mc150-4,aist__gPO_sBM_cAll_d12_mPO5_ch01__mc150-4,,Human3R,m0_strict_human3r,Camera-translation_m,5.344983967543236,4.865932622387157,0.47905134515607894
aist__gPO_sBM_cAll_d12_mPO5_ch01__mc150-4,aist__gPO_sBM_cAll_d12_mPO5_ch01__mc150-4,,Human3R,m0_strict_human3r,Boundary-camera-rotation_deg,83.95915244518146,46.99423374986947,36.96491869531199
aist__gPO_sBM_cAll_d12_mPO5_ch01__mc150-4,aist__gPO_sBM_cAll_d12_mPO5_ch01__mc150-4,,Human3R,m0_strict_human3r,Boundary-camera-translation_m,6.220467272292001,3.5976627612442464,2.6228045110477543
aist__gPO_sBM_cAll_d12_mPO5_ch01__mc150-4,aist__gPO_sBM_cAll_d12_mPO5_ch01__mc150-4,,Human3R,m0_strict_human3r,Coverage,0.98,1.0,0.020000000000000018
aist__gPO_sBM_cAll_d12_mPO5_ch01__mc150-4,aist__gPO_sBM_cAll_d12_mPO5_ch01__mc150-4,,BRIDGE3R,m15_bridge3r_fixed_v19,PA-MPJPE_mm,50.35794807042145,60.32895195119209,-9.971003880770638
aist__gPO_sBM_cAll_d12_mPO5_ch01__mc150-4,aist__gPO_sBM_cAll_d12_mPO5_ch01__mc150-4,,BRIDGE3R,m15_bridge3r_fixed_v19,Anchor-MPJPE_mm,2280.6243788845736,857.7291066934396,1422.8952721911342
aist__gPO_sBM_cAll_d12_mPO5_ch01__mc150-4,aist__gPO_sBM_cAll_d12_mPO5_ch01__mc150-4,,BRIDGE3R,m15_bridge3r_fixed_v19,Anchor-root_mm,2273.718537705625,826.3991796618166,1447.3193580438083
aist__gPO_sBM_cAll_d12_mPO5_ch01__mc150-4,aist__gPO_sBM_cAll_d12_mPO5_ch01__mc150-4,,BRIDGE3R,m15_bridge3r_fixed_v19,Orientation_deg,62.5760052921931,35.02671125322392,27.54929403896918
aist__gPO_sBM_cAll_d12_mPO5_ch01__mc150-4,aist__gPO_sBM_cAll_d12_mPO5_ch01__mc150-4,,BRIDGE3R,m15_bridge3r_fixed_v19,Seam-root_mm,489.4849376774303,895.4525217633567,-405.9675840859264
aist__gPO_sBM_cAll_d12_mPO5_ch01__mc150-4,aist__gPO_sBM_cAll_d12_mPO5_ch01__mc150-4,,BRIDGE3R,m15_bridge3r_fixed_v19,Seam-orientation_deg,30.584421863480458,57.66409441999525,-27.079672556514794
aist__gPO_sBM_cAll_d12_mPO5_ch01__mc150-4,aist__gPO_sBM_cAll_d12_mPO5_ch01__mc150-4,,BRIDGE3R,m15_bridge3r_fixed_v19,Camera-rotation_deg,72.10956709949663,40.784656866073014,31.324910233423616
aist__gPO_sBM_cAll_d12_mPO5_ch01__mc150-4,aist__gPO_sBM_cAll_d12_mPO5_ch01__mc150-4,,BRIDGE3R,m15_bridge3r_fixed_v19,Camera-translation_m,5.344983967543236,3.284820731303751,2.0601632362394846
aist__gPO_sBM_cAll_d12_mPO5_ch01__mc150-4,aist__gPO_sBM_cAll_d12_mPO5_ch01__mc150-4,,BRIDGE3R,m15_bridge3r_fixed_v19,Boundary-camera-rotation_deg,83.95915244518146,50.34953487264553,33.60961757253593
aist__gPO_sBM_cAll_d12_mPO5_ch01__mc150-4,aist__gPO_sBM_cAll_d12_mPO5_ch01__mc150-4,,BRIDGE3R,m15_bridge3r_fixed_v19,Boundary-camera-translation_m,6.220467272292001,4.278514830269999,1.9419524420220018
aist__gPO_sBM_cAll_d12_mPO5_ch01__mc150-4,aist__gPO_sBM_cAll_d12_mPO5_ch01__mc150-4,,BRIDGE3R,m15_bridge3r_fixed_v19,Coverage,0.98,1.0,0.020000000000000018
aist__gPO_sBM_cAll_d12_mPO5_ch02__mc150-4,aist__gPO_sBM_cAll_d12_mPO5_ch02__mc150-4,,Human3R,m0_strict_human3r,PA-MPJPE_mm,51.12075260327008,51.34619496831407,-0.22544236504399606
aist__gPO_sBM_cAll_d12_mPO5_ch02__mc150-4,aist__gPO_sBM_cAll_d12_mPO5_ch02__mc150-4,,Human3R,m0_strict_human3r,Anchor-MPJPE_mm,1283.4699319431288,465.3606425809857,818.109289362143
aist__gPO_sBM_cAll_d12_mPO5_ch02__mc150-4,aist__gPO_sBM_cAll_d12_mPO5_ch02__mc150-4,,Human3R,m0_strict_human3r,Anchor-root_mm,1270.444626896034,432.02343372151006,838.4211931745239
aist__gPO_sBM_cAll_d12_mPO5_ch02__mc150-4,aist__gPO_sBM_cAll_d12_mPO5_ch02__mc150-4,,Human3R,m0_strict_human3r,Orientation_deg,52.7565001712788,50.820601180707804,1.9358989905709976
aist__gPO_sBM_cAll_d12_mPO5_ch02__mc150-4,aist__gPO_sBM_cAll_d12_mPO5_ch02__mc150-4,,Human3R,m0_strict_human3r,Seam-root_mm,717.7034204660768,770.0406745542235,-52.33725408814678
aist__gPO_sBM_cAll_d12_mPO5_ch02__mc150-4,aist__gPO_sBM_cAll_d12_mPO5_ch02__mc150-4,,Human3R,m0_strict_human3r,Seam-orientation_deg,25.854170986095863,27.112899744620393,-1.25872875852453
aist__gPO_sBM_cAll_d12_mPO5_ch02__mc150-4,aist__gPO_sBM_cAll_d12_mPO5_ch02__mc150-4,,Human3R,m0_strict_human3r,Camera-rotation_deg,67.93551242005557,61.21186925157897,6.723643168476606
aist__gPO_sBM_cAll_d12_mPO5_ch02__mc150-4,aist__gPO_sBM_cAll_d12_mPO5_ch02__mc150-4,,Human3R,m0_strict_human3r,Camera-translation_m,5.386659996055668,4.857015069510679,0.5296449265449894
aist__gPO_sBM_cAll_d12_mPO5_ch02__mc150-4,aist__gPO_sBM_cAll_d12_mPO5_ch02__mc150-4,,Human3R,m0_strict_human3r,Boundary-camera-rotation_deg,80.93761860805843,26.888862942432777,54.04875566562565
aist__gPO_sBM_cAll_d12_mPO5_ch02__mc150-4,aist__gPO_sBM_cAll_d12_mPO5_ch02__mc150-4,,Human3R,m0_strict_human3r,Boundary-camera-translation_m,6.076737182659881,2.2469575683533045,3.829779614306576
aist__gPO_sBM_cAll_d12_mPO5_ch02__mc150-4,aist__gPO_sBM_cAll_d12_mPO5_ch02__mc150-4,,Human3R,m0_strict_human3r,Coverage,0.9933333333333333,1.0,0.00666666666666671
aist__gPO_sBM_cAll_d12_mPO5_ch02__mc150-4,aist__gPO_sBM_cAll_d12_mPO5_ch02__mc150-4,,BRIDGE3R,m15_bridge3r_fixed_v19,PA-MPJPE_mm,51.12075260327008,51.37083926860597,-0.25008666533589263
aist__gPO_sBM_cAll_d12_mPO5_ch02__mc150-4,aist__gPO_sBM_cAll_d12_mPO5_ch02__mc150-4,,BRIDGE3R,m15_bridge3r_fixed_v19,Anchor-MPJPE_mm,1283.4699319431288,651.8638191981453,631.6061127449835
aist__gPO_sBM_cAll_d12_mPO5_ch02__mc150-4,aist__gPO_sBM_cAll_d12_mPO5_ch02__mc150-4,,BRIDGE3R,m15_bridge3r_fixed_v19,Anchor-root_mm,1270.444626896034,634.3601113214279,636.084515574606
aist__gPO_sBM_cAll_d12_mPO5_ch02__mc150-4,aist__gPO_sBM_cAll_d12_mPO5_ch02__mc150-4,,BRIDGE3R,m15_bridge3r_fixed_v19,Orientation_deg,52.7565001712788,21.404094013087875,31.352406158190927
aist__gPO_sBM_cAll_d12_mPO5_ch02__mc150-4,aist__gPO_sBM_cAll_d12_mPO5_ch02__mc150-4,,BRIDGE3R,m15_bridge3r_fixed_v19,Seam-root_mm,717.7034204660768,938.8356342199877,-221.13221375391095
aist__gPO_sBM_cAll_d12_mPO5_ch02__mc150-4,aist__gPO_sBM_cAll_d12_mPO5_ch02__mc150-4,,BRIDGE3R,m15_bridge3r_fixed_v19,Seam-orientation_deg,25.854170986095863,40.514174167309285,-14.660003181213423
aist__gPO_sBM_cAll_d12_mPO5_ch02__mc150-4,aist__gPO_sBM_cAll_d12_mPO5_ch02__mc150-4,,BRIDGE3R,m15_bridge3r_fixed_v19,Camera-rotation_deg,67.93551242005557,21.241916178679645,46.69359624137593
aist__gPO_sBM_cAll_d12_mPO5_ch02__mc150-4,aist__gPO_sBM_cAll_d12_mPO5_ch02__mc150-4,,BRIDGE3R,m15_bridge3r_fixed_v19,Camera-translation_m,5.386659996055668,2.2232168342005982,3.16344316185507
aist__gPO_sBM_cAll_d12_mPO5_ch02__mc150-4,aist__gPO_sBM_cAll_d12_mPO5_ch02__mc150-4,,BRIDGE3R,m15_bridge3r_fixed_v19,Boundary-camera-rotation_deg,80.93761860805843,37.91540729642316,43.02221131163527
aist__gPO_sBM_cAll_d12_mPO5_ch02__mc150-4,aist__gPO_sBM_cAll_d12_mPO5_ch02__mc150-4,,BRIDGE3R,m15_bridge3r_fixed_v19,Boundary-camera-translation_m,6.076737182659881,3.300780688387585,2.7759564942722954
aist__gPO_sBM_cAll_d12_mPO5_ch02__mc150-4,aist__gPO_sBM_cAll_d12_mPO5_ch02__mc150-4,,BRIDGE3R,m15_bridge3r_fixed_v19,Coverage,0.9933333333333333,1.0,0.00666666666666671
aist__gWA_sBM_cAll_d27_mWA2_ch02__mc150-4,aist__gWA_sBM_cAll_d27_mWA2_ch02__mc150-4,,Human3R,m0_strict_human3r,PA-MPJPE_mm,87.54747317819505,87.84164882940769,-0.29417565121264033
aist__gWA_sBM_cAll_d27_mWA2_ch02__mc150-4,aist__gWA_sBM_cAll_d27_mWA2_ch02__mc150-4,,Human3R,m0_strict_human3r,Anchor-MPJPE_mm,1927.1144887500911,597.8320734232627,1329.2824153268284
aist__gWA_sBM_cAll_d27_mWA2_ch02__mc150-4,aist__gWA_sBM_cAll_d27_mWA2_ch02__mc150-4,,Human3R,m0_strict_human3r,Anchor-root_mm,1915.6405037116306,554.2061868866622,1361.4343168249684
aist__gWA_sBM_cAll_d27_mWA2_ch02__mc150-4,aist__gWA_sBM_cAll_d27_mWA2_ch02__mc150-4,,Human3R,m0_strict_human3r,Orientation_deg,56.9781686768982,48.619997393475906,8.358171283422294
aist__gWA_sBM_cAll_d27_mWA2_ch02__mc150-4,aist__gWA_sBM_cAll_d27_mWA2_ch02__mc150-4,,Human3R,m0_strict_human3r,Seam-root_mm,425.73150443470945,424.3942531562463,1.3372512784631567
aist__gWA_sBM_cAll_d27_mWA2_ch02__mc150-4,aist__gWA_sBM_cAll_d27_mWA2_ch02__mc150-4,,Human3R,m0_strict_human3r,Seam-orientation_deg,30.332969822156084,50.12833713337718,-19.795367311221096
aist__gWA_sBM_cAll_d27_mWA2_ch02__mc150-4,aist__gWA_sBM_cAll_d27_mWA2_ch02__mc150-4,,Human3R,m0_strict_human3r,Camera-rotation_deg,62.580904786369956,62.321872215906986,0.25903257046297057
aist__gWA_sBM_cAll_d27_mWA2_ch02__mc150-4,aist__gWA_sBM_cAll_d27_mWA2_ch02__mc150-4,,Human3R,m0_strict_human3r,Camera-translation_m,4.585908516586111,5.340117863577689,-0.754209346991578
aist__gWA_sBM_cAll_d27_mWA2_ch02__mc150-4,aist__gWA_sBM_cAll_d27_mWA2_ch02__mc150-4,,Human3R,m0_strict_human3r,Boundary-camera-rotation_deg,78.66824870918452,50.93851613672472,27.729732572459802
aist__gWA_sBM_cAll_d27_mWA2_ch02__mc150-4,aist__gWA_sBM_cAll_d27_mWA2_ch02__mc150-4,,Human3R,m0_strict_human3r,Boundary-camera-translation_m,5.455166161253203,4.135666034686504,1.319500126566699
aist__gWA_sBM_cAll_d27_mWA2_ch02__mc150-4,aist__gWA_sBM_cAll_d27_mWA2_ch02__mc150-4,,Human3R,m0_strict_human3r,Coverage,0.9933333333333333,1.0,0.00666666666666671
aist__gWA_sBM_cAll_d27_mWA2_ch02__mc150-4,aist__gWA_sBM_cAll_d27_mWA2_ch02__mc150-4,,BRIDGE3R,m15_bridge3r_fixed_v19,PA-MPJPE_mm,87.54747317819505,88.22297175037605,-0.6754985721809987
aist__gWA_sBM_cAll_d27_mWA2_ch02__mc150-4,aist__gWA_sBM_cAll_d27_mWA2_ch02__mc150-4,,BRIDGE3R,m15_bridge3r_fixed_v19,Anchor-MPJPE_mm,1927.1144887500911,380.9474114508196,1546.1670772992716
aist__gWA_sBM_cAll_d27_mWA2_ch02__mc150-4,aist__gWA_sBM_cAll_d27_mWA2_ch02__mc150-4,,BRIDGE3R,m15_bridge3r_fixed_v19,Anchor-root_mm,1915.6405037116306,335.83705634821956,1579.8034473634111
aist__gWA_sBM_cAll_d27_mWA2_ch02__mc150-4,aist__gWA_sBM_cAll_d27_mWA2_ch02__mc150-4,,BRIDGE3R,m15_bridge3r_fixed_v19,Orientation_deg,56.9781686768982,49.86758614151001,7.11058253538819
aist__gWA_sBM_cAll_d27_mWA2_ch02__mc150-4,aist__gWA_sBM_cAll_d27_mWA2_ch02__mc150-4,,BRIDGE3R,m15_bridge3r_fixed_v19,Seam-root_mm,425.73150443470945,353.583253816289,72.14825061842043
aist__gWA_sBM_cAll_d27_mWA2_ch02__mc150-4,aist__gWA_sBM_cAll_d27_mWA2_ch02__mc150-4,,BRIDGE3R,m15_bridge3r_fixed_v19,Seam-orientation_deg,30.332969822156084,45.08734718505207,-14.754377362895983
aist__gWA_sBM_cAll_d27_mWA2_ch02__mc150-4,aist__gWA_sBM_cAll_d27_mWA2_ch02__mc150-4,,BRIDGE3R,m15_bridge3r_fixed_v19,Camera-rotation_deg,62.580904786369956,59.6274179801648,2.953486806205156
aist__gWA_sBM_cAll_d27_mWA2_ch02__mc150-4,aist__gWA_sBM_cAll_d27_mWA2_ch02__mc150-4,,BRIDGE3R,m15_bridge3r_fixed_v19,Camera-translation_m,4.585908516586111,4.197217011037102,0.38869150554900855
aist__gWA_sBM_cAll_d27_mWA2_ch02__mc150-4,aist__gWA_sBM_cAll_d27_mWA2_ch02__mc150-4,,BRIDGE3R,m15_bridge3r_fixed_v19,Boundary-camera-rotation_deg,78.66824870918452,47.19016555239089,31.478083156793637
aist__gWA_sBM_cAll_d27_mWA2_ch02__mc150-4,aist__gWA_sBM_cAll_d27_mWA2_ch02__mc150-4,,BRIDGE3R,m15_bridge3r_fixed_v19,Boundary-camera-translation_m,5.455166161253203,3.464457748643564,1.990708412609639
aist__gWA_sBM_cAll_d27_mWA2_ch02__mc150-4,aist__gWA_sBM_cAll_d27_mWA2_ch02__mc150-4,,BRIDGE3R,m15_bridge3r_fixed_v19,Coverage,0.9933333333333333,1.0,0.00666666666666671
aist__gWA_sBM_cAll_d27_mWA3_ch02__mc150-4,aist__gWA_sBM_cAll_d27_mWA3_ch02__mc150-4,,Human3R,m0_strict_human3r,PA-MPJPE_mm,69.8742031200025,76.28186194727039,-6.4076588272678805
aist__gWA_sBM_cAll_d27_mWA3_ch02__mc150-4,aist__gWA_sBM_cAll_d27_mWA3_ch02__mc150-4,,Human3R,m0_strict_human3r,Anchor-MPJPE_mm,1611.3090505882963,337.155868482586,1274.1531821057101
aist__gWA_sBM_cAll_d27_mWA3_ch02__mc150-4,aist__gWA_sBM_cAll_d27_mWA3_ch02__mc150-4,,Human3R,m0_strict_human3r,Anchor-root_mm,1598.4668657893458,273.0035112926422,1325.4633544967037
aist__gWA_sBM_cAll_d27_mWA3_ch02__mc150-4,aist__gWA_sBM_cAll_d27_mWA3_ch02__mc150-4,,Human3R,m0_strict_human3r,Orientation_deg,16.585766684055052,18.03585551098117,-1.450088826926116
aist__gWA_sBM_cAll_d27_mWA3_ch02__mc150-4,aist__gWA_sBM_cAll_d27_mWA3_ch02__mc150-4,,Human3R,m0_strict_human3r,Seam-root_mm,865.8021460314735,319.7596445030675,546.0425015284061
aist__gWA_sBM_cAll_d27_mWA3_ch02__mc150-4,aist__gWA_sBM_cAll_d27_mWA3_ch02__mc150-4,,Human3R,m0_strict_human3r,Seam-orientation_deg,35.31445613455584,11.567491865557516,23.746964268998326
aist__gWA_sBM_cAll_d27_mWA3_ch02__mc150-4,aist__gWA_sBM_cAll_d27_mWA3_ch02__mc150-4,,Human3R,m0_strict_human3r,Camera-rotation_deg,14.26147122225884,4.1818345075161485,10.07963671474269
aist__gWA_sBM_cAll_d27_mWA3_ch02__mc150-4,aist__gWA_sBM_cAll_d27_mWA3_ch02__mc150-4,,Human3R,m0_strict_human3r,Camera-translation_m,3.4446963447167045,0.9124633376115503,2.5322330071051544
aist__gWA_sBM_cAll_d27_mWA3_ch02__mc150-4,aist__gWA_sBM_cAll_d27_mWA3_ch02__mc150-4,,Human3R,m0_strict_human3r,Boundary-camera-rotation_deg,73.7889239131699,8.012714646902289,65.77620926626761
aist__gWA_sBM_cAll_d27_mWA3_ch02__mc150-4,aist__gWA_sBM_cAll_d27_mWA3_ch02__mc150-4,,Human3R,m0_strict_human3r,Boundary-camera-translation_m,5.431374441484349,1.1718403542202114,4.259534087264138
aist__gWA_sBM_cAll_d27_mWA3_ch02__mc150-4,aist__gWA_sBM_cAll_d27_mWA3_ch02__mc150-4,,Human3R,m0_strict_human3r,Coverage,0.98,1.0,0.020000000000000018
aist__gWA_sBM_cAll_d27_mWA3_ch02__mc150-4,aist__gWA_sBM_cAll_d27_mWA3_ch02__mc150-4,,BRIDGE3R,m15_bridge3r_fixed_v19,PA-MPJPE_mm,69.8742031200025,76.64277540891234,-6.768572288909837
aist__gWA_sBM_cAll_d27_mWA3_ch02__mc150-4,aist__gWA_sBM_cAll_d27_mWA3_ch02__mc150-4,,BRIDGE3R,m15_bridge3r_fixed_v19,Anchor-MPJPE_mm,1611.3090505882963,771.1157286897834,840.1933218985129
aist__gWA_sBM_cAll_d27_mWA3_ch02__mc150-4,aist__gWA_sBM_cAll_d27_mWA3_ch02__mc150-4,,BRIDGE3R,m15_bridge3r_fixed_v19,Anchor-root_mm,1598.4668657893458,732.1051595279023,866.3617062614435
aist__gWA_sBM_cAll_d27_mWA3_ch02__mc150-4,aist__gWA_sBM_cAll_d27_mWA3_ch02__mc150-4,,BRIDGE3R,m15_bridge3r_fixed_v19,Orientation_deg,16.585766684055052,20.70049468878201,-4.114728004726956
aist__gWA_sBM_cAll_d27_mWA3_ch02__mc150-4,aist__gWA_sBM_cAll_d27_mWA3_ch02__mc150-4,,BRIDGE3R,m15_bridge3r_fixed_v19,Seam-root_mm,865.8021460314735,678.976864999049,186.82528103242453
aist__gWA_sBM_cAll_d27_mWA3_ch02__mc150-4,aist__gWA_sBM_cAll_d27_mWA3_ch02__mc150-4,,BRIDGE3R,m15_bridge3r_fixed_v19,Seam-orientation_deg,35.31445613455584,16.23503918124403,19.07941695331181
aist__gWA_sBM_cAll_d27_mWA3_ch02__mc150-4,aist__gWA_sBM_cAll_d27_mWA3_ch02__mc150-4,,BRIDGE3R,m15_bridge3r_fixed_v19,Camera-rotation_deg,14.26147122225884,4.781447507225873,9.480023715032967
aist__gWA_sBM_cAll_d27_mWA3_ch02__mc150-4,aist__gWA_sBM_cAll_d27_mWA3_ch02__mc150-4,,BRIDGE3R,m15_bridge3r_fixed_v19,Camera-translation_m,3.4446963447167045,1.3933238600506155,2.0513724846660892
aist__gWA_sBM_cAll_d27_mWA3_ch02__mc150-4,aist__gWA_sBM_cAll_d27_mWA3_ch02__mc150-4,,BRIDGE3R,m15_bridge3r_fixed_v19,Boundary-camera-rotation_deg,73.7889239131699,6.502391630492994,67.2865322826769
aist__gWA_sBM_cAll_d27_mWA3_ch02__mc150-4,aist__gWA_sBM_cAll_d27_mWA3_ch02__mc150-4,,BRIDGE3R,m15_bridge3r_fixed_v19,Boundary-camera-translation_m,5.431374441484349,0.992738695717606,4.438635745766742
aist__gWA_sBM_cAll_d27_mWA3_ch02__mc150-4,aist__gWA_sBM_cAll_d27_mWA3_ch02__mc150-4,,BRIDGE3R,m15_bridge3r_fixed_v19,Coverage,0.98,1.0,0.020000000000000018
aist__gWA_sBM_cAll_d27_mWA4_ch01__mc150-4,aist__gWA_sBM_cAll_d27_mWA4_ch01__mc150-4,,Human3R,m0_strict_human3r,PA-MPJPE_mm,,81.0717902073175,
aist__gWA_sBM_cAll_d27_mWA4_ch01__mc150-4,aist__gWA_sBM_cAll_d27_mWA4_ch01__mc150-4,,Human3R,m0_strict_human3r,Anchor-MPJPE_mm,,437.56946133417205,
aist__gWA_sBM_cAll_d27_mWA4_ch01__mc150-4,aist__gWA_sBM_cAll_d27_mWA4_ch01__mc150-4,,Human3R,m0_strict_human3r,Anchor-root_mm,,410.5981829513587,
aist__gWA_sBM_cAll_d27_mWA4_ch01__mc150-4,aist__gWA_sBM_cAll_d27_mWA4_ch01__mc150-4,,Human3R,m0_strict_human3r,Orientation_deg,,18.690368205805854,
aist__gWA_sBM_cAll_d27_mWA4_ch01__mc150-4,aist__gWA_sBM_cAll_d27_mWA4_ch01__mc150-4,,Human3R,m0_strict_human3r,Seam-root_mm,,898.3333241417369,
aist__gWA_sBM_cAll_d27_mWA4_ch01__mc150-4,aist__gWA_sBM_cAll_d27_mWA4_ch01__mc150-4,,Human3R,m0_strict_human3r,Seam-orientation_deg,,61.139873621253535,
aist__gWA_sBM_cAll_d27_mWA4_ch01__mc150-4,aist__gWA_sBM_cAll_d27_mWA4_ch01__mc150-4,,Human3R,m0_strict_human3r,Camera-rotation_deg,,10.475199906872803,
aist__gWA_sBM_cAll_d27_mWA4_ch01__mc150-4,aist__gWA_sBM_cAll_d27_mWA4_ch01__mc150-4,,Human3R,m0_strict_human3r,Camera-translation_m,,1.2590503136237599,
aist__gWA_sBM_cAll_d27_mWA4_ch01__mc150-4,aist__gWA_sBM_cAll_d27_mWA4_ch01__mc150-4,,Human3R,m0_strict_human3r,Boundary-camera-rotation_deg,,35.07353797949529,
aist__gWA_sBM_cAll_d27_mWA4_ch01__mc150-4,aist__gWA_sBM_cAll_d27_mWA4_ch01__mc150-4,,Human3R,m0_strict_human3r,Boundary-camera-translation_m,,2.158645024077,
aist__gWA_sBM_cAll_d27_mWA4_ch01__mc150-4,aist__gWA_sBM_cAll_d27_mWA4_ch01__mc150-4,,Human3R,m0_strict_human3r,Coverage,0.0,1.0,1.0
aist__gWA_sBM_cAll_d27_mWA4_ch01__mc150-4,aist__gWA_sBM_cAll_d27_mWA4_ch01__mc150-4,,BRIDGE3R,m15_bridge3r_fixed_v19,PA-MPJPE_mm,,81.53767019919412,
aist__gWA_sBM_cAll_d27_mWA4_ch01__mc150-4,aist__gWA_sBM_cAll_d27_mWA4_ch01__mc150-4,,BRIDGE3R,m15_bridge3r_fixed_v19,Anchor-MPJPE_mm,,656.2492640206476,
aist__gWA_sBM_cAll_d27_mWA4_ch01__mc150-4,aist__gWA_sBM_cAll_d27_mWA4_ch01__mc150-4,,BRIDGE3R,m15_bridge3r_fixed_v19,Anchor-root_mm,,646.1934118115283,
aist__gWA_sBM_cAll_d27_mWA4_ch01__mc150-4,aist__gWA_sBM_cAll_d27_mWA4_ch01__mc150-4,,BRIDGE3R,m15_bridge3r_fixed_v19,Orientation_deg,,18.94647009270344,
aist__gWA_sBM_cAll_d27_mWA4_ch01__mc150-4,aist__gWA_sBM_cAll_d27_mWA4_ch01__mc150-4,,BRIDGE3R,m15_bridge3r_fixed_v19,Seam-root_mm,,750.5216708162948,
aist__gWA_sBM_cAll_d27_mWA4_ch01__mc150-4,aist__gWA_sBM_cAll_d27_mWA4_ch01__mc150-4,,BRIDGE3R,m15_bridge3r_fixed_v19,Seam-orientation_deg,,41.75889201937973,
aist__gWA_sBM_cAll_d27_mWA4_ch01__mc150-4,aist__gWA_sBM_cAll_d27_mWA4_ch01__mc150-4,,BRIDGE3R,m15_bridge3r_fixed_v19,Camera-rotation_deg,,9.65947024631589,
aist__gWA_sBM_cAll_d27_mWA4_ch01__mc150-4,aist__gWA_sBM_cAll_d27_mWA4_ch01__mc150-4,,BRIDGE3R,m15_bridge3r_fixed_v19,Camera-translation_m,,1.0987810497861017,
aist__gWA_sBM_cAll_d27_mWA4_ch01__mc150-4,aist__gWA_sBM_cAll_d27_mWA4_ch01__mc150-4,,BRIDGE3R,m15_bridge3r_fixed_v19,Boundary-camera-rotation_deg,,13.33725902424478,
aist__gWA_sBM_cAll_d27_mWA4_ch01__mc150-4,aist__gWA_sBM_cAll_d27_mWA4_ch01__mc150-4,,BRIDGE3R,m15_bridge3r_fixed_v19,Boundary-camera-translation_m,,1.3460206604787197,
aist__gWA_sBM_cAll_d27_mWA4_ch01__mc150-4,aist__gWA_sBM_cAll_d27_mWA4_ch01__mc150-4,,BRIDGE3R,m15_bridge3r_fixed_v19,Coverage,0.0,1.0,1.0
aist__gWA_sFM_cAll_d27_mWA0_ch15__mc150-4,aist__gWA_sFM_cAll_d27_mWA0_ch15__mc150-4,,Human3R,m0_strict_human3r,PA-MPJPE_mm,77.5388685919155,101.52099896892689,-23.982130377011387
aist__gWA_sFM_cAll_d27_mWA0_ch15__mc150-4,aist__gWA_sFM_cAll_d27_mWA0_ch15__mc150-4,,Human3R,m0_strict_human3r,Anchor-MPJPE_mm,767.8284062053691,655.1397699307637,112.68863627460541
aist__gWA_sFM_cAll_d27_mWA0_ch15__mc150-4,aist__gWA_sFM_cAll_d27_mWA0_ch15__mc150-4,,Human3R,m0_strict_human3r,Anchor-root_mm,710.7219730274478,621.457660534179,89.26431249326879
aist__gWA_sFM_cAll_d27_mWA0_ch15__mc150-4,aist__gWA_sFM_cAll_d27_mWA0_ch15__mc150-4,,Human3R,m0_strict_human3r,Orientation_deg,61.52746698284214,50.12877143984147,11.39869554300067
aist__gWA_sFM_cAll_d27_mWA0_ch15__mc150-4,aist__gWA_sFM_cAll_d27_mWA0_ch15__mc150-4,,Human3R,m0_strict_human3r,Seam-root_mm,87.83265097106288,273.7164047485356,-185.8837537774727
aist__gWA_sFM_cAll_d27_mWA0_ch15__mc150-4,aist__gWA_sFM_cAll_d27_mWA0_ch15__mc150-4,,Human3R,m0_strict_human3r,Seam-orientation_deg,32.07684601051458,70.08294120385071,-38.00609519333613
aist__gWA_sFM_cAll_d27_mWA0_ch15__mc150-4,aist__gWA_sFM_cAll_d27_mWA0_ch15__mc150-4,,Human3R,m0_strict_human3r,Camera-rotation_deg,50.672171263402745,41.10868534868155,9.563485914721198
aist__gWA_sFM_cAll_d27_mWA0_ch15__mc150-4,aist__gWA_sFM_cAll_d27_mWA0_ch15__mc150-4,,Human3R,m0_strict_human3r,Camera-translation_m,3.86808825384511,3.313234234947792,0.5548540188973181
aist__gWA_sFM_cAll_d27_mWA0_ch15__mc150-4,aist__gWA_sFM_cAll_d27_mWA0_ch15__mc150-4,,Human3R,m0_strict_human3r,Boundary-camera-rotation_deg,87.66119506773826,63.10958483344877,24.55161023428949
aist__gWA_sFM_cAll_d27_mWA0_ch15__mc150-4,aist__gWA_sFM_cAll_d27_mWA0_ch15__mc150-4,,Human3R,m0_strict_human3r,Boundary-camera-translation_m,6.3013900241285485,4.90492607885031,1.3964639452782386
aist__gWA_sFM_cAll_d27_mWA0_ch15__mc150-4,aist__gWA_sFM_cAll_d27_mWA0_ch15__mc150-4,,Human3R,m0_strict_human3r,Coverage,0.98,1.0,0.020000000000000018
aist__gWA_sFM_cAll_d27_mWA0_ch15__mc150-4,aist__gWA_sFM_cAll_d27_mWA0_ch15__mc150-4,,BRIDGE3R,m15_bridge3r_fixed_v19,PA-MPJPE_mm,77.5388685919155,101.37767888002452,-23.838810288109016
aist__gWA_sFM_cAll_d27_mWA0_ch15__mc150-4,aist__gWA_sFM_cAll_d27_mWA0_ch15__mc150-4,,BRIDGE3R,m15_bridge3r_fixed_v19,Anchor-MPJPE_mm,767.8284062053691,605.0684076635687,162.75999854180043
aist__gWA_sFM_cAll_d27_mWA0_ch15__mc150-4,aist__gWA_sFM_cAll_d27_mWA0_ch15__mc150-4,,BRIDGE3R,m15_bridge3r_fixed_v19,Anchor-root_mm,710.7219730274478,570.5113462895457,140.2106267379021
aist__gWA_sFM_cAll_d27_mWA0_ch15__mc150-4,aist__gWA_sFM_cAll_d27_mWA0_ch15__mc150-4,,BRIDGE3R,m15_bridge3r_fixed_v19,Orientation_deg,61.52746698284214,48.49429600066219,13.033170982179954
aist__gWA_sFM_cAll_d27_mWA0_ch15__mc150-4,aist__gWA_sFM_cAll_d27_mWA0_ch15__mc150-4,,BRIDGE3R,m15_bridge3r_fixed_v19,Seam-root_mm,87.83265097106288,412.1155305495983,-324.2828795785354
aist__gWA_sFM_cAll_d27_mWA0_ch15__mc150-4,aist__gWA_sFM_cAll_d27_mWA0_ch15__mc150-4,,BRIDGE3R,m15_bridge3r_fixed_v19,Seam-orientation_deg,32.07684601051458,68.45884628076796,-36.38200027025338
aist__gWA_sFM_cAll_d27_mWA0_ch15__mc150-4,aist__gWA_sFM_cAll_d27_mWA0_ch15__mc150-4,,BRIDGE3R,m15_bridge3r_fixed_v19,Camera-rotation_deg,50.672171263402745,38.59402544220911,12.078145821193637
aist__gWA_sFM_cAll_d27_mWA0_ch15__mc150-4,aist__gWA_sFM_cAll_d27_mWA0_ch15__mc150-4,,BRIDGE3R,m15_bridge3r_fixed_v19,Camera-translation_m,3.86808825384511,3.105924902626763,0.762163351218347
aist__gWA_sFM_cAll_d27_mWA0_ch15__mc150-4,aist__gWA_sFM_cAll_d27_mWA0_ch15__mc150-4,,BRIDGE3R,m15_bridge3r_fixed_v19,Boundary-camera-rotation_deg,87.66119506773826,64.11402632642785,23.547168741310415
aist__gWA_sFM_cAll_d27_mWA0_ch15__mc150-4,aist__gWA_sFM_cAll_d27_mWA0_ch15__mc150-4,,BRIDGE3R,m15_bridge3r_fixed_v19,Boundary-camera-translation_m,6.3013900241285485,5.1861026550349125,1.115287369093636
aist__gWA_sFM_cAll_d27_mWA0_ch15__mc150-4,aist__gWA_sFM_cAll_d27_mWA0_ch15__mc150-4,,BRIDGE3R,m15_bridge3r_fixed_v19,Coverage,0.98,1.0,0.020000000000000018
