split,case_id,angle_stratum,method,is_final_method,gate_enabled,candidate_W-MPJPE_mm,parent_W-MPJPE_mm,candidate_to_parent_W_ratio,W_harm_percent
test,egobody_recording_20211004_S20_S12_01_extreme_kinect_13_kinect_11_b02766,extreme,v19_ungated_translation_b050,True,False,468.94339772385234,281.25144903209656,1.6673457126627507,66.73457126627507
test,egobody_recording_20211004_S12_S20_03_medium_kinect_13_kinect_12_b01986,medium,v19_ungated_translation_b050,True,False,232.32623293736194,152.36617409830112,1.5247887814487846,52.47887814487846
development,egobody_recording_20210918_S06_S05_02_medium_kinect_12_kinect_13_b03571,medium,v17_harmony_multicue_safe,False,True,235.54161361996017,154.5321437375398,1.5242240735364956,52.42240735364956
development,egobody_recording_20210918_S06_S05_02_medium_kinect_12_kinect_13_b03571,medium,v20_gate_r025_t100_b100,False,True,225.09704054874388,154.5321437375398,1.456635720598381,45.66357205983811
development,egobody_recording_20211004_S19_S06_04_small_kinect_12_kinect_11_b02011,small,v17_harmony_multicue_safe,False,True,338.07099149908635,235.75222740584877,1.4340097449730358,43.40097449730358
development,egobody_recording_20211004_S19_S06_03_small_kinect_11_kinect_12_b03986,small,v17_harmony_multicue_safe,False,True,407.51652768796185,286.12195148050705,1.4242756474269511,42.42756474269511
development,egobody_recording_20211004_S19_S06_04_small_kinect_12_kinect_11_b02011,small,v20_gate_r025_t100_b100,False,True,329.43311315204346,235.75222740584877,1.3973700981620951,39.737009816209515
development,egobody_recording_20211004_S19_S06_03_small_kinect_11_kinect_12_b03986,small,v20_gate_r025_t100_b100,False,True,394.9531444414378,286.12195148050705,1.3803664570222436,38.03664570222436
test,egobody_recording_20220318_S34_S33_01_small_kinect_12_kinect_11_b02656,small,v19_ungated_translation_b050,True,False,292.34323531720395,218.0839660797664,1.340507697894106,34.050769789410595
development,egobody_recording_20220215_S22_S21_02_small_kinect_12_kinect_11_b02681,small,v20_gate_r025_t100_b100,False,True,235.14618577619606,177.73320360301625,1.3230290177035073,32.302901770350736
development,egobody_recording_20220215_S22_S21_02_small_kinect_12_kinect_11_b02681,small,v17_harmony_multicue_safe,False,True,228.62833010670502,177.73320360301625,1.2863568847685196,28.63568847685196
development,egobody_recording_20210918_S09_S05_03_small_kinect_11_kinect_12_b02121,small,v20_gate_r025_t100_b100,False,True,287.91548902666176,227.00676458087497,1.2683123763216626,26.83123763216626
test,egobody_recording_20211004_S12_S20_04_medium_kinect_13_kinect_12_b03381,medium,v19_ungated_translation_b050,True,False,242.6505107208058,191.3645970350824,1.268001053906127,26.800105390612707
test,egobody_recording_20211004_S12_S20_02_medium_kinect_13_kinect_12_b01776,medium,v19_ungated_translation_b050,True,False,208.0715271302194,165.6309443145334,1.2562358319656217,25.623583196562173
development,egobody_recording_20210918_S05_S06_03_medium_kinect_12_kinect_13_b01956,medium,v17_harmony_multicue_safe,False,True,124.38655296938167,100.26616193597806,1.2405636215416818,24.056362154168177
development,egobody_recording_20211004_S19_S06_03_medium_kinect_13_kinect_12_b03986,medium,v19_ungated_translation_b050,True,False,314.82086111468215,253.80852578639227,1.2403872570444638,24.038725704446385
development,egobody_recording_20210918_S09_S05_03_small_kinect_11_kinect_12_b02121,small,v17_harmony_multicue_safe,False,True,279.73637118480053,227.00676458087497,1.2322820938894963,23.22820938894963
holdout,egobody_recording_20220215_S21_S22_02_small_kinect_12_kinect_11_b03131,small,v17_harmony_multicue_safe,False,True,120.52518828296013,99.80315416959098,1.2076290502618499,20.762905026184985
development,egobody_recording_20210918_S05_S06_03_medium_kinect_12_kinect_13_b01956,medium,v20_gate_r025_t100_b100,False,True,119.88886381660355,100.26616193597806,1.1957061235988564,19.570612359885644
development,egobody_recording_20211004_S19_S06_03_extreme_kinect_11_kinect_13_b03986,extreme,v19_ungated_translation_b050,True,False,506.91841878569136,424.0967741851267,1.1952894943841552,19.528949438415523
development,egobody_recording_20211004_S19_S06_03_small_kinect_11_kinect_12_b03986,small,v20_gate_vel_r025_t075_b050,False,True,337.5264442221157,286.12195148050705,1.1796593811681406,17.965938116814062
development,egobody_recording_20211004_S19_S06_03_small_kinect_11_kinect_12_b03986,small,v19_ungated_translation_b050,True,False,331.64517479199634,286.12195148050705,1.1591042668202642,15.910426682026424
development,egobody_recording_20211004_S19_S06_03_small_kinect_11_kinect_12_b03986,small,v20_gate_r025_t075_b050,False,True,331.64517479199634,286.12195148050705,1.1591042668202642,15.910426682026424
holdout,egobody_recording_20220315_S21_S30_01_extreme_kinect_14_kinect_11_b03631,extreme,v20_gate_vel_r025_t075_b050,False,True,132.62933940520955,114.85863795187817,1.1547180235654257,15.471802356542575
development,egobody_recording_20220215_S22_S21_02_small_kinect_12_kinect_11_b02681,small,v20_gate_vel_r025_t075_b050,False,True,205.22537998120296,177.73320360301625,1.1546822755729598,15.468227557295977
holdout,egobody_recording_20220315_S21_S30_01_extreme_kinect_14_kinect_11_b03631,extreme,v19_ungated_translation_b050,True,False,132.28839574387317,114.85863795187817,1.1517496472428785,15.174964724287854
holdout,egobody_recording_20220315_S21_S30_01_extreme_kinect_14_kinect_11_b03631,extreme,v20_gate_r025_t075_b050,False,True,132.28839574387317,114.85863795187817,1.1517496472428785,15.174964724287854
development,egobody_recording_20220215_S22_S21_02_small_kinect_12_kinect_11_b02681,small,v19_ungated_translation_b050,True,False,204.0143499185267,177.73320360301625,1.1478685230600572,14.786852306005716
development,egobody_recording_20220215_S22_S21_02_small_kinect_12_kinect_11_b02681,small,v20_gate_r015_t050_b050,False,True,204.0143499185267,177.73320360301625,1.1478685230600572,14.786852306005716
development,egobody_recording_20220215_S22_S21_02_small_kinect_12_kinect_11_b02681,small,v20_gate_r025_t075_b050,False,True,204.0143499185267,177.73320360301625,1.1478685230600572,14.786852306005716
development,egobody_recording_20210918_S06_S05_02_medium_kinect_12_kinect_13_b03571,medium,v19_ungated_translation_b050,True,False,176.19401571010422,154.5321437375398,1.1401771272218635,14.01771272218635
development,egobody_recording_20210918_S06_S05_02_medium_kinect_12_kinect_13_b03571,medium,v20_gate_r025_t075_b050,False,True,176.19401571010422,154.5321437375398,1.1401771272218635,14.01771272218635
development,egobody_recording_20220415_S36_S35_01_small_kinect_11_kinect_12_b02676,small,v20_gate_r025_t100_b100,False,True,179.31650385321836,157.4202957332575,1.1390939333328602,13.909393333286024
development,egobody_recording_20210918_S06_S05_02_medium_kinect_12_kinect_13_b03571,medium,v20_gate_vel_r025_t075_b050,False,True,175.33571835192504,154.5321437375398,1.134622960060131,13.462296006013098
development,egobody_recording_20210907_S04_S03_01_extreme_kinect_11_kinect_13_b02471,extreme,v20_gate_vel_r025_t075_b050,False,True,218.2986341433343,193.0897833271875,1.1305550733019925,13.055507330199244
development,egobody_recording_20210907_S04_S03_01_extreme_kinect_11_kinect_13_b02471,extreme,v19_ungated_translation_b050,True,False,217.85555553790232,193.0897833271875,1.1282603967127025,12.826039671270252
development,egobody_recording_20210907_S04_S03_01_extreme_kinect_11_kinect_13_b02471,extreme,v20_gate_r025_t075_b050,False,True,217.85555553790232,193.0897833271875,1.1282603967127025,12.826039671270252
development,egobody_recording_20211004_S19_S06_01_extreme_kinect_11_kinect_13_b03136,extreme,v19_ungated_translation_b050,True,False,539.5848963767118,480.8805395974504,1.122076798592023,12.207679859202303
development,egobody_recording_20220415_S36_S35_01_small_kinect_11_kinect_12_b02676,small,v17_harmony_multicue_safe,False,True,174.11146930257004,157.4202957332575,1.1060293622976995,10.602936229769956
test,egobody_recording_20220312_S29_S28_05_small_kinect_11_kinect_15_b02786,small,v19_ungated_translation_b050,True,False,142.72060550544023,130.23822707713353,1.0958426623921564,9.584266239215644
development,egobody_recording_20210907_S04_S03_01_extreme_kinect_11_kinect_13_b02471,extreme,v20_gate_r025_t100_b100,False,True,210.61943716164902,193.0897833271875,1.0907849888917107,9.078498889171073
holdout,egobody_recording_20210921_S11_S10_02_small_kinect_12_kinect_13_b02981,small,v17_harmony_multicue_safe,False,True,191.715623690061,177.55908456289373,1.0797286106876318,7.972861068763182
development,egobody_recording_20210918_S05_S06_04_small_kinect_11_kinect_12_b03651,small,v17_harmony_multicue_safe,False,True,186.21235144709425,172.94459913533709,1.0767167773847308,7.671677738473082
development,egobody_recording_20210918_S05_S06_04_small_kinect_11_kinect_12_b03651,small,v20_gate_r025_t100_b100,False,True,185.76539374248858,172.94459913533709,1.0741323792199988,7.413237921999882
development,egobody_recording_20220415_S36_S35_01_small_kinect_11_kinect_12_b02676,small,v20_gate_vel_r025_t075_b050,False,True,166.6738469132449,157.4202957332575,1.0587824532845953,5.87824532845953
test,egobody_recording_20210929_S05_S16_03_small_kinect_13_kinect_12_b01076,small,v19_ungated_translation_b050,True,False,186.44069451171507,176.16918235645548,1.058304818231355,5.830481823135503
development,egobody_recording_20220415_S36_S35_01_small_kinect_11_kinect_12_b02676,small,v19_ungated_translation_b050,True,False,166.34280113306406,157.4202957332575,1.0566795111027196,5.667951110271963
development,egobody_recording_20220415_S36_S35_01_small_kinect_11_kinect_12_b02676,small,v20_gate_r015_t050_b050,False,True,166.34280113306406,157.4202957332575,1.0566795111027196,5.667951110271963
development,egobody_recording_20220415_S36_S35_01_small_kinect_11_kinect_12_b02676,small,v20_gate_r025_t075_b050,False,True,166.34280113306406,157.4202957332575,1.0566795111027196,5.667951110271963
holdout,egobody_recording_20220215_S21_S22_02_small_kinect_12_kinect_11_b03131,small,v20_gate_vel_r025_t075_b050,False,True,105.45128470243031,99.80315416959098,1.056592705709899,5.659270570989894
development,egobody_recording_20210918_S05_S06_04_small_kinect_11_kinect_12_b03651,small,v20_gate_vel_r025_t075_b050,False,True,182.66468126619614,172.94459913533709,1.0562034442211905,5.62034442211905
development,egobody_recording_20211004_S19_S06_01_medium_kinect_13_kinect_12_b03136,medium,v19_ungated_translation_b050,True,False,210.4665519101857,199.50702228015862,1.054933052003739,5.493305200373899
holdout,egobody_recording_20220215_S21_S22_02_small_kinect_12_kinect_11_b03131,small,v19_ungated_translation_b050,True,False,105.26480272671566,99.80315416959098,1.054724207892708,5.472420789270793
holdout,egobody_recording_20220215_S21_S22_02_small_kinect_12_kinect_11_b03131,small,v20_gate_r025_t075_b050,False,True,105.26480272671566,99.80315416959098,1.054724207892708,5.472420789270793
development,egobody_recording_20210918_S05_S06_04_small_kinect_11_kinect_12_b03651,small,v19_ungated_translation_b050,True,False,182.37926650618093,172.94459913533709,1.0545531194267639,5.4553119426763885
development,egobody_recording_20210918_S05_S06_04_small_kinect_11_kinect_12_b03651,small,v20_gate_r015_t050_b050,False,True,182.37926650618093,172.94459913533709,1.0545531194267639,5.4553119426763885
development,egobody_recording_20210918_S05_S06_04_small_kinect_11_kinect_12_b03651,small,v20_gate_r025_t075_b050,False,True,182.37926650618093,172.94459913533709,1.0545531194267639,5.4553119426763885
development,egobody_recording_20210918_S09_S05_03_medium_kinect_13_kinect_12_b02121,medium,v20_gate_r025_t100_b100,False,True,226.42704909611774,214.82044852745037,1.0540293098177023,5.4029309817702265
development,egobody_recording_20210907_S04_S03_01_extreme_kinect_11_kinect_13_b02471,extreme,v17_harmony_multicue_safe,False,True,201.66210571701635,193.0897833271875,1.044395525449957,4.439552544995706
development,egobody_recording_20211004_S19_S06_04_extreme_kinect_11_kinect_13_b02011,extreme,v19_ungated_translation_b050,True,False,440.1445884588233,431.04794220082374,1.0211035603407694,2.1103560340769434
development,egobody_recording_20211004_S19_S06_04_small_kinect_12_kinect_11_b02011,small,v19_ungated_translation_b050,True,False,238.67512820522893,235.75222740584877,1.0123981895379863,1.2398189537986326
development,egobody_recording_20211004_S19_S06_04_small_kinect_12_kinect_11_b02011,small,v20_gate_r025_t075_b050,False,True,238.67512820522893,235.75222740584877,1.0123981895379863,1.2398189537986326
development,egobody_recording_20210918_S09_S05_03_small_kinect_11_kinect_12_b02121,small,v19_ungated_translation_b050,True,False,229.7124284605027,227.00676458087497,1.0119188689580385,1.1918868958038509
development,egobody_recording_20210918_S09_S05_03_small_kinect_11_kinect_12_b02121,small,v20_gate_r025_t075_b050,False,True,229.7124284605027,227.00676458087497,1.0119188689580385,1.1918868958038509
development,egobody_recording_20211004_S19_S06_04_small_kinect_12_kinect_11_b02011,small,v20_gate_vel_r025_t075_b050,False,True,238.18840710911007,235.75222740584877,1.010333644479496,1.0333644479495918
holdout,egobody_recording_20220315_S21_S30_01_extreme_kinect_14_kinect_11_b03631,extreme,v17_harmony_multicue_safe,False,True,115.95759709768849,114.85863795187817,1.0095679277188605,0.9567927718860503
development,egobody_recording_20210918_S09_S05_03_small_kinect_11_kinect_12_b02121,small,v20_gate_vel_r025_t075_b050,False,True,228.95331260940813,227.00676458087497,1.0085748459175967,0.8574845917596718
development,egobody_recording_20210918_S09_S05_03_medium_kinect_13_kinect_12_b02121,medium,v17_harmony_multicue_safe,False,True,216.3658903935012,214.82044852745037,1.0071941096699337,0.7194109669933724
development,egobody_recording_20210918_S05_S06_01_medium_kinect_12_kinect_13_b02931,medium,v20_gate_r025_t100_b100,False,True,113.70491664328821,113.11732855307422,1.0051945011231265,0.5194501123126471
test,egobody_recording_20211004_S12_S20_01_extreme_kinect_11_kinect_13_b02556,extreme,v19_ungated_translation_b050,True,False,282.255603290498,281.64995722651577,1.0021503502785736,0.21503502785735762
development,egobody_recording_20210907_S02_S01_01_extreme_kinect_11_kinect_13_b02196,extreme,v16_0_m15_geometry,False,False,156.2723273990295,156.2723273990295,1.0,0.0
development,egobody_recording_20210907_S02_S01_01_medium_kinect_12_kinect_13_b02196,medium,v16_0_m15_geometry,False,False,235.32886150513232,235.32886150513232,1.0,0.0
development,egobody_recording_20210907_S02_S01_01_small_kinect_12_kinect_11_b02196,small,v16_0_m15_geometry,False,False,195.14157338466754,195.14157338466754,1.0,0.0
development,egobody_recording_20210907_S04_S03_01_extreme_kinect_11_kinect_13_b02471,extreme,v16_0_m15_geometry,False,False,193.0897833271875,193.0897833271875,1.0,0.0
development,egobody_recording_20210907_S04_S03_01_medium_kinect_12_kinect_13_b02471,medium,v16_0_m15_geometry,False,False,263.88695853357035,263.88695853357035,1.0,0.0
development,egobody_recording_20210907_S04_S03_01_small_kinect_12_kinect_11_b02471,small,v16_0_m15_geometry,False,False,189.39790874320786,189.39790874320786,1.0,0.0
development,egobody_recording_20210907_S04_S03_02_extreme_kinect_13_kinect_11_b02176,extreme,v16_0_m15_geometry,False,False,189.36089795963647,189.36089795963647,1.0,0.0
development,egobody_recording_20210907_S04_S03_02_medium_kinect_12_kinect_13_b02176,medium,v16_0_m15_geometry,False,False,244.2190977555432,244.2190977555432,1.0,0.0
development,egobody_recording_20210907_S04_S03_02_small_kinect_11_kinect_12_b02176,small,v16_0_m15_geometry,False,False,278.6490555405306,278.6490555405306,1.0,0.0
development,egobody_recording_20210910_S05_S06_01_extreme_kinect_11_kinect_13_b02971,extreme,v16_0_m15_geometry,False,False,433.8722701463643,433.8722701463643,1.0,0.0
development,egobody_recording_20210910_S05_S06_01_medium_kinect_12_kinect_11_b02971,medium,v16_0_m15_geometry,False,False,226.70557809768454,226.70557809768454,1.0,0.0
development,egobody_recording_20210910_S05_S06_01_small_kinect_12_kinect_13_b02971,small,v16_0_m15_geometry,False,False,247.29538237793173,247.29538237793173,1.0,0.0
development,egobody_recording_20210910_S06_S05_01_extreme_kinect_13_kinect_11_b01411,extreme,v16_0_m15_geometry,False,False,316.1027212156176,316.1027212156176,1.0,0.0
development,egobody_recording_20210910_S06_S05_01_medium_kinect_12_kinect_11_b01411,medium,v16_0_m15_geometry,False,False,178.0994264989627,178.0994264989627,1.0,0.0
development,egobody_recording_20210910_S06_S05_01_small_kinect_13_kinect_12_b01411,small,v16_0_m15_geometry,False,False,245.9642284024825,245.9642284024825,1.0,0.0
development,egobody_recording_20210910_S06_S05_02_extreme_kinect_11_kinect_13_b02726,extreme,v16_0_m15_geometry,False,False,307.62517909722976,307.62517909722976,1.0,0.0
development,egobody_recording_20210910_S06_S05_02_medium_kinect_12_kinect_11_b02726,medium,v16_0_m15_geometry,False,False,168.672072823711,168.672072823711,1.0,0.0
development,egobody_recording_20210910_S06_S05_02_small_kinect_13_kinect_12_b02726,small,v16_0_m15_geometry,False,False,224.74339912068857,224.74339912068857,1.0,0.0
development,egobody_recording_20210910_S06_S05_03_extreme_kinect_13_kinect_11_b02716,extreme,v16_0_m15_geometry,False,False,347.6951803118056,347.6951803118056,1.0,0.0
development,egobody_recording_20210910_S06_S05_03_medium_kinect_12_kinect_11_b02716,medium,v16_0_m15_geometry,False,False,203.73047140130308,203.73047140130308,1.0,0.0
development,egobody_recording_20210910_S06_S05_03_small_kinect_12_kinect_13_b02716,small,v16_0_m15_geometry,False,False,216.06744662017695,216.06744662017695,1.0,0.0
development,egobody_recording_20210911_S06_S07_01_extreme_kinect_13_kinect_11_b03451,extreme,v16_0_m15_geometry,False,False,230.68676012181302,230.68676012181302,1.0,0.0
development,egobody_recording_20210911_S06_S07_01_medium_kinect_12_kinect_11_b03451,medium,v16_0_m15_geometry,False,False,306.375254022212,306.375254022212,1.0,0.0
development,egobody_recording_20210911_S06_S07_01_small_kinect_13_kinect_12_b03451,small,v16_0_m15_geometry,False,False,248.30401593748874,248.30401593748874,1.0,0.0
development,egobody_recording_20210911_S06_S07_02_extreme_kinect_11_kinect_13_b02246,extreme,v16_0_m15_geometry,False,False,380.9302896422282,380.9302896422282,1.0,0.0
development,egobody_recording_20210911_S06_S07_02_medium_kinect_12_kinect_11_b02246,medium,v16_0_m15_geometry,False,False,191.38002279243116,191.38002279243116,1.0,0.0
development,egobody_recording_20210911_S06_S07_02_small_kinect_13_kinect_12_b02246,small,v16_0_m15_geometry,False,False,230.03856054765416,230.03856054765416,1.0,0.0
development,egobody_recording_20210911_S07_S06_01_extreme_kinect_11_kinect_13_b02166,extreme,v16_0_m15_geometry,False,False,365.66759173400897,365.66759173400897,1.0,0.0
development,egobody_recording_20210911_S07_S06_01_medium_kinect_11_kinect_12_b02166,medium,v16_0_m15_geometry,False,False,209.04606694636246,209.04606694636246,1.0,0.0
development,egobody_recording_20210911_S07_S06_01_small_kinect_13_kinect_12_b02166,small,v16_0_m15_geometry,False,False,240.84823890971688,240.84823890971688,1.0,0.0
development,egobody_recording_20210911_S07_S06_02_extreme_kinect_11_kinect_13_b01351,extreme,v16_0_m15_geometry,False,False,367.0508974975107,367.0508974975107,1.0,0.0
development,egobody_recording_20210911_S07_S06_02_medium_kinect_11_kinect_12_b01351,medium,v16_0_m15_geometry,False,False,191.45356314232723,191.45356314232723,1.0,0.0
development,egobody_recording_20210911_S07_S06_02_small_kinect_12_kinect_13_b01351,small,v16_0_m15_geometry,False,False,230.27655850068496,230.27655850068496,1.0,0.0
development,egobody_recording_20210911_S07_S06_03_extreme_kinect_11_kinect_13_b02231,extreme,v16_0_m15_geometry,False,False,439.3412372208775,439.3412372208775,1.0,0.0
development,egobody_recording_20210911_S07_S06_03_medium_kinect_11_kinect_12_b02231,medium,v16_0_m15_geometry,False,False,247.67080639447948,247.67080639447948,1.0,0.0
development,egobody_recording_20210911_S07_S06_03_small_kinect_13_kinect_12_b02231,small,v16_0_m15_geometry,False,False,232.48049034052184,232.48049034052184,1.0,0.0
development,egobody_recording_20210911_S08_S03_01_extreme_kinect_11_kinect_13_b02986,extreme,v16_0_m15_geometry,False,False,408.46616117304455,408.46616117304455,1.0,0.0
development,egobody_recording_20210911_S08_S03_01_medium_kinect_12_kinect_11_b02986,medium,v16_0_m15_geometry,False,False,163.96891345166998,163.96891345166998,1.0,0.0
development,egobody_recording_20210911_S08_S03_01_small_kinect_12_kinect_13_b02986,small,v16_0_m15_geometry,False,False,223.874962194229,223.874962194229,1.0,0.0
development,egobody_recording_20210911_S08_S03_02_extreme_kinect_13_kinect_11_b02326,extreme,v16_0_m15_geometry,False,False,310.7405314073326,310.7405314073326,1.0,0.0
development,egobody_recording_20210911_S08_S03_02_medium_kinect_12_kinect_11_b02326,medium,v16_0_m15_geometry,False,False,170.30034524775402,170.30034524775402,1.0,0.0
development,egobody_recording_20210911_S08_S03_02_small_kinect_13_kinect_12_b02326,small,v16_0_m15_geometry,False,False,240.71675540976688,240.71675540976688,1.0,0.0
development,egobody_recording_20210911_S08_S03_03_extreme_kinect_11_kinect_13_b03066,extreme,v16_0_m15_geometry,False,False,396.1633893501744,396.1633893501744,1.0,0.0
development,egobody_recording_20210911_S08_S03_03_medium_kinect_12_kinect_11_b03066,medium,v16_0_m15_geometry,False,False,215.52531033457979,215.52531033457979,1.0,0.0
development,egobody_recording_20210911_S08_S03_03_small_kinect_12_kinect_13_b03066,small,v16_0_m15_geometry,False,False,273.23925709818354,273.23925709818354,1.0,0.0
development,egobody_recording_20210918_S05_S06_01_extreme_kinect_13_kinect_11_b02931,extreme,v16_0_m15_geometry,False,False,278.7616918650732,278.7616918650732,1.0,0.0
development,egobody_recording_20210918_S05_S06_01_medium_kinect_12_kinect_13_b02931,medium,v16_0_m15_geometry,False,False,113.11732855307422,113.11732855307422,1.0,0.0
development,egobody_recording_20210918_S05_S06_01_small_kinect_12_kinect_11_b02931,small,v16_0_m15_geometry,False,False,279.54565471933444,279.54565471933444,1.0,0.0
development,egobody_recording_20210918_S05_S06_02_extreme_kinect_11_kinect_13_b02371,extreme,v16_0_m15_geometry,False,False,159.90194312926425,159.90194312926425,1.0,0.0
development,egobody_recording_20210918_S05_S06_02_medium_kinect_13_kinect_12_b02371,medium,v16_0_m15_geometry,False,False,211.53380557095386,211.53380557095386,1.0,0.0
development,egobody_recording_20210918_S05_S06_02_small_kinect_11_kinect_12_b02371,small,v16_0_m15_geometry,False,False,100.05144780254892,100.05144780254892,1.0,0.0
development,egobody_recording_20210918_S05_S06_03_extreme_kinect_13_kinect_11_b01956,extreme,v16_0_m15_geometry,False,False,274.00866966851385,274.00866966851385,1.0,0.0
development,egobody_recording_20210918_S05_S06_03_medium_kinect_12_kinect_13_b01956,medium,v16_0_m15_geometry,False,False,100.26616193597806,100.26616193597806,1.0,0.0
development,egobody_recording_20210918_S05_S06_03_small_kinect_12_kinect_11_b01956,small,v16_0_m15_geometry,False,False,214.7057704944581,214.7057704944581,1.0,0.0
development,egobody_recording_20210918_S05_S06_04_extreme_kinect_13_kinect_11_b03651,extreme,v16_0_m15_geometry,False,False,237.1544618630423,237.1544618630423,1.0,0.0
development,egobody_recording_20210918_S05_S06_04_medium_kinect_13_kinect_12_b03651,medium,v16_0_m15_geometry,False,False,267.329189323821,267.329189323821,1.0,0.0
development,egobody_recording_20210918_S05_S06_04_small_kinect_11_kinect_12_b03651,small,v16_0_m15_geometry,False,False,172.94459913533709,172.94459913533709,1.0,0.0
development,egobody_recording_20210918_S05_S06_05_extreme_kinect_13_kinect_11_b02446,extreme,v16_0_m15_geometry,False,False,288.7799154227822,288.7799154227822,1.0,0.0
development,egobody_recording_20210918_S05_S06_05_medium_kinect_13_kinect_12_b02446,medium,v16_0_m15_geometry,False,False,307.12191752381864,307.12191752381864,1.0,0.0
development,egobody_recording_20210918_S05_S06_05_small_kinect_12_kinect_11_b02446,small,v16_0_m15_geometry,False,False,290.2478227366815,290.2478227366815,1.0,0.0
development,egobody_recording_20210918_S05_S09_01_extreme_kinect_13_kinect_11_b02171,extreme,v16_0_m15_geometry,False,False,205.69477807652845,205.69477807652845,1.0,0.0
development,egobody_recording_20210918_S05_S09_01_medium_kinect_13_kinect_12_b02171,medium,v16_0_m15_geometry,False,False,154.4607968917247,154.4607968917247,1.0,0.0
development,egobody_recording_20210918_S05_S09_01_small_kinect_11_kinect_12_b02171,small,v16_0_m15_geometry,False,False,179.11210805261376,179.11210805261376,1.0,0.0
development,egobody_recording_20210918_S06_S05_01_extreme_kinect_13_kinect_11_b02456,extreme,v16_0_m15_geometry,False,False,270.78093896681605,270.78093896681605,1.0,0.0
development,egobody_recording_20210918_S06_S05_01_medium_kinect_13_kinect_12_b02456,medium,v16_0_m15_geometry,False,False,255.9076382440951,255.9076382440951,1.0,0.0
development,egobody_recording_20210918_S06_S05_01_small_kinect_11_kinect_12_b02456,small,v16_0_m15_geometry,False,False,255.61304026219494,255.61304026219494,1.0,0.0
development,egobody_recording_20210918_S06_S05_02_extreme_kinect_11_kinect_13_b03571,extreme,v16_0_m15_geometry,False,False,240.16320447938853,240.16320447938853,1.0,0.0
development,egobody_recording_20210918_S06_S05_02_medium_kinect_12_kinect_13_b03571,medium,v16_0_m15_geometry,False,False,154.5321437375398,154.5321437375398,1.0,0.0
development,egobody_recording_20210918_S06_S05_02_small_kinect_12_kinect_11_b03571,small,v16_0_m15_geometry,False,False,254.40605190352844,254.40605190352844,1.0,0.0
development,egobody_recording_20210918_S06_S05_03_extreme_kinect_13_kinect_11_b01166,extreme,v16_0_m15_geometry,False,False,224.28474323810383,224.28474323810383,1.0,0.0
development,egobody_recording_20210918_S06_S05_03_medium_kinect_12_kinect_13_b01166,medium,v16_0_m15_geometry,False,False,139.75338922900735,139.75338922900735,1.0,0.0
development,egobody_recording_20210918_S06_S05_03_small_kinect_12_kinect_11_b01166,small,v16_0_m15_geometry,False,False,205.7500867202756,205.7500867202756,1.0,0.0
development,egobody_recording_20210918_S09_S05_01_extreme_kinect_13_kinect_11_b02021,extreme,v16_0_m15_geometry,False,False,252.21421992641388,252.21421992641388,1.0,0.0
development,egobody_recording_20210918_S09_S05_01_medium_kinect_12_kinect_13_b02021,medium,v16_0_m15_geometry,False,False,132.23663605534855,132.23663605534855,1.0,0.0
development,egobody_recording_20210918_S09_S05_01_small_kinect_12_kinect_11_b02021,small,v16_0_m15_geometry,False,False,192.30089377095422,192.30089377095422,1.0,0.0
development,egobody_recording_20210918_S09_S05_02_extreme_kinect_13_kinect_11_b03726,extreme,v16_0_m15_geometry,False,False,191.675928527158,191.675928527158,1.0,0.0
development,egobody_recording_20210918_S09_S05_02_medium_kinect_13_kinect_12_b03726,medium,v16_0_m15_geometry,False,False,190.26736936850344,190.26736936850344,1.0,0.0
development,egobody_recording_20210918_S09_S05_02_small_kinect_11_kinect_12_b03726,small,v16_0_m15_geometry,False,False,159.82410305144168,159.82410305144168,1.0,0.0
development,egobody_recording_20210918_S09_S05_03_extreme_kinect_13_kinect_11_b02121,extreme,v16_0_m15_geometry,False,False,277.8997975421315,277.8997975421315,1.0,0.0
development,egobody_recording_20210918_S09_S05_03_medium_kinect_13_kinect_12_b02121,medium,v16_0_m15_geometry,False,False,214.82044852745037,214.82044852745037,1.0,0.0
development,egobody_recording_20210918_S09_S05_03_small_kinect_11_kinect_12_b02121,small,v16_0_m15_geometry,False,False,227.00676458087497,227.00676458087497,1.0,0.0
development,egobody_recording_20210921_S10_S11_01_extreme_kinect_13_kinect_11_b02266,extreme,v16_0_m15_geometry,False,False,473.5434660281304,473.5434660281304,1.0,0.0
development,egobody_recording_20210921_S10_S11_01_medium_kinect_12_kinect_11_b02266,medium,v16_0_m15_geometry,False,False,238.17587037077573,238.17587037077573,1.0,0.0
development,egobody_recording_20210921_S10_S11_01_small_kinect_13_kinect_12_b02266,small,v16_0_m15_geometry,False,False,392.27955963714464,392.27955963714464,1.0,0.0
development,egobody_recording_20210921_S10_S11_02_extreme_kinect_13_kinect_11_b02411,extreme,v16_0_m15_geometry,False,False,333.669063530341,333.669063530341,1.0,0.0
development,egobody_recording_20210921_S10_S11_02_medium_kinect_12_kinect_11_b02411,medium,v16_0_m15_geometry,False,False,227.14463497633443,227.14463497633443,1.0,0.0
development,egobody_recording_20210921_S10_S11_02_small_kinect_13_kinect_12_b02411,small,v16_0_m15_geometry,False,False,212.41913860411537,212.41913860411537,1.0,0.0
development,egobody_recording_20210923_S05_S13_01_extreme_kinect_13_kinect_11_b02761,extreme,v16_0_m15_geometry,False,False,262.62725799060166,262.62725799060166,1.0,0.0
development,egobody_recording_20210923_S05_S13_01_medium_kinect_12_kinect_11_b02761,medium,v16_0_m15_geometry,False,False,209.02992929124773,209.02992929124773,1.0,0.0
development,egobody_recording_20210923_S05_S13_01_small_kinect_12_kinect_13_b02761,small,v16_0_m15_geometry,False,False,189.7140427080663,189.7140427080663,1.0,0.0
development,egobody_recording_20210923_S05_S13_02_extreme_kinect_13_kinect_11_b04071,extreme,v16_0_m15_geometry,False,False,277.1556044613289,277.1556044613289,1.0,0.0
development,egobody_recording_20210923_S05_S13_02_medium_kinect_12_kinect_11_b04071,medium,v16_0_m15_geometry,False,False,223.38822395761127,223.38822395761127,1.0,0.0
development,egobody_recording_20210923_S05_S13_02_small_kinect_13_kinect_12_b04071,small,v16_0_m15_geometry,False,False,213.0170394105706,213.0170394105706,1.0,0.0
development,egobody_recording_20210923_S13_S05_01_extreme_kinect_11_kinect_13_b02401,extreme,v16_0_m15_geometry,False,False,358.2555078618116,358.2555078618116,1.0,0.0
development,egobody_recording_20210923_S13_S05_01_medium_kinect_11_kinect_12_b02401,medium,v16_0_m15_geometry,False,False,299.17691421162584,299.17691421162584,1.0,0.0
development,egobody_recording_20210923_S13_S05_01_small_kinect_13_kinect_12_b02401,small,v16_0_m15_geometry,False,False,164.5723817154858,164.5723817154858,1.0,0.0
development,egobody_recording_20210923_S14_S03_01_extreme_kinect_13_kinect_11_b02046,extreme,v16_0_m15_geometry,False,False,381.4927038068203,381.4927038068203,1.0,0.0
development,egobody_recording_20210923_S14_S03_01_medium_kinect_12_kinect_11_b02046,medium,v16_0_m15_geometry,False,False,402.95262537974224,402.95262537974224,1.0,0.0
development,egobody_recording_20210923_S14_S03_01_small_kinect_12_kinect_13_b02046,small,v16_0_m15_geometry,False,False,351.1331642394547,351.1331642394547,1.0,0.0
development,egobody_recording_20210923_S14_S03_02_extreme_kinect_11_kinect_13_b01601,extreme,v16_0_m15_geometry,False,False,400.1591618910636,400.1591618910636,1.0,0.0
development,egobody_recording_20210923_S14_S03_02_medium_kinect_12_kinect_11_b01601,medium,v16_0_m15_geometry,False,False,255.46006411667128,255.46006411667128,1.0,0.0
development,egobody_recording_20210923_S14_S03_02_small_kinect_13_kinect_12_b01601,small,v16_0_m15_geometry,False,False,241.36842249028967,241.36842249028967,1.0,0.0
development,egobody_recording_20210923_S14_S03_03_extreme_kinect_13_kinect_11_b02456,extreme,v16_0_m15_geometry,False,False,343.1169555589335,343.1169555589335,1.0,0.0
development,egobody_recording_20210923_S14_S03_03_medium_kinect_12_kinect_11_b02456,medium,v16_0_m15_geometry,False,False,280.5989157968025,280.5989157968025,1.0,0.0
development,egobody_recording_20210923_S14_S03_03_small_kinect_13_kinect_12_b02456,small,v16_0_m15_geometry,False,False,238.62623383996217,238.62623383996217,1.0,0.0
development,egobody_recording_20210929_S15_S11_01_extreme_kinect_11_kinect_13_b02726,extreme,v16_0_m15_geometry,False,False,534.4000899888997,534.4000899888997,1.0,0.0
development,egobody_recording_20210929_S15_S11_01_medium_kinect_12_kinect_11_b02726,medium,v16_0_m15_geometry,False,False,310.73763547329617,310.73763547329617,1.0,0.0
development,egobody_recording_20210929_S15_S11_01_small_kinect_13_kinect_12_b02726,small,v16_0_m15_geometry,False,False,337.67480312463914,337.67480312463914,1.0,0.0
development,egobody_recording_20210929_S15_S11_02_extreme_kinect_11_kinect_13_b04466,extreme,v16_0_m15_geometry,False,False,592.7961810420537,592.7961810420537,1.0,0.0
development,egobody_recording_20210929_S15_S11_02_medium_kinect_11_kinect_12_b04466,medium,v16_0_m15_geometry,False,False,286.95188093956745,286.95188093956745,1.0,0.0
development,egobody_recording_20210929_S15_S11_02_small_kinect_12_kinect_13_b04466,small,v16_0_m15_geometry,False,False,391.49198442687384,391.49198442687384,1.0,0.0
development,egobody_recording_20210929_S15_S11_03_extreme_kinect_13_kinect_11_b01946,extreme,v16_0_m15_geometry,False,False,313.33478701327886,313.33478701327886,1.0,0.0
development,egobody_recording_20210929_S15_S11_03_medium_kinect_12_kinect_11_b01946,medium,v16_0_m15_geometry,False,False,238.70272602285908,238.70272602285908,1.0,0.0
development,egobody_recording_20210929_S15_S11_03_small_kinect_12_kinect_13_b01946,small,v16_0_m15_geometry,False,False,365.50506543032384,365.50506543032384,1.0,0.0
development,egobody_recording_20210929_S16_S05_01_extreme_kinect_13_kinect_11_b03136,extreme,v16_0_m15_geometry,False,False,422.1021976085125,422.1021976085125,1.0,0.0
development,egobody_recording_20210929_S16_S05_01_medium_kinect_11_kinect_12_b03136,medium,v16_0_m15_geometry,False,False,310.10055180171474,310.10055180171474,1.0,0.0
development,egobody_recording_20210929_S16_S05_01_small_kinect_13_kinect_12_b03136,small,v16_0_m15_geometry,False,False,292.9267336364084,292.9267336364084,1.0,0.0
development,egobody_recording_20211002_S15_S17_01_extreme_kinect_11_kinect_13_b03246,extreme,v16_0_m15_geometry,False,False,307.9458527796492,307.9458527796492,1.0,0.0
development,egobody_recording_20211002_S15_S17_01_medium_kinect_12_kinect_13_b03246,medium,v16_0_m15_geometry,False,False,276.6019915301462,276.6019915301462,1.0,0.0
development,egobody_recording_20211002_S15_S17_01_small_kinect_11_kinect_12_b03246,small,v16_0_m15_geometry,False,False,211.95356693322566,211.95356693322566,1.0,0.0
development,egobody_recording_20211002_S15_S17_02_extreme_kinect_13_kinect_11_b02431,extreme,v16_0_m15_geometry,False,False,362.30081134653545,362.30081134653545,1.0,0.0
development,egobody_recording_20211002_S15_S17_02_medium_kinect_12_kinect_13_b02431,medium,v16_0_m15_geometry,False,False,303.4932606126894,303.4932606126894,1.0,0.0
development,egobody_recording_20211002_S15_S17_02_small_kinect_12_kinect_11_b02431,small,v16_0_m15_geometry,False,False,212.88635192932378,212.88635192932378,1.0,0.0
development,egobody_recording_20211002_S18_S03_01_extreme_kinect_13_kinect_11_b01651,extreme,v16_0_m15_geometry,False,False,371.38201684136675,371.38201684136675,1.0,0.0
development,egobody_recording_20211002_S18_S03_01_medium_kinect_12_kinect_13_b01651,medium,v16_0_m15_geometry,False,False,402.38996959855456,402.38996959855456,1.0,0.0
development,egobody_recording_20211002_S18_S03_01_small_kinect_12_kinect_11_b01651,small,v16_0_m15_geometry,False,False,340.874038900399,340.874038900399,1.0,0.0
development,egobody_recording_20211002_S18_S03_02_extreme_kinect_13_kinect_11_b02781,extreme,v16_0_m15_geometry,False,False,307.8964397747224,307.8964397747224,1.0,0.0
development,egobody_recording_20211002_S18_S03_02_medium_kinect_12_kinect_13_b02781,medium,v16_0_m15_geometry,False,False,286.4799474127569,286.4799474127569,1.0,0.0
development,egobody_recording_20211002_S18_S03_02_small_kinect_12_kinect_11_b02781,small,v16_0_m15_geometry,False,False,326.344978248473,326.344978248473,1.0,0.0
development,egobody_recording_20211004_S19_S06_01_extreme_kinect_11_kinect_13_b03136,extreme,v16_0_m15_geometry,False,False,480.8805395974504,480.8805395974504,1.0,0.0
development,egobody_recording_20211004_S19_S06_01_medium_kinect_13_kinect_12_b03136,medium,v16_0_m15_geometry,False,False,199.50702228015862,199.50702228015862,1.0,0.0
development,egobody_recording_20211004_S19_S06_01_small_kinect_11_kinect_12_b03136,small,v16_0_m15_geometry,False,False,434.14036391044795,434.14036391044795,1.0,0.0
development,egobody_recording_20211004_S19_S06_02_extreme_kinect_13_kinect_11_b02621,extreme,v16_0_m15_geometry,False,False,371.36848438957037,371.36848438957037,1.0,0.0
development,egobody_recording_20211004_S19_S06_02_medium_kinect_12_kinect_13_b02621,medium,v16_0_m15_geometry,False,False,344.85503199100447,344.85503199100447,1.0,0.0
development,egobody_recording_20211004_S19_S06_02_small_kinect_12_kinect_11_b02621,small,v16_0_m15_geometry,False,False,454.36432841122405,454.36432841122405,1.0,0.0
development,egobody_recording_20211004_S19_S06_03_extreme_kinect_11_kinect_13_b03986,extreme,v16_0_m15_geometry,False,False,424.0967741851267,424.0967741851267,1.0,0.0
development,egobody_recording_20211004_S19_S06_03_medium_kinect_13_kinect_12_b03986,medium,v16_0_m15_geometry,False,False,253.80852578639227,253.80852578639227,1.0,0.0
development,egobody_recording_20211004_S19_S06_03_small_kinect_11_kinect_12_b03986,small,v16_0_m15_geometry,False,False,286.12195148050705,286.12195148050705,1.0,0.0
development,egobody_recording_20211004_S19_S06_04_extreme_kinect_11_kinect_13_b02011,extreme,v16_0_m15_geometry,False,False,431.04794220082374,431.04794220082374,1.0,0.0
development,egobody_recording_20211004_S19_S06_04_medium_kinect_12_kinect_13_b02011,medium,v16_0_m15_geometry,False,False,326.8829847545349,326.8829847545349,1.0,0.0
development,egobody_recording_20211004_S19_S06_04_small_kinect_12_kinect_11_b02011,small,v16_0_m15_geometry,False,False,235.75222740584877,235.75222740584877,1.0,0.0
development,egobody_recording_20211004_S19_S06_05_extreme_kinect_13_kinect_11_b03406,extreme,v16_0_m15_geometry,False,False,422.8991209066009,422.8991209066009,1.0,0.0
development,egobody_recording_20211004_S19_S06_05_medium_kinect_12_kinect_13_b03406,medium,v16_0_m15_geometry,False,False,319.0216639967996,319.0216639967996,1.0,0.0
development,egobody_recording_20211004_S19_S06_05_small_kinect_11_kinect_12_b03406,small,v16_0_m15_geometry,False,False,452.53792514420036,452.53792514420036,1.0,0.0
development,egobody_recording_20220215_S22_S21_01_extreme_kinect_15_kinect_14_b02706,extreme,v16_0_m15_geometry,False,False,453.2960287684676,453.2960287684676,1.0,0.0
development,egobody_recording_20220215_S22_S21_01_medium_kinect_14_kinect_12_b02706,medium,v16_0_m15_geometry,False,False,282.8524304537067,282.8524304537067,1.0,0.0
development,egobody_recording_20220215_S22_S21_01_small_kinect_11_kinect_12_b02706,small,v16_0_m15_geometry,False,False,177.72448676867305,177.72448676867305,1.0,0.0
development,egobody_recording_20220215_S22_S21_02_extreme_kinect_15_kinect_14_b02681,extreme,v16_0_m15_geometry,False,False,491.36340463406117,491.36340463406117,1.0,0.0
development,egobody_recording_20220215_S22_S21_02_medium_kinect_14_kinect_12_b02681,medium,v16_0_m15_geometry,False,False,268.48269828035126,268.48269828035126,1.0,0.0
development,egobody_recording_20220215_S22_S21_02_small_kinect_12_kinect_11_b02681,small,v16_0_m15_geometry,False,False,177.73320360301625,177.73320360301625,1.0,0.0
development,egobody_recording_20220215_S22_S21_03_extreme_kinect_15_kinect_14_b01686,extreme,v16_0_m15_geometry,False,False,584.2636836125869,584.2636836125869,1.0,0.0
development,egobody_recording_20220215_S22_S21_03_medium_kinect_14_kinect_12_b01686,medium,v16_0_m15_geometry,False,False,246.91803050212204,246.91803050212204,1.0,0.0
development,egobody_recording_20220215_S22_S21_03_small_kinect_11_kinect_12_b01686,small,v16_0_m15_geometry,False,False,148.96284329651783,148.96284329651783,1.0,0.0
development,egobody_recording_20220215_S22_S21_04_extreme_kinect_14_kinect_15_b03046,extreme,v16_0_m15_geometry,False,False,324.38020283071023,324.38020283071023,1.0,0.0
development,egobody_recording_20220215_S22_S21_04_medium_kinect_14_kinect_12_b03046,medium,v16_0_m15_geometry,False,False,264.10751685601224,264.10751685601224,1.0,0.0
development,egobody_recording_20220215_S22_S21_04_small_kinect_11_kinect_12_b03046,small,v16_0_m15_geometry,False,False,164.74045565788302,164.74045565788302,1.0,0.0
development,egobody_recording_20220218_S02_S23_01_extreme_kinect_15_kinect_13_b03091,extreme,v16_0_m15_geometry,False,False,329.95393938182383,329.95393938182383,1.0,0.0
development,egobody_recording_20220218_S02_S23_01_medium_kinect_13_kinect_11_b03091,medium,v16_0_m15_geometry,False,False,210.68586492976337,210.68586492976337,1.0,0.0
development,egobody_recording_20220218_S02_S23_01_small_kinect_12_kinect_11_b03091,small,v16_0_m15_geometry,False,False,279.64138605880675,279.64138605880675,1.0,0.0
development,egobody_recording_20220218_S02_S23_02_extreme_kinect_15_kinect_13_b03751,extreme,v16_0_m15_geometry,False,False,499.32723834575444,499.32723834575444,1.0,0.0
development,egobody_recording_20220218_S02_S23_02_medium_kinect_13_kinect_11_b03751,medium,v16_0_m15_geometry,False,False,309.088523640632,309.088523640632,1.0,0.0
development,egobody_recording_20220218_S02_S23_02_small_kinect_12_kinect_11_b03751,small,v16_0_m15_geometry,False,False,197.31808180345251,197.31808180345251,1.0,0.0
development,egobody_recording_20220225_S26_S27_01_extreme_kinect_14_kinect_15_b03066,extreme,v16_0_m15_geometry,False,False,394.34744164522937,394.34744164522937,1.0,0.0
development,egobody_recording_20220225_S26_S27_01_medium_kinect_12_kinect_15_b03066,medium,v16_0_m15_geometry,False,False,392.87122660172633,392.87122660172633,1.0,0.0
development,egobody_recording_20220225_S26_S27_01_small_kinect_14_kinect_13_b03066,small,v16_0_m15_geometry,False,False,198.66683934987893,198.66683934987893,1.0,0.0
development,egobody_recording_20220312_S28_S29_01_extreme_kinect_14_kinect_15_b03226,extreme,v16_0_m15_geometry,False,False,511.95851723383413,511.95851723383413,1.0,0.0
development,egobody_recording_20220312_S28_S29_01_medium_kinect_12_kinect_15_b03226,medium,v16_0_m15_geometry,False,False,397.19176994738535,397.19176994738535,1.0,0.0
development,egobody_recording_20220312_S28_S29_01_small_kinect_15_kinect_11_b03226,small,v16_0_m15_geometry,False,False,191.60925213813425,191.60925213813425,1.0,0.0
development,egobody_recording_20220312_S28_S29_02_extreme_kinect_14_kinect_15_b02676,extreme,v16_0_m15_geometry,False,False,478.7376698310106,478.7376698310106,1.0,0.0
development,egobody_recording_20220312_S28_S29_02_medium_kinect_12_kinect_15_b02676,medium,v16_0_m15_geometry,False,False,447.81263461291053,447.81263461291053,1.0,0.0
development,egobody_recording_20220312_S28_S29_02_small_kinect_11_kinect_15_b02676,small,v16_0_m15_geometry,False,False,172.85033100787328,172.85033100787328,1.0,0.0
development,egobody_recording_20220312_S28_S29_03_extreme_kinect_15_kinect_14_b01581,extreme,v16_0_m15_geometry,False,False,345.6919142883596,345.6919142883596,1.0,0.0
development,egobody_recording_20220312_S28_S29_03_medium_kinect_15_kinect_12_b01581,medium,v16_0_m15_geometry,False,False,262.5654965421306,262.5654965421306,1.0,0.0
development,egobody_recording_20220312_S28_S29_03_small_kinect_15_kinect_11_b01581,small,v16_0_m15_geometry,False,False,171.1915642842874,171.1915642842874,1.0,0.0
development,egobody_recording_20220312_S28_S29_04_extreme_kinect_15_kinect_14_b02691,extreme,v16_0_m15_geometry,False,False,404.5101436666168,404.5101436666168,1.0,0.0
development,egobody_recording_20220312_S28_S29_04_medium_kinect_15_kinect_12_b02691,medium,v16_0_m15_geometry,False,False,273.0768280446055,273.0768280446055,1.0,0.0
development,egobody_recording_20220312_S28_S29_04_small_kinect_15_kinect_11_b02691,small,v16_0_m15_geometry,False,False,183.10214005602666,183.10214005602666,1.0,0.0
development,egobody_recording_20220312_S28_S29_05_extreme_kinect_14_kinect_15_b03681,extreme,v16_0_m15_geometry,False,False,560.5131581124932,560.5131581124932,1.0,0.0
development,egobody_recording_20220312_S28_S29_05_medium_kinect_15_kinect_12_b03681,medium,v16_0_m15_geometry,False,False,301.76590066145593,301.76590066145593,1.0,0.0
development,egobody_recording_20220312_S28_S29_05_small_kinect_15_kinect_11_b03681,small,v16_0_m15_geometry,False,False,199.49912565015532,199.49912565015532,1.0,0.0
development,egobody_recording_20220312_S28_S29_06_extreme_kinect_15_kinect_14_b03326,extreme,v16_0_m15_geometry,False,False,482.4306907900874,482.4306907900874,1.0,0.0
development,egobody_recording_20220312_S28_S29_06_medium_kinect_12_kinect_15_b03326,medium,v16_0_m15_geometry,False,False,334.2098484149283,334.2098484149283,1.0,0.0
development,egobody_recording_20220312_S28_S29_06_small_kinect_11_kinect_15_b03326,small,v16_0_m15_geometry,False,False,256.29214945331364,256.29214945331364,1.0,0.0
development,egobody_recording_20220315_S30_S21_01_extreme_kinect_11_kinect_14_b02671,extreme,v16_0_m15_geometry,False,False,305.053194998898,305.053194998898,1.0,0.0
development,egobody_recording_20220315_S30_S21_01_medium_kinect_13_kinect_11_b02671,medium,v16_0_m15_geometry,False,False,241.37790499197519,241.37790499197519,1.0,0.0
development,egobody_recording_20220315_S30_S21_01_small_kinect_11_kinect_12_b02671,small,v16_0_m15_geometry,False,False,234.49187158961436,234.49187158961436,1.0,0.0
development,egobody_recording_20220315_S30_S21_02_extreme_kinect_11_kinect_14_b02581,extreme,v16_0_m15_geometry,False,False,509.6268581822013,509.6268581822013,1.0,0.0
development,egobody_recording_20220315_S30_S21_02_medium_kinect_13_kinect_11_b02581,medium,v16_0_m15_geometry,False,False,207.12020781042457,207.12020781042457,1.0,0.0
development,egobody_recording_20220315_S30_S21_02_small_kinect_11_kinect_12_b02581,small,v16_0_m15_geometry,False,False,248.70001074493607,248.70001074493607,1.0,0.0
development,egobody_recording_20220415_S36_S35_01_extreme_kinect_14_kinect_13_b02676,extreme,v16_0_m15_geometry,False,False,327.590233561199,327.590233561199,1.0,0.0
development,egobody_recording_20220415_S36_S35_01_medium_kinect_15_kinect_13_b02676,medium,v16_0_m15_geometry,False,False,240.23036832742466,240.23036832742466,1.0,0.0
development,egobody_recording_20220415_S36_S35_01_small_kinect_11_kinect_12_b02676,small,v16_0_m15_geometry,False,False,157.4202957332575,157.4202957332575,1.0,0.0
development,egobody_recording_20220415_S36_S35_02_extreme_kinect_14_kinect_13_b02901,extreme,v16_0_m15_geometry,False,False,417.45679969744754,417.45679969744754,1.0,0.0
development,egobody_recording_20220415_S36_S35_02_medium_kinect_13_kinect_15_b02901,medium,v16_0_m15_geometry,False,False,313.9486168321904,313.9486168321904,1.0,0.0
development,egobody_recording_20220415_S36_S35_02_small_kinect_12_kinect_11_b02901,small,v16_0_m15_geometry,False,False,187.82034533300708,187.82034533300708,1.0,0.0
holdout,egobody_recording_20210921_S11_S10_01_extreme_kinect_11_kinect_13_b01526,extreme,v16_0_m15_geometry,False,False,201.75564734603918,201.75564734603918,1.0,0.0
holdout,egobody_recording_20210921_S11_S10_01_medium_kinect_12_kinect_11_b01526,medium,v16_0_m15_geometry,False,False,221.17634348988722,221.17634348988722,1.0,0.0
holdout,egobody_recording_20210921_S11_S10_01_small_kinect_13_kinect_12_b01526,small,v16_0_m15_geometry,False,False,203.6729022773523,203.6729022773523,1.0,0.0
holdout,egobody_recording_20210921_S11_S10_02_extreme_kinect_11_kinect_13_b02981,extreme,v16_0_m15_geometry,False,False,242.85155451854817,242.85155451854817,1.0,0.0
holdout,egobody_recording_20210921_S11_S10_02_medium_kinect_12_kinect_11_b02981,medium,v16_0_m15_geometry,False,False,238.8883184442246,238.8883184442246,1.0,0.0
holdout,egobody_recording_20210921_S11_S10_02_small_kinect_12_kinect_13_b02981,small,v16_0_m15_geometry,False,False,177.55908456289373,177.55908456289373,1.0,0.0
holdout,egobody_recording_20210923_S03_S14_01_extreme_kinect_13_kinect_11_b02231,extreme,v16_0_m15_geometry,False,False,305.53213410599056,305.53213410599056,1.0,0.0
holdout,egobody_recording_20210923_S03_S14_01_medium_kinect_11_kinect_12_b02231,medium,v16_0_m15_geometry,False,False,258.84236950999195,258.84236950999195,1.0,0.0
holdout,egobody_recording_20210923_S03_S14_01_small_kinect_12_kinect_13_b02231,small,v16_0_m15_geometry,False,False,209.02226396688698,209.02226396688698,1.0,0.0
holdout,egobody_recording_20211002_S03_S18_01_extreme_kinect_13_kinect_11_b02871,extreme,v16_0_m15_geometry,False,False,408.27918912908876,408.27918912908876,1.0,0.0
holdout,egobody_recording_20211002_S03_S18_01_medium_kinect_12_kinect_13_b02871,medium,v16_0_m15_geometry,False,False,360.29649216654127,360.29649216654127,1.0,0.0
holdout,egobody_recording_20211002_S03_S18_01_small_kinect_12_kinect_11_b02871,small,v16_0_m15_geometry,False,False,311.09635081188617,311.09635081188617,1.0,0.0
holdout,egobody_recording_20211002_S03_S18_02_extreme_kinect_11_kinect_13_b04461,extreme,v16_0_m15_geometry,False,False,445.4432728104239,445.4432728104239,1.0,0.0
holdout,egobody_recording_20211002_S03_S18_02_medium_kinect_13_kinect_12_b04461,medium,v16_0_m15_geometry,False,False,349.9020813349137,349.9020813349137,1.0,0.0
holdout,egobody_recording_20211002_S03_S18_02_small_kinect_12_kinect_11_b04461,small,v16_0_m15_geometry,False,False,279.01491057539505,279.01491057539505,1.0,0.0
holdout,egobody_recording_20211002_S03_S18_03_extreme_kinect_11_kinect_13_b02681,extreme,v16_0_m15_geometry,False,False,460.93285913491496,460.93285913491496,1.0,0.0
holdout,egobody_recording_20211002_S03_S18_03_medium_kinect_12_kinect_13_b02681,medium,v16_0_m15_geometry,False,False,342.52675215933334,342.52675215933334,1.0,0.0
holdout,egobody_recording_20211002_S03_S18_03_small_kinect_11_kinect_12_b02681,small,v16_0_m15_geometry,False,False,375.72248462057246,375.72248462057246,1.0,0.0
holdout,egobody_recording_20211002_S03_S18_04_extreme_kinect_11_kinect_13_b04526,extreme,v16_0_m15_geometry,False,False,476.61378376616153,476.61378376616153,1.0,0.0
holdout,egobody_recording_20211002_S03_S18_04_medium_kinect_12_kinect_13_b04526,medium,v16_0_m15_geometry,False,False,369.6827715096112,369.6827715096112,1.0,0.0
holdout,egobody_recording_20211002_S03_S18_04_small_kinect_11_kinect_12_b04526,small,v16_0_m15_geometry,False,False,408.7925700366791,408.7925700366791,1.0,0.0
holdout,egobody_recording_20220215_S21_S22_02_extreme_kinect_15_kinect_14_b03131,extreme,v16_0_m15_geometry,False,False,428.9947260722724,428.9947260722724,1.0,0.0
holdout,egobody_recording_20220215_S21_S22_02_medium_kinect_14_kinect_12_b03131,medium,v16_0_m15_geometry,False,False,380.3821668751787,380.3821668751787,1.0,0.0
holdout,egobody_recording_20220215_S21_S22_02_small_kinect_12_kinect_11_b03131,small,v16_0_m15_geometry,False,False,99.80315416959098,99.80315416959098,1.0,0.0
holdout,egobody_recording_20220218_S23_S02_01_extreme_kinect_13_kinect_15_b02751,extreme,v16_0_m15_geometry,False,False,670.452072663385,670.452072663385,1.0,0.0
holdout,egobody_recording_20220218_S23_S02_01_medium_kinect_13_kinect_11_b02751,medium,v16_0_m15_geometry,False,False,285.7439802045625,285.7439802045625,1.0,0.0
holdout,egobody_recording_20220218_S23_S02_01_small_kinect_12_kinect_11_b02751,small,v16_0_m15_geometry,False,False,253.12544797206564,253.12544797206564,1.0,0.0
holdout,egobody_recording_20220218_S23_S02_02_extreme_kinect_13_kinect_15_b02501,extreme,v16_0_m15_geometry,False,False,342.50217613809764,342.50217613809764,1.0,0.0
holdout,egobody_recording_20220218_S23_S02_02_medium_kinect_11_kinect_13_b02501,medium,v16_0_m15_geometry,False,False,304.28226321718944,304.28226321718944,1.0,0.0
holdout,egobody_recording_20220218_S23_S02_02_small_kinect_11_kinect_12_b02501,small,v16_0_m15_geometry,False,False,160.99926872423734,160.99926872423734,1.0,0.0
holdout,egobody_recording_20220315_S21_S30_01_extreme_kinect_14_kinect_11_b03631,extreme,v16_0_m15_geometry,False,False,114.85863795187817,114.85863795187817,1.0,0.0
holdout,egobody_recording_20220315_S21_S30_01_medium_kinect_13_kinect_11_b03631,medium,v16_0_m15_geometry,False,False,234.68338207998744,234.68338207998744,1.0,0.0
holdout,egobody_recording_20220315_S21_S30_01_small_kinect_12_kinect_11_b03631,small,v16_0_m15_geometry,False,False,219.06152505900056,219.06152505900056,1.0,0.0
holdout,egobody_recording_20220315_S21_S30_02_extreme_kinect_11_kinect_14_b02196,extreme,v16_0_m15_geometry,False,False,312.28175393274944,312.28175393274944,1.0,0.0
holdout,egobody_recording_20220315_S21_S30_02_medium_kinect_13_kinect_11_b02196,medium,v16_0_m15_geometry,False,False,235.0086088184905,235.0086088184905,1.0,0.0
holdout,egobody_recording_20220315_S21_S30_02_small_kinect_12_kinect_11_b02196,small,v16_0_m15_geometry,False,False,175.84527358985443,175.84527358985443,1.0,0.0
holdout,egobody_recording_20220315_S21_S30_03_extreme_kinect_11_kinect_14_b03631,extreme,v16_0_m15_geometry,False,False,401.5600168301686,401.5600168301686,1.0,0.0
holdout,egobody_recording_20220315_S21_S30_03_medium_kinect_13_kinect_11_b03631,medium,v16_0_m15_geometry,False,False,249.6451720490665,249.6451720490665,1.0,0.0
holdout,egobody_recording_20220315_S21_S30_03_small_kinect_12_kinect_11_b03631,small,v16_0_m15_geometry,False,False,183.10542884458724,183.10542884458724,1.0,0.0
holdout,egobody_recording_20220315_S21_S30_04_extreme_kinect_14_kinect_11_b04401,extreme,v16_0_m15_geometry,False,False,478.8954041549628,478.8954041549628,1.0,0.0
holdout,egobody_recording_20220315_S21_S30_04_medium_kinect_11_kinect_13_b04401,medium,v16_0_m15_geometry,False,False,353.81606379013334,353.81606379013334,1.0,0.0
holdout,egobody_recording_20220315_S21_S30_04_small_kinect_12_kinect_11_b04401,small,v16_0_m15_geometry,False,False,213.9185781844706,213.9185781844706,1.0,0.0
holdout,egobody_recording_20220315_S21_S30_05_extreme_kinect_11_kinect_14_b02151,extreme,v16_0_m15_geometry,False,False,411.0814847280704,411.0814847280704,1.0,0.0
holdout,egobody_recording_20220315_S21_S30_05_medium_kinect_13_kinect_11_b02151,medium,v16_0_m15_geometry,False,False,208.33151879667219,208.33151879667219,1.0,0.0
holdout,egobody_recording_20220315_S21_S30_05_small_kinect_11_kinect_12_b02151,small,v16_0_m15_geometry,False,False,225.56801233940666,225.56801233940666,1.0,0.0
holdout,egobody_recording_20220315_S21_S30_06_extreme_kinect_11_kinect_14_b03586,extreme,v16_0_m15_geometry,False,False,360.87137670789417,360.87137670789417,1.0,0.0
holdout,egobody_recording_20220315_S21_S30_06_medium_kinect_11_kinect_13_b03586,medium,v16_0_m15_geometry,False,False,317.6417013325481,317.6417013325481,1.0,0.0
holdout,egobody_recording_20220315_S21_S30_06_small_kinect_11_kinect_12_b03586,small,v16_0_m15_geometry,False,False,257.0246712764094,257.0246712764094,1.0,0.0
test,egobody_recording_20210907_S03_S04_01_extreme_kinect_13_kinect_11_b01801,extreme,v16_0_m15_geometry,False,False,154.08441390391118,154.08441390391118,1.0,0.0
test,egobody_recording_20210907_S03_S04_01_medium_kinect_12_kinect_13_b01801,medium,v16_0_m15_geometry,False,False,193.19478863893184,193.19478863893184,1.0,0.0
test,egobody_recording_20210907_S03_S04_01_small_kinect_11_kinect_12_b01801,small,v16_0_m15_geometry,False,False,148.20696976446823,148.20696976446823,1.0,0.0
test,egobody_recording_20210911_S03_S08_01_extreme_kinect_13_kinect_11_b02141,extreme,v16_0_m15_geometry,False,False,280.68694793576987,280.68694793576987,1.0,0.0
test,egobody_recording_20210911_S03_S08_01_medium_kinect_11_kinect_12_b02141,medium,v16_0_m15_geometry,False,False,171.2788902067813,171.2788902067813,1.0,0.0
test,egobody_recording_20210911_S03_S08_01_small_kinect_13_kinect_12_b02141,small,v16_0_m15_geometry,False,False,231.98606017350616,231.98606017350616,1.0,0.0
test,egobody_recording_20210911_S03_S08_02_extreme_kinect_11_kinect_13_b03471,extreme,v16_0_m15_geometry,False,False,387.1181297069599,387.1181297069599,1.0,0.0
test,egobody_recording_20210911_S03_S08_02_medium_kinect_12_kinect_11_b03471,medium,v16_0_m15_geometry,False,False,251.21363822635104,251.21363822635104,1.0,0.0
test,egobody_recording_20210911_S03_S08_02_small_kinect_13_kinect_12_b03471,small,v16_0_m15_geometry,False,False,251.10481779485465,251.10481779485465,1.0,0.0
test,egobody_recording_20210921_S05_S12_01_extreme_kinect_11_kinect_13_b02281,extreme,v16_0_m15_geometry,False,False,257.23218320127626,257.23218320127626,1.0,0.0
test,egobody_recording_20210921_S05_S12_01_medium_kinect_12_kinect_11_b02281,medium,v16_0_m15_geometry,False,False,206.86106327109835,206.86106327109835,1.0,0.0
test,egobody_recording_20210921_S05_S12_01_small_kinect_13_kinect_12_b02281,small,v16_0_m15_geometry,False,False,168.8244936707127,168.8244936707127,1.0,0.0
test,egobody_recording_20210921_S05_S12_02_extreme_kinect_13_kinect_11_b01916,extreme,v16_0_m15_geometry,False,False,321.4308595120131,321.4308595120131,1.0,0.0
test,egobody_recording_20210921_S05_S12_02_medium_kinect_12_kinect_11_b01916,medium,v16_0_m15_geometry,False,False,251.9548161357812,251.9548161357812,1.0,0.0
test,egobody_recording_20210921_S05_S12_02_small_kinect_13_kinect_12_b01916,small,v16_0_m15_geometry,False,False,209.71036597477598,209.71036597477598,1.0,0.0
test,egobody_recording_20210921_S05_S12_03_extreme_kinect_11_kinect_13_b03356,extreme,v16_0_m15_geometry,False,False,475.16396491417123,475.16396491417123,1.0,0.0
test,egobody_recording_20210921_S05_S12_03_medium_kinect_11_kinect_12_b03356,medium,v16_0_m15_geometry,False,False,407.56744501791206,407.56744501791206,1.0,0.0
test,egobody_recording_20210921_S05_S12_03_small_kinect_12_kinect_13_b03356,small,v16_0_m15_geometry,False,False,309.23143026248874,309.23143026248874,1.0,0.0
test,egobody_recording_20210929_S05_S16_01_extreme_kinect_11_kinect_13_b02576,extreme,v16_0_m15_geometry,False,False,397.58569463642124,397.58569463642124,1.0,0.0
test,egobody_recording_20210929_S05_S16_01_medium_kinect_11_kinect_12_b02576,medium,v16_0_m15_geometry,False,False,272.86256215386317,272.86256215386317,1.0,0.0
test,egobody_recording_20210929_S05_S16_01_small_kinect_12_kinect_13_b02576,small,v16_0_m15_geometry,False,False,356.9898491383819,356.9898491383819,1.0,0.0
test,egobody_recording_20210929_S05_S16_02_extreme_kinect_13_kinect_11_b02316,extreme,v16_0_m15_geometry,False,False,286.6456896950221,286.6456896950221,1.0,0.0
test,egobody_recording_20210929_S05_S16_02_medium_kinect_11_kinect_12_b02316,medium,v16_0_m15_geometry,False,False,189.0535746717173,189.0535746717173,1.0,0.0
test,egobody_recording_20210929_S05_S16_02_small_kinect_12_kinect_13_b02316,small,v16_0_m15_geometry,False,False,249.2051143619624,249.2051143619624,1.0,0.0
test,egobody_recording_20210929_S05_S16_03_extreme_kinect_11_kinect_13_b01076,extreme,v16_0_m15_geometry,False,False,355.0860412116918,355.0860412116918,1.0,0.0
test,egobody_recording_20210929_S05_S16_03_medium_kinect_11_kinect_12_b01076,medium,v16_0_m15_geometry,False,False,304.86887935855,304.86887935855,1.0,0.0
test,egobody_recording_20210929_S05_S16_03_small_kinect_13_kinect_12_b01076,small,v16_0_m15_geometry,False,False,176.16918235645548,176.16918235645548,1.0,0.0
test,egobody_recording_20210929_S05_S16_04_extreme_kinect_13_kinect_11_b02616,extreme,v16_0_m15_geometry,False,False,335.7076816416773,335.7076816416773,1.0,0.0
test,egobody_recording_20210929_S05_S16_04_medium_kinect_12_kinect_11_b02616,medium,v16_0_m15_geometry,False,False,296.59771137425696,296.59771137425696,1.0,0.0
test,egobody_recording_20210929_S05_S16_04_small_kinect_12_kinect_13_b02616,small,v16_0_m15_geometry,False,False,313.67751357977636,313.67751357977636,1.0,0.0
test,egobody_recording_20211002_S17_S15_01_extreme_kinect_11_kinect_13_b02701,extreme,v16_0_m15_geometry,False,False,488.9425820579659,488.9425820579659,1.0,0.0
test,egobody_recording_20211002_S17_S15_01_medium_kinect_12_kinect_13_b02701,medium,v16_0_m15_geometry,False,False,370.6527245472628,370.6527245472628,1.0,0.0
test,egobody_recording_20211002_S17_S15_01_small_kinect_12_kinect_11_b02701,small,v16_0_m15_geometry,False,False,293.6665960643219,293.6665960643219,1.0,0.0
test,egobody_recording_20211002_S17_S15_02_extreme_kinect_13_kinect_11_b01321,extreme,v16_0_m15_geometry,False,False,268.7769657354592,268.7769657354592,1.0,0.0
test,egobody_recording_20211002_S17_S15_02_medium_kinect_13_kinect_12_b01321,medium,v16_0_m15_geometry,False,False,213.93855843931257,213.93855843931257,1.0,0.0
test,egobody_recording_20211002_S17_S15_02_small_kinect_12_kinect_11_b01321,small,v16_0_m15_geometry,False,False,193.52203126981414,193.52203126981414,1.0,0.0
test,egobody_recording_20211002_S17_S15_03_extreme_kinect_13_kinect_11_b02531,extreme,v16_0_m15_geometry,False,False,293.0996405464266,293.0996405464266,1.0,0.0
test,egobody_recording_20211002_S17_S15_03_medium_kinect_13_kinect_12_b02531,medium,v16_0_m15_geometry,False,False,256.12118387786387,256.12118387786387,1.0,0.0
test,egobody_recording_20211002_S17_S15_03_small_kinect_11_kinect_12_b02531,small,v16_0_m15_geometry,False,False,264.56275086628204,264.56275086628204,1.0,0.0
test,egobody_recording_20211004_S12_S20_01_extreme_kinect_11_kinect_13_b02556,extreme,v16_0_m15_geometry,False,False,281.64995722651577,281.64995722651577,1.0,0.0
test,egobody_recording_20211004_S12_S20_01_medium_kinect_13_kinect_12_b02556,medium,v16_0_m15_geometry,False,False,173.58590383486145,173.58590383486145,1.0,0.0
test,egobody_recording_20211004_S12_S20_01_small_kinect_11_kinect_12_b02556,small,v16_0_m15_geometry,False,False,199.13319947665303,199.13319947665303,1.0,0.0
test,egobody_recording_20211004_S12_S20_02_extreme_kinect_13_kinect_11_b01776,extreme,v16_0_m15_geometry,False,False,405.17701388045066,405.17701388045066,1.0,0.0
test,egobody_recording_20211004_S12_S20_02_medium_kinect_13_kinect_12_b01776,medium,v16_0_m15_geometry,False,False,165.6309443145334,165.6309443145334,1.0,0.0
test,egobody_recording_20211004_S12_S20_02_small_kinect_12_kinect_11_b01776,small,v16_0_m15_geometry,False,False,419.2583513522609,419.2583513522609,1.0,0.0
test,egobody_recording_20211004_S12_S20_03_extreme_kinect_11_kinect_13_b01986,extreme,v16_0_m15_geometry,False,False,660.319475889131,660.319475889131,1.0,0.0
test,egobody_recording_20211004_S12_S20_03_medium_kinect_13_kinect_12_b01986,medium,v16_0_m15_geometry,False,False,152.36617409830112,152.36617409830112,1.0,0.0
test,egobody_recording_20211004_S12_S20_03_small_kinect_11_kinect_12_b01986,small,v16_0_m15_geometry,False,False,487.28100544327424,487.28100544327424,1.0,0.0
test,egobody_recording_20211004_S12_S20_04_extreme_kinect_13_kinect_11_b03381,extreme,v16_0_m15_geometry,False,False,449.6054351473726,449.6054351473726,1.0,0.0
test,egobody_recording_20211004_S12_S20_04_medium_kinect_13_kinect_12_b03381,medium,v16_0_m15_geometry,False,False,191.3645970350824,191.3645970350824,1.0,0.0
test,egobody_recording_20211004_S12_S20_04_small_kinect_11_kinect_12_b03381,small,v16_0_m15_geometry,False,False,524.0199500136833,524.0199500136833,1.0,0.0
test,egobody_recording_20211004_S20_S12_01_extreme_kinect_13_kinect_11_b02766,extreme,v16_0_m15_geometry,False,False,281.25144903209656,281.25144903209656,1.0,0.0
test,egobody_recording_20211004_S20_S12_01_medium_kinect_12_kinect_13_b02766,medium,v16_0_m15_geometry,False,False,242.14990700759196,242.14990700759196,1.0,0.0
test,egobody_recording_20211004_S20_S12_01_small_kinect_12_kinect_11_b02766,small,v16_0_m15_geometry,False,False,439.61671254125054,439.61671254125054,1.0,0.0
test,egobody_recording_20211004_S20_S12_02_extreme_kinect_13_kinect_11_b01446,extreme,v16_0_m15_geometry,False,False,274.1484645877772,274.1484645877772,1.0,0.0
test,egobody_recording_20211004_S20_S12_02_medium_kinect_12_kinect_13_b01446,medium,v16_0_m15_geometry,False,False,264.40700759664634,264.40700759664634,1.0,0.0
test,egobody_recording_20211004_S20_S12_02_small_kinect_12_kinect_11_b01446,small,v16_0_m15_geometry,False,False,336.38894443775064,336.38894443775064,1.0,0.0
test,egobody_recording_20211004_S20_S12_03_extreme_kinect_11_kinect_13_b01396,extreme,v16_0_m15_geometry,False,False,438.3242018176337,438.3242018176337,1.0,0.0
test,egobody_recording_20211004_S20_S12_03_medium_kinect_13_kinect_12_b01396,medium,v16_0_m15_geometry,False,False,125.4881086889098,125.4881086889098,1.0,0.0
test,egobody_recording_20211004_S20_S12_03_small_kinect_12_kinect_11_b01396,small,v16_0_m15_geometry,False,False,438.0712805052626,438.0712805052626,1.0,0.0
test,egobody_recording_20211004_S20_S12_04_extreme_kinect_13_kinect_11_b03056,extreme,v16_0_m15_geometry,False,False,287.1806297843256,287.1806297843256,1.0,0.0
test,egobody_recording_20211004_S20_S12_04_medium_kinect_12_kinect_13_b03056,medium,v16_0_m15_geometry,False,False,242.48506248242128,242.48506248242128,1.0,0.0
test,egobody_recording_20211004_S20_S12_04_small_kinect_12_kinect_11_b03056,small,v16_0_m15_geometry,False,False,333.3694519214899,333.3694519214899,1.0,0.0
test,egobody_recording_20220225_S24_S25_01_extreme_kinect_14_kinect_15_b02966,extreme,v16_0_m15_geometry,False,False,338.66227962101294,338.66227962101294,1.0,0.0
test,egobody_recording_20220225_S24_S25_01_medium_kinect_15_kinect_12_b02966,medium,v16_0_m15_geometry,False,False,308.79236283607895,308.79236283607895,1.0,0.0
test,egobody_recording_20220225_S24_S25_01_small_kinect_13_kinect_14_b02966,small,v16_0_m15_geometry,False,False,159.45524029834783,159.45524029834783,1.0,0.0
test,egobody_recording_20220225_S24_S25_02_extreme_kinect_14_kinect_15_b03501,extreme,v16_0_m15_geometry,False,False,392.8841080526569,392.8841080526569,1.0,0.0
test,egobody_recording_20220225_S24_S25_02_medium_kinect_12_kinect_15_b03501,medium,v16_0_m15_geometry,False,False,327.4385902368765,327.4385902368765,1.0,0.0
test,egobody_recording_20220225_S24_S25_02_small_kinect_13_kinect_14_b03501,small,v16_0_m15_geometry,False,False,175.9922701379473,175.9922701379473,1.0,0.0
test,egobody_recording_20220225_S25_S24_01_extreme_kinect_15_kinect_14_b03341,extreme,v16_0_m15_geometry,False,False,435.65985746560415,435.65985746560415,1.0,0.0
test,egobody_recording_20220225_S25_S24_01_medium_kinect_15_kinect_12_b03341,medium,v16_0_m15_geometry,False,False,292.8206617827402,292.8206617827402,1.0,0.0
test,egobody_recording_20220225_S25_S24_01_small_kinect_13_kinect_14_b03341,small,v16_0_m15_geometry,False,False,176.86094362804621,176.86094362804621,1.0,0.0
test,egobody_recording_20220225_S27_S26_01_extreme_kinect_15_kinect_14_b02876,extreme,v16_0_m15_geometry,False,False,495.0117032462835,495.0117032462835,1.0,0.0
test,egobody_recording_20220225_S27_S26_01_medium_kinect_15_kinect_12_b02876,medium,v16_0_m15_geometry,False,False,293.41117226369875,293.41117226369875,1.0,0.0
test,egobody_recording_20220225_S27_S26_01_small_kinect_14_kinect_13_b02876,small,v16_0_m15_geometry,False,False,210.10863619672182,210.10863619672182,1.0,0.0
test,egobody_recording_20220225_S27_S26_02_extreme_kinect_15_kinect_14_b03911,extreme,v16_0_m15_geometry,False,False,458.53786556174396,458.53786556174396,1.0,0.0
test,egobody_recording_20220225_S27_S26_02_medium_kinect_12_kinect_15_b03911,medium,v16_0_m15_geometry,False,False,313.1365002769179,313.1365002769179,1.0,0.0
test,egobody_recording_20220225_S27_S26_02_small_kinect_14_kinect_13_b03911,small,v16_0_m15_geometry,False,False,191.61105093716304,191.61105093716304,1.0,0.0
test,egobody_recording_20220225_S27_S26_03_extreme_kinect_14_kinect_15_b02455,extreme,v16_0_m15_geometry,False,False,260.5035055596445,260.5035055596445,1.0,0.0
test,egobody_recording_20220225_S27_S26_03_medium_kinect_15_kinect_12_b02455,medium,v16_0_m15_geometry,False,False,357.3311179254696,357.3311179254696,1.0,0.0
test,egobody_recording_20220225_S27_S26_03_small_kinect_14_kinect_13_b02455,small,v16_0_m15_geometry,False,False,169.16320772689218,169.16320772689218,1.0,0.0
test,egobody_recording_20220225_S27_S26_04_extreme_kinect_15_kinect_14_b03731,extreme,v16_0_m15_geometry,False,False,547.5621602693473,547.5621602693473,1.0,0.0
test,egobody_recording_20220225_S27_S26_04_medium_kinect_15_kinect_12_b03731,medium,v16_0_m15_geometry,False,False,293.9569590957988,293.9569590957988,1.0,0.0
test,egobody_recording_20220225_S27_S26_04_small_kinect_14_kinect_13_b03731,small,v16_0_m15_geometry,False,False,167.51445469851168,167.51445469851168,1.0,0.0
test,egobody_recording_20220312_S29_S28_01_extreme_kinect_15_kinect_14_b03231,extreme,v16_0_m15_geometry,False,False,470.8636838288475,470.8636838288475,1.0,0.0
test,egobody_recording_20220312_S29_S28_01_medium_kinect_12_kinect_15_b03231,medium,v16_0_m15_geometry,False,False,408.96745399709556,408.96745399709556,1.0,0.0
test,egobody_recording_20220312_S29_S28_01_small_kinect_11_kinect_15_b03231,small,v16_0_m15_geometry,False,False,180.08588192807966,180.08588192807966,1.0,0.0
test,egobody_recording_20220312_S29_S28_02_extreme_kinect_14_kinect_15_b01761,extreme,v16_0_m15_geometry,False,False,510.55331655725877,510.55331655725877,1.0,0.0
test,egobody_recording_20220312_S29_S28_02_medium_kinect_15_kinect_12_b01761,medium,v16_0_m15_geometry,False,False,232.34903644832477,232.34903644832477,1.0,0.0
test,egobody_recording_20220312_S29_S28_02_small_kinect_11_kinect_15_b01761,small,v16_0_m15_geometry,False,False,146.29529387794645,146.29529387794645,1.0,0.0
test,egobody_recording_20220312_S29_S28_03_extreme_kinect_15_kinect_14_b03281,extreme,v16_0_m15_geometry,False,False,382.31006567913744,382.31006567913744,1.0,0.0
test,egobody_recording_20220312_S29_S28_03_medium_kinect_15_kinect_12_b03281,medium,v16_0_m15_geometry,False,False,214.22062514014735,214.22062514014735,1.0,0.0
test,egobody_recording_20220312_S29_S28_03_small_kinect_11_kinect_15_b03281,small,v16_0_m15_geometry,False,False,127.06831143531016,127.06831143531016,1.0,0.0
test,egobody_recording_20220312_S29_S28_04_extreme_kinect_14_kinect_15_b04816,extreme,v16_0_m15_geometry,False,False,649.5684683678962,649.5684683678962,1.0,0.0
test,egobody_recording_20220312_S29_S28_04_medium_kinect_12_kinect_15_b04816,medium,v16_0_m15_geometry,False,False,345.13279020329026,345.13279020329026,1.0,0.0
test,egobody_recording_20220312_S29_S28_04_small_kinect_15_kinect_11_b04816,small,v16_0_m15_geometry,False,False,132.33247727715414,132.33247727715414,1.0,0.0
test,egobody_recording_20220312_S29_S28_05_extreme_kinect_15_kinect_14_b02786,extreme,v16_0_m15_geometry,False,False,487.26738147933446,487.26738147933446,1.0,0.0
test,egobody_recording_20220312_S29_S28_05_medium_kinect_15_kinect_12_b02786,medium,v16_0_m15_geometry,False,False,359.91946061614124,359.91946061614124,1.0,0.0
test,egobody_recording_20220312_S29_S28_05_small_kinect_11_kinect_15_b02786,small,v16_0_m15_geometry,False,False,130.23822707713353,130.23822707713353,1.0,0.0
test,egobody_recording_20220318_S31_S32_01_extreme_kinect_14_kinect_11_b03185,extreme,v16_0_m15_geometry,False,False,1228.4314200342467,1228.4314200342467,1.0,0.0
test,egobody_recording_20220318_S31_S32_01_medium_kinect_14_kinect_13_b03185,medium,v16_0_m15_geometry,False,False,506.12936975172573,506.12936975172573,1.0,0.0
test,egobody_recording_20220318_S31_S32_01_small_kinect_11_kinect_12_b03185,small,v16_0_m15_geometry,False,False,148.13411387264145,148.13411387264145,1.0,0.0
test,egobody_recording_20220318_S32_S31_01_extreme_kinect_11_kinect_14_b03251,extreme,v16_0_m15_geometry,False,False,1773.2050417511975,1773.2050417511975,1.0,0.0
test,egobody_recording_20220318_S32_S31_01_medium_kinect_13_kinect_14_b03251,medium,v16_0_m15_geometry,False,False,640.0630081451608,640.0630081451608,1.0,0.0
test,egobody_recording_20220318_S32_S31_01_small_kinect_11_kinect_12_b03251,small,v16_0_m15_geometry,False,False,253.208331128139,253.208331128139,1.0,0.0
test,egobody_recording_20220318_S32_S31_02_extreme_kinect_14_kinect_11_b03001,extreme,v16_0_m15_geometry,False,False,535.6081037866635,535.6081037866635,1.0,0.0
test,egobody_recording_20220318_S32_S31_02_medium_kinect_13_kinect_14_b03001,medium,v16_0_m15_geometry,False,False,333.33870456515973,333.33870456515973,1.0,0.0
test,egobody_recording_20220318_S32_S31_02_small_kinect_11_kinect_12_b03001,small,v16_0_m15_geometry,False,False,280.7038637802013,280.7038637802013,1.0,0.0
test,egobody_recording_20220318_S33_S34_01_extreme_kinect_14_kinect_11_b03921,extreme,v16_0_m15_geometry,False,False,1024.436015248036,1024.436015248036,1.0,0.0
test,egobody_recording_20220318_S33_S34_01_medium_kinect_13_kinect_14_b03921,medium,v16_0_m15_geometry,False,False,309.79299094179055,309.79299094179055,1.0,0.0
test,egobody_recording_20220318_S33_S34_01_small_kinect_12_kinect_11_b03921,small,v16_0_m15_geometry,False,False,159.95128304106018,159.95128304106018,1.0,0.0
test,egobody_recording_20220318_S33_S34_02_extreme_kinect_11_kinect_14_b03381,extreme,v16_0_m15_geometry,False,False,681.0450765357401,681.0450765357401,1.0,0.0
test,egobody_recording_20220318_S33_S34_02_medium_kinect_14_kinect_13_b03381,medium,v16_0_m15_geometry,False,False,268.73380418406845,268.73380418406845,1.0,0.0
test,egobody_recording_20220318_S33_S34_02_small_kinect_12_kinect_11_b03381,small,v16_0_m15_geometry,False,False,167.50872688402288,167.50872688402288,1.0,0.0
test,egobody_recording_20220318_S34_S33_01_extreme_kinect_11_kinect_14_b02656,extreme,v16_0_m15_geometry,False,False,2106.4824111584758,2106.4824111584758,1.0,0.0
test,egobody_recording_20220318_S34_S33_01_medium_kinect_14_kinect_13_b02656,medium,v16_0_m15_geometry,False,False,331.64335755093055,331.64335755093055,1.0,0.0
test,egobody_recording_20220318_S34_S33_01_small_kinect_12_kinect_11_b02656,small,v16_0_m15_geometry,False,False,218.0839660797664,218.0839660797664,1.0,0.0
test,egobody_recording_20220318_S34_S33_02_extreme_kinect_11_kinect_14_b04321,extreme,v16_0_m15_geometry,False,False,1001.0330920952483,1001.0330920952483,1.0,0.0
test,egobody_recording_20220318_S34_S33_02_medium_kinect_13_kinect_14_b04321,medium,v16_0_m15_geometry,False,False,325.58543354215817,325.58543354215817,1.0,0.0
test,egobody_recording_20220318_S34_S33_02_small_kinect_12_kinect_11_b04321,small,v16_0_m15_geometry,False,False,206.30446491189616,206.30446491189616,1.0,0.0
test,egobody_recording_20220318_S34_S33_03_extreme_kinect_11_kinect_14_b03186,extreme,v16_0_m15_geometry,False,False,586.00992300637,586.00992300637,1.0,0.0
test,egobody_recording_20220318_S34_S33_03_medium_kinect_14_kinect_13_b03186,medium,v16_0_m15_geometry,False,False,213.72459682527003,213.72459682527003,1.0,0.0
test,egobody_recording_20220318_S34_S33_03_small_kinect_11_kinect_12_b03186,small,v16_0_m15_geometry,False,False,236.12737376834727,236.12737376834727,1.0,0.0
test,egobody_recording_20220415_S35_S36_01_extreme_kinect_14_kinect_13_b02261,extreme,v16_0_m15_geometry,False,False,496.9783303353981,496.9783303353981,1.0,0.0
test,egobody_recording_20220415_S35_S36_01_medium_kinect_15_kinect_13_b02261,medium,v16_0_m15_geometry,False,False,295.8908726984586,295.8908726984586,1.0,0.0
test,egobody_recording_20220415_S35_S36_01_small_kinect_11_kinect_12_b02261,small,v16_0_m15_geometry,False,False,119.22555623402637,119.22555623402637,1.0,0.0
test,egobody_recording_20220415_S35_S36_02_extreme_kinect_13_kinect_14_b02241,extreme,v16_0_m15_geometry,False,False,373.4505803048016,373.4505803048016,1.0,0.0
test,egobody_recording_20220415_S35_S36_02_medium_kinect_13_kinect_15_b02241,medium,v16_0_m15_geometry,False,False,268.26644627822793,268.26644627822793,1.0,0.0
test,egobody_recording_20220415_S35_S36_02_small_kinect_11_kinect_12_b02241,small,v16_0_m15_geometry,False,False,148.7739730348992,148.7739730348992,1.0,0.0
development,egobody_recording_20210918_S09_S05_03_medium_kinect_13_kinect_12_b02121,medium,v20_gate_vel_r025_t075_b050,False,True,214.72095085303212,214.82044852745037,0.9995368333177764,-0.04631666822235703
development,egobody_recording_20210918_S05_S06_02_small_kinect_11_kinect_12_b02371,small,v17_harmony_multicue_safe,False,True,99.95720157109776,100.05144780254892,0.9990580223123091,-0.0941977687690887
development,egobody_recording_20210918_S05_S06_01_medium_kinect_12_kinect_13_b02931,medium,v17_harmony_multicue_safe,False,True,113.0045937541793,113.11732855307422,0.9990033817069679,-0.09966182930321033
development,egobody_recording_20211004_S19_S06_04_medium_kinect_12_kinect_13_b02011,medium,v17_harmony_multicue_safe,False,True,326.0396105610966,326.8829847545349,0.9974199507690141,-0.258004923098587
test,egobody_recording_20211004_S20_S12_04_medium_kinect_12_kinect_13_b03056,medium,v19_ungated_translation_b050,True,False,241.57407939208449,242.48506248242128,0.9962431372843725,-0.37568627156274736
development,egobody_recording_20210918_S09_S05_03_medium_kinect_13_kinect_12_b02121,medium,v19_ungated_translation_b050,True,False,213.80812330509147,214.82044852745037,0.9952875751386883,-0.4712424861311737
development,egobody_recording_20210918_S09_S05_03_medium_kinect_13_kinect_12_b02121,medium,v20_gate_r025_t075_b050,False,True,213.80812330509147,214.82044852745037,0.9952875751386883,-0.4712424861311737
test,egobody_recording_20211004_S12_S20_03_extreme_kinect_11_kinect_13_b01986,extreme,v19_ungated_translation_b050,True,False,650.5676720712532,660.319475889131,0.9852316883357911,-1.4768311664208889
development,egobody_recording_20210918_S05_S06_02_small_kinect_11_kinect_12_b02371,small,v20_gate_r025_t100_b100,False,True,98.53885437266628,100.05144780254892,0.9848818436603962,-1.5118156339603783
development,egobody_recording_20210923_S14_S03_01_medium_kinect_12_kinect_11_b02046,medium,v20_gate_r025_t100_b100,False,True,396.6724278074481,402.95262537974224,0.9844145510495789,-1.5585448950421132
development,egobody_recording_20220218_S02_S23_01_small_kinect_12_kinect_11_b03091,small,v20_gate_r025_t100_b100,False,True,275.2103413490079,279.64138605880675,0.9841545460339441,-1.5845453966055856
development,egobody_recording_20210918_S05_S06_02_small_kinect_11_kinect_12_b02371,small,v20_gate_vel_r025_t075_b050,False,True,98.34592257344924,100.05144780254892,0.982953517749533,-1.704648225046701
development,egobody_recording_20210918_S05_S06_02_small_kinect_11_kinect_12_b02371,small,v19_ungated_translation_b050,True,False,98.05128646512304,100.05144780254892,0.9800086717248391,-1.9991328275160924
development,egobody_recording_20210918_S05_S06_02_small_kinect_11_kinect_12_b02371,small,v20_gate_r015_t050_b050,False,True,98.05128646512304,100.05144780254892,0.9800086717248391,-1.9991328275160924
development,egobody_recording_20210918_S05_S06_02_small_kinect_11_kinect_12_b02371,small,v20_gate_r025_t075_b050,False,True,98.05128646512304,100.05144780254892,0.9800086717248391,-1.9991328275160924
holdout,egobody_recording_20210921_S11_S10_02_small_kinect_12_kinect_13_b02981,small,v20_gate_vel_r025_t075_b050,False,True,173.9137813950264,177.55908456289373,0.9794699146098824,-2.053008539011758
development,egobody_recording_20210918_S06_S05_03_medium_kinect_12_kinect_13_b01166,medium,v20_gate_vel_r025_t075_b050,False,True,136.8747247912228,139.75338922900735,0.9794018273641477,-2.0598172635852285
test,egobody_recording_20220318_S34_S33_02_small_kinect_12_kinect_11_b04321,small,v19_ungated_translation_b050,True,False,202.0242817698326,206.30446491189616,0.9792530755750176,-2.0746924424982383
development,egobody_recording_20211004_S19_S06_04_medium_kinect_12_kinect_13_b02011,medium,v20_gate_r025_t100_b100,False,True,319.94792700009606,326.8829847545349,0.9787842803759071,-2.1215719624092855
development,egobody_recording_20211004_S19_S06_04_medium_kinect_12_kinect_13_b02011,medium,v19_ungated_translation_b050,True,False,319.75009349417974,326.8829847545349,0.9781790683730098,-2.182093162699017
development,egobody_recording_20211004_S19_S06_04_medium_kinect_12_kinect_13_b02011,medium,v20_gate_r025_t075_b050,False,True,319.75009349417974,326.8829847545349,0.9781790683730098,-2.182093162699017
development,egobody_recording_20210918_S06_S05_03_medium_kinect_12_kinect_13_b01166,medium,v17_harmony_multicue_safe,False,True,136.6816513471327,139.75338922900735,0.9780202977629321,-2.197970223706791
development,egobody_recording_20211004_S19_S06_04_medium_kinect_12_kinect_13_b02011,medium,v20_gate_vel_r025_t075_b050,False,True,319.5984208281692,326.8829847545349,0.977715071551259,-2.228492844874097
holdout,egobody_recording_20220315_S21_S30_04_small_kinect_12_kinect_11_b04401,small,v17_harmony_multicue_safe,False,True,209.12437021777237,213.9185781844706,0.977588632051565,-2.2411367948435013
holdout,egobody_recording_20210921_S11_S10_02_small_kinect_12_kinect_13_b02981,small,v19_ungated_translation_b050,True,False,173.4935119700746,177.55908456289373,0.9771029874206236,-2.2897012579376375
holdout,egobody_recording_20210921_S11_S10_02_small_kinect_12_kinect_13_b02981,small,v20_gate_r025_t075_b050,False,True,173.4935119700746,177.55908456289373,0.9771029874206236,-2.2897012579376375
test,egobody_recording_20211004_S20_S12_03_medium_kinect_13_kinect_12_b01396,medium,v19_ungated_translation_b050,True,False,122.45805572817801,125.4881086889098,0.9758538638251102,-2.414613617488981
development,egobody_recording_20210929_S15_S11_02_medium_kinect_11_kinect_12_b04466,medium,v19_ungated_translation_b050,True,False,279.82613682784245,286.95188093956745,0.9751674598249952,-2.4832540175004802
development,egobody_recording_20210929_S15_S11_03_extreme_kinect_13_kinect_11_b01946,extreme,v19_ungated_translation_b050,True,False,305.5147999558978,313.33478701327886,0.9750427102846717,-2.495728971532829
development,egobody_recording_20210918_S06_S05_03_medium_kinect_12_kinect_13_b01166,medium,v19_ungated_translation_b050,True,False,136.26459901276016,139.75338922900735,0.9750360958292734,-2.496390417072658
development,egobody_recording_20210918_S06_S05_03_medium_kinect_12_kinect_13_b01166,medium,v20_gate_r015_t050_b050,False,True,136.26459901276016,139.75338922900735,0.9750360958292734,-2.496390417072658
development,egobody_recording_20210918_S06_S05_03_medium_kinect_12_kinect_13_b01166,medium,v20_gate_r025_t075_b050,False,True,136.26459901276016,139.75338922900735,0.9750360958292734,-2.496390417072658
development,egobody_recording_20210918_S09_S05_02_small_kinect_11_kinect_12_b03726,small,v20_gate_vel_r025_t075_b050,False,True,155.22307530419354,159.82410305144168,0.9712119282423426,-2.8788071757657407
holdout,egobody_recording_20220315_S21_S30_04_small_kinect_12_kinect_11_b04401,small,v20_gate_vel_r025_t075_b050,False,True,207.56387718082632,213.9185781844706,0.97029383302013,-2.9706166979870052
holdout,egobody_recording_20220315_S21_S30_04_small_kinect_12_kinect_11_b04401,small,v19_ungated_translation_b050,True,False,207.345488680388,213.9185781844706,0.9692729375827548,-3.072706241724521
holdout,egobody_recording_20220315_S21_S30_04_small_kinect_12_kinect_11_b04401,small,v20_gate_r025_t075_b050,False,True,207.345488680388,213.9185781844706,0.9692729375827548,-3.072706241724521
development,egobody_recording_20210918_S09_S05_02_small_kinect_11_kinect_12_b03726,small,v19_ungated_translation_b050,True,False,154.38677263401644,159.82410305144168,0.965979284015283,-3.402071598471701
development,egobody_recording_20210918_S09_S05_02_small_kinect_11_kinect_12_b03726,small,v20_gate_r015_t050_b050,False,True,154.38677263401644,159.82410305144168,0.965979284015283,-3.402071598471701
development,egobody_recording_20210918_S09_S05_02_small_kinect_11_kinect_12_b03726,small,v20_gate_r025_t075_b050,False,True,154.38677263401644,159.82410305144168,0.965979284015283,-3.402071598471701
development,egobody_recording_20210923_S14_S03_01_small_kinect_12_kinect_13_b02046,small,v19_ungated_translation_b050,True,False,338.99113960985,351.1331642394547,0.9654204562081056,-3.457954379189443
development,egobody_recording_20210923_S14_S03_01_small_kinect_12_kinect_13_b02046,small,v20_gate_r015_t050_b050,False,True,338.99113960985,351.1331642394547,0.9654204562081056,-3.457954379189443
development,egobody_recording_20210923_S14_S03_01_small_kinect_12_kinect_13_b02046,small,v20_gate_r025_t075_b050,False,True,338.99113960985,351.1331642394547,0.9654204562081056,-3.457954379189443
development,egobody_recording_20210918_S06_S05_03_medium_kinect_12_kinect_13_b01166,medium,v20_gate_r025_t100_b100,False,True,134.7997605624405,139.75338922900735,0.9645545006536509,-3.5445499346349107
test,egobody_recording_20211004_S12_S20_03_small_kinect_11_kinect_12_b01986,small,v19_ungated_translation_b050,True,False,469.45538862118383,487.28100544327424,0.9634181988976266,-3.6581801102373412
development,egobody_recording_20210923_S14_S03_01_small_kinect_12_kinect_13_b02046,small,v20_gate_vel_r025_t075_b050,False,True,338.1351131513549,351.1331642394547,0.9629825592912785,-3.7017440708721483
development,egobody_recording_20210923_S14_S03_01_medium_kinect_12_kinect_11_b02046,medium,v17_harmony_multicue_safe,False,True,387.90575022432273,402.95262537974224,0.9626584511237782,-3.7341548876221764
development,egobody_recording_20210929_S16_S05_01_small_kinect_13_kinect_12_b03136,small,v19_ungated_translation_b050,True,False,281.9634001700384,292.9267336364084,0.9625731208269366,-3.742687917306342
test,egobody_recording_20211004_S12_S20_01_small_kinect_11_kinect_12_b02556,small,v19_ungated_translation_b050,True,False,191.33108632018946,199.13319947665303,0.9608196263758705,-3.9180373624129516
development,egobody_recording_20210923_S13_S05_01_small_kinect_13_kinect_12_b02401,small,v20_gate_r025_t100_b100,False,True,158.0994183216063,164.5723817154858,0.9606679849534534,-3.93320150465466
development,egobody_recording_20210918_S06_S05_01_small_kinect_11_kinect_12_b02456,small,v20_gate_r025_t100_b100,False,True,245.38048208056523,255.61304026219494,0.9599685596199096,-4.003144038009044
development,egobody_recording_20210918_S09_S05_02_small_kinect_11_kinect_12_b03726,small,v20_gate_r025_t100_b100,False,True,153.37651682272065,159.82410305144168,0.9596582361131989,-4.034176388680111
development,egobody_recording_20210923_S14_S03_01_medium_kinect_12_kinect_11_b02046,medium,v19_ungated_translation_b050,True,False,386.5896251286421,402.95262537974224,0.9593922480696592,-4.0607751930340825
development,egobody_recording_20210923_S14_S03_01_medium_kinect_12_kinect_11_b02046,medium,v20_gate_r025_t075_b050,False,True,386.5896251286421,402.95262537974224,0.9593922480696592,-4.0607751930340825
development,egobody_recording_20210929_S15_S11_01_small_kinect_13_kinect_12_b02726,small,v19_ungated_translation_b050,True,False,323.95545572652986,337.67480312463914,0.9593711249072815,-4.062887509271851
development,egobody_recording_20210929_S15_S11_01_small_kinect_13_kinect_12_b02726,small,v20_gate_r025_t075_b050,False,True,323.95545572652986,337.67480312463914,0.9593711249072815,-4.062887509271851
development,egobody_recording_20210929_S15_S11_01_small_kinect_13_kinect_12_b02726,small,v20_gate_vel_r025_t075_b050,False,True,323.89085579135775,337.67480312463914,0.9591798167771683,-4.082018322283165
development,egobody_recording_20210923_S13_S05_01_small_kinect_13_kinect_12_b02401,small,v17_harmony_multicue_safe,False,True,157.77602793821302,164.5723817154858,0.9587029506018673,-4.129704939813273
development,egobody_recording_20210923_S14_S03_01_medium_kinect_12_kinect_11_b02046,medium,v20_gate_vel_r025_t075_b050,False,True,385.0720745377355,402.95262537974224,0.9556261711282905,-4.437382887170949
development,egobody_recording_20210918_S06_S05_02_small_kinect_12_kinect_11_b03571,small,v17_harmony_multicue_safe,False,True,242.90915743774772,254.40605190352844,0.9548088798212223,-4.519112017877768
development,egobody_recording_20210918_S06_S05_01_small_kinect_11_kinect_12_b02456,small,v17_harmony_multicue_safe,False,True,243.9178520695198,255.61304026219494,0.954246511912386,-4.575348808761404
development,egobody_recording_20210918_S09_S05_02_small_kinect_11_kinect_12_b03726,small,v17_harmony_multicue_safe,False,True,152.42747914201763,159.82410305144168,0.9537202226184661,-4.627977738153389
test,egobody_recording_20211004_S20_S12_03_extreme_kinect_11_kinect_13_b01396,extreme,v19_ungated_translation_b050,True,False,417.2487034597092,438.3242018176337,0.9519180134920019,-4.808198650799811
development,egobody_recording_20210918_S09_S05_02_extreme_kinect_13_kinect_11_b03726,extreme,v20_gate_vel_r025_t075_b050,False,True,182.11680109168103,191.675928527158,0.9501287015592959,-4.987129844070415
development,egobody_recording_20210929_S15_S11_01_small_kinect_13_kinect_12_b02726,small,v20_gate_r025_t100_b100,False,True,320.06976367913023,337.67480312463914,0.9478639232699554,-5.213607673004461
development,egobody_recording_20210918_S09_S05_01_medium_kinect_12_kinect_13_b02021,medium,v20_gate_r025_t100_b100,False,True,125.31052251218418,132.23663605534855,0.9476233383593832,-5.237666164061682
development,egobody_recording_20220218_S02_S23_01_small_kinect_12_kinect_11_b03091,small,v17_harmony_multicue_safe,False,True,264.8610852556219,279.64138605880675,0.9471455172945086,-5.285448270549143
development,egobody_recording_20210918_S09_S05_01_medium_kinect_12_kinect_13_b02021,medium,v20_gate_vel_r025_t075_b050,False,True,125.15371905077696,132.23663605534855,0.9464375590921188,-5.35624409078812
development,egobody_recording_20210923_S14_S03_01_small_kinect_12_kinect_13_b02046,small,v20_gate_r025_t100_b100,False,True,331.59368258210407,351.1331642394547,0.9443530727162368,-5.564692728376319
development,egobody_recording_20210918_S09_S05_02_extreme_kinect_13_kinect_11_b03726,extreme,v19_ungated_translation_b050,True,False,180.8894706967363,191.675928527158,0.9437255480471384,-5.627445195286162
development,egobody_recording_20210918_S09_S05_02_extreme_kinect_13_kinect_11_b03726,extreme,v20_gate_r015_t050_b050,False,True,180.8894706967363,191.675928527158,0.9437255480471384,-5.627445195286162
development,egobody_recording_20210918_S09_S05_02_extreme_kinect_13_kinect_11_b03726,extreme,v20_gate_r025_t075_b050,False,True,180.8894706967363,191.675928527158,0.9437255480471384,-5.627445195286162
test,egobody_recording_20210907_S03_S04_01_small_kinect_11_kinect_12_b01801,small,v19_ungated_translation_b050,True,False,139.84382792744478,148.20696976446823,0.9435711974253692,-5.642880257463078
development,egobody_recording_20210929_S15_S11_01_small_kinect_13_kinect_12_b02726,small,v17_harmony_multicue_safe,False,True,318.1567384706517,337.67480312463914,0.9421986346823067,-5.780136531769331
development,egobody_recording_20210918_S09_S05_01_medium_kinect_12_kinect_13_b02021,medium,v19_ungated_translation_b050,True,False,124.58691142057576,132.23663605534855,0.9421512459559925,-5.784875404400747
development,egobody_recording_20210918_S09_S05_01_medium_kinect_12_kinect_13_b02021,medium,v20_gate_r015_t050_b050,False,True,124.58691142057576,132.23663605534855,0.9421512459559925,-5.784875404400747
development,egobody_recording_20210918_S09_S05_01_medium_kinect_12_kinect_13_b02021,medium,v20_gate_r025_t075_b050,False,True,124.58691142057576,132.23663605534855,0.9421512459559925,-5.784875404400747
test,egobody_recording_20211004_S12_S20_04_small_kinect_11_kinect_12_b03381,small,v19_ungated_translation_b050,True,False,493.6118053772704,524.0199500136833,0.9419713989217035,-5.802860107829655
test,egobody_recording_20210929_S05_S16_04_extreme_kinect_13_kinect_11_b02616,extreme,v19_ungated_translation_b050,True,False,315.9189661046925,335.7076816416773,0.9410537303161666,-5.894626968383343
development,egobody_recording_20210918_S05_S06_01_medium_kinect_12_kinect_13_b02931,medium,v20_gate_vel_r025_t075_b050,False,True,106.4201691009584,113.11732855307422,0.9407945755280674,-5.920542447193256
development,egobody_recording_20210911_S06_S07_01_extreme_kinect_13_kinect_11_b03451,extreme,v20_gate_vel_r025_t075_b050,False,True,216.93625541450717,230.68676012181302,0.9403931777443796,-5.960682225562042
development,egobody_recording_20210918_S05_S06_01_medium_kinect_12_kinect_13_b02931,medium,v19_ungated_translation_b050,True,False,106.30650746232291,113.11732855307422,0.9397897636209143,-6.0210236379085735
development,egobody_recording_20210918_S05_S06_01_medium_kinect_12_kinect_13_b02931,medium,v20_gate_r015_t050_b050,False,True,106.30650746232291,113.11732855307422,0.9397897636209143,-6.0210236379085735
development,egobody_recording_20210918_S05_S06_01_medium_kinect_12_kinect_13_b02931,medium,v20_gate_r025_t075_b050,False,True,106.30650746232291,113.11732855307422,0.9397897636209143,-6.0210236379085735
development,egobody_recording_20210911_S08_S03_03_medium_kinect_12_kinect_11_b03066,medium,v20_gate_vel_r025_t075_b050,False,True,202.44089355465215,215.52531033457979,0.9392905790989676,-6.070942090103237
development,egobody_recording_20220218_S02_S23_01_medium_kinect_13_kinect_11_b03091,medium,v20_gate_r025_t100_b100,False,True,197.83692015117933,210.68586492976337,0.9390137312587747,-6.098626874122526
test,egobody_recording_20210921_S05_S12_03_small_kinect_12_kinect_13_b03356,small,v19_ungated_translation_b050,True,False,290.2061110889076,309.23143026248874,0.9384754675246574,-6.152453247534262
development,egobody_recording_20211004_S19_S06_05_medium_kinect_12_kinect_13_b03406,medium,v19_ungated_translation_b050,True,False,299.1295882259612,319.0216639967996,0.9376466302581947,-6.235336974180528
development,egobody_recording_20210911_S06_S07_01_extreme_kinect_13_kinect_11_b03451,extreme,v19_ungated_translation_b050,True,False,215.51620250376791,230.68676012181302,0.9342374152290562,-6.576258477094377
development,egobody_recording_20210911_S06_S07_01_extreme_kinect_13_kinect_11_b03451,extreme,v20_gate_r015_t050_b050,False,True,215.51620250376791,230.68676012181302,0.9342374152290562,-6.576258477094377
development,egobody_recording_20210911_S06_S07_01_extreme_kinect_13_kinect_11_b03451,extreme,v20_gate_r025_t075_b050,False,True,215.51620250376791,230.68676012181302,0.9342374152290562,-6.576258477094377
development,egobody_recording_20210911_S08_S03_03_medium_kinect_12_kinect_11_b03066,medium,v19_ungated_translation_b050,True,False,201.2431474327288,215.52531033457979,0.9337332451595617,-6.626675484043831
development,egobody_recording_20210911_S08_S03_03_medium_kinect_12_kinect_11_b03066,medium,v20_gate_r015_t050_b050,False,True,201.2431474327288,215.52531033457979,0.9337332451595617,-6.626675484043831
development,egobody_recording_20210911_S08_S03_03_medium_kinect_12_kinect_11_b03066,medium,v20_gate_r025_t075_b050,False,True,201.2431474327288,215.52531033457979,0.9337332451595617,-6.626675484043831
development,egobody_recording_20210918_S09_S05_01_medium_kinect_12_kinect_13_b02021,medium,v17_harmony_multicue_safe,False,True,123.43161627752104,132.23663605534855,0.9334146720569774,-6.658532794302263
development,egobody_recording_20220218_S02_S23_01_small_kinect_12_kinect_11_b03091,small,v20_gate_vel_r025_t075_b050,False,True,260.7347350900818,279.64138605880675,0.932389653637502,-6.761034636249796
development,egobody_recording_20210929_S15_S11_03_medium_kinect_12_kinect_11_b01946,medium,v20_gate_r025_t100_b100,False,True,221.9848907836478,238.70272602285908,0.9299637858446145,-7.003621415538552
test,egobody_recording_20210911_S03_S08_02_medium_kinect_12_kinect_11_b03471,medium,v19_ungated_translation_b050,True,False,233.595029632193,251.21363822635104,0.9298660346685352,-7.0133965331464765
development,egobody_recording_20220218_S02_S23_01_medium_kinect_13_kinect_11_b03091,medium,v17_harmony_multicue_safe,False,True,195.56638296298013,210.68586492976337,0.9282368469672911,-7.176315303270886
test,egobody_recording_20210907_S03_S04_01_extreme_kinect_13_kinect_11_b01801,extreme,v19_ungated_translation_b050,True,False,143.02589515918598,154.08441390391118,0.9282307764650264,-7.176922353497361
development,egobody_recording_20220218_S02_S23_01_small_kinect_12_kinect_11_b03091,small,v19_ungated_translation_b050,True,False,259.1411349214431,279.64138605880675,0.9266909257378213,-7.33090742621787
development,egobody_recording_20220218_S02_S23_01_small_kinect_12_kinect_11_b03091,small,v20_gate_r025_t075_b050,False,True,259.1411349214431,279.64138605880675,0.9266909257378213,-7.33090742621787
development,egobody_recording_20211004_S19_S06_02_medium_kinect_12_kinect_13_b02621,medium,v19_ungated_translation_b050,True,False,318.7710423512491,344.85503199100447,0.9243624502471063,-7.563754975289372
development,egobody_recording_20210911_S08_S03_02_medium_kinect_12_kinect_11_b02326,medium,v20_gate_vel_r025_t075_b050,False,True,157.1571136260213,170.30034524775402,0.9228232238601051,-7.717677613989493
development,egobody_recording_20210929_S16_S05_01_medium_kinect_11_kinect_12_b03136,medium,v19_ungated_translation_b050,True,False,286.07921862550427,310.10055180171474,0.9225369544277037,-7.746304557229633
development,egobody_recording_20210923_S14_S03_01_small_kinect_12_kinect_13_b02046,small,v17_harmony_multicue_safe,False,True,323.66639841849263,351.1331642394547,0.9217767826617734,-7.8223217338226565
development,egobody_recording_20211004_S19_S06_01_small_kinect_11_kinect_12_b03136,small,v19_ungated_translation_b050,True,False,399.14850575357934,434.14036391044795,0.9193996664081515,-8.060033359184848
development,egobody_recording_20210918_S06_S05_01_small_kinect_11_kinect_12_b02456,small,v20_gate_vel_r025_t075_b050,False,True,235.00120243891214,255.61304026219494,0.9193631209028295,-8.063687909717054
test,egobody_recording_20220318_S34_S33_03_medium_kinect_14_kinect_13_b03186,medium,v19_ungated_translation_b050,True,False,196.37830400898966,213.72459682527003,0.918838107199885,-8.116189280011499
development,egobody_recording_20210918_S09_S05_02_medium_kinect_13_kinect_12_b03726,medium,v20_gate_vel_r025_t075_b050,False,True,174.82076793976734,190.26736936850344,0.9188163399746194,-8.118366002538057
development,egobody_recording_20210911_S08_S03_02_medium_kinect_12_kinect_11_b02326,medium,v19_ungated_translation_b050,True,False,156.40395525121582,170.30034524775402,0.9184006939250672,-8.159930607493282
development,egobody_recording_20210911_S08_S03_02_medium_kinect_12_kinect_11_b02326,medium,v20_gate_r015_t050_b050,False,True,156.40395525121582,170.30034524775402,0.9184006939250672,-8.159930607493282
development,egobody_recording_20210911_S08_S03_02_medium_kinect_12_kinect_11_b02326,medium,v20_gate_r025_t075_b050,False,True,156.40395525121582,170.30034524775402,0.9184006939250672,-8.159930607493282
development,egobody_recording_20210907_S02_S01_01_extreme_kinect_11_kinect_13_b02196,extreme,v19_ungated_translation_b050,True,False,143.44558505867641,156.2723273990295,0.9179205777898157,-8.207942221018428
development,egobody_recording_20210918_S06_S05_01_small_kinect_11_kinect_12_b02456,small,v19_ungated_translation_b050,True,False,234.59929962958884,255.61304026219494,0.9177908114114551,-8.220918858854487
development,egobody_recording_20210918_S06_S05_01_small_kinect_11_kinect_12_b02456,small,v20_gate_r025_t075_b050,False,True,234.59929962958884,255.61304026219494,0.9177908114114551,-8.220918858854487
test,egobody_recording_20210929_S05_S16_01_extreme_kinect_11_kinect_13_b02576,extreme,v19_ungated_translation_b050,True,False,364.7118104661573,397.58569463642124,0.9173162299002584,-8.26837700997416
development,egobody_recording_20210907_S04_S03_01_medium_kinect_12_kinect_13_b02471,medium,v19_ungated_translation_b050,True,False,241.97204893636646,263.88695853357035,0.9169534193012574,-8.304658069874261
test,egobody_recording_20220225_S27_S26_01_small_kinect_14_kinect_13_b02876,small,v19_ungated_translation_b050,True,False,192.4688068175301,210.10863619672182,0.9160442440705969,-8.395575592940308
development,egobody_recording_20210911_S06_S07_01_extreme_kinect_13_kinect_11_b03451,extreme,v17_harmony_multicue_safe,False,True,211.20307091483036,230.68676012181302,0.9155404965733864,-8.445950342661357
test,egobody_recording_20211004_S12_S20_01_medium_kinect_13_kinect_12_b02556,medium,v19_ungated_translation_b050,True,False,158.84901764575895,173.58590383486145,0.915103209053644,-8.489679094635605
test,egobody_recording_20220318_S33_S34_02_small_kinect_12_kinect_11_b03381,small,v19_ungated_translation_b050,True,False,153.26885235861488,167.50872688402288,0.9149902528047558,-8.500974719524423
development,egobody_recording_20210907_S04_S03_01_small_kinect_12_kinect_11_b02471,small,v20_gate_vel_r025_t075_b050,False,True,173.16512638189766,189.39790874320786,0.9142927053998302,-8.57072946001698
development,egobody_recording_20210918_S09_S05_02_medium_kinect_13_kinect_12_b03726,medium,v19_ungated_translation_b050,True,False,173.70922650463308,190.26736936850344,0.9129743427954737,-8.702565720452625
development,egobody_recording_20210918_S09_S05_02_medium_kinect_13_kinect_12_b03726,medium,v20_gate_r015_t050_b050,False,True,173.70922650463308,190.26736936850344,0.9129743427954737,-8.702565720452625
development,egobody_recording_20210918_S09_S05_02_medium_kinect_13_kinect_12_b03726,medium,v20_gate_r025_t075_b050,False,True,173.70922650463308,190.26736936850344,0.9129743427954737,-8.702565720452625
development,egobody_recording_20210918_S06_S05_02_small_kinect_12_kinect_11_b03571,small,v20_gate_r025_t100_b100,False,True,232.08573838432358,254.40605190352844,0.9122650056781323,-8.773499432186771
development,egobody_recording_20210929_S15_S11_03_small_kinect_12_kinect_13_b01946,small,v19_ungated_translation_b050,True,False,333.18346042580794,365.50506543032384,0.9115700217000758,-8.842997829992417
test,egobody_recording_20211004_S20_S12_01_medium_kinect_12_kinect_13_b02766,medium,v19_ungated_translation_b050,True,False,220.6571058601758,242.14990700759196,0.9112417534533997,-8.875824654660025
test,egobody_recording_20211004_S20_S12_02_medium_kinect_12_kinect_13_b01446,medium,v19_ungated_translation_b050,True,False,240.71966492002704,264.40700759664634,0.9104133324909663,-8.958666750903365
development,egobody_recording_20210929_S15_S11_03_medium_kinect_12_kinect_11_b01946,medium,v17_harmony_multicue_safe,False,True,217.06514654721212,238.70272602285908,0.909353446287937,-9.064655371206298
holdout,egobody_recording_20220315_S21_S30_03_small_kinect_12_kinect_11_b03631,small,v20_gate_vel_r025_t075_b050,False,True,166.4818821060547,183.10542884458724,0.9092132502928575,-9.078674970714252
holdout,egobody_recording_20220315_S21_S30_03_small_kinect_12_kinect_11_b03631,small,v19_ungated_translation_b050,True,False,166.46201637470512,183.10542884458724,0.9091047568884022,-9.08952431115978
holdout,egobody_recording_20220315_S21_S30_03_small_kinect_12_kinect_11_b03631,small,v20_gate_r025_t075_b050,False,True,166.46201637470512,183.10542884458724,0.9091047568884022,-9.08952431115978
development,egobody_recording_20210907_S04_S03_01_small_kinect_12_kinect_11_b02471,small,v17_harmony_multicue_safe,False,True,172.17218042270696,189.39790874320786,0.9090500606115132,-9.094993938848683
development,egobody_recording_20210918_S09_S05_03_extreme_kinect_13_kinect_11_b02121,extreme,v20_gate_vel_r025_t075_b050,False,True,252.2368876690738,277.8997975421315,0.9076540893515151,-9.234591064848486
development,egobody_recording_20210911_S08_S03_03_medium_kinect_12_kinect_11_b03066,medium,v20_gate_r025_t100_b100,False,True,195.288905084099,215.52531033457979,0.9061065950023878,-9.389340499761223
development,egobody_recording_20210911_S06_S07_01_extreme_kinect_13_kinect_11_b03451,extreme,v20_gate_r025_t100_b100,False,True,209.0117093751552,230.68676012181302,0.9060412017784965,-9.395879822150356
development,egobody_recording_20210907_S04_S03_01_small_kinect_12_kinect_11_b02471,small,v19_ungated_translation_b050,True,False,171.59565483541712,189.39790874320786,0.9060060693070923,-9.399393069290774
development,egobody_recording_20210907_S04_S03_01_small_kinect_12_kinect_11_b02471,small,v20_gate_r025_t075_b050,False,True,171.59565483541712,189.39790874320786,0.9060060693070923,-9.399393069290774
development,egobody_recording_20210911_S08_S03_02_medium_kinect_12_kinect_11_b02326,medium,v20_gate_r025_t100_b100,False,True,154.0708804533951,170.30034524775402,0.9047009284053523,-9.529907159464768
development,egobody_recording_20210918_S09_S05_03_extreme_kinect_13_kinect_11_b02121,extreme,v19_ungated_translation_b050,True,False,251.1468147652523,277.8997975421315,0.9037315499561553,-9.626845004384466
development,egobody_recording_20210918_S09_S05_03_extreme_kinect_13_kinect_11_b02121,extreme,v20_gate_r015_t050_b050,False,True,251.1468147652523,277.8997975421315,0.9037315499561553,-9.626845004384466
development,egobody_recording_20210918_S09_S05_03_extreme_kinect_13_kinect_11_b02121,extreme,v20_gate_r025_t075_b050,False,True,251.1468147652523,277.8997975421315,0.9037315499561553,-9.626845004384466
development,egobody_recording_20210923_S14_S03_01_extreme_kinect_13_kinect_11_b02046,extreme,v19_ungated_translation_b050,True,False,344.4706243177142,381.4927038068203,0.9029546853198711,-9.704531468012888
development,egobody_recording_20210923_S14_S03_01_extreme_kinect_13_kinect_11_b02046,extreme,v20_gate_r025_t075_b050,False,True,344.4706243177142,381.4927038068203,0.9029546853198711,-9.704531468012888
test,egobody_recording_20211004_S12_S20_04_extreme_kinect_13_kinect_11_b03381,extreme,v19_ungated_translation_b050,True,False,405.97196808369614,449.6054351473726,0.9029516468158927,-9.704835318410732
development,egobody_recording_20210923_S14_S03_01_extreme_kinect_13_kinect_11_b02046,extreme,v20_gate_vel_r025_t075_b050,False,True,344.3573630484308,381.4927038068203,0.9026577955808192,-9.734220441918085
development,egobody_recording_20210911_S08_S03_02_medium_kinect_12_kinect_11_b02326,medium,v17_harmony_multicue_safe,False,True,153.6506336870363,170.30034524775402,0.9022332483442966,-9.776675165570337
development,egobody_recording_20211004_S19_S06_05_small_kinect_11_kinect_12_b03406,small,v20_gate_vel_r025_t075_b050,False,True,407.8716076600869,452.53792514420036,0.9012981785562378,-9.870182144376216
test,egobody_recording_20210929_S05_S16_01_small_kinect_12_kinect_13_b02576,small,v19_ungated_translation_b050,True,False,321.6295610354414,356.9898491383819,0.9009487575395075,-9.905124246049246
development,egobody_recording_20211004_S19_S06_05_small_kinect_11_kinect_12_b03406,small,v19_ungated_translation_b050,True,False,406.6433605782444,452.53792514420036,0.898584047842329,-10.141595215767097
development,egobody_recording_20211004_S19_S06_05_small_kinect_11_kinect_12_b03406,small,v20_gate_r025_t075_b050,False,True,406.6433605782444,452.53792514420036,0.898584047842329,-10.141595215767097
holdout,egobody_recording_20220315_S21_S30_04_extreme_kinect_14_kinect_11_b04401,extreme,v19_ungated_translation_b050,True,False,430.1856752630291,478.8954041549628,0.8982873327467306,-10.171266725326944
holdout,egobody_recording_20220315_S21_S30_04_extreme_kinect_14_kinect_11_b04401,extreme,v20_gate_r025_t075_b050,False,True,430.1856752630291,478.8954041549628,0.8982873327467306,-10.171266725326944
holdout,egobody_recording_20220315_S21_S30_04_extreme_kinect_14_kinect_11_b04401,extreme,v20_gate_vel_r025_t075_b050,False,True,429.8146180202444,478.8954041549628,0.8975125137788195,-10.248748622118054
development,egobody_recording_20220225_S26_S27_01_small_kinect_14_kinect_13_b03066,small,v20_gate_vel_r025_t075_b050,False,True,178.23033910445457,198.66683934987893,0.8971317995881892,-10.286820041181077
development,egobody_recording_20220225_S26_S27_01_small_kinect_14_kinect_13_b03066,small,v19_ungated_translation_b050,True,False,178.13262856949794,198.66683934987893,0.896639968463899,-10.336003153610097
development,egobody_recording_20220225_S26_S27_01_small_kinect_14_kinect_13_b03066,small,v20_gate_r015_t050_b050,False,True,178.13262856949794,198.66683934987893,0.896639968463899,-10.336003153610097
development,egobody_recording_20220225_S26_S27_01_small_kinect_14_kinect_13_b03066,small,v20_gate_r025_t075_b050,False,True,178.13262856949794,198.66683934987893,0.896639968463899,-10.336003153610097
development,egobody_recording_20210929_S15_S11_03_medium_kinect_12_kinect_11_b01946,medium,v20_gate_vel_r025_t075_b050,False,True,214.0187483100097,238.70272602285908,0.8965911360790846,-10.34088639209154
development,egobody_recording_20210929_S15_S11_03_medium_kinect_12_kinect_11_b01946,medium,v19_ungated_translation_b050,True,False,213.18009310097418,238.70272602285908,0.8930777484315753,-10.692225156842472
development,egobody_recording_20210929_S15_S11_03_medium_kinect_12_kinect_11_b01946,medium,v20_gate_r025_t075_b050,False,True,213.18009310097418,238.70272602285908,0.8930777484315753,-10.692225156842472
development,egobody_recording_20210911_S07_S06_01_medium_kinect_11_kinect_12_b02166,medium,v20_gate_vel_r025_t075_b050,False,True,186.65156847584225,209.04606694636246,0.8928729021423482,-10.712709785765185
development,egobody_recording_20210911_S06_S07_02_medium_kinect_12_kinect_11_b02246,medium,v20_gate_vel_r025_t075_b050,False,True,170.6935486141507,191.38002279243116,0.8919089156932707,-10.809108430672932
development,egobody_recording_20210911_S06_S07_02_medium_kinect_12_kinect_11_b02246,medium,v19_ungated_translation_b050,True,False,170.66590094300196,191.38002279243116,0.8917644509223643,-10.823554907763565
development,egobody_recording_20210911_S06_S07_02_medium_kinect_12_kinect_11_b02246,medium,v20_gate_r015_t050_b050,False,True,170.66590094300196,191.38002279243116,0.8917644509223643,-10.823554907763565
development,egobody_recording_20210911_S06_S07_02_medium_kinect_12_kinect_11_b02246,medium,v20_gate_r025_t075_b050,False,True,170.66590094300196,191.38002279243116,0.8917644509223643,-10.823554907763565
development,egobody_recording_20210911_S08_S03_03_medium_kinect_12_kinect_11_b03066,medium,v17_harmony_multicue_safe,False,True,192.06129560402178,215.52531033457979,0.8911310476986083,-10.88689523013917
test,egobody_recording_20220318_S34_S33_02_medium_kinect_13_kinect_14_b04321,medium,v19_ungated_translation_b050,True,False,290.0353556528763,325.58543354215817,0.8908118293176691,-10.91881706823309
test,egobody_recording_20220318_S33_S34_01_small_kinect_12_kinect_11_b03921,small,v19_ungated_translation_b050,True,False,142.4675650258934,159.95128304106018,0.890693480647613,-10.9306519352387
development,egobody_recording_20210929_S15_S11_01_medium_kinect_12_kinect_11_b02726,medium,v20_gate_vel_r025_t075_b050,False,True,276.3825551315615,310.73763547329617,0.8894402337540892,-11.055976624591079
development,egobody_recording_20210911_S07_S06_01_medium_kinect_11_kinect_12_b02166,medium,v19_ungated_translation_b050,True,False,185.89455764649261,209.04606694636246,0.8892516389422905,-11.074836105770947
development,egobody_recording_20210911_S07_S06_01_medium_kinect_11_kinect_12_b02166,medium,v20_gate_r015_t050_b050,False,True,185.89455764649261,209.04606694636246,0.8892516389422905,-11.074836105770947
development,egobody_recording_20210911_S07_S06_01_medium_kinect_11_kinect_12_b02166,medium,v20_gate_r025_t075_b050,False,True,185.89455764649261,209.04606694636246,0.8892516389422905,-11.074836105770947
development,egobody_recording_20210929_S15_S11_01_medium_kinect_12_kinect_11_b02726,medium,v19_ungated_translation_b050,True,False,275.7670266363087,310.73763547329617,0.8874593713641336,-11.254062863586645
development,egobody_recording_20210929_S15_S11_01_medium_kinect_12_kinect_11_b02726,medium,v20_gate_r025_t075_b050,False,True,275.7670266363087,310.73763547329617,0.8874593713641336,-11.254062863586645
test,egobody_recording_20220318_S32_S31_01_small_kinect_11_kinect_12_b03251,small,v19_ungated_translation_b050,True,False,223.7493888555276,253.208331128139,0.883657294602588,-11.634270539741198
development,egobody_recording_20210929_S15_S11_01_medium_kinect_12_kinect_11_b02726,medium,v20_gate_r025_t100_b100,False,True,274.57146935299846,310.73763547329617,0.8836118899301926,-11.638811006980742
development,egobody_recording_20210918_S05_S06_03_medium_kinect_12_kinect_13_b01956,medium,v20_gate_vel_r025_t075_b050,False,True,88.47181513629735,100.26616193597806,0.8823696193017577,-11.763038069824228
development,egobody_recording_20210918_S09_S05_02_extreme_kinect_13_kinect_11_b03726,extreme,v20_gate_r025_t100_b100,False,True,168.93853213684233,191.675928527158,0.8813758380354262,-11.862416196457382
development,egobody_recording_20210918_S05_S06_03_medium_kinect_12_kinect_13_b01956,medium,v19_ungated_translation_b050,True,False,88.35292407731322,100.26616193597806,0.881183864739216,-11.881613526078405
development,egobody_recording_20210918_S05_S06_03_medium_kinect_12_kinect_13_b01956,medium,v20_gate_r015_t050_b050,False,True,88.35292407731322,100.26616193597806,0.881183864739216,-11.881613526078405
development,egobody_recording_20210918_S05_S06_03_medium_kinect_12_kinect_13_b01956,medium,v20_gate_r025_t075_b050,False,True,88.35292407731322,100.26616193597806,0.881183864739216,-11.881613526078405
test,egobody_recording_20220225_S27_S26_02_medium_kinect_12_kinect_15_b03911,medium,v19_ungated_translation_b050,True,False,275.2617907378621,313.1365002769179,0.8790472860699349,-12.095271393006513
test,egobody_recording_20210921_S05_S12_03_medium_kinect_11_kinect_12_b03356,medium,v19_ungated_translation_b050,True,False,358.0034013190353,407.56744501791206,0.878390572395451,-12.160942760454896
holdout,egobody_recording_20220315_S21_S30_03_small_kinect_12_kinect_11_b03631,small,v17_harmony_multicue_safe,False,True,160.81949186897788,183.10542884458724,0.878289043005247,-12.171095699475298
development,egobody_recording_20210911_S08_S03_01_medium_kinect_12_kinect_11_b02986,medium,v20_gate_vel_r025_t075_b050,False,True,143.92115902050733,163.96891345166998,0.8777344192314128,-12.226558076858717
test,egobody_recording_20220415_S35_S36_02_small_kinect_11_kinect_12_b02241,small,v19_ungated_translation_b050,True,False,130.41216242771833,148.7739730348992,0.8765791473292605,-12.342085267073955
development,egobody_recording_20210911_S08_S03_01_medium_kinect_12_kinect_11_b02986,medium,v19_ungated_translation_b050,True,False,143.71712652787537,163.96891345166998,0.8764900827999702,-12.35099172000298
development,egobody_recording_20210911_S08_S03_01_medium_kinect_12_kinect_11_b02986,medium,v20_gate_r015_t050_b050,False,True,143.71712652787537,163.96891345166998,0.8764900827999702,-12.35099172000298
development,egobody_recording_20210911_S08_S03_01_medium_kinect_12_kinect_11_b02986,medium,v20_gate_r025_t075_b050,False,True,143.71712652787537,163.96891345166998,0.8764900827999702,-12.35099172000298
holdout,egobody_recording_20211002_S03_S18_04_small_kinect_11_kinect_12_b04526,small,v19_ungated_translation_b050,True,False,357.61792142055015,408.7925700366791,0.8748151205107831,-12.518487948921686
test,egobody_recording_20210921_S05_S12_03_extreme_kinect_11_kinect_13_b03356,extreme,v19_ungated_translation_b050,True,False,415.5980240927819,475.16396491417123,0.8746412918072423,-12.535870819275774
development,egobody_recording_20210918_S09_S05_02_extreme_kinect_13_kinect_11_b03726,extreme,v17_harmony_multicue_safe,False,True,167.60148635329602,191.675928527158,0.8744002840687899,-12.559971593121011
holdout,egobody_recording_20211002_S03_S18_02_medium_kinect_13_kinect_12_b04461,medium,v20_gate_vel_r025_t075_b050,False,True,305.5291849391468,349.9020813349137,0.8731848172309247,-12.681518276907532
development,egobody_recording_20210929_S15_S11_01_medium_kinect_12_kinect_11_b02726,medium,v17_harmony_multicue_safe,False,True,271.06302582244814,310.73763547329617,0.872321196013421,-12.767880398657905
development,egobody_recording_20210918_S05_S06_05_extreme_kinect_13_kinect_11_b02446,extreme,v20_gate_vel_r025_t075_b050,False,True,251.73416870213617,288.7799154227822,0.8717163322580451,-12.828366774195487
development,egobody_recording_20210918_S05_S06_05_extreme_kinect_13_kinect_11_b02446,extreme,v19_ungated_translation_b050,True,False,251.54357776251928,288.7799154227822,0.871056345432653,-12.894365456734702
development,egobody_recording_20210918_S05_S06_05_extreme_kinect_13_kinect_11_b02446,extreme,v20_gate_r015_t050_b050,False,True,251.54357776251928,288.7799154227822,0.871056345432653,-12.894365456734702
development,egobody_recording_20210918_S05_S06_05_extreme_kinect_13_kinect_11_b02446,extreme,v20_gate_r025_t075_b050,False,True,251.54357776251928,288.7799154227822,0.871056345432653,-12.894365456734702
holdout,egobody_recording_20211002_S03_S18_02_medium_kinect_13_kinect_12_b04461,medium,v19_ungated_translation_b050,True,False,304.4963670360086,349.9020813349137,0.8702330831366379,-12.976691686336206
holdout,egobody_recording_20211002_S03_S18_02_medium_kinect_13_kinect_12_b04461,medium,v20_gate_r025_t075_b050,False,True,304.4963670360086,349.9020813349137,0.8702330831366379,-12.976691686336206
development,egobody_recording_20210911_S06_S07_01_small_kinect_13_kinect_12_b03451,small,v20_gate_vel_r025_t075_b050,False,True,215.63605917919597,248.30401593748874,0.8684356487954789,-13.156435120452114
test,egobody_recording_20220318_S32_S31_02_small_kinect_11_kinect_12_b03001,small,v19_ungated_translation_b050,True,False,243.75084986991632,280.7038637802013,0.868355877212933,-13.164412278706706
development,egobody_recording_20210918_S05_S09_01_extreme_kinect_13_kinect_11_b02171,extreme,v20_gate_vel_r025_t075_b050,False,True,178.53418828839338,205.69477807652845,0.8679568337022634,-13.204316629773661
development,egobody_recording_20210918_S06_S05_02_extreme_kinect_11_kinect_13_b03571,extreme,v20_gate_vel_r025_t075_b050,False,True,207.90578722253346,240.16320447938853,0.8656854311767668,-13.431456882323323
development,egobody_recording_20210918_S09_S05_02_medium_kinect_13_kinect_12_b03726,medium,v20_gate_r025_t100_b100,False,True,164.67957442430634,190.26736936850344,0.8655166409819882,-13.448335901801178
development,egobody_recording_20210918_S05_S06_05_small_kinect_12_kinect_11_b02446,small,v20_gate_vel_r025_t075_b050,False,True,251.040923769676,290.2478227366815,0.8649192314439005,-13.508076855609952
development,egobody_recording_20210918_S05_S06_05_small_kinect_12_kinect_11_b02446,small,v19_ungated_translation_b050,True,False,250.9810038497964,290.2478227366815,0.8647127874495419,-13.528721255045806
development,egobody_recording_20210918_S05_S06_05_small_kinect_12_kinect_11_b02446,small,v20_gate_r015_t050_b050,False,True,250.9810038497964,290.2478227366815,0.8647127874495419,-13.528721255045806
development,egobody_recording_20210918_S05_S06_05_small_kinect_12_kinect_11_b02446,small,v20_gate_r025_t075_b050,False,True,250.9810038497964,290.2478227366815,0.8647127874495419,-13.528721255045806
development,egobody_recording_20210918_S05_S09_01_extreme_kinect_13_kinect_11_b02171,extreme,v19_ungated_translation_b050,True,False,177.72263168888418,205.69477807652845,0.8640113927576846,-13.598860724231542
development,egobody_recording_20210918_S05_S09_01_extreme_kinect_13_kinect_11_b02171,extreme,v20_gate_r015_t050_b050,False,True,177.72263168888418,205.69477807652845,0.8640113927576846,-13.598860724231542
development,egobody_recording_20210918_S05_S09_01_extreme_kinect_13_kinect_11_b02171,extreme,v20_gate_r025_t075_b050,False,True,177.72263168888418,205.69477807652845,0.8640113927576846,-13.598860724231542
test,egobody_recording_20211004_S12_S20_02_extreme_kinect_13_kinect_11_b01776,extreme,v19_ungated_translation_b050,True,False,349.7698380408983,405.17701388045066,0.8632519270801959,-13.674807291980407
development,egobody_recording_20220225_S26_S27_01_small_kinect_14_kinect_13_b03066,small,v20_gate_r025_t100_b100,False,True,171.49516471419793,198.66683934987893,0.8632299445413332,-13.677005545866683
development,egobody_recording_20211004_S19_S06_05_small_kinect_11_kinect_12_b03406,small,v17_harmony_multicue_safe,False,True,390.60968916263295,452.53792514420036,0.8631534893747654,-13.684651062523457
test,egobody_recording_20210929_S05_S16_03_extreme_kinect_11_kinect_13_b01076,extreme,v19_ungated_translation_b050,True,False,306.4639099765895,355.0860412116918,0.8630694378489656,-13.69305621510344
development,egobody_recording_20210911_S06_S07_01_small_kinect_13_kinect_12_b03451,small,v19_ungated_translation_b050,True,False,214.16878096920772,248.30401593748874,0.8625264483161856,-13.747355168381436
development,egobody_recording_20210911_S06_S07_01_small_kinect_13_kinect_12_b03451,small,v20_gate_r015_t050_b050,False,True,214.16878096920772,248.30401593748874,0.8625264483161856,-13.747355168381436
development,egobody_recording_20210911_S06_S07_01_small_kinect_13_kinect_12_b03451,small,v20_gate_r025_t075_b050,False,True,214.16878096920772,248.30401593748874,0.8625264483161856,-13.747355168381436
test,egobody_recording_20220225_S27_S26_02_small_kinect_14_kinect_13_b03911,small,v19_ungated_translation_b050,True,False,165.20700454053681,191.61105093716304,0.8621997725732157,-13.780022742678433
development,egobody_recording_20210918_S06_S05_03_extreme_kinect_13_kinect_11_b01166,extreme,v20_gate_vel_r025_t075_b050,False,True,192.79627937206436,224.28474323810383,0.859604967277641,-14.039503272235898
development,egobody_recording_20210918_S05_S06_04_medium_kinect_13_kinect_12_b03651,medium,v19_ungated_translation_b050,True,False,229.7083852680342,267.329189323821,0.8592716188196867,-14.072838118031328
development,egobody_recording_20220218_S02_S23_01_medium_kinect_13_kinect_11_b03091,medium,v20_gate_vel_r025_t075_b050,False,True,180.5938540873253,210.68586492976337,0.8571711925122747,-14.28288074877253
development,egobody_recording_20210918_S06_S05_03_extreme_kinect_13_kinect_11_b01166,extreme,v19_ungated_translation_b050,True,False,192.13126711344017,224.28474323810383,0.8566399316313322,-14.336006836866776
development,egobody_recording_20210918_S06_S05_03_extreme_kinect_13_kinect_11_b01166,extreme,v20_gate_r015_t050_b050,False,True,192.13126711344017,224.28474323810383,0.8566399316313322,-14.336006836866776
development,egobody_recording_20210918_S06_S05_03_extreme_kinect_13_kinect_11_b01166,extreme,v20_gate_r025_t075_b050,False,True,192.13126711344017,224.28474323810383,0.8566399316313322,-14.336006836866776
development,egobody_recording_20210918_S06_S05_02_extreme_kinect_11_kinect_13_b03571,extreme,v19_ungated_translation_b050,True,False,205.67842498601516,240.16320447938853,0.8564110619354559,-14.35889380645441
development,egobody_recording_20210918_S06_S05_02_extreme_kinect_11_kinect_13_b03571,extreme,v20_gate_r015_t050_b050,False,True,205.67842498601516,240.16320447938853,0.8564110619354559,-14.35889380645441
development,egobody_recording_20210918_S06_S05_02_extreme_kinect_11_kinect_13_b03571,extreme,v20_gate_r025_t075_b050,False,True,205.67842498601516,240.16320447938853,0.8564110619354559,-14.35889380645441
development,egobody_recording_20220315_S30_S21_01_small_kinect_11_kinect_12_b02671,small,v20_gate_vel_r025_t075_b050,False,True,200.7650776269966,234.49187158961436,0.8561707331943547,-14.382926680564534
development,egobody_recording_20220315_S30_S21_02_small_kinect_11_kinect_12_b02581,small,v20_gate_vel_r025_t075_b050,False,True,212.81941012274407,248.70001074493607,0.8557273861198553,-14.427261388014468
development,egobody_recording_20220225_S26_S27_01_small_kinect_14_kinect_13_b03066,small,v17_harmony_multicue_safe,False,True,169.985708974907,198.66683934987893,0.8556320195719195,-14.436798042808052
development,egobody_recording_20210918_S09_S05_02_medium_kinect_13_kinect_12_b03726,medium,v17_harmony_multicue_safe,False,True,162.73576112125195,190.26736936850344,0.8553004209884818,-14.469957901151819
test,egobody_recording_20220318_S31_S32_01_small_kinect_11_kinect_12_b03185,small,v19_ungated_translation_b050,True,False,126.69336555758377,148.13411387264145,0.8552612375735991,-14.473876242640094
development,egobody_recording_20220315_S30_S21_02_small_kinect_11_kinect_12_b02581,small,v19_ungated_translation_b050,True,False,212.46800434644805,248.70001074493607,0.8543144156288471,-14.568558437115286
development,egobody_recording_20220315_S30_S21_02_small_kinect_11_kinect_12_b02581,small,v20_gate_r015_t050_b050,False,True,212.46800434644805,248.70001074493607,0.8543144156288471,-14.568558437115286
development,egobody_recording_20220315_S30_S21_02_small_kinect_11_kinect_12_b02581,small,v20_gate_r025_t075_b050,False,True,212.46800434644805,248.70001074493607,0.8543144156288471,-14.568558437115286
development,egobody_recording_20220218_S02_S23_01_medium_kinect_13_kinect_11_b03091,medium,v19_ungated_translation_b050,True,False,179.96402523642186,210.68586492976337,0.8541817710287147,-14.581822897128527
development,egobody_recording_20220218_S02_S23_01_medium_kinect_13_kinect_11_b03091,medium,v20_gate_r025_t075_b050,False,True,179.96402523642186,210.68586492976337,0.8541817710287147,-14.581822897128527
development,egobody_recording_20210929_S15_S11_02_small_kinect_12_kinect_13_b04466,small,v19_ungated_translation_b050,True,False,334.361137997888,391.49198442687384,0.8540689242651475,-14.593107573485254
development,egobody_recording_20220312_S28_S29_01_small_kinect_15_kinect_11_b03226,small,v19_ungated_translation_b050,True,False,163.553711808945,191.60925213813425,0.8535794069643173,-14.642059303568267
development,egobody_recording_20220312_S28_S29_01_small_kinect_15_kinect_11_b03226,small,v20_gate_r015_t050_b050,False,True,163.553711808945,191.60925213813425,0.8535794069643173,-14.642059303568267
development,egobody_recording_20220312_S28_S29_01_small_kinect_15_kinect_11_b03226,small,v20_gate_r025_t075_b050,False,True,163.553711808945,191.60925213813425,0.8535794069643173,-14.642059303568267
development,egobody_recording_20210921_S10_S11_02_small_kinect_13_kinect_12_b02411,small,v19_ungated_translation_b050,True,False,181.16339874864332,212.41913860411537,0.8528581743581813,-14.714182564181865
development,egobody_recording_20210921_S10_S11_02_small_kinect_13_kinect_12_b02411,small,v20_gate_r015_t050_b050,False,True,181.16339874864332,212.41913860411537,0.8528581743581813,-14.714182564181865
development,egobody_recording_20210921_S10_S11_02_small_kinect_13_kinect_12_b02411,small,v20_gate_r025_t075_b050,False,True,181.16339874864332,212.41913860411537,0.8528581743581813,-14.714182564181865
development,egobody_recording_20210918_S05_S09_01_small_kinect_11_kinect_12_b02171,small,v20_gate_r025_t100_b100,False,True,152.46336443671714,179.11210805261376,0.851217520101608,-14.878247989839199
development,egobody_recording_20211004_S19_S06_02_extreme_kinect_13_kinect_11_b02621,extreme,v19_ungated_translation_b050,True,False,315.79997849325395,371.36848438957037,0.8503682777830325,-14.963172221696752
development,egobody_recording_20210918_S05_S09_01_medium_kinect_13_kinect_12_b02171,medium,v20_gate_vel_r025_t075_b050,False,True,131.25557377268012,154.4607968917247,0.8497662605268625,-15.023373947313745
development,egobody_recording_20210923_S13_S05_01_small_kinect_13_kinect_12_b02401,small,v20_gate_vel_r025_t075_b050,False,True,139.8399471486167,164.5723817154858,0.8497169797929597,-15.028302020704032
development,egobody_recording_20220312_S28_S29_01_small_kinect_15_kinect_11_b03226,small,v20_gate_vel_r025_t075_b050,False,True,162.80920225523914,191.60925213813425,0.8496938453570463,-15.030615464295371
holdout,egobody_recording_20220218_S23_S02_01_small_kinect_12_kinect_11_b02751,small,v20_gate_vel_r025_t075_b050,False,True,214.87639639414948,253.12544797206564,0.8488929031657961,-15.110709683420387
development,egobody_recording_20220315_S30_S21_01_small_kinect_11_kinect_12_b02671,small,v19_ungated_translation_b050,True,False,199.03833122263686,234.49187158961436,0.8488069538332443,-15.119304616675567
development,egobody_recording_20220315_S30_S21_01_small_kinect_11_kinect_12_b02671,small,v20_gate_r025_t075_b050,False,True,199.03833122263686,234.49187158961436,0.8488069538332443,-15.119304616675567
holdout,egobody_recording_20220218_S23_S02_01_small_kinect_12_kinect_11_b02751,small,v19_ungated_translation_b050,True,False,214.79138390467006,253.12544797206564,0.8485570519498852,-15.144294805011482
holdout,egobody_recording_20220218_S23_S02_01_small_kinect_12_kinect_11_b02751,small,v20_gate_r025_t075_b050,False,True,214.79138390467006,253.12544797206564,0.8485570519498852,-15.144294805011482
development,egobody_recording_20210918_S05_S06_04_medium_kinect_13_kinect_12_b03651,medium,v17_harmony_multicue_safe,False,True,226.79897477309675,267.329189323821,0.848388368463463,-15.1611631536537
development,egobody_recording_20210918_S06_S05_01_medium_kinect_13_kinect_12_b02456,medium,v20_gate_vel_r025_t075_b050,False,True,217.03086443645586,255.9076382440951,0.8480827923918511,-15.191720760814887
development,egobody_recording_20210918_S05_S09_01_medium_kinect_13_kinect_12_b02171,medium,v19_ungated_translation_b050,True,False,130.74831778191592,154.4607968917247,0.8464822169315172,-15.351778306848285
development,egobody_recording_20210918_S05_S09_01_medium_kinect_13_kinect_12_b02171,medium,v20_gate_r015_t050_b050,False,True,130.74831778191592,154.4607968917247,0.8464822169315172,-15.351778306848285
development,egobody_recording_20210918_S05_S09_01_medium_kinect_13_kinect_12_b02171,medium,v20_gate_r025_t075_b050,False,True,130.74831778191592,154.4607968917247,0.8464822169315172,-15.351778306848285
test,egobody_recording_20220225_S27_S26_04_small_kinect_14_kinect_13_b03731,small,v19_ungated_translation_b050,True,False,141.75874754545666,167.51445469851168,0.8462478524649738,-15.37521475350262
development,egobody_recording_20210907_S02_S01_01_small_kinect_12_kinect_11_b02196,small,v19_ungated_translation_b050,True,False,165.12510518319647,195.14157338466754,0.8461810690523545,-15.381893094764553
test,egobody_recording_20220318_S33_S34_02_medium_kinect_14_kinect_13_b03381,medium,v19_ungated_translation_b050,True,False,227.38609233928,268.73380418406845,0.8461387767336206,-15.386122326637942
development,egobody_recording_20210918_S06_S05_01_medium_kinect_13_kinect_12_b02456,medium,v19_ungated_translation_b050,True,False,216.50597588752942,255.9076382440951,0.8460317064902034,-15.396829350979658
development,egobody_recording_20210918_S06_S05_01_medium_kinect_13_kinect_12_b02456,medium,v20_gate_r025_t075_b050,False,True,216.50597588752942,255.9076382440951,0.8460317064902034,-15.396829350979658
development,egobody_recording_20210923_S13_S05_01_small_kinect_13_kinect_12_b02401,small,v19_ungated_translation_b050,True,False,139.09489229684894,164.5723817154858,0.8451897629902291,-15.481023700977092
development,egobody_recording_20210923_S13_S05_01_small_kinect_13_kinect_12_b02401,small,v20_gate_r025_t075_b050,False,True,139.09489229684894,164.5723817154858,0.8451897629902291,-15.481023700977092
development,egobody_recording_20210910_S05_S06_01_medium_kinect_12_kinect_11_b02971,medium,v20_gate_vel_r025_t075_b050,False,True,191.48691902388404,226.70557809768454,0.8446502315058819,-15.534976849411809
development,egobody_recording_20210910_S06_S05_02_medium_kinect_12_kinect_11_b02726,medium,v19_ungated_translation_b050,True,False,142.43045690351863,168.672072823711,0.8444222835417514,-15.557771645824857
development,egobody_recording_20210911_S07_S06_03_medium_kinect_11_kinect_12_b02231,medium,v19_ungated_translation_b050,True,False,208.9157444262093,247.67080639447948,0.8435218807882315,-15.647811921176846
development,egobody_recording_20210911_S07_S06_03_medium_kinect_11_kinect_12_b02231,medium,v20_gate_r025_t075_b050,False,True,208.9157444262093,247.67080639447948,0.8435218807882315,-15.647811921176846
development,egobody_recording_20210911_S07_S06_01_medium_kinect_11_kinect_12_b02166,medium,v20_gate_r025_t100_b100,False,True,176.2149128918109,209.04606694636246,0.8429477553243063,-15.705224467569368
development,egobody_recording_20210918_S06_S05_03_small_kinect_12_kinect_11_b01166,small,v19_ungated_translation_b050,True,False,173.315690993506,205.7500867202756,0.8423602330196571,-15.763976698034288
development,egobody_recording_20210918_S06_S05_03_small_kinect_12_kinect_11_b01166,small,v20_gate_r015_t050_b050,False,True,173.315690993506,205.7500867202756,0.8423602330196571,-15.763976698034288
development,egobody_recording_20210918_S06_S05_03_small_kinect_12_kinect_11_b01166,small,v20_gate_r025_t075_b050,False,True,173.315690993506,205.7500867202756,0.8423602330196571,-15.763976698034288
development,egobody_recording_20210918_S06_S05_03_small_kinect_12_kinect_11_b01166,small,v20_gate_vel_r025_t075_b050,False,True,173.21509908621448,205.7500867202756,0.8418713296665894,-15.81286703334106
test,egobody_recording_20220225_S24_S25_02_small_kinect_13_kinect_14_b03501,small,v19_ungated_translation_b050,True,False,148.15617357047424,175.9922701379473,0.8418334137876942,-15.816658621230584
development,egobody_recording_20210918_S05_S06_05_medium_kinect_13_kinect_12_b02446,medium,v19_ungated_translation_b050,True,False,258.4764005976386,307.12191752381864,0.8416084487932797,-15.839155120672032
development,egobody_recording_20210918_S05_S06_05_medium_kinect_13_kinect_12_b02446,medium,v20_gate_r015_t050_b050,False,True,258.4764005976386,307.12191752381864,0.8416084487932797,-15.839155120672032
development,egobody_recording_20210918_S05_S06_05_medium_kinect_13_kinect_12_b02446,medium,v20_gate_r025_t075_b050,False,True,258.4764005976386,307.12191752381864,0.8416084487932797,-15.839155120672032
development,egobody_recording_20210918_S09_S05_01_extreme_kinect_13_kinect_11_b02021,extreme,v19_ungated_translation_b050,True,False,212.23675860483738,252.21421992641388,0.8414940230838676,-15.850597691613244
development,egobody_recording_20210918_S09_S05_01_extreme_kinect_13_kinect_11_b02021,extreme,v20_gate_r015_t050_b050,False,True,212.23675860483738,252.21421992641388,0.8414940230838676,-15.850597691613244
development,egobody_recording_20210918_S09_S05_01_extreme_kinect_13_kinect_11_b02021,extreme,v20_gate_r025_t075_b050,False,True,212.23675860483738,252.21421992641388,0.8414940230838676,-15.850597691613244
test,egobody_recording_20210921_S05_S12_01_small_kinect_13_kinect_12_b02281,small,v19_ungated_translation_b050,True,False,142.05224661456214,168.8244936707127,0.8414196514140355,-15.858034858596447
development,egobody_recording_20210910_S05_S06_01_medium_kinect_12_kinect_11_b02971,medium,v19_ungated_translation_b050,True,False,190.60652554674573,226.70557809768454,0.8407668092957811,-15.923319070421893
development,egobody_recording_20210910_S05_S06_01_medium_kinect_12_kinect_11_b02971,medium,v20_gate_r015_t050_b050,False,True,190.60652554674573,226.70557809768454,0.8407668092957811,-15.923319070421893
development,egobody_recording_20210910_S05_S06_01_medium_kinect_12_kinect_11_b02971,medium,v20_gate_r025_t075_b050,False,True,190.60652554674573,226.70557809768454,0.8407668092957811,-15.923319070421893
development,egobody_recording_20210923_S14_S03_01_extreme_kinect_13_kinect_11_b02046,extreme,v20_gate_r025_t100_b100,False,True,320.7323700246059,381.4927038068203,0.8407300239928518,-15.92699760071482
development,egobody_recording_20210921_S10_S11_02_small_kinect_13_kinect_12_b02411,small,v20_gate_vel_r025_t075_b050,False,True,178.55340730408417,212.41913860411537,0.840571186181361,-15.942881381863906
development,egobody_recording_20210918_S09_S05_01_extreme_kinect_13_kinect_11_b02021,extreme,v20_gate_vel_r025_t075_b050,False,True,211.9599870912183,252.21421992641388,0.8403966562752085,-15.960334372479146
development,egobody_recording_20210918_S05_S06_05_medium_kinect_13_kinect_12_b02446,medium,v20_gate_vel_r025_t075_b050,False,True,258.0589163931426,307.12191752381864,0.8402491052209878,-15.975089477901216
test,egobody_recording_20211002_S17_S15_02_small_kinect_12_kinect_11_b01321,small,v19_ungated_translation_b050,True,False,162.5854736396532,193.52203126981414,0.8401393504028062,-15.986064959719382
development,egobody_recording_20210929_S16_S05_01_extreme_kinect_13_kinect_11_b03136,extreme,v19_ungated_translation_b050,True,False,354.3873066430646,422.1021976085125,0.8395770234102135,-16.042297658978654
development,egobody_recording_20210911_S07_S06_03_medium_kinect_11_kinect_12_b02231,medium,v20_gate_vel_r025_t075_b050,False,True,207.4755540580818,247.67080639447948,0.8377069428506789,-16.229305714932106
development,egobody_recording_20210918_S05_S09_01_medium_kinect_13_kinect_12_b02171,medium,v20_gate_r025_t100_b100,False,True,129.3028148019678,154.4607968917247,0.8371238359763716,-16.287616402362836
development,egobody_recording_20220215_S22_S21_01_small_kinect_11_kinect_12_b02706,small,v20_gate_vel_r025_t075_b050,False,True,148.74224971084985,177.72448676867305,0.8369260331833361,-16.307396681666386
development,egobody_recording_20210910_S06_S05_03_small_kinect_12_kinect_13_b02716,small,v20_gate_vel_r025_t075_b050,False,True,180.57306269578206,216.06744662017695,0.8357254437000399,-16.42745562999601
development,egobody_recording_20210911_S06_S07_02_medium_kinect_12_kinect_11_b02246,medium,v20_gate_r025_t100_b100,False,True,159.90784952038624,191.38002279243116,0.8355514185188528,-16.444858148114715
test,egobody_recording_20210921_S05_S12_02_medium_kinect_12_kinect_11_b01916,medium,v19_ungated_translation_b050,True,False,210.42539168431068,251.9548161357812,0.8351711426342021,-16.48288573657979
development,egobody_recording_20210911_S06_S07_01_small_kinect_13_kinect_12_b03451,small,v17_harmony_multicue_safe,False,True,207.29637135025658,248.30401593748874,0.834849048121896,-16.515095187810402
development,egobody_recording_20210918_S09_S05_01_small_kinect_12_kinect_11_b02021,small,v19_ungated_translation_b050,True,False,160.3496854605043,192.30089377095422,0.8338478429096312,-16.615215709036878
development,egobody_recording_20210918_S09_S05_01_small_kinect_12_kinect_11_b02021,small,v20_gate_r015_t050_b050,False,True,160.3496854605043,192.30089377095422,0.8338478429096312,-16.615215709036878
development,egobody_recording_20210918_S09_S05_01_small_kinect_12_kinect_11_b02021,small,v20_gate_r025_t075_b050,False,True,160.3496854605043,192.30089377095422,0.8338478429096312,-16.615215709036878
development,egobody_recording_20210918_S09_S05_01_small_kinect_12_kinect_11_b02021,small,v20_gate_vel_r025_t075_b050,False,True,160.20093555801535,192.30089377095422,0.8330743160706653,-16.69256839293347
development,egobody_recording_20210907_S04_S03_01_small_kinect_12_kinect_11_b02471,small,v20_gate_r025_t100_b100,False,True,157.67365293916637,189.39790874320786,0.8324994398588935,-16.750056014110648
development,egobody_recording_20220215_S22_S21_01_small_kinect_11_kinect_12_b02706,small,v19_ungated_translation_b050,True,False,147.94727035775108,177.72448676867305,0.8324529334571655,-16.754706654283446
development,egobody_recording_20220215_S22_S21_01_small_kinect_11_kinect_12_b02706,small,v20_gate_r015_t050_b050,False,True,147.94727035775108,177.72448676867305,0.8324529334571655,-16.754706654283446
development,egobody_recording_20220215_S22_S21_01_small_kinect_11_kinect_12_b02706,small,v20_gate_r025_t075_b050,False,True,147.94727035775108,177.72448676867305,0.8324529334571655,-16.754706654283446
test,egobody_recording_20220225_S27_S26_03_small_kinect_14_kinect_13_b02455,small,v19_ungated_translation_b050,True,False,140.65453316105044,169.16320772689218,0.8314723695008908,-16.852763049910923
holdout,egobody_recording_20210921_S11_S10_02_extreme_kinect_11_kinect_13_b02981,extreme,v19_ungated_translation_b050,True,False,201.9229209352625,242.85155451854817,0.831466454211395,-16.853354578860504
holdout,egobody_recording_20210921_S11_S10_02_extreme_kinect_11_kinect_13_b02981,extreme,v20_gate_r025_t075_b050,False,True,201.9229209352625,242.85155451854817,0.831466454211395,-16.853354578860504
development,egobody_recording_20211004_S19_S06_05_small_kinect_11_kinect_12_b03406,small,v20_gate_r025_t100_b100,False,True,376.2166152629346,452.53792514420036,0.8313482569290825,-16.865174307091745
development,egobody_recording_20210910_S06_S05_03_small_kinect_12_kinect_13_b02716,small,v19_ungated_translation_b050,True,False,179.61085662768218,216.06744662017695,0.8312721765228175,-16.87278234771825
development,egobody_recording_20210910_S06_S05_03_small_kinect_12_kinect_13_b02716,small,v20_gate_r025_t075_b050,False,True,179.61085662768218,216.06744662017695,0.8312721765228175,-16.87278234771825
holdout,egobody_recording_20210921_S11_S10_02_extreme_kinect_11_kinect_13_b02981,extreme,v20_gate_vel_r025_t075_b050,False,True,201.65516697146143,242.85155451854817,0.830363912519488,-16.963608748051197
holdout,egobody_recording_20210921_S11_S10_01_extreme_kinect_11_kinect_13_b01526,extreme,v19_ungated_translation_b050,True,False,167.5196508510135,201.75564734603918,0.830309600026679,-16.969039997332104
holdout,egobody_recording_20210921_S11_S10_01_extreme_kinect_11_kinect_13_b01526,extreme,v20_gate_r025_t075_b050,False,True,167.5196508510135,201.75564734603918,0.830309600026679,-16.969039997332104
development,egobody_recording_20220312_S28_S29_05_small_kinect_15_kinect_11_b03681,small,v20_gate_r025_t100_b100,False,True,165.52527956091532,199.49912565015532,0.8297042857780889,-17.029571422191115
development,egobody_recording_20220225_S26_S27_01_medium_kinect_12_kinect_15_b03066,medium,v20_gate_vel_r025_t075_b050,False,True,325.6281964394162,392.87122660172633,0.8288420591552309,-17.11579408447691
development,egobody_recording_20210918_S05_S09_01_small_kinect_11_kinect_12_b02171,small,v17_harmony_multicue_safe,False,True,148.40684616878596,179.11210805261376,0.8285695913153553,-17.143040868464464
holdout,egobody_recording_20210921_S11_S10_01_extreme_kinect_11_kinect_13_b01526,extreme,v20_gate_vel_r025_t075_b050,False,True,167.07392753224306,201.75564734603918,0.8281003765197604,-17.189962348023958
holdout,egobody_recording_20220315_S21_S30_02_small_kinect_12_kinect_11_b02196,small,v19_ungated_translation_b050,True,False,145.5375361757671,175.84527358985443,0.8276454248933764,-17.235457510662357
holdout,egobody_recording_20220315_S21_S30_02_small_kinect_12_kinect_11_b02196,small,v20_gate_r025_t075_b050,False,True,145.5375361757671,175.84527358985443,0.8276454248933764,-17.235457510662357
development,egobody_recording_20210910_S06_S05_03_medium_kinect_12_kinect_11_b02716,medium,v20_gate_vel_r025_t075_b050,False,True,168.51338311585087,203.73047140130308,0.8271388268862222,-17.28611731137778
development,egobody_recording_20210911_S06_S07_02_medium_kinect_12_kinect_11_b02246,medium,v17_harmony_multicue_safe,False,True,158.225438619262,191.38002279243116,0.8267604753651415,-17.32395246348585
development,egobody_recording_20210910_S06_S05_01_medium_kinect_12_kinect_11_b01411,medium,v20_gate_vel_r025_t075_b050,False,True,147.228428557926,178.0994264989627,0.8266642484600224,-17.33357515399776
development,egobody_recording_20210911_S07_S06_01_medium_kinect_11_kinect_12_b02166,medium,v17_harmony_multicue_safe,False,True,172.68180815415232,209.04606694636246,0.8260466732361889,-17.395332676381116
holdout,egobody_recording_20220315_S21_S30_02_small_kinect_12_kinect_11_b02196,small,v20_gate_vel_r025_t075_b050,False,True,145.21164854371833,175.84527358985443,0.8257921613657545,-17.42078386342455
development,egobody_recording_20210923_S14_S03_01_extreme_kinect_13_kinect_11_b02046,extreme,v17_harmony_multicue_safe,False,True,315.0241744247258,381.4927038068203,0.8257672329802859,-17.423276701971414
test,egobody_recording_20210921_S05_S12_02_small_kinect_13_kinect_12_b01916,small,v19_ungated_translation_b050,True,False,173.15594320367657,209.71036597477598,0.8256909113615482,-17.430908863845186
development,egobody_recording_20210911_S06_S07_01_small_kinect_13_kinect_12_b03451,small,v20_gate_r025_t100_b100,False,True,204.88508344059855,248.30401593748874,0.8251380174704019,-17.486198252959806
development,egobody_recording_20210918_S05_S06_04_medium_kinect_13_kinect_12_b03651,medium,v20_gate_r025_t100_b100,False,True,220.50125192790856,267.329189323821,0.8248304365327316,-17.516956346726843
development,egobody_recording_20210910_S06_S05_03_medium_kinect_12_kinect_11_b02716,medium,v19_ungated_translation_b050,True,False,168.01511405804476,203.73047140130308,0.8246931001651338,-17.530689983486624
development,egobody_recording_20210910_S06_S05_03_medium_kinect_12_kinect_11_b02716,medium,v20_gate_r015_t050_b050,False,True,168.01511405804476,203.73047140130308,0.8246931001651338,-17.530689983486624
development,egobody_recording_20210910_S06_S05_03_medium_kinect_12_kinect_11_b02716,medium,v20_gate_r025_t075_b050,False,True,168.01511405804476,203.73047140130308,0.8246931001651338,-17.530689983486624
development,egobody_recording_20220312_S28_S29_05_small_kinect_15_kinect_11_b03681,small,v17_harmony_multicue_safe,False,True,164.2897957496736,199.49912565015532,0.8235113573268219,-17.64886426731781
development,egobody_recording_20210918_S05_S06_04_extreme_kinect_13_kinect_11_b03651,extreme,v17_harmony_multicue_safe,False,True,195.01865936317967,237.1544618630423,0.8223275996207222,-17.767240037927778
development,egobody_recording_20220415_S36_S35_02_small_kinect_12_kinect_11_b02901,small,v20_gate_vel_r025_t075_b050,False,True,154.43827968546293,187.82034533300708,0.8222659766259216,-17.77340233740784
development,egobody_recording_20210910_S06_S05_01_medium_kinect_12_kinect_11_b01411,medium,v19_ungated_translation_b050,True,False,146.4307984413473,178.0994264989627,0.8221856820083592,-17.781431799164082
development,egobody_recording_20210910_S06_S05_01_medium_kinect_12_kinect_11_b01411,medium,v20_gate_r015_t050_b050,False,True,146.4307984413473,178.0994264989627,0.8221856820083592,-17.781431799164082
development,egobody_recording_20210910_S06_S05_01_medium_kinect_12_kinect_11_b01411,medium,v20_gate_r025_t075_b050,False,True,146.4307984413473,178.0994264989627,0.8221856820083592,-17.781431799164082
development,egobody_recording_20220225_S26_S27_01_medium_kinect_12_kinect_15_b03066,medium,v19_ungated_translation_b050,True,False,322.96332265679024,392.87122660172633,0.8220589872421344,-17.794101275786556
development,egobody_recording_20220225_S26_S27_01_medium_kinect_12_kinect_15_b03066,medium,v20_gate_r025_t075_b050,False,True,322.96332265679024,392.87122660172633,0.8220589872421344,-17.794101275786556
test,egobody_recording_20210911_S03_S08_02_small_kinect_13_kinect_12_b03471,small,v19_ungated_translation_b050,True,False,206.2432864899036,251.10481779485465,0.821343406713918,-17.865659328608196
test,egobody_recording_20220312_S29_S28_04_small_kinect_15_kinect_11_b04816,small,v19_ungated_translation_b050,True,False,108.68730170856348,132.33247727715414,0.8213199355509023,-17.868006444909767
development,egobody_recording_20210918_S05_S06_04_extreme_kinect_13_kinect_11_b03651,extreme,v20_gate_vel_r025_t075_b050,False,True,194.696495530694,237.1544618630423,0.820969143912342,-17.9030856087658
test,egobody_recording_20210929_S05_S16_04_small_kinect_12_kinect_13_b02616,small,v19_ungated_translation_b050,True,False,257.487986709718,313.67751357977636,0.8208684893322201,-17.91315106677799
development,egobody_recording_20210918_S05_S06_04_extreme_kinect_13_kinect_11_b03651,extreme,v19_ungated_translation_b050,True,False,194.41083424554387,237.1544618630423,0.8197646070762816,-18.023539292371836
development,egobody_recording_20210918_S05_S06_04_extreme_kinect_13_kinect_11_b03651,extreme,v20_gate_r025_t075_b050,False,True,194.41083424554387,237.1544618630423,0.8197646070762816,-18.023539292371836
development,egobody_recording_20220415_S36_S35_02_small_kinect_12_kinect_11_b02901,small,v19_ungated_translation_b050,True,False,153.70998284375742,187.82034533300708,0.8183883517583161,-18.161164824168385
development,egobody_recording_20220415_S36_S35_02_small_kinect_12_kinect_11_b02901,small,v20_gate_r015_t050_b050,False,True,153.70998284375742,187.82034533300708,0.8183883517583161,-18.161164824168385
development,egobody_recording_20220415_S36_S35_02_small_kinect_12_kinect_11_b02901,small,v20_gate_r025_t075_b050,False,True,153.70998284375742,187.82034533300708,0.8183883517583161,-18.161164824168385
development,egobody_recording_20210918_S05_S06_05_extreme_kinect_13_kinect_11_b02446,extreme,v20_gate_r025_t100_b100,False,True,236.23790887468368,288.7799154227822,0.8180551910226322,-18.194480897736774
development,egobody_recording_20210918_S09_S05_03_extreme_kinect_13_kinect_11_b02121,extreme,v20_gate_r025_t100_b100,False,True,227.0654129718813,277.8997975421315,0.8170765685335075,-18.292343146649248
test,egobody_recording_20220318_S34_S33_03_small_kinect_11_kinect_12_b03186,small,v19_ungated_translation_b050,True,False,192.86518378404935,236.12737376834727,0.8167845206005625,-18.32154793994375
development,egobody_recording_20210918_S05_S06_05_extreme_kinect_13_kinect_11_b02446,extreme,v17_harmony_multicue_safe,False,True,235.86761110580758,288.7799154227822,0.8167729073557298,-18.32270926442702
development,egobody_recording_20220215_S22_S21_04_small_kinect_11_kinect_12_b03046,small,v19_ungated_translation_b050,True,False,134.45944854484787,164.74045565788302,0.8161896117616683,-18.381038823833173
holdout,egobody_recording_20220315_S21_S30_06_small_kinect_11_kinect_12_b03586,small,v20_gate_vel_r025_t075_b050,False,True,209.52765632814663,257.0246712764094,0.815204452115869,-18.4795547884131
development,egobody_recording_20210929_S15_S11_01_extreme_kinect_11_kinect_13_b02726,extreme,v19_ungated_translation_b050,True,False,435.2654914448593,534.4000899888997,0.8144936716868825,-18.550632831311752
development,egobody_recording_20220312_S28_S29_05_small_kinect_15_kinect_11_b03681,small,v19_ungated_translation_b050,True,False,162.47355171747856,199.49912565015532,0.8144073373153256,-18.559266268467447
development,egobody_recording_20220312_S28_S29_05_small_kinect_15_kinect_11_b03681,small,v20_gate_r015_t050_b050,False,True,162.47355171747856,199.49912565015532,0.8144073373153256,-18.559266268467447
development,egobody_recording_20220312_S28_S29_05_small_kinect_15_kinect_11_b03681,small,v20_gate_r025_t075_b050,False,True,162.47355171747856,199.49912565015532,0.8144073373153256,-18.559266268467447
holdout,egobody_recording_20220315_S21_S30_06_small_kinect_11_kinect_12_b03586,small,v19_ungated_translation_b050,True,False,209.0871576626035,257.0246712764094,0.8134906140498359,-18.65093859501641
holdout,egobody_recording_20220315_S21_S30_06_small_kinect_11_kinect_12_b03586,small,v20_gate_r025_t075_b050,False,True,209.0871576626035,257.0246712764094,0.8134906140498359,-18.65093859501641
test,egobody_recording_20210929_S05_S16_01_medium_kinect_11_kinect_12_b02576,medium,v19_ungated_translation_b050,True,False,221.96662796964048,272.86256215386317,0.8134741029239357,-18.652589707606428
development,egobody_recording_20220312_S28_S29_05_small_kinect_15_kinect_11_b03681,small,v20_gate_vel_r025_t075_b050,False,True,162.12850638771448,199.49912565015532,0.8126777792100477,-18.732222078995232
test,egobody_recording_20210921_S05_S12_01_extreme_kinect_11_kinect_13_b02281,extreme,v19_ungated_translation_b050,True,False,208.99011493636115,257.23218320127626,0.8124571052325628,-18.754289476743725
test,egobody_recording_20211002_S17_S15_03_small_kinect_11_kinect_12_b02531,small,v19_ungated_translation_b050,True,False,214.85519058342146,264.56275086628204,0.8121142900121103,-18.788570998788966
test,egobody_recording_20210929_S05_S16_02_extreme_kinect_13_kinect_11_b02316,extreme,v19_ungated_translation_b050,True,False,232.5138670170281,286.6456896950221,0.8111542415461129,-18.884575845388706
test,egobody_recording_20211004_S20_S12_04_extreme_kinect_13_kinect_11_b03056,extreme,v19_ungated_translation_b050,True,False,232.66614037816174,287.1806297843256,0.8101735153686912,-18.98264846313088
holdout,egobody_recording_20220315_S21_S30_05_medium_kinect_13_kinect_11_b02151,medium,v20_gate_vel_r025_t075_b050,False,True,168.42318783440555,208.33151879667219,0.8084383429220019,-19.15616570779981
development,egobody_recording_20210918_S06_S05_02_extreme_kinect_11_kinect_13_b03571,extreme,v17_harmony_multicue_safe,False,True,194.13653133778337,240.16320447938853,0.8083525191072503,-19.164748089274973
holdout,egobody_recording_20220315_S21_S30_05_medium_kinect_13_kinect_11_b02151,medium,v19_ungated_translation_b050,True,False,168.3544389777845,208.33151879667219,0.8081083455360175,-19.18916544639825
holdout,egobody_recording_20220315_S21_S30_05_medium_kinect_13_kinect_11_b02151,medium,v20_gate_r025_t075_b050,False,True,168.3544389777845,208.33151879667219,0.8081083455360175,-19.18916544639825
test,egobody_recording_20220312_S29_S28_05_medium_kinect_15_kinect_12_b02786,medium,v19_ungated_translation_b050,True,False,290.45785703403374,359.91946061614124,0.8070079248752009,-19.29920751247991
test,egobody_recording_20220225_S24_S25_02_medium_kinect_12_kinect_15_b03501,medium,v19_ungated_translation_b050,True,False,263.83814238112313,327.4385902368765,0.8057637378363273,-19.423626216367275
development,egobody_recording_20210911_S07_S06_02_small_kinect_12_kinect_13_b01351,small,v20_gate_vel_r025_t075_b050,False,True,185.19338914240237,230.27655850068496,0.8042216296273661,-19.57783703726339
test,egobody_recording_20210929_S05_S16_02_medium_kinect_11_kinect_12_b02316,medium,v19_ungated_translation_b050,True,False,151.97230999371212,189.0535746717173,0.803858431439897,-19.6141568560103
development,egobody_recording_20210907_S02_S01_01_medium_kinect_12_kinect_13_b02196,medium,v20_gate_vel_r025_t075_b050,False,True,188.9358811254467,235.32886150513232,0.8028589435101066,-19.714105648989346
development,egobody_recording_20210911_S07_S06_02_small_kinect_12_kinect_13_b01351,small,v19_ungated_translation_b050,True,False,184.78807502821977,230.27655850068496,0.8024615107649792,-19.753848923502083
development,egobody_recording_20210911_S07_S06_02_small_kinect_12_kinect_13_b01351,small,v20_gate_r025_t075_b050,False,True,184.78807502821977,230.27655850068496,0.8024615107649792,-19.753848923502083
development,egobody_recording_20210911_S08_S03_01_medium_kinect_12_kinect_11_b02986,medium,v17_harmony_multicue_safe,False,True,131.3236385366639,163.96891345166998,0.8009057068940797,-19.90942931059203
development,egobody_recording_20210911_S07_S06_02_medium_kinect_11_kinect_12_b01351,medium,v20_gate_vel_r025_t075_b050,False,True,153.2356007782366,191.45356314232723,0.8003799890855035,-19.962001091449654
test,egobody_recording_20220225_S24_S25_02_extreme_kinect_14_kinect_15_b03501,extreme,v19_ungated_translation_b050,True,False,314.3362331830843,392.8841080526569,0.8000736775562194,-19.99263224437806
development,egobody_recording_20210923_S14_S03_02_small_kinect_13_kinect_12_b01601,small,v20_gate_vel_r025_t075_b050,False,True,193.09292947173333,241.36842249028967,0.7999925072199596,-20.000749278004037
holdout,egobody_recording_20220218_S23_S02_01_medium_kinect_13_kinect_11_b02751,medium,v20_gate_vel_r025_t075_b050,False,True,228.57582951809934,285.7439802045625,0.7999322657802387,-20.00677342197613
test,egobody_recording_20211002_S17_S15_03_medium_kinect_13_kinect_12_b02531,medium,v19_ungated_translation_b050,True,False,204.78541380378974,256.12118387786387,0.7995645291935143,-20.043547080648572
development,egobody_recording_20220312_S28_S29_01_small_kinect_15_kinect_11_b03226,small,v20_gate_r025_t100_b100,False,True,153.0394521906038,191.60925213813425,0.7987059626968074,-20.12940373031926
development,egobody_recording_20210910_S05_S06_01_small_kinect_12_kinect_13_b02971,small,v20_gate_vel_r025_t075_b050,False,True,197.32754439738108,247.29538237793173,0.7979426971095368,-20.20573028904632
test,egobody_recording_20211004_S12_S20_02_small_kinect_12_kinect_11_b01776,small,v19_ungated_translation_b050,True,False,334.53083462923206,419.2583513522609,0.7979109624179179,-20.20890375820821
holdout,egobody_recording_20210921_S11_S10_02_extreme_kinect_11_kinect_13_b02981,extreme,v17_harmony_multicue_safe,False,True,193.6253130075265,242.85155451854817,0.7972990471129064,-20.270095288709356
development,egobody_recording_20220215_S22_S21_03_small_kinect_11_kinect_12_b01686,small,v20_gate_vel_r025_t075_b050,False,True,118.73588734195805,148.96284329651783,0.7970839218314896,-20.29160781685104
development,egobody_recording_20210923_S14_S03_03_small_kinect_13_kinect_12_b02456,small,v20_gate_vel_r025_t075_b050,False,True,190.19613374129787,238.62623383996217,0.7970462035153076,-20.295379648469236
holdout,egobody_recording_20220218_S23_S02_01_medium_kinect_13_kinect_11_b02751,medium,v19_ungated_translation_b050,True,False,227.74534164422798,285.7439802045625,0.7970258602864928,-20.29741397135072
holdout,egobody_recording_20220218_S23_S02_01_medium_kinect_13_kinect_11_b02751,medium,v20_gate_r025_t075_b050,False,True,227.74534164422798,285.7439802045625,0.7970258602864928,-20.29741397135072
development,egobody_recording_20210911_S08_S03_01_medium_kinect_12_kinect_11_b02986,medium,v20_gate_r025_t100_b100,False,True,130.62064012896357,163.96891345166998,0.7966183185538042,-20.338168144619583
development,egobody_recording_20210923_S14_S03_02_small_kinect_13_kinect_12_b01601,small,v19_ungated_translation_b050,True,False,191.8940419406618,241.36842249028967,0.7950254634007966,-20.49745365992034
development,egobody_recording_20210923_S14_S03_02_small_kinect_13_kinect_12_b01601,small,v20_gate_r025_t075_b050,False,True,191.8940419406618,241.36842249028967,0.7950254634007966,-20.49745365992034
development,egobody_recording_20210910_S05_S06_01_small_kinect_12_kinect_13_b02971,small,v19_ungated_translation_b050,True,False,196.57194417219398,247.29538237793173,0.7948872408453663,-20.51127591546337
development,egobody_recording_20210910_S05_S06_01_small_kinect_12_kinect_13_b02971,small,v20_gate_r025_t075_b050,False,True,196.57194417219398,247.29538237793173,0.7948872408453663,-20.51127591546337
development,egobody_recording_20220215_S22_S21_03_small_kinect_11_kinect_12_b01686,small,v19_ungated_translation_b050,True,False,118.24506398945366,148.96284329651783,0.7937889837003249,-20.62110162996751
development,egobody_recording_20220215_S22_S21_03_small_kinect_11_kinect_12_b01686,small,v20_gate_r015_t050_b050,False,True,118.24506398945366,148.96284329651783,0.7937889837003249,-20.62110162996751
development,egobody_recording_20220215_S22_S21_03_small_kinect_11_kinect_12_b01686,small,v20_gate_r025_t075_b050,False,True,118.24506398945366,148.96284329651783,0.7937889837003249,-20.62110162996751
development,egobody_recording_20210918_S06_S05_02_extreme_kinect_11_kinect_13_b03571,extreme,v20_gate_r025_t100_b100,False,True,190.42944562857315,240.16320447938853,0.79291682521215,-20.708317478785
development,egobody_recording_20210923_S05_S13_01_small_kinect_12_kinect_13_b02761,small,v19_ungated_translation_b050,True,False,150.38686156004078,189.7140427080663,0.7927028458903143,-20.729715410968574
development,egobody_recording_20210923_S14_S03_03_small_kinect_13_kinect_12_b02456,small,v19_ungated_translation_b050,True,False,189.14195960326518,238.62623383996217,0.7926285243646586,-20.73714756353414
development,egobody_recording_20210923_S14_S03_03_small_kinect_13_kinect_12_b02456,small,v20_gate_r025_t075_b050,False,True,189.14195960326518,238.62623383996217,0.7926285243646586,-20.73714756353414
test,egobody_recording_20210929_S05_S16_02_small_kinect_12_kinect_13_b02316,small,v19_ungated_translation_b050,True,False,197.3630969830413,249.2051143619624,0.7919704918109255,-20.80295081890745
development,egobody_recording_20210918_S05_S06_04_extreme_kinect_13_kinect_11_b03651,extreme,v20_gate_r025_t100_b100,False,True,187.79522250786277,237.1544618630423,0.7918688142427416,-20.81311857572584
development,egobody_recording_20220312_S28_S29_06_medium_kinect_12_kinect_15_b03326,medium,v20_gate_vel_r025_t075_b050,False,True,264.37478773460685,334.2098484149283,0.7910442764881669,-20.89557235118331
development,egobody_recording_20210911_S06_S07_01_medium_kinect_12_kinect_11_b03451,medium,v20_gate_vel_r025_t075_b050,False,True,242.28586524726688,306.375254022212,0.7908140819679298,-20.918591803207022
development,egobody_recording_20210907_S04_S03_02_medium_kinect_12_kinect_13_b02176,medium,v19_ungated_translation_b050,True,False,193.11020571296,244.2190977555432,0.7907252442077981,-20.92747557922019
holdout,egobody_recording_20220315_S21_S30_01_small_kinect_12_kinect_11_b03631,small,v20_gate_vel_r025_t075_b050,False,True,173.19249681758058,219.06152505900056,0.7906112073808218,-20.93887926191782
development,egobody_recording_20210911_S07_S06_02_medium_kinect_11_kinect_12_b01351,medium,v19_ungated_translation_b050,True,False,151.32706156890703,191.45356314232723,0.7904113095895215,-20.958869041047844
development,egobody_recording_20210911_S07_S06_02_medium_kinect_11_kinect_12_b01351,medium,v20_gate_r015_t050_b050,False,True,151.32706156890703,191.45356314232723,0.7904113095895215,-20.958869041047844
development,egobody_recording_20210911_S07_S06_02_medium_kinect_11_kinect_12_b01351,medium,v20_gate_r025_t075_b050,False,True,151.32706156890703,191.45356314232723,0.7904113095895215,-20.958869041047844
development,egobody_recording_20220312_S28_S29_06_medium_kinect_12_kinect_15_b03326,medium,v19_ungated_translation_b050,True,False,263.80878498189537,334.2098484149283,0.7893507215094734,-21.064927849052662
development,egobody_recording_20220312_S28_S29_06_medium_kinect_12_kinect_15_b03326,medium,v20_gate_r025_t075_b050,False,True,263.80878498189537,334.2098484149283,0.7893507215094734,-21.064927849052662
development,egobody_recording_20211002_S18_S03_01_small_kinect_12_kinect_11_b01651,small,v19_ungated_translation_b050,True,False,268.94459201727665,340.874038900399,0.7889852594373148,-21.101474056268522
development,egobody_recording_20211002_S18_S03_01_small_kinect_12_kinect_11_b01651,small,v20_gate_r025_t075_b050,False,True,268.94459201727665,340.874038900399,0.7889852594373148,-21.101474056268522
holdout,egobody_recording_20220315_S21_S30_01_small_kinect_12_kinect_11_b03631,small,v19_ungated_translation_b050,True,False,172.48832963033354,219.06152505900056,0.7873967351586578,-21.260326484134218
holdout,egobody_recording_20220315_S21_S30_01_small_kinect_12_kinect_11_b03631,small,v20_gate_r025_t075_b050,False,True,172.48832963033354,219.06152505900056,0.7873967351586578,-21.260326484134218
development,egobody_recording_20210907_S02_S01_01_medium_kinect_12_kinect_13_b02196,medium,v19_ungated_translation_b050,True,False,185.08600358982045,235.32886150513232,0.7864993796597443,-21.350062034025573
development,egobody_recording_20210907_S02_S01_01_medium_kinect_12_kinect_13_b02196,medium,v20_gate_r015_t050_b050,False,True,185.08600358982045,235.32886150513232,0.7864993796597443,-21.350062034025573
development,egobody_recording_20210907_S02_S01_01_medium_kinect_12_kinect_13_b02196,medium,v20_gate_r025_t075_b050,False,True,185.08600358982045,235.32886150513232,0.7864993796597443,-21.350062034025573
development,egobody_recording_20210911_S06_S07_01_medium_kinect_12_kinect_11_b03451,medium,v19_ungated_translation_b050,True,False,240.94927466859392,306.375254022212,0.7864514888370366,-21.354851116296338
development,egobody_recording_20210911_S06_S07_01_medium_kinect_12_kinect_11_b03451,medium,v20_gate_r015_t050_b050,False,True,240.94927466859392,306.375254022212,0.7864514888370366,-21.354851116296338
development,egobody_recording_20210911_S06_S07_01_medium_kinect_12_kinect_11_b03451,medium,v20_gate_r025_t075_b050,False,True,240.94927466859392,306.375254022212,0.7864514888370366,-21.354851116296338
holdout,egobody_recording_20211002_S03_S18_04_extreme_kinect_11_kinect_13_b04526,extreme,v20_gate_vel_r025_t075_b050,False,True,374.5808906174676,476.61378376616153,0.7859212288355601,-21.407877116443984
development,egobody_recording_20210918_S06_S05_01_medium_kinect_13_kinect_12_b02456,medium,v20_gate_r025_t100_b100,False,True,200.95701323082292,255.9076382440951,0.7852716496064176,-21.47283503935824
development,egobody_recording_20210911_S06_S07_02_small_kinect_13_kinect_12_b02246,small,v20_gate_vel_r025_t075_b050,False,True,180.55667184977213,230.03856054765416,0.7848974164154036,-21.510258358459645
development,egobody_recording_20210911_S07_S06_01_small_kinect_13_kinect_12_b02166,small,v20_gate_vel_r025_t075_b050,False,True,188.88080418651506,240.84823890971688,0.7842316183898606,-21.576838161013946
development,egobody_recording_20210918_S05_S09_01_medium_kinect_13_kinect_12_b02171,medium,v17_harmony_multicue_safe,False,True,120.97503545249423,154.4607968917247,0.7832086709826855,-21.679132901731446
holdout,egobody_recording_20210921_S11_S10_02_medium_kinect_12_kinect_11_b02981,medium,v19_ungated_translation_b050,True,False,187.0379636254893,238.8883184442246,0.7829514847925004,-21.70485152074996
holdout,egobody_recording_20210921_S11_S10_02_medium_kinect_12_kinect_11_b02981,medium,v20_gate_r025_t075_b050,False,True,187.0379636254893,238.8883184442246,0.7829514847925004,-21.70485152074996
holdout,egobody_recording_20210921_S11_S10_02_medium_kinect_12_kinect_11_b02981,medium,v20_gate_vel_r025_t075_b050,False,True,186.9885462445561,238.8883184442246,0.782744620843459,-21.7255379156541
test,egobody_recording_20220318_S34_S33_01_medium_kinect_14_kinect_13_b02656,medium,v19_ungated_translation_b050,True,False,259.58691455861873,331.64335755093055,0.7827291234643646,-21.727087653563537
development,egobody_recording_20210918_S09_S05_03_extreme_kinect_13_kinect_11_b02121,extreme,v17_harmony_multicue_safe,False,True,217.46614614462544,277.8997975421315,0.7825343813417355,-21.746561865826454
development,egobody_recording_20220312_S28_S29_04_small_kinect_15_kinect_11_b02691,small,v20_gate_vel_r025_t075_b050,False,True,143.14845909251787,183.10214005602666,0.7817956636045678,-21.820433639543225
development,egobody_recording_20210911_S08_S03_03_small_kinect_12_kinect_13_b03066,small,v20_gate_vel_r025_t075_b050,False,True,213.61349445670015,273.23925709818354,0.7817818593319555,-21.821814066804446
development,egobody_recording_20211004_S19_S06_02_small_kinect_12_kinect_11_b02621,small,v20_gate_vel_r025_t075_b050,False,True,355.1556277342648,454.36432841122405,0.7816538524847177,-21.834614751528225
holdout,egobody_recording_20210921_S11_S10_01_extreme_kinect_11_kinect_13_b01526,extreme,v17_harmony_multicue_safe,False,True,157.60127163983373,201.75564734603918,0.7811492452031614,-21.885075479683856
development,egobody_recording_20211002_S18_S03_01_small_kinect_12_kinect_11_b01651,small,v20_gate_vel_r025_t075_b050,False,True,266.0951430105301,340.874038900399,0.7806260161932754,-21.937398380672455
development,egobody_recording_20210911_S06_S07_02_small_kinect_13_kinect_12_b02246,small,v19_ungated_translation_b050,True,False,179.57374204822463,230.03856054765416,0.7806245249523053,-21.937547504769473
development,egobody_recording_20210911_S06_S07_02_small_kinect_13_kinect_12_b02246,small,v20_gate_r025_t075_b050,False,True,179.57374204822463,230.03856054765416,0.7806245249523053,-21.937547504769473
test,egobody_recording_20210921_S05_S12_01_medium_kinect_12_kinect_11_b02281,medium,v19_ungated_translation_b050,True,False,161.26603337539925,206.86106327109835,0.7795862151402302,-22.04137848597698
test,egobody_recording_20220312_S29_S28_04_medium_kinect_12_kinect_15_b04816,medium,v19_ungated_translation_b050,True,False,268.8957396729363,345.13279020329026,0.7791080630575589,-22.089193694244113
development,egobody_recording_20220312_S28_S29_04_small_kinect_15_kinect_11_b02691,small,v19_ungated_translation_b050,True,False,142.58941629119943,183.10214005602666,0.7787424890149787,-22.125751098502132
development,egobody_recording_20220312_S28_S29_04_small_kinect_15_kinect_11_b02691,small,v20_gate_r015_t050_b050,False,True,142.58941629119943,183.10214005602666,0.7787424890149787,-22.125751098502132
development,egobody_recording_20220312_S28_S29_04_small_kinect_15_kinect_11_b02691,small,v20_gate_r025_t075_b050,False,True,142.58941629119943,183.10214005602666,0.7787424890149787,-22.125751098502132
development,egobody_recording_20210911_S08_S03_03_small_kinect_12_kinect_13_b03066,small,v19_ungated_translation_b050,True,False,212.76844168689283,273.23925709818354,0.778689138400191,-22.131086159980896
development,egobody_recording_20210911_S08_S03_03_small_kinect_12_kinect_13_b03066,small,v20_gate_r025_t075_b050,False,True,212.76844168689283,273.23925709818354,0.778689138400191,-22.131086159980896
holdout,egobody_recording_20211002_S03_S18_04_extreme_kinect_11_kinect_13_b04526,extreme,v19_ungated_translation_b050,True,False,371.09220524767716,476.61378376616153,0.7786014964051987,-22.13985035948013
holdout,egobody_recording_20211002_S03_S18_03_small_kinect_11_kinect_12_b02681,small,v20_gate_vel_r025_t075_b050,False,True,292.2361153447129,375.72248462057246,0.7777977824239899,-22.22022175760101
development,egobody_recording_20210918_S06_S05_02_small_kinect_12_kinect_11_b03571,small,v19_ungated_translation_b050,True,False,197.70805465190662,254.40605190352844,0.7771358156482776,-22.28641843517224
development,egobody_recording_20210918_S06_S05_02_small_kinect_12_kinect_11_b03571,small,v20_gate_r025_t075_b050,False,True,197.70805465190662,254.40605190352844,0.7771358156482776,-22.28641843517224
development,egobody_recording_20211004_S19_S06_02_small_kinect_12_kinect_11_b02621,small,v19_ungated_translation_b050,True,False,353.08437844112495,454.36432841122405,0.7770952875542745,-22.29047124457255
development,egobody_recording_20211004_S19_S06_02_small_kinect_12_kinect_11_b02621,small,v20_gate_r025_t075_b050,False,True,353.08437844112495,454.36432841122405,0.7770952875542745,-22.29047124457255
test,egobody_recording_20210911_S03_S08_01_medium_kinect_11_kinect_12_b02141,medium,v19_ungated_translation_b050,True,False,132.92373322628708,171.2788902067813,0.7760660584956566,-22.393394150434343
development,egobody_recording_20210911_S07_S06_03_small_kinect_13_kinect_12_b02231,small,v20_gate_vel_r025_t075_b050,False,True,179.99897380973732,232.48049034052184,0.7742541042738119,-22.57458957261881
holdout,egobody_recording_20220315_S21_S30_05_small_kinect_11_kinect_12_b02151,small,v20_gate_vel_r025_t075_b050,False,True,174.64664864963058,225.56801233940666,0.7742527268753162,-22.57472731246838
development,egobody_recording_20220312_S28_S29_01_small_kinect_15_kinect_11_b03226,small,v17_harmony_multicue_safe,False,True,148.3017239847397,191.60925213813425,0.7739799739828146,-22.60200260171854
development,egobody_recording_20210918_S06_S05_01_medium_kinect_13_kinect_12_b02456,medium,v17_harmony_multicue_safe,False,True,197.98982401953694,255.9076382440951,0.7736768834960924,-22.632311650390758
holdout,egobody_recording_20211002_S03_S18_03_small_kinect_11_kinect_12_b02681,small,v19_ungated_translation_b050,True,False,290.57408199009046,375.72248462057246,0.7733742160348214,-22.662578396517862
holdout,egobody_recording_20211002_S03_S18_03_small_kinect_11_kinect_12_b02681,small,v20_gate_r025_t075_b050,False,True,290.57408199009046,375.72248462057246,0.7733742160348214,-22.662578396517862
development,egobody_recording_20210918_S06_S05_02_small_kinect_12_kinect_11_b03571,small,v20_gate_vel_r025_t075_b050,False,True,196.6643963371962,254.40605190352844,0.7730334827560311,-22.696651724396887
development,egobody_recording_20220315_S30_S21_02_small_kinect_11_kinect_12_b02581,small,v20_gate_r025_t100_b100,False,True,192.1194157799702,248.70001074493607,0.7724946018478693,-22.750539815213067
holdout,egobody_recording_20220315_S21_S30_04_extreme_kinect_14_kinect_11_b04401,extreme,v17_harmony_multicue_safe,False,True,369.8537469608466,478.8954041549628,0.7723059017730057,-22.769409822699426
test,egobody_recording_20220312_S29_S28_03_small_kinect_11_kinect_15_b03281,small,v19_ungated_translation_b050,True,False,97.89290420894591,127.06831143531016,0.7703958847267967,-22.960411527320336
holdout,egobody_recording_20211002_S03_S18_02_medium_kinect_13_kinect_12_b04461,medium,v17_harmony_multicue_safe,False,True,269.51634800661225,349.9020813349137,0.770262203009421,-22.973779699057893
development,egobody_recording_20220312_S28_S29_02_small_kinect_11_kinect_15_b02676,small,v17_harmony_multicue_safe,False,True,132.91974008125263,172.85033100787328,0.7689874778151172,-23.101252218488277
development,egobody_recording_20210911_S07_S06_03_medium_kinect_11_kinect_12_b02231,medium,v20_gate_r025_t100_b100,False,True,190.377552030826,247.67080639447948,0.7686717494172517,-23.132825058274832
development,egobody_recording_20220315_S30_S21_02_medium_kinect_13_kinect_11_b02581,medium,v20_gate_vel_r025_t075_b050,False,True,159.12534105119258,207.12020781042457,0.7682753060813781,-23.172469391862194
holdout,egobody_recording_20220315_S21_S30_05_small_kinect_11_kinect_12_b02151,small,v19_ungated_translation_b050,True,False,173.29525401649755,225.56801233940666,0.7682616529676399,-23.173834703236007
holdout,egobody_recording_20220315_S21_S30_05_small_kinect_11_kinect_12_b02151,small,v20_gate_r025_t075_b050,False,True,173.29525401649755,225.56801233940666,0.7682616529676399,-23.173834703236007
development,egobody_recording_20220315_S30_S21_02_medium_kinect_13_kinect_11_b02581,medium,v19_ungated_translation_b050,True,False,159.10835812373753,207.12020781042457,0.7681933105695226,-23.180668943047746
development,egobody_recording_20220315_S30_S21_02_medium_kinect_13_kinect_11_b02581,medium,v20_gate_r025_t075_b050,False,True,159.10835812373753,207.12020781042457,0.7681933105695226,-23.180668943047746
development,egobody_recording_20210918_S06_S05_01_extreme_kinect_13_kinect_11_b02456,extreme,v20_gate_vel_r025_t075_b050,False,True,207.76308379207168,270.78093896681605,0.7672736662514227,-23.272633374857733
test,egobody_recording_20211002_S17_S15_01_extreme_kinect_11_kinect_13_b02701,extreme,v19_ungated_translation_b050,True,False,375.1424374406278,488.9425820579659,0.7672525388597742,-23.274746114022584
development,egobody_recording_20220315_S30_S21_01_medium_kinect_13_kinect_11_b02671,medium,v20_gate_vel_r025_t075_b050,False,True,185.0384626262543,241.37790499197519,0.7665923798303166,-23.34076201696834
development,egobody_recording_20210911_S07_S06_03_small_kinect_13_kinect_12_b02231,small,v19_ungated_translation_b050,True,False,178.207816354274,232.48049034052184,0.7665495547314406,-23.34504452685594
development,egobody_recording_20210911_S07_S06_03_small_kinect_13_kinect_12_b02231,small,v20_gate_r025_t075_b050,False,True,178.207816354274,232.48049034052184,0.7665495547314406,-23.34504452685594
test,egobody_recording_20220312_S29_S28_02_small_kinect_11_kinect_15_b01761,small,v19_ungated_translation_b050,True,False,112.12949897363569,146.29529387794645,0.7664600548749357,-23.353994512506425
development,egobody_recording_20210918_S06_S05_01_extreme_kinect_13_kinect_11_b02456,extreme,v19_ungated_translation_b050,True,False,207.30834851577188,270.78093896681605,0.7655943188127334,-23.440568118726656
development,egobody_recording_20210918_S06_S05_01_extreme_kinect_13_kinect_11_b02456,extreme,v20_gate_r025_t075_b050,False,True,207.30834851577188,270.78093896681605,0.7655943188127334,-23.440568118726656
holdout,egobody_recording_20210921_S11_S10_01_small_kinect_13_kinect_12_b01526,small,v20_gate_vel_r025_t075_b050,False,True,155.9305414385818,203.6729022773523,0.7655929664430412,-23.44070335569588
development,egobody_recording_20211004_S19_S06_05_extreme_kinect_13_kinect_11_b03406,extreme,v19_ungated_translation_b050,True,False,322.632357150555,422.8991209066009,0.7629061901545303,-23.709380984546968
development,egobody_recording_20211002_S15_S17_01_small_kinect_11_kinect_12_b03246,small,v17_harmony_multicue_safe,False,True,161.58177252381466,211.95356693322566,0.7623451440886567,-23.76548559113433
development,egobody_recording_20210911_S07_S06_03_medium_kinect_11_kinect_12_b02231,medium,v17_harmony_multicue_safe,False,True,188.7892037252868,247.67080639447948,0.7622586063881562,-23.774139361184375
development,egobody_recording_20210910_S06_S05_02_medium_kinect_12_kinect_11_b02726,medium,v17_harmony_multicue_safe,False,True,128.51186560312598,168.672072823711,0.7619036361605707,-23.809636383942934
test,egobody_recording_20211004_S20_S12_03_small_kinect_12_kinect_11_b01396,small,v19_ungated_translation_b050,True,False,333.72371756672334,438.0712805052626,0.7618023194348945,-23.819768056510547
development,egobody_recording_20210918_S05_S06_05_small_kinect_12_kinect_11_b02446,small,v17_harmony_multicue_safe,False,True,220.9827244960083,290.2478227366815,0.7613587671818236,-23.86412328181764
development,egobody_recording_20220315_S30_S21_02_small_kinect_11_kinect_12_b02581,small,v17_harmony_multicue_safe,False,True,189.27882077887116,248.70001074493607,0.7610728291161732,-23.892717088382675
test,egobody_recording_20211002_S17_S15_03_extreme_kinect_13_kinect_11_b02531,extreme,v19_ungated_translation_b050,True,False,222.80719145780634,293.0996405464266,0.760175587532029,-23.982441246797105
holdout,egobody_recording_20210921_S11_S10_01_small_kinect_13_kinect_12_b01526,small,v19_ungated_translation_b050,True,False,154.78233749877035,203.6729022773523,0.7599554764923757,-24.004452350762428
holdout,egobody_recording_20210921_S11_S10_01_small_kinect_13_kinect_12_b01526,small,v20_gate_r025_t075_b050,False,True,154.78233749877035,203.6729022773523,0.7599554764923757,-24.004452350762428
development,egobody_recording_20210918_S05_S06_05_small_kinect_12_kinect_11_b02446,small,v20_gate_r025_t100_b100,False,True,220.56413690063917,290.2478227366815,0.759916594105649,-24.008340589435097
development,egobody_recording_20210918_S05_S09_01_small_kinect_11_kinect_12_b02171,small,v20_gate_vel_r025_t075_b050,False,True,135.92147216082736,179.11210805261376,0.7588625561868813,-24.113744381311875
development,egobody_recording_20220315_S30_S21_01_medium_kinect_13_kinect_11_b02671,medium,v19_ungated_translation_b050,True,False,183.07597331191735,241.37790499197519,0.758462019620246,-24.153798037975406
development,egobody_recording_20220315_S30_S21_01_medium_kinect_13_kinect_11_b02671,medium,v20_gate_r025_t075_b050,False,True,183.07597331191735,241.37790499197519,0.758462019620246,-24.153798037975406
development,egobody_recording_20211002_S18_S03_01_extreme_kinect_13_kinect_11_b01651,extreme,v19_ungated_translation_b050,True,False,281.48377916855105,371.38201684136675,0.7579359430555974,-24.206405694440257
development,egobody_recording_20211002_S18_S03_01_extreme_kinect_13_kinect_11_b01651,extreme,v20_gate_r025_t075_b050,False,True,281.48377916855105,371.38201684136675,0.7579359430555974,-24.206405694440257
development,egobody_recording_20220312_S28_S29_03_small_kinect_15_kinect_11_b01581,small,v20_gate_vel_r025_t075_b050,False,True,129.73687814478765,171.1915642842874,0.7578462098128943,-24.21537901871057
development,egobody_recording_20210918_S05_S09_01_small_kinect_11_kinect_12_b02171,small,v19_ungated_translation_b050,True,False,135.73438785517206,179.11210805261376,0.7578180466465193,-24.21819533534807
development,egobody_recording_20210918_S05_S09_01_small_kinect_11_kinect_12_b02171,small,v20_gate_r025_t075_b050,False,True,135.73438785517206,179.11210805261376,0.7578180466465193,-24.21819533534807
holdout,egobody_recording_20220315_S21_S30_02_small_kinect_12_kinect_11_b02196,small,v17_harmony_multicue_safe,False,True,133.21342867108262,175.84527358985443,0.7575604732020986,-24.243952679790137
development,egobody_recording_20220312_S28_S29_03_small_kinect_15_kinect_11_b01581,small,v19_ungated_translation_b050,True,False,129.5858750614129,171.1915642842874,0.7569641389935402,-24.30358610064598
development,egobody_recording_20220312_S28_S29_03_small_kinect_15_kinect_11_b01581,small,v20_gate_r015_t050_b050,False,True,129.5858750614129,171.1915642842874,0.7569641389935402,-24.30358610064598
development,egobody_recording_20220312_S28_S29_03_small_kinect_15_kinect_11_b01581,small,v20_gate_r025_t075_b050,False,True,129.5858750614129,171.1915642842874,0.7569641389935402,-24.30358610064598
development,egobody_recording_20211002_S15_S17_01_small_kinect_11_kinect_12_b03246,small,v20_gate_r025_t100_b100,False,True,160.43780711107476,211.95356693322566,0.756947898695281,-24.3052101304719
development,egobody_recording_20210918_S05_S06_05_medium_kinect_13_kinect_12_b02446,medium,v20_gate_r025_t100_b100,False,True,232.33483052123415,307.12191752381864,0.7564905572172835,-24.350944278271648
development,egobody_recording_20220312_S28_S29_02_small_kinect_11_kinect_15_b02676,small,v20_gate_r025_t100_b100,False,True,130.7105834930959,172.85033100787328,0.7562067294342761,-24.379327056572386
development,egobody_recording_20210918_S05_S06_05_medium_kinect_13_kinect_12_b02446,medium,v17_harmony_multicue_safe,False,True,232.2317165962174,307.12191752381864,0.7561548145719911,-24.384518542800894
development,egobody_recording_20210911_S07_S06_01_small_kinect_13_kinect_12_b02166,small,v19_ungated_translation_b050,True,False,181.90829059748688,240.84823890971688,0.7552817966241226,-24.471820337587737
development,egobody_recording_20210911_S07_S06_01_small_kinect_13_kinect_12_b02166,small,v20_gate_r025_t075_b050,False,True,181.90829059748688,240.84823890971688,0.7552817966241226,-24.471820337587737
development,egobody_recording_20220312_S28_S29_06_small_kinect_11_kinect_15_b03326,small,v20_gate_vel_r025_t075_b050,False,True,193.54036618227184,256.29214945331364,0.7551552655635567,-24.484473443644326
development,egobody_recording_20220312_S28_S29_06_small_kinect_11_kinect_15_b03326,small,v19_ungated_translation_b050,True,False,193.25938527117867,256.29214945331364,0.7540589350216634,-24.594106497833657
development,egobody_recording_20220312_S28_S29_06_small_kinect_11_kinect_15_b03326,small,v20_gate_r025_t075_b050,False,True,193.25938527117867,256.29214945331364,0.7540589350216634,-24.594106497833657
test,egobody_recording_20220415_S35_S36_01_small_kinect_11_kinect_12_b02261,small,v19_ungated_translation_b050,True,False,89.87807434089453,119.22555623402637,0.7538490670949269,-24.615093290507307
development,egobody_recording_20210918_S05_S06_01_small_kinect_12_kinect_11_b02931,small,v20_gate_vel_r025_t075_b050,False,True,210.54272439361813,279.54565471933444,0.7531604259955474,-24.683957400445255
development,egobody_recording_20210921_S10_S11_02_medium_kinect_12_kinect_11_b02411,medium,v19_ungated_translation_b050,True,False,171.02607913386618,227.14463497633443,0.7529391092670311,-24.706089073296887
development,egobody_recording_20210921_S10_S11_02_medium_kinect_12_kinect_11_b02411,medium,v20_gate_r025_t075_b050,False,True,171.02607913386618,227.14463497633443,0.7529391092670311,-24.706089073296887
development,egobody_recording_20211002_S18_S03_01_extreme_kinect_13_kinect_11_b01651,extreme,v20_gate_vel_r025_t075_b050,False,True,279.4944300476868,371.38201684136675,0.7525793317210373,-24.74206682789627
development,egobody_recording_20210907_S04_S03_02_extreme_kinect_13_kinect_11_b02176,extreme,v19_ungated_translation_b050,True,False,142.42577930857524,189.36089795963647,0.7521393320543623,-24.786066794563766
test,egobody_recording_20210907_S03_S04_01_medium_kinect_12_kinect_13_b01801,medium,v19_ungated_translation_b050,True,False,145.159579243245,193.19478863893184,0.7513638450907625,-24.863615490923753
development,egobody_recording_20210918_S05_S06_01_small_kinect_12_kinect_11_b02931,small,v19_ungated_translation_b050,True,False,209.7889251331985,279.54565471933444,0.7504639102468893,-24.95360897531107
development,egobody_recording_20210918_S05_S06_01_small_kinect_12_kinect_11_b02931,small,v20_gate_r025_t075_b050,False,True,209.7889251331985,279.54565471933444,0.7504639102468893,-24.95360897531107
development,egobody_recording_20210918_S06_S05_03_extreme_kinect_13_kinect_11_b01166,extreme,v20_gate_r025_t100_b100,False,True,168.25473268166263,224.28474323810383,0.7501835847257834,-24.98164152742166
development,egobody_recording_20220312_S28_S29_05_extreme_kinect_14_kinect_15_b03681,extreme,v19_ungated_translation_b050,True,False,420.4108336590922,560.5131581124932,0.7500463237559127,-24.995367624408726
development,egobody_recording_20210921_S10_S11_02_medium_kinect_12_kinect_11_b02411,medium,v20_gate_vel_r025_t075_b050,False,True,170.26946385808148,227.14463497633443,0.7496081246903383,-25.039187530966167
holdout,egobody_recording_20220218_S23_S02_02_extreme_kinect_13_kinect_15_b02501,extreme,v20_gate_vel_r025_t075_b050,False,True,256.4658958885483,342.50217613809764,0.7488007777945932,-25.11992222054068
holdout,egobody_recording_20220218_S23_S02_01_small_kinect_12_kinect_11_b02751,small,v17_harmony_multicue_safe,False,True,189.51136083046177,253.12544797206564,0.7486855326034852,-25.131446739651476
test,egobody_recording_20211002_S17_S15_01_small_kinect_12_kinect_11_b02701,small,v19_ungated_translation_b050,True,False,219.76314868852904,293.6665960643219,0.7483423434390006,-25.165765656099936
development,egobody_recording_20220315_S30_S21_01_small_kinect_11_kinect_12_b02671,small,v20_gate_r025_t100_b100,False,True,175.20299582860505,234.49187158961436,0.7471602091829813,-25.28397908170187
test,egobody_recording_20210929_S05_S16_04_medium_kinect_12_kinect_11_b02616,medium,v19_ungated_translation_b050,True,False,221.4979979252371,296.59771137425696,0.7467960453873613,-25.320395461263868
development,egobody_recording_20210918_S05_S09_01_extreme_kinect_13_kinect_11_b02171,extreme,v20_gate_r025_t100_b100,False,True,153.3820392865969,205.69477807652845,0.7456778471524023,-25.432215284759774
development,egobody_recording_20210923_S05_S13_02_small_kinect_13_kinect_12_b04071,small,v19_ungated_translation_b050,True,False,158.74259747160949,213.0170394105706,0.7452107958633668,-25.47892041366332
holdout,egobody_recording_20220218_S23_S02_02_extreme_kinect_13_kinect_15_b02501,extreme,v19_ungated_translation_b050,True,False,255.21015188363154,342.50217613809764,0.7451343952358721,-25.48656047641279
holdout,egobody_recording_20220218_S23_S02_02_extreme_kinect_13_kinect_15_b02501,extreme,v20_gate_r025_t075_b050,False,True,255.21015188363154,342.50217613809764,0.7451343952358721,-25.48656047641279
development,egobody_recording_20210911_S06_S07_01_medium_kinect_12_kinect_11_b03451,medium,v20_gate_r025_t100_b100,False,True,228.2276137237345,306.375254022212,0.7449283541261075,-25.50716458738925
development,egobody_recording_20211002_S15_S17_01_small_kinect_11_kinect_12_b03246,small,v20_gate_vel_r025_t075_b050,False,True,157.62227971786538,211.95356693322566,0.7436641996571026,-25.63358003428974
test,egobody_recording_20211002_S17_S15_02_medium_kinect_13_kinect_12_b01321,medium,v19_ungated_translation_b050,True,False,159.0793063860122,213.93855843931257,0.7435747326078102,-25.642526739218987
development,egobody_recording_20211002_S15_S17_01_small_kinect_11_kinect_12_b03246,small,v19_ungated_translation_b050,True,False,157.3878367022231,211.95356693322566,0.742558094112221,-25.744190588777904
development,egobody_recording_20211002_S15_S17_01_small_kinect_11_kinect_12_b03246,small,v20_gate_r025_t075_b050,False,True,157.3878367022231,211.95356693322566,0.742558094112221,-25.744190588777904
development,egobody_recording_20210918_S06_S05_03_extreme_kinect_13_kinect_11_b01166,extreme,v17_harmony_multicue_safe,False,True,166.4154211007829,224.28474323810383,0.741982796948939,-25.8017203051061
development,egobody_recording_20210918_S09_S05_01_extreme_kinect_13_kinect_11_b02021,extreme,v20_gate_r025_t100_b100,False,True,186.90364355426482,252.21421992641388,0.7410511731209918,-25.89488268790082
development,egobody_recording_20211002_S15_S17_02_small_kinect_12_kinect_11_b02431,small,v19_ungated_translation_b050,True,False,157.68521310215738,212.88635192932378,0.7407013726953589,-25.929862730464116
development,egobody_recording_20211002_S15_S17_02_small_kinect_12_kinect_11_b02431,small,v20_gate_r015_t050_b050,False,True,157.68521310215738,212.88635192932378,0.7407013726953589,-25.929862730464116
development,egobody_recording_20211002_S15_S17_02_small_kinect_12_kinect_11_b02431,small,v20_gate_r025_t075_b050,False,True,157.68521310215738,212.88635192932378,0.7407013726953589,-25.929862730464116
test,egobody_recording_20220225_S24_S25_01_small_kinect_13_kinect_14_b02966,small,v19_ungated_translation_b050,True,False,118.0894383085805,159.45524029834783,0.7405804794350435,-25.941952056495655
development,egobody_recording_20220218_S02_S23_02_small_kinect_12_kinect_11_b03751,small,v19_ungated_translation_b050,True,False,146.10388791651607,197.31808180345251,0.7404485518060598,-25.955144819394015
development,egobody_recording_20220218_S02_S23_02_small_kinect_12_kinect_11_b03751,small,v20_gate_r015_t050_b050,False,True,146.10388791651607,197.31808180345251,0.7404485518060598,-25.955144819394015
development,egobody_recording_20220218_S02_S23_02_small_kinect_12_kinect_11_b03751,small,v20_gate_r025_t075_b050,False,True,146.10388791651607,197.31808180345251,0.7404485518060598,-25.955144819394015
development,egobody_recording_20211002_S15_S17_02_small_kinect_12_kinect_11_b02431,small,v20_gate_vel_r025_t075_b050,False,True,157.6170759461224,212.88635192932378,0.7403813091712416,-25.961869082875843
development,egobody_recording_20220218_S02_S23_02_small_kinect_12_kinect_11_b03751,small,v20_gate_vel_r025_t075_b050,False,True,146.07806622088626,197.31808180345251,0.7403176885045631,-25.968231149543687
development,egobody_recording_20220315_S30_S21_01_small_kinect_11_kinect_12_b02671,small,v17_harmony_multicue_safe,False,True,173.5209026492626,234.49187158961436,0.7399868552925476,-26.00131447074524
test,egobody_recording_20210929_S05_S16_03_medium_kinect_11_kinect_12_b01076,medium,v19_ungated_translation_b050,True,False,225.05468990163223,304.86887935855,0.7382015848096783,-26.179841519032166
development,egobody_recording_20220315_S30_S21_02_medium_kinect_13_kinect_11_b02581,medium,v17_harmony_multicue_safe,False,True,152.81980998522175,207.12020781042457,0.737831482503612,-26.216851749638803
development,egobody_recording_20210910_S06_S05_03_small_kinect_12_kinect_13_b02716,small,v20_gate_r025_t100_b100,False,True,159.14382719884907,216.06744662017695,0.7365469888604117,-26.34530111395883
development,egobody_recording_20210923_S13_S05_01_medium_kinect_11_kinect_12_b02401,medium,v20_gate_vel_r025_t075_b050,False,True,220.1056383514383,299.17691421162584,0.7357039527312736,-26.429604726872636
development,egobody_recording_20210918_S06_S05_03_small_kinect_12_kinect_11_b01166,small,v17_harmony_multicue_safe,False,True,150.9540068817451,205.7500867202756,0.7336765164379849,-26.632348356201508
development,egobody_recording_20210921_S10_S11_01_small_kinect_13_kinect_12_b02266,small,v20_gate_vel_r025_t075_b050,False,True,287.77576163143664,392.27955963714464,0.7335986659555416,-26.64013340444584
holdout,egobody_recording_20220218_S23_S02_01_medium_kinect_13_kinect_11_b02751,medium,v17_harmony_multicue_safe,False,True,209.6153531884088,285.7439802045625,0.7335774949251647,-26.642250507483535
development,egobody_recording_20210911_S06_S07_01_medium_kinect_12_kinect_11_b03451,medium,v17_harmony_multicue_safe,False,True,224.3116253093964,306.375254022212,0.7321466807927443,-26.785331920725575
development,egobody_recording_20210923_S13_S05_01_medium_kinect_11_kinect_12_b02401,medium,v19_ungated_translation_b050,True,False,218.8777989872027,299.17691421162584,0.7315998948781766,-26.840010512182346
development,egobody_recording_20210923_S13_S05_01_medium_kinect_11_kinect_12_b02401,medium,v20_gate_r025_t075_b050,False,True,218.8777989872027,299.17691421162584,0.7315998948781766,-26.840010512182346
development,egobody_recording_20210921_S10_S11_01_small_kinect_13_kinect_12_b02266,small,v19_ungated_translation_b050,True,False,286.9183841787273,392.27955963714464,0.7314130372842379,-26.85869627157621
development,egobody_recording_20210921_S10_S11_01_small_kinect_13_kinect_12_b02266,small,v20_gate_r025_t075_b050,False,True,286.9183841787273,392.27955963714464,0.7314130372842379,-26.85869627157621
holdout,egobody_recording_20220218_S23_S02_02_small_kinect_11_kinect_12_b02501,small,v19_ungated_translation_b050,True,False,117.73418942452355,160.99926872423734,0.731271578793199,-26.872842120680097
holdout,egobody_recording_20220218_S23_S02_02_small_kinect_11_kinect_12_b02501,small,v20_gate_r025_t075_b050,False,True,117.73418942452355,160.99926872423734,0.731271578793199,-26.872842120680097
development,egobody_recording_20210921_S10_S11_02_small_kinect_13_kinect_12_b02411,small,v17_harmony_multicue_safe,False,True,155.31708684438175,212.41913860411537,0.7311821706133812,-26.88178293866188
development,egobody_recording_20210910_S06_S05_03_small_kinect_12_kinect_13_b02716,small,v17_harmony_multicue_safe,False,True,157.81928730055608,216.06744662017695,0.7304167738788768,-26.95832261211232
development,egobody_recording_20220215_S22_S21_01_small_kinect_11_kinect_12_b02706,small,v20_gate_r025_t100_b100,False,True,129.80996318531345,177.72448676867305,0.730399989025005,-26.960001097499497
holdout,egobody_recording_20220315_S21_S30_03_medium_kinect_13_kinect_11_b03631,medium,v20_gate_vel_r025_t075_b050,False,True,182.17526529681646,249.6451720490665,0.7297367852201477,-27.026321477985228
holdout,egobody_recording_20220218_S23_S02_02_small_kinect_11_kinect_12_b02501,small,v20_gate_vel_r025_t075_b050,False,True,117.45724808729148,160.99926872423734,0.7295514384507827,-27.044856154921725
holdout,egobody_recording_20210921_S11_S10_01_medium_kinect_12_kinect_11_b01526,medium,v20_gate_vel_r025_t075_b050,False,True,161.03018741274846,221.17634348988722,0.7280624359363785,-27.193756406362148
test,egobody_recording_20220312_S29_S28_05_extreme_kinect_15_kinect_14_b02786,extreme,v19_ungated_translation_b050,True,False,354.49841399446404,487.26738147933446,0.7275233834003286,-27.247661659967136
development,egobody_recording_20210921_S10_S11_02_small_kinect_13_kinect_12_b02411,small,v20_gate_r025_t100_b100,False,True,154.48943884175097,212.41913860411537,0.7272858738480823,-27.27141261519177
holdout,egobody_recording_20220315_S21_S30_03_medium_kinect_13_kinect_11_b03631,medium,v19_ungated_translation_b050,True,False,181.55568339952316,249.6451720490665,0.7272549351118206,-27.27450648881794
holdout,egobody_recording_20220315_S21_S30_03_medium_kinect_13_kinect_11_b03631,medium,v20_gate_r025_t075_b050,False,True,181.55568339952316,249.6451720490665,0.7272549351118206,-27.27450648881794
development,egobody_recording_20220315_S30_S21_02_medium_kinect_13_kinect_11_b02581,medium,v20_gate_r025_t100_b100,False,True,150.5995970324722,207.12020781042457,0.7271120409956076,-27.288795900439244
holdout,egobody_recording_20210921_S11_S10_01_medium_kinect_12_kinect_11_b01526,medium,v19_ungated_translation_b050,True,False,160.79880280564106,221.17634348988722,0.727016281526479,-27.298371847352097
holdout,egobody_recording_20210921_S11_S10_01_medium_kinect_12_kinect_11_b01526,medium,v20_gate_r025_t075_b050,False,True,160.79880280564106,221.17634348988722,0.727016281526479,-27.298371847352097
development,egobody_recording_20210918_S06_S05_03_small_kinect_12_kinect_11_b01166,small,v20_gate_r025_t100_b100,False,True,149.4066704876106,205.7500867202756,0.7261560511064774,-27.384394889352258
development,egobody_recording_20210918_S09_S05_01_extreme_kinect_13_kinect_11_b02021,extreme,v17_harmony_multicue_safe,False,True,183.13697822654578,252.21421992641388,0.7261167838989329,-27.388321610106715
test,egobody_recording_20210921_S05_S12_02_extreme_kinect_13_kinect_11_b01916,extreme,v19_ungated_translation_b050,True,False,233.29359140409764,321.4308595120131,0.7257971177947168,-27.42028822052832
holdout,egobody_recording_20220315_S21_S30_04_medium_kinect_11_kinect_13_b04401,medium,v20_gate_vel_r025_t075_b050,False,True,256.76226379373674,353.81606379013334,0.7256941955751216,-27.43058044248784
development,egobody_recording_20210911_S08_S03_02_small_kinect_13_kinect_12_b02326,small,v19_ungated_translation_b050,True,False,174.6724212036281,240.71675540976688,0.7256346609785723,-27.436533902142767
test,egobody_recording_20220312_S29_S28_01_medium_kinect_12_kinect_15_b03231,medium,v19_ungated_translation_b050,True,False,296.3344231673624,408.96745399709556,0.724591701053715,-27.540829894628505
holdout,egobody_recording_20210923_S03_S14_01_small_kinect_12_kinect_13_b02231,small,v19_ungated_translation_b050,True,False,151.22187395566453,209.02226396688698,0.7234725673989489,-27.652743260105105
development,egobody_recording_20210918_S05_S06_03_small_kinect_12_kinect_11_b01956,small,v20_gate_vel_r025_t075_b050,False,True,155.32719106402277,214.7057704944581,0.7234420887073084,-27.655791129269158
development,egobody_recording_20210918_S05_S06_03_small_kinect_12_kinect_11_b01956,small,v19_ungated_translation_b050,True,False,155.04677204083123,214.7057704944581,0.7221360268229644,-27.78639731770356
development,egobody_recording_20210918_S05_S06_03_small_kinect_12_kinect_11_b01956,small,v20_gate_r025_t075_b050,False,True,155.04677204083123,214.7057704944581,0.7221360268229644,-27.78639731770356
holdout,egobody_recording_20220315_S21_S30_04_medium_kinect_11_kinect_13_b04401,medium,v19_ungated_translation_b050,True,False,255.12642799729272,353.81606379013334,0.7210707882065565,-27.892921179344356
holdout,egobody_recording_20220315_S21_S30_04_medium_kinect_11_kinect_13_b04401,medium,v20_gate_r025_t075_b050,False,True,255.12642799729272,353.81606379013334,0.7210707882065565,-27.892921179344356
development,egobody_recording_20210910_S06_S05_02_small_kinect_13_kinect_12_b02726,small,v19_ungated_translation_b050,True,False,162.01750678784447,224.74339912068857,0.7208999571143804,-27.910004288561964
development,egobody_recording_20210910_S06_S05_02_small_kinect_13_kinect_12_b02726,small,v20_gate_r025_t075_b050,False,True,162.01750678784447,224.74339912068857,0.7208999571143804,-27.910004288561964
development,egobody_recording_20210910_S05_S06_01_extreme_kinect_11_kinect_13_b02971,extreme,v19_ungated_translation_b050,True,False,312.5369452918894,433.8722701463643,0.7203432134219061,-27.96567865780939
holdout,egobody_recording_20210921_S11_S10_02_medium_kinect_12_kinect_11_b02981,medium,v17_harmony_multicue_safe,False,True,172.07888775521462,238.8883184442246,0.7203319478988731,-27.96680521011269
test,egobody_recording_20211002_S17_S15_01_medium_kinect_12_kinect_13_b02701,medium,v19_ungated_translation_b050,True,False,266.95529418865556,370.6527245472628,0.7202302222780922,-27.976977772190782
test,egobody_recording_20220225_S25_S24_01_small_kinect_13_kinect_14_b03341,small,v19_ungated_translation_b050,True,False,127.34276905570351,176.86094362804621,0.7200163385055568,-27.99836614944432
development,egobody_recording_20210910_S06_S05_02_small_kinect_13_kinect_12_b02726,small,v20_gate_vel_r025_t075_b050,False,True,161.55067164661207,224.74339912068857,0.7188227653345155,-28.11772346654845
holdout,egobody_recording_20211002_S03_S18_03_medium_kinect_12_kinect_13_b02681,medium,v20_gate_vel_r025_t075_b050,False,True,246.0030460432001,342.52675215933334,0.718200971142735,-28.179902885726506
development,egobody_recording_20210918_S05_S06_01_extreme_kinect_13_kinect_11_b02931,extreme,v19_ungated_translation_b050,True,False,199.91663802269284,278.7616918650732,0.7171596523365086,-28.28403476634914
development,egobody_recording_20210918_S05_S06_01_extreme_kinect_13_kinect_11_b02931,extreme,v20_gate_r025_t075_b050,False,True,199.91663802269284,278.7616918650732,0.7171596523365086,-28.28403476634914
holdout,egobody_recording_20220315_S21_S30_05_medium_kinect_13_kinect_11_b02151,medium,v17_harmony_multicue_safe,False,True,149.29042064151756,208.33151879667219,0.7166002605070159,-28.339973949298415
development,egobody_recording_20210918_S05_S06_01_extreme_kinect_13_kinect_11_b02931,extreme,v20_gate_vel_r025_t075_b050,False,True,199.71074884801715,278.7616918650732,0.7164210674423713,-28.357893255762868
test,egobody_recording_20220225_S27_S26_03_extreme_kinect_14_kinect_15_b02455,extreme,v19_ungated_translation_b050,True,False,186.62182210224836,260.5035055596445,0.7163889088606514,-28.36110911393486
development,egobody_recording_20210923_S05_S13_01_extreme_kinect_13_kinect_11_b02761,extreme,v20_gate_vel_r025_t075_b050,False,True,188.04228878889288,262.62725799060166,0.7160044628559543,-28.39955371440457
holdout,egobody_recording_20211002_S03_S18_03_medium_kinect_12_kinect_13_b02681,medium,v19_ungated_translation_b050,True,False,245.15010860871578,342.52675215933334,0.7157108373674684,-28.428916263253157
holdout,egobody_recording_20211002_S03_S18_03_medium_kinect_12_kinect_13_b02681,medium,v20_gate_r025_t075_b050,False,True,245.15010860871578,342.52675215933334,0.7157108373674684,-28.428916263253157
development,egobody_recording_20210911_S07_S06_01_extreme_kinect_11_kinect_13_b02166,extreme,v19_ungated_translation_b050,True,False,261.6127765241339,365.66759173400897,0.7154387822107959,-28.456121778920405
development,egobody_recording_20211002_S18_S03_01_medium_kinect_12_kinect_13_b01651,medium,v20_gate_vel_r025_t075_b050,False,True,287.6994219775105,402.38996959855456,0.7149766239564436,-28.502337604355642
development,egobody_recording_20220312_S28_S29_02_medium_kinect_12_kinect_15_b02676,medium,v20_gate_vel_r025_t075_b050,False,True,320.1655446119543,447.81263461291053,0.7149542461853619,-28.504575381463816
development,egobody_recording_20220312_S28_S29_03_small_kinect_15_kinect_11_b01581,small,v20_gate_r025_t100_b100,False,True,122.19415952618976,171.1915642842874,0.713786102937113,-28.621389706288703
development,egobody_recording_20210923_S14_S03_03_extreme_kinect_13_kinect_11_b02456,extreme,v20_gate_vel_r025_t075_b050,False,True,244.49742423464883,343.1169555589335,0.7125775053476019,-28.742249465239812
development,egobody_recording_20210923_S05_S13_01_extreme_kinect_13_kinect_11_b02761,extreme,v19_ungated_translation_b050,True,False,187.129505813353,262.62725799060166,0.7125288793140032,-28.747112068599677
development,egobody_recording_20210923_S05_S13_01_extreme_kinect_13_kinect_11_b02761,extreme,v20_gate_r025_t075_b050,False,True,187.129505813353,262.62725799060166,0.7125288793140032,-28.747112068599677
development,egobody_recording_20220312_S28_S29_02_medium_kinect_12_kinect_15_b02676,medium,v19_ungated_translation_b050,True,False,318.62775920052195,447.81263461291053,0.7115202532772305,-28.847974672276955
development,egobody_recording_20220312_S28_S29_02_medium_kinect_12_kinect_15_b02676,medium,v20_gate_r025_t075_b050,False,True,318.62775920052195,447.81263461291053,0.7115202532772305,-28.847974672276955
development,egobody_recording_20210923_S14_S03_02_medium_kinect_12_kinect_11_b01601,medium,v19_ungated_translation_b050,True,False,181.67096144954104,255.46006411667128,0.7111521015142704,-28.884789848572957
development,egobody_recording_20210923_S14_S03_02_medium_kinect_12_kinect_11_b01601,medium,v20_gate_r025_t075_b050,False,True,181.67096144954104,255.46006411667128,0.7111521015142704,-28.884789848572957
test,egobody_recording_20211004_S20_S12_04_small_kinect_12_kinect_11_b03056,small,v19_ungated_translation_b050,True,False,237.01651570551695,333.3694519214899,0.7109725091468053,-28.902749085319467
development,egobody_recording_20210923_S14_S03_02_medium_kinect_12_kinect_11_b01601,medium,v20_gate_vel_r025_t075_b050,False,True,181.56962866105994,255.46006411667128,0.7107554336874166,-28.924456631258344
development,egobody_recording_20210910_S05_S06_01_medium_kinect_12_kinect_11_b02971,medium,v20_gate_r025_t100_b100,False,True,160.9720428661596,226.70557809768454,0.7100488846233806,-28.995111537661945
development,egobody_recording_20220225_S26_S27_01_extreme_kinect_14_kinect_15_b03066,extreme,v20_gate_vel_r025_t075_b050,False,True,279.90892924145754,394.34744164522937,0.7098028278658766,-29.019717213412342
development,egobody_recording_20210923_S05_S13_02_medium_kinect_12_kinect_11_b04071,medium,v20_gate_vel_r025_t075_b050,False,True,158.54294028807425,223.38822395761127,0.7097193284376456,-29.028067156235437
development,egobody_recording_20210923_S14_S03_03_extreme_kinect_13_kinect_11_b02456,extreme,v19_ungated_translation_b050,True,False,243.3074129918791,343.1169555589335,0.7091092674086426,-29.089073259135745
development,egobody_recording_20210923_S14_S03_03_extreme_kinect_13_kinect_11_b02456,extreme,v20_gate_r025_t075_b050,False,True,243.3074129918791,343.1169555589335,0.7091092674086426,-29.089073259135745
development,egobody_recording_20210910_S06_S05_02_small_kinect_13_kinect_12_b02726,small,v20_gate_r025_t100_b100,False,True,159.30499318462074,224.74339912068857,0.7088305765949237,-29.116942340507634
development,egobody_recording_20210923_S14_S03_03_small_kinect_13_kinect_12_b02456,small,v20_gate_r025_t100_b100,False,True,169.1381169257939,238.62623383996217,0.7087993394692245,-29.120066053077554
development,egobody_recording_20210923_S05_S13_02_medium_kinect_12_kinect_11_b04071,medium,v19_ungated_translation_b050,True,False,158.20860821017263,223.38822395761127,0.7082226869765225,-29.177731302347752
development,egobody_recording_20210923_S05_S13_02_medium_kinect_12_kinect_11_b04071,medium,v20_gate_r015_t050_b050,False,True,158.20860821017263,223.38822395761127,0.7082226869765225,-29.177731302347752
development,egobody_recording_20210923_S05_S13_02_medium_kinect_12_kinect_11_b04071,medium,v20_gate_r025_t075_b050,False,True,158.20860821017263,223.38822395761127,0.7082226869765225,-29.177731302347752
holdout,egobody_recording_20211002_S03_S18_01_extreme_kinect_13_kinect_11_b02871,extreme,v19_ungated_translation_b050,True,False,288.99262959574247,408.27918912908876,0.7078309090703359,-29.216909092966414
holdout,egobody_recording_20220315_S21_S30_06_medium_kinect_11_kinect_13_b03586,medium,v20_gate_vel_r025_t075_b050,False,True,224.71729455115081,317.6417013325481,0.7074552667626216,-29.25447332373784
holdout,egobody_recording_20220315_S21_S30_06_small_kinect_11_kinect_12_b03586,small,v17_harmony_multicue_safe,False,True,181.70215077469314,257.0246712764094,0.7069443951521956,-29.305560484780436
development,egobody_recording_20220312_S28_S29_02_small_kinect_11_kinect_15_b02676,small,v20_gate_vel_r025_t075_b050,False,True,122.11089505023917,172.85033100787328,0.7064545051098401,-29.35454948901599
holdout,egobody_recording_20220315_S21_S30_06_medium_kinect_11_kinect_13_b03586,medium,v19_ungated_translation_b050,True,False,224.25015262858244,317.6417013325481,0.7059846099798105,-29.40153900201895
holdout,egobody_recording_20220315_S21_S30_06_medium_kinect_11_kinect_13_b03586,medium,v20_gate_r025_t075_b050,False,True,224.25015262858244,317.6417013325481,0.7059846099798105,-29.40153900201895
development,egobody_recording_20220312_S28_S29_02_small_kinect_11_kinect_15_b02676,small,v19_ungated_translation_b050,True,False,122.0130930683383,172.85033100787328,0.705888686222884,-29.411131377711598
development,egobody_recording_20220312_S28_S29_02_small_kinect_11_kinect_15_b02676,small,v20_gate_r015_t050_b050,False,True,122.0130930683383,172.85033100787328,0.705888686222884,-29.411131377711598
development,egobody_recording_20220312_S28_S29_02_small_kinect_11_kinect_15_b02676,small,v20_gate_r025_t075_b050,False,True,122.0130930683383,172.85033100787328,0.705888686222884,-29.411131377711598
development,egobody_recording_20220225_S26_S27_01_extreme_kinect_14_kinect_15_b03066,extreme,v19_ungated_translation_b050,True,False,278.3457784186588,394.34744164522937,0.7058389354762691,-29.416106452373093
development,egobody_recording_20220225_S26_S27_01_extreme_kinect_14_kinect_15_b03066,extreme,v20_gate_r025_t075_b050,False,True,278.3457784186588,394.34744164522937,0.7058389354762691,-29.416106452373093
test,egobody_recording_20220312_S29_S28_01_small_kinect_11_kinect_15_b03231,small,v19_ungated_translation_b050,True,False,127.08109661789099,180.08588192807966,0.7056694020503116,-29.43305979496884
development,egobody_recording_20210911_S07_S06_02_small_kinect_12_kinect_13_b01351,small,v17_harmony_multicue_safe,False,True,162.42430503215078,230.27655850068496,0.7053445044067204,-29.465549559327965
development,egobody_recording_20211002_S18_S03_01_medium_kinect_12_kinect_13_b01651,medium,v19_ungated_translation_b050,True,False,283.8220170158625,402.38996959855456,0.7053406855519244,-29.46593144480756
development,egobody_recording_20211002_S18_S03_01_medium_kinect_12_kinect_13_b01651,medium,v20_gate_r025_t075_b050,False,True,283.8220170158625,402.38996959855456,0.7053406855519244,-29.46593144480756
development,egobody_recording_20211002_S15_S17_02_extreme_kinect_13_kinect_11_b02431,extreme,v19_ungated_translation_b050,True,False,255.54413662057118,362.30081134653545,0.7053369151198144,-29.466308488018555
development,egobody_recording_20210918_S05_S09_01_extreme_kinect_13_kinect_11_b02171,extreme,v17_harmony_multicue_safe,False,True,144.81026826646576,205.69477807652845,0.7040055640721676,-29.59944359278324
development,egobody_recording_20220312_S28_S29_01_medium_kinect_12_kinect_15_b03226,medium,v20_gate_vel_r025_t075_b050,False,True,279.32333682176966,397.19176994738535,0.7032455301346517,-29.675446986534826
development,egobody_recording_20220215_S22_S21_01_small_kinect_11_kinect_12_b02706,small,v17_harmony_multicue_safe,False,True,124.93232002720482,177.72448676867305,0.7029550193036554,-29.704498069634454
development,egobody_recording_20220312_S28_S29_03_small_kinect_15_kinect_11_b01581,small,v17_harmony_multicue_safe,False,True,120.32642110958972,171.1915642842874,0.7028758783334146,-29.71241216665854
development,egobody_recording_20210911_S06_S07_02_extreme_kinect_11_kinect_13_b02246,extreme,v19_ungated_translation_b050,True,False,267.59551221679715,380.9302896422282,0.7024789561053921,-29.752104389460786
development,egobody_recording_20220312_S28_S29_01_medium_kinect_12_kinect_15_b03226,medium,v19_ungated_translation_b050,True,False,278.61721373090853,397.19176994738535,0.7014677413074697,-29.85322586925303
development,egobody_recording_20220312_S28_S29_01_medium_kinect_12_kinect_15_b03226,medium,v20_gate_r025_t075_b050,False,True,278.61721373090853,397.19176994738535,0.7014677413074697,-29.85322586925303
development,egobody_recording_20210911_S07_S06_02_small_kinect_12_kinect_13_b01351,small,v20_gate_r025_t100_b100,False,True,161.51183412119224,230.27655850068496,0.7013820041987114,-29.861799580128856
development,egobody_recording_20210910_S06_S05_02_small_kinect_13_kinect_12_b02726,small,v17_harmony_multicue_safe,False,True,157.39469536289127,224.74339912068857,0.7003306703498302,-29.96693296501698
development,egobody_recording_20210907_S04_S03_02_small_kinect_11_kinect_12_b02176,small,v19_ungated_translation_b050,True,False,195.1426620924359,278.6490555405306,0.7003169693645405,-29.968303063545953
development,egobody_recording_20210910_S05_S06_01_small_kinect_12_kinect_13_b02971,small,v20_gate_r025_t100_b100,False,True,173.12136148034128,247.29538237793173,0.7000590137011404,-29.994098629885958
holdout,egobody_recording_20211002_S03_S18_02_small_kinect_12_kinect_11_b04461,small,v19_ungated_translation_b050,True,False,195.210456189405,279.01491057539505,0.699641663547065,-30.035833645293497
holdout,egobody_recording_20211002_S03_S18_02_extreme_kinect_11_kinect_13_b04461,extreme,v19_ungated_translation_b050,True,False,311.472102189539,445.4432728104239,0.699240781490258,-30.075921850974197
development,egobody_recording_20211002_S18_S03_02_medium_kinect_12_kinect_13_b02781,medium,v20_gate_vel_r025_t075_b050,False,True,200.20923395167586,286.4799474127569,0.6988595039890061,-30.114049601099392
development,egobody_recording_20211002_S18_S03_02_medium_kinect_12_kinect_13_b02781,medium,v19_ungated_translation_b050,True,False,200.19165437300538,286.4799474127569,0.6987981399081018,-30.12018600918982
development,egobody_recording_20211002_S18_S03_02_medium_kinect_12_kinect_13_b02781,medium,v20_gate_r025_t075_b050,False,True,200.19165437300538,286.4799474127569,0.6987981399081018,-30.12018600918982
test,egobody_recording_20210911_S03_S08_01_small_kinect_13_kinect_12_b02141,small,v19_ungated_translation_b050,True,False,161.85882620279867,231.98606017350616,0.6977092765045529,-30.229072349544705
development,egobody_recording_20220225_S26_S27_01_medium_kinect_12_kinect_15_b03066,medium,v20_gate_r025_t100_b100,False,True,273.41425471379563,392.87122660172633,0.6959386083801186,-30.406139161988143
test,egobody_recording_20220318_S33_S34_01_medium_kinect_13_kinect_14_b03921,medium,v19_ungated_translation_b050,True,False,215.51887146190174,309.79299094179055,0.695686725534721,-30.431327446527902
holdout,egobody_recording_20220315_S21_S30_02_medium_kinect_13_kinect_11_b02196,medium,v20_gate_vel_r025_t075_b050,False,True,163.32055759046827,235.0086088184905,0.6949556376320211,-30.504436236797893
test,egobody_recording_20211002_S17_S15_02_extreme_kinect_13_kinect_11_b01321,extreme,v19_ungated_translation_b050,True,False,186.6592940337705,268.7769657354592,0.6944765282360091,-30.552347176399085
development,egobody_recording_20220312_S28_S29_03_medium_kinect_15_kinect_12_b01581,medium,v20_gate_vel_r025_t075_b050,False,True,182.3158262826211,262.5654965421306,0.6943632300650255,-30.563676993497445
development,egobody_recording_20210923_S14_S03_03_small_kinect_13_kinect_12_b02456,small,v17_harmony_multicue_safe,False,True,165.65842740672838,238.62623383996217,0.6942171643953841,-30.578283560461593
development,egobody_recording_20210911_S08_S03_01_small_kinect_12_kinect_13_b02986,small,v20_gate_vel_r025_t075_b050,False,True,155.36519830624897,223.874962194229,0.6939820191748711,-30.601798082512886
development,egobody_recording_20210910_S06_S05_02_extreme_kinect_11_kinect_13_b02726,extreme,v19_ungated_translation_b050,True,False,213.4391269275242,307.62517909722976,0.6938285336521931,-30.61714663478069
development,egobody_recording_20210910_S06_S05_02_extreme_kinect_11_kinect_13_b02726,extreme,v20_gate_r025_t075_b050,False,True,213.4391269275242,307.62517909722976,0.6938285336521931,-30.61714663478069
development,egobody_recording_20220312_S28_S29_06_extreme_kinect_15_kinect_14_b03326,extreme,v19_ungated_translation_b050,True,False,334.6151318781827,482.4306907900874,0.6936024972419895,-30.63975027580105
development,egobody_recording_20220312_S28_S29_03_medium_kinect_15_kinect_12_b01581,medium,v19_ungated_translation_b050,True,False,182.08296614731375,262.5654965421306,0.6934763651175211,-30.652363488247893
development,egobody_recording_20220312_S28_S29_03_medium_kinect_15_kinect_12_b01581,medium,v20_gate_r025_t075_b050,False,True,182.08296614731375,262.5654965421306,0.6934763651175211,-30.652363488247893
holdout,egobody_recording_20210923_S03_S14_01_medium_kinect_11_kinect_12_b02231,medium,v19_ungated_translation_b050,True,False,179.38053245950906,258.84236950999195,0.6930107029969239,-30.69892970030761
holdout,egobody_recording_20210923_S03_S14_01_medium_kinect_11_kinect_12_b02231,medium,v20_gate_r025_t075_b050,False,True,179.38053245950906,258.84236950999195,0.6930107029969239,-30.69892970030761
development,egobody_recording_20210910_S06_S05_02_extreme_kinect_11_kinect_13_b02726,extreme,v20_gate_vel_r025_t075_b050,False,True,213.086975608561,307.62517909722976,0.6926837921196676,-30.731620788033243
development,egobody_recording_20210911_S08_S03_01_small_kinect_12_kinect_13_b02986,small,v19_ungated_translation_b050,True,False,155.03194697129777,223.874962194229,0.6924934590800532,-30.75065409199468
development,egobody_recording_20210911_S08_S03_01_small_kinect_12_kinect_13_b02986,small,v20_gate_r025_t075_b050,False,True,155.03194697129777,223.874962194229,0.6924934590800532,-30.75065409199468
holdout,egobody_recording_20220315_S21_S30_02_medium_kinect_13_kinect_11_b02196,medium,v19_ungated_translation_b050,True,False,162.3585435034525,235.0086088184905,0.6908621106252772,-30.913788937472276
holdout,egobody_recording_20220315_S21_S30_02_medium_kinect_13_kinect_11_b02196,medium,v20_gate_r025_t075_b050,False,True,162.3585435034525,235.0086088184905,0.6908621106252772,-30.913788937472276
holdout,egobody_recording_20210923_S03_S14_01_medium_kinect_11_kinect_12_b02231,medium,v20_gate_vel_r025_t075_b050,False,True,178.67395745843956,258.84236950999195,0.6902809528311875,-30.971904716881248
development,egobody_recording_20220312_S28_S29_04_medium_kinect_15_kinect_12_b02691,medium,v20_gate_vel_r025_t075_b050,False,True,188.16436890485798,273.0768280446055,0.6890528583191337,-31.094714168086636
development,egobody_recording_20210910_S05_S06_01_medium_kinect_12_kinect_11_b02971,medium,v17_harmony_multicue_safe,False,True,156.0736866809466,226.70557809768454,0.6884421988668336,-31.155780113316645
development,egobody_recording_20210911_S07_S06_02_medium_kinect_11_kinect_12_b01351,medium,v20_gate_r025_t100_b100,False,True,131.56104219210525,191.45356314232723,0.6871694630948306,-31.283053690516937
test,egobody_recording_20220318_S32_S31_02_medium_kinect_13_kinect_14_b03001,medium,v19_ungated_translation_b050,True,False,228.65139762358214,333.33870456515973,0.6859431397918758,-31.405686020812418
development,egobody_recording_20220312_S28_S29_04_medium_kinect_15_kinect_12_b02691,medium,v19_ungated_translation_b050,True,False,187.2371555454263,273.0768280446055,0.685657427933952,-31.434257206604798
development,egobody_recording_20220312_S28_S29_04_medium_kinect_15_kinect_12_b02691,medium,v20_gate_r025_t075_b050,False,True,187.2371555454263,273.0768280446055,0.685657427933952,-31.434257206604798
holdout,egobody_recording_20211002_S03_S18_02_small_kinect_12_kinect_11_b04461,small,v17_harmony_multicue_safe,False,True,190.8536569886644,279.01491057539505,0.6840267303101429,-31.597326968985705
development,egobody_recording_20220225_S26_S27_01_medium_kinect_12_kinect_15_b03066,medium,v17_harmony_multicue_safe,False,True,267.7769128487523,392.87122660172633,0.6815895253133706,-31.841047468662943
holdout,egobody_recording_20210923_S03_S14_01_extreme_kinect_13_kinect_11_b02231,extreme,v19_ungated_translation_b050,True,False,208.08159103946105,305.53213410599056,0.6810465015351758,-31.895349846482425
holdout,egobody_recording_20210923_S03_S14_01_extreme_kinect_13_kinect_11_b02231,extreme,v20_gate_r025_t075_b050,False,True,208.08159103946105,305.53213410599056,0.6810465015351758,-31.895349846482425
development,egobody_recording_20220415_S36_S35_01_medium_kinect_15_kinect_13_b02676,medium,v20_gate_vel_r025_t075_b050,False,True,163.52574585446746,240.23036832742466,0.6807038884925166,-31.92961115074834
test,egobody_recording_20220225_S27_S26_01_medium_kinect_15_kinect_12_b02876,medium,v19_ungated_translation_b050,True,False,199.61542367548918,293.41117226369875,0.6803265947081522,-31.967340529184785
development,egobody_recording_20220415_S36_S35_01_medium_kinect_15_kinect_13_b02676,medium,v19_ungated_translation_b050,True,False,163.2735572685857,240.23036832742466,0.679654110366472,-32.034588963352796
development,egobody_recording_20220415_S36_S35_01_medium_kinect_15_kinect_13_b02676,medium,v20_gate_r025_t075_b050,False,True,163.2735572685857,240.23036832742466,0.679654110366472,-32.034588963352796
holdout,egobody_recording_20210923_S03_S14_01_extreme_kinect_13_kinect_11_b02231,extreme,v20_gate_vel_r025_t075_b050,False,True,207.5563768544439,305.53213410599056,0.6793274869819146,-32.06725130180854
development,egobody_recording_20210918_S09_S05_01_small_kinect_12_kinect_11_b02021,small,v20_gate_r025_t100_b100,False,True,130.55685856093945,192.30089377095422,0.6789196659503992,-32.10803340496008
holdout,egobody_recording_20220215_S21_S22_02_medium_kinect_14_kinect_12_b03131,medium,v19_ungated_translation_b050,True,False,257.9389647829981,380.3821668751787,0.6781047778920719,-32.18952221079281
development,egobody_recording_20210910_S05_S06_01_small_kinect_12_kinect_13_b02971,small,v17_harmony_multicue_safe,False,True,167.35201485848756,247.29538237793173,0.6767292346879737,-32.32707653120263
test,egobody_recording_20210911_S03_S08_01_extreme_kinect_13_kinect_11_b02141,extreme,v19_ungated_translation_b050,True,False,189.88193251519445,280.68694793576987,0.6764900680691626,-32.350993193083745
development,egobody_recording_20210918_S05_S06_02_medium_kinect_13_kinect_12_b02371,medium,v20_gate_vel_r025_t075_b050,False,True,143.00077789756213,211.53380557095386,0.676018556521435,-32.398144347856494
development,egobody_recording_20210910_S06_S05_01_small_kinect_13_kinect_12_b01411,small,v19_ungated_translation_b050,True,False,166.18515847476735,245.9642284024825,0.6756476726478737,-32.43523273521263
development,egobody_recording_20210910_S06_S05_01_small_kinect_13_kinect_12_b01411,small,v20_gate_r025_t075_b050,False,True,166.18515847476735,245.9642284024825,0.6756476726478737,-32.43523273521263
development,egobody_recording_20210911_S07_S06_02_medium_kinect_11_kinect_12_b01351,medium,v17_harmony_multicue_safe,False,True,129.33430852687675,191.45356314232723,0.675538790733966,-32.44612092660339
development,egobody_recording_20210923_S05_S13_01_small_kinect_12_kinect_13_b02761,small,v17_harmony_multicue_safe,False,True,128.1126471650007,189.7140427080663,0.675293432875402,-32.4706567124598
test,egobody_recording_20220415_S35_S36_02_medium_kinect_13_kinect_15_b02241,medium,v19_ungated_translation_b050,True,False,181.1504966242993,268.26644627822793,0.6752633403747489,-32.47366596252511
development,egobody_recording_20220415_S36_S35_02_small_kinect_12_kinect_11_b02901,small,v20_gate_r025_t100_b100,False,True,126.76922194143972,187.82034533300708,0.6749493603404721,-32.505063965952786
holdout,egobody_recording_20220315_S21_S30_01_medium_kinect_13_kinect_11_b03631,medium,v20_gate_vel_r025_t075_b050,False,True,158.37733165284547,234.68338207998744,0.6748553316777475,-32.51446683222525
holdout,egobody_recording_20220315_S21_S30_01_medium_kinect_13_kinect_11_b03631,medium,v19_ungated_translation_b050,True,False,158.297793362375,234.68338207998744,0.6745164142402812,-32.54835857597188
holdout,egobody_recording_20220315_S21_S30_01_medium_kinect_13_kinect_11_b03631,medium,v20_gate_r025_t075_b050,False,True,158.297793362375,234.68338207998744,0.6745164142402812,-32.54835857597188
development,egobody_recording_20210921_S10_S11_02_medium_kinect_12_kinect_11_b02411,medium,v20_gate_r025_t100_b100,False,True,153.20055422182196,227.14463497633443,0.6744625697973606,-32.55374302026394
development,egobody_recording_20210910_S06_S05_01_small_kinect_13_kinect_12_b01411,small,v20_gate_vel_r025_t075_b050,False,True,165.8330542633757,245.9642284024825,0.6742161465528861,-32.57838534471139
holdout,egobody_recording_20211002_S03_S18_01_small_kinect_12_kinect_11_b02871,small,v17_harmony_multicue_safe,False,True,209.49878371890165,311.09635081188617,0.6734208973270196,-32.65791026729804
development,egobody_recording_20210918_S05_S06_02_medium_kinect_13_kinect_12_b02371,medium,v19_ungated_translation_b050,True,False,142.3966353134633,211.53380557095386,0.6731625468993881,-32.683745310061184
development,egobody_recording_20210918_S05_S06_02_medium_kinect_13_kinect_12_b02371,medium,v20_gate_r025_t075_b050,False,True,142.3966353134633,211.53380557095386,0.6731625468993881,-32.683745310061184
development,egobody_recording_20210918_S09_S05_01_small_kinect_12_kinect_11_b02021,small,v17_harmony_multicue_safe,False,True,129.35934736388063,192.30089377095422,0.6726923875765132,-32.730761242348684
development,egobody_recording_20210910_S06_S05_03_extreme_kinect_13_kinect_11_b02716,extreme,v19_ungated_translation_b050,True,False,233.7309863911584,347.6951803118056,0.6722295839175955,-32.77704160824045
development,egobody_recording_20211002_S18_S03_01_small_kinect_12_kinect_11_b01651,small,v17_harmony_multicue_safe,False,True,229.0792681339086,340.874038900399,0.6720349513059983,-32.79650486940017
test,egobody_recording_20220225_S24_S25_01_extreme_kinect_14_kinect_15_b02966,extreme,v19_ungated_translation_b050,True,False,227.54565407401344,338.66227962101294,0.6718954774905936,-32.810452250940635
test,egobody_recording_20220318_S32_S31_01_medium_kinect_13_kinect_14_b03251,medium,v19_ungated_translation_b050,True,False,429.7833748239459,640.0630081451608,0.671470416747588,-32.8529583252412
development,egobody_recording_20210910_S06_S05_01_medium_kinect_12_kinect_11_b01411,medium,v20_gate_r025_t100_b100,False,True,119.50188333309237,178.0994264989627,0.6709840996247586,-32.901590037524144
development,egobody_recording_20220312_S28_S29_05_medium_kinect_15_kinect_12_b03681,medium,v19_ungated_translation_b050,True,False,202.39838701580587,301.76590066145593,0.670713246831927,-32.9286753168073
holdout,egobody_recording_20211002_S03_S18_02_extreme_kinect_11_kinect_13_b04461,extreme,v17_harmony_multicue_safe,False,True,298.7210763453141,445.4432728104239,0.6706153052005945,-32.938469479940544
development,egobody_recording_20220215_S22_S21_02_extreme_kinect_15_kinect_14_b02681,extreme,v19_ungated_translation_b050,True,False,329.36556599478484,491.36340463406117,0.6703095161107432,-32.96904838892568
development,egobody_recording_20210929_S15_S11_02_extreme_kinect_11_kinect_13_b04466,extreme,v19_ungated_translation_b050,True,False,397.1505942102324,592.7961810420537,0.6699614587801436,-33.00385412198564
holdout,egobody_recording_20211002_S03_S18_03_extreme_kinect_11_kinect_13_b02681,extreme,v19_ungated_translation_b050,True,False,308.7303847857457,460.93285913491496,0.6697946971391344,-33.020530286086554
development,egobody_recording_20210923_S14_S03_03_medium_kinect_12_kinect_11_b02456,medium,v20_gate_vel_r025_t075_b050,False,True,187.92040382580993,280.5989157968025,0.6697117958997878,-33.02882041002122
development,egobody_recording_20210923_S14_S03_03_medium_kinect_12_kinect_11_b02456,medium,v19_ungated_translation_b050,True,False,187.70686980443008,280.5989157968025,0.668950802149069,-33.1049197850931
development,egobody_recording_20210923_S14_S03_03_medium_kinect_12_kinect_11_b02456,medium,v20_gate_r025_t075_b050,False,True,187.70686980443008,280.5989157968025,0.668950802149069,-33.1049197850931
development,egobody_recording_20210910_S06_S05_03_medium_kinect_12_kinect_11_b02716,medium,v20_gate_r025_t100_b100,False,True,136.15218464833487,203.73047140130308,0.6682956344814309,-33.17043655185691
development,egobody_recording_20220215_S22_S21_04_extreme_kinect_14_kinect_15_b03046,extreme,v19_ungated_translation_b050,True,False,216.48742934489778,324.38020283071023,0.6673879215060474,-33.261207849395255
development,egobody_recording_20220312_S28_S29_06_small_kinect_11_kinect_15_b03326,small,v20_gate_r025_t100_b100,False,True,170.98061342378713,256.29214945331364,0.6671316846360644,-33.28683153639356
test,egobody_recording_20210911_S03_S08_02_extreme_kinect_11_kinect_13_b03471,extreme,v19_ungated_translation_b050,True,False,258.0327772607789,387.1181297069599,0.6665479022026278,-33.34520977973722
development,egobody_recording_20210921_S10_S11_02_medium_kinect_12_kinect_11_b02411,medium,v17_harmony_multicue_safe,False,True,151.28575233501692,227.14463497633443,0.6660326903639127,-33.39673096360873
development,egobody_recording_20220218_S02_S23_02_medium_kinect_13_kinect_11_b03751,medium,v20_gate_vel_r025_t075_b050,False,True,205.78697555779746,309.088523640632,0.6657865298067807,-33.421347019321935
holdout,egobody_recording_20211002_S03_S18_01_small_kinect_12_kinect_11_b02871,small,v19_ungated_translation_b050,True,False,207.0174071847235,311.09635081188617,0.6654446657585606,-33.45553342414394
development,egobody_recording_20211002_S18_S03_01_small_kinect_12_kinect_11_b01651,small,v20_gate_r025_t100_b100,False,True,226.79303924001374,340.874038900399,0.6653279902793685,-33.46720097206315
development,egobody_recording_20210923_S05_S13_02_extreme_kinect_13_kinect_11_b04071,extreme,v19_ungated_translation_b050,True,False,184.39254513989056,277.1556044613289,0.665303324817372,-33.4696675182628
development,egobody_recording_20220312_S28_S29_06_small_kinect_11_kinect_15_b03326,small,v17_harmony_multicue_safe,False,True,170.4917575697389,256.29214945331364,0.6652242682165955,-33.47757317834045
development,egobody_recording_20220415_S36_S35_02_small_kinect_12_kinect_11_b02901,small,v17_harmony_multicue_safe,False,True,124.9294517409188,187.82034533300708,0.665153988080566,-33.4846011919434
development,egobody_recording_20210911_S07_S06_02_extreme_kinect_11_kinect_13_b01351,extreme,v19_ungated_translation_b050,True,False,244.0697941294644,367.0508974975107,0.6649480924675295,-33.50519075324705
development,egobody_recording_20220215_S22_S21_04_small_kinect_11_kinect_12_b03046,small,v17_harmony_multicue_safe,False,True,109.51717494645617,164.74045565788302,0.6647861602003262,-33.52138397996738
development,egobody_recording_20220218_S02_S23_02_medium_kinect_13_kinect_11_b03751,medium,v19_ungated_translation_b050,True,False,205.44590082971763,309.088523640632,0.6646830442290489,-33.531695577095114
development,egobody_recording_20220218_S02_S23_02_medium_kinect_13_kinect_11_b03751,medium,v20_gate_r025_t075_b050,False,True,205.44590082971763,309.088523640632,0.6646830442290489,-33.531695577095114
development,egobody_recording_20210911_S07_S06_03_extreme_kinect_11_kinect_13_b02231,extreme,v19_ungated_translation_b050,True,False,291.43667071710166,439.3412372208775,0.6633492284053062,-33.665077159469384
development,egobody_recording_20220215_S22_S21_04_medium_kinect_14_kinect_12_b03046,medium,v19_ungated_translation_b050,True,False,174.920610519919,264.10751685601224,0.6623083379155895,-33.76916620844105
development,egobody_recording_20220215_S22_S21_04_medium_kinect_14_kinect_12_b03046,medium,v20_gate_r025_t075_b050,False,True,174.920610519919,264.10751685601224,0.6623083379155895,-33.76916620844105
development,egobody_recording_20210911_S08_S03_02_extreme_kinect_13_kinect_11_b02326,extreme,v19_ungated_translation_b050,True,False,205.571589985776,310.7405314073326,0.6615538341739642,-33.84461658260358
development,egobody_recording_20210910_S06_S05_01_extreme_kinect_13_kinect_11_b01411,extreme,v19_ungated_translation_b050,True,False,209.10198584862638,316.1027212156176,0.6615001131420041,-33.849988685799595
development,egobody_recording_20210910_S06_S05_01_extreme_kinect_13_kinect_11_b01411,extreme,v20_gate_r025_t075_b050,False,True,209.10198584862638,316.1027212156176,0.6615001131420041,-33.849988685799595
development,egobody_recording_20220215_S22_S21_02_medium_kinect_14_kinect_12_b02681,medium,v20_gate_vel_r025_t075_b050,False,True,177.52640428393642,268.48269828035126,0.661221022512826,-33.8778977487174
development,egobody_recording_20220215_S22_S21_04_medium_kinect_14_kinect_12_b03046,medium,v20_gate_vel_r025_t075_b050,False,True,174.50441969179545,264.10751685601224,0.6607324992833613,-33.92675007166387
development,egobody_recording_20210910_S06_S05_01_extreme_kinect_13_kinect_11_b01411,extreme,v20_gate_vel_r025_t075_b050,False,True,208.75929988924673,316.1027212156176,0.6604160163077161,-33.95839836922839
development,egobody_recording_20210910_S06_S05_03_medium_kinect_12_kinect_11_b02716,medium,v17_harmony_multicue_safe,False,True,134.5435081770782,203.73047140130308,0.660399533028409,-33.96004669715909
test,egobody_recording_20211004_S20_S12_01_small_kinect_12_kinect_11_b02766,small,v19_ungated_translation_b050,True,False,290.3211384707095,439.61671254125054,0.660396045438031,-33.9603954561969
development,egobody_recording_20210923_S13_S05_01_extreme_kinect_11_kinect_13_b02401,extreme,v19_ungated_translation_b050,True,False,236.3374650507911,358.2555078618116,0.6596896903590734,-34.03103096409266
development,egobody_recording_20220215_S22_S21_02_medium_kinect_14_kinect_12_b02681,medium,v19_ungated_translation_b050,True,False,176.9322553717777,268.48269828035126,0.6590080348009016,-34.09919651990984
development,egobody_recording_20220215_S22_S21_02_medium_kinect_14_kinect_12_b02681,medium,v20_gate_r025_t075_b050,False,True,176.9322553717777,268.48269828035126,0.6590080348009016,-34.09919651990984
development,egobody_recording_20210923_S14_S03_02_extreme_kinect_11_kinect_13_b01601,extreme,v19_ungated_translation_b050,True,False,263.4573676724988,400.1591618910636,0.6583814460912443,-34.16185539087557
development,egobody_recording_20220215_S22_S21_03_small_kinect_11_kinect_12_b01686,small,v20_gate_r025_t100_b100,False,True,97.95943404154886,148.96284329651783,0.6576098567516989,-34.23901432483011
holdout,egobody_recording_20220215_S21_S22_02_extreme_kinect_15_kinect_14_b03131,extreme,v19_ungated_translation_b050,True,False,281.7495332426152,428.9947260722724,0.6567668927359939,-34.323310726400614
development,egobody_recording_20220415_S36_S35_02_medium_kinect_13_kinect_15_b02901,medium,v20_gate_vel_r025_t075_b050,False,True,205.9022314243807,313.9486168321904,0.6558469137465195,-34.415308625348054
development,egobody_recording_20220415_S36_S35_02_medium_kinect_13_kinect_15_b02901,medium,v19_ungated_translation_b050,True,False,205.75001923342083,313.9486168321904,0.6553620822078566,-34.46379177921434
development,egobody_recording_20220415_S36_S35_02_medium_kinect_13_kinect_15_b02901,medium,v20_gate_r025_t075_b050,False,True,205.75001923342083,313.9486168321904,0.6553620822078566,-34.46379177921434
development,egobody_recording_20220218_S02_S23_02_extreme_kinect_15_kinect_13_b03751,extreme,v19_ungated_translation_b050,True,False,326.8030385469919,499.32723834575444,0.6544867042095953,-34.55132957904047
development,egobody_recording_20210907_S02_S01_01_medium_kinect_12_kinect_13_b02196,medium,v20_gate_r025_t100_b100,False,True,153.59433802862972,235.32886150513232,0.6526795610460214,-34.73204389539786
holdout,egobody_recording_20210921_S11_S10_01_medium_kinect_12_kinect_11_b01526,medium,v17_harmony_multicue_safe,False,True,144.2397910197406,221.17634348988722,0.65214836606762,-34.78516339323801
development,egobody_recording_20220215_S22_S21_03_small_kinect_11_kinect_12_b01686,small,v17_harmony_multicue_safe,False,True,97.02524205961515,148.96284329651783,0.6513385480061068,-34.86614519938932
development,egobody_recording_20210907_S02_S01_01_medium_kinect_12_kinect_13_b02196,medium,v17_harmony_multicue_safe,False,True,153.12255140005374,235.32886150513232,0.6506747639057195,-34.932523609428046
development,egobody_recording_20220415_S36_S35_01_extreme_kinect_14_kinect_13_b02676,extreme,v19_ungated_translation_b050,True,False,212.940166746828,327.590233561199,0.6500198874428514,-34.99801125571486
development,egobody_recording_20220415_S36_S35_01_extreme_kinect_14_kinect_13_b02676,extreme,v20_gate_r025_t075_b050,False,True,212.940166746828,327.590233561199,0.6500198874428514,-34.99801125571486
development,egobody_recording_20220312_S28_S29_04_small_kinect_15_kinect_11_b02691,small,v20_gate_r025_t100_b100,False,True,119.01501184513397,183.10214005602666,0.6499924676397396,-35.000753236026036
development,egobody_recording_20210921_S10_S11_01_medium_kinect_12_kinect_11_b02266,medium,v20_gate_vel_r025_t075_b050,False,True,154.51051698386567,238.17587037077573,0.6487244771829085,-35.12755228170915
holdout,egobody_recording_20211002_S03_S18_04_medium_kinect_12_kinect_13_b04526,medium,v19_ungated_translation_b050,True,False,239.7907280596017,369.6827715096112,0.6486391753675962,-35.136082463240385
test,egobody_recording_20220312_S29_S28_03_medium_kinect_15_kinect_12_b03281,medium,v19_ungated_translation_b050,True,False,138.7391989495104,214.22062514014735,0.6476463172430036,-35.23536827569964
development,egobody_recording_20220415_S36_S35_01_extreme_kinect_14_kinect_13_b02676,extreme,v20_gate_vel_r025_t075_b050,False,True,212.1553120793341,327.590233561199,0.6476240447494909,-35.237595525050914
development,egobody_recording_20220312_S28_S29_04_small_kinect_15_kinect_11_b02691,small,v17_harmony_multicue_safe,False,True,118.49918095387093,183.10214005602666,0.6471752919851831,-35.28247080148169
development,egobody_recording_20210921_S10_S11_01_medium_kinect_12_kinect_11_b02266,medium,v19_ungated_translation_b050,True,False,153.98247815610281,238.17587037077573,0.6465074649098312,-35.349253509016876
development,egobody_recording_20210921_S10_S11_01_medium_kinect_12_kinect_11_b02266,medium,v20_gate_r025_t075_b050,False,True,153.98247815610281,238.17587037077573,0.6465074649098312,-35.349253509016876
development,egobody_recording_20220312_S28_S29_04_extreme_kinect_15_kinect_14_b02691,extreme,v19_ungated_translation_b050,True,False,261.4848714718218,404.5101436666168,0.6464235213031606,-35.35764786968394
test,egobody_recording_20211004_S20_S12_02_small_kinect_12_kinect_11_b01446,small,v19_ungated_translation_b050,True,False,217.2738216874289,336.38894443775064,0.64590060190767,-35.409939809233
development,egobody_recording_20210911_S08_S03_03_extreme_kinect_11_kinect_13_b03066,extreme,v19_ungated_translation_b050,True,False,254.8691623853786,396.1633893501744,0.6433435527786646,-35.665644722133536
development,egobody_recording_20210911_S08_S03_03_small_kinect_12_kinect_13_b03066,small,v20_gate_r025_t100_b100,False,True,175.52820607191245,273.23925709818354,0.6423974649032207,-35.76025350967793
development,egobody_recording_20210923_S05_S13_01_medium_kinect_12_kinect_11_b02761,medium,v19_ungated_translation_b050,True,False,134.2476551311694,209.02992929124773,0.6422413076747402,-35.77586923252598
holdout,egobody_recording_20220315_S21_S30_05_small_kinect_11_kinect_12_b02151,small,v17_harmony_multicue_safe,False,True,144.80978919266403,225.56801233940666,0.6419783890934513,-35.80216109065487
development,egobody_recording_20210910_S06_S05_01_medium_kinect_12_kinect_11_b01411,medium,v17_harmony_multicue_safe,False,True,114.23800308508798,178.0994264989627,0.6414282478655445,-35.857175213445544
development,egobody_recording_20220315_S30_S21_01_medium_kinect_13_kinect_11_b02671,medium,v20_gate_r025_t100_b100,False,True,154.31305587641498,241.37790499197519,0.6393006678947903,-36.069933210520965
development,egobody_recording_20210911_S06_S07_02_small_kinect_13_kinect_12_b02246,small,v20_gate_r025_t100_b100,False,True,146.86308733010577,230.03856054765416,0.6384281269212777,-36.15718730787223
holdout,egobody_recording_20220315_S21_S30_01_small_kinect_12_kinect_11_b03631,small,v17_harmony_multicue_safe,False,True,139.43757094151397,219.06152505900056,0.6365224148967227,-36.34775851032773
development,egobody_recording_20210918_S05_S06_03_extreme_kinect_13_kinect_11_b01956,extreme,v20_gate_vel_r025_t075_b050,False,True,174.14441852193437,274.00866966851385,0.6355434619372016,-36.44565380627984
development,egobody_recording_20210911_S06_S07_02_small_kinect_13_kinect_12_b02246,small,v17_harmony_multicue_safe,False,True,146.10740237209882,230.03856054765416,0.635143090898587,-36.4856909101413
development,egobody_recording_20210918_S05_S06_03_extreme_kinect_13_kinect_11_b01956,extreme,v19_ungated_translation_b050,True,False,173.86168594617266,274.00866966851385,0.634511623871261,-36.548837612873896
development,egobody_recording_20210918_S05_S06_03_extreme_kinect_13_kinect_11_b01956,extreme,v20_gate_r025_t075_b050,False,True,173.86168594617266,274.00866966851385,0.634511623871261,-36.548837612873896
development,egobody_recording_20220215_S22_S21_03_medium_kinect_14_kinect_12_b01686,medium,v20_gate_vel_r025_t075_b050,False,True,156.59761668324384,246.91803050212204,0.6342089168814183,-36.579108311858164
development,egobody_recording_20220215_S22_S21_03_medium_kinect_14_kinect_12_b01686,medium,v19_ungated_translation_b050,True,False,156.47904993449367,246.91803050212204,0.633728730203641,-36.627126979635904
development,egobody_recording_20220215_S22_S21_03_medium_kinect_14_kinect_12_b01686,medium,v20_gate_r025_t075_b050,False,True,156.47904993449367,246.91803050212204,0.633728730203641,-36.627126979635904
test,egobody_recording_20220225_S27_S26_04_medium_kinect_15_kinect_12_b03731,medium,v19_ungated_translation_b050,True,False,186.18866790006973,293.9569590957988,0.6333875152089594,-36.66124847910406
development,egobody_recording_20210911_S08_S03_03_small_kinect_12_kinect_13_b03066,small,v17_harmony_multicue_safe,False,True,172.92838224911054,273.23925709818354,0.6328826395065621,-36.71173604934379
development,egobody_recording_20211002_S18_S03_02_extreme_kinect_13_kinect_11_b02781,extreme,v20_gate_vel_r025_t075_b050,False,True,194.66151673237974,307.8964397747224,0.6322304891696933,-36.776951083030674
development,egobody_recording_20210923_S14_S03_02_small_kinect_13_kinect_12_b01601,small,v20_gate_r025_t100_b100,False,True,152.34742312542716,241.36842249028967,0.6311820807113082,-36.88179192886918
development,egobody_recording_20211002_S18_S03_02_extreme_kinect_13_kinect_11_b02781,extreme,v19_ungated_translation_b050,True,False,194.02125688332447,307.8964397747224,0.6301510242381606,-36.98489757618394
development,egobody_recording_20211002_S18_S03_02_extreme_kinect_13_kinect_11_b02781,extreme,v20_gate_r025_t075_b050,False,True,194.02125688332447,307.8964397747224,0.6301510242381606,-36.98489757618394
test,egobody_recording_20220415_S35_S36_02_extreme_kinect_13_kinect_14_b02241,extreme,v19_ungated_translation_b050,True,False,235.16200525142276,373.4505803048016,0.6297004681569622,-37.02995318430378
development,egobody_recording_20220312_S28_S29_01_extreme_kinect_14_kinect_15_b03226,extreme,v19_ungated_translation_b050,True,False,321.6237242796505,511.95851723383413,0.628222235694832,-37.17777643051679
development,egobody_recording_20220315_S30_S21_01_medium_kinect_13_kinect_11_b02671,medium,v17_harmony_multicue_safe,False,True,151.5546621268424,241.37790499197519,0.6278729701124921,-37.21270298875079
test,egobody_recording_20211004_S20_S12_02_extreme_kinect_13_kinect_11_b01446,extreme,v19_ungated_translation_b050,True,False,172.0999642349411,274.1484645877772,0.6277619117572621,-37.22380882427379
holdout,egobody_recording_20211002_S03_S18_01_medium_kinect_12_kinect_13_b02871,medium,v19_ungated_translation_b050,True,False,226.02058112849636,360.29649216654127,0.6273182949114641,-37.26817050885359
development,egobody_recording_20210911_S07_S06_03_small_kinect_13_kinect_12_b02231,small,v17_harmony_multicue_safe,False,True,145.33489848977962,232.48049034052184,0.6251487953974236,-37.48512046025764
development,egobody_recording_20210911_S07_S06_03_small_kinect_13_kinect_12_b02231,small,v20_gate_r025_t100_b100,False,True,145.29441502934048,232.48049034052184,0.6249746583746575,-37.50253416253425
development,egobody_recording_20211004_S19_S06_02_small_kinect_12_kinect_11_b02621,small,v20_gate_r025_t100_b100,False,True,283.84426639479034,454.36432841122405,0.6247063174772296,-37.52936825227704
test,egobody_recording_20220318_S34_S33_03_extreme_kinect_11_kinect_14_b03186,extreme,v19_ungated_translation_b050,True,False,365.871771107989,586.00992300637,0.6243439859021158,-37.56560140978842
test,egobody_recording_20220318_S31_S32_01_medium_kinect_14_kinect_13_b03185,medium,v19_ungated_translation_b050,True,False,315.633663570594,506.12936975172573,0.6236225013486639,-37.63774986513361
development,egobody_recording_20220215_S22_S21_01_medium_kinect_14_kinect_12_b02706,medium,v20_gate_vel_r025_t075_b050,False,True,176.14103152967627,282.8524304537067,0.622731193248504,-37.7268806751496
development,egobody_recording_20210923_S14_S03_02_small_kinect_13_kinect_12_b01601,small,v17_harmony_multicue_safe,False,True,150.12542851271758,241.36842249028967,0.6219762592132663,-37.802374078673374
development,egobody_recording_20220312_S28_S29_06_medium_kinect_12_kinect_15_b03326,medium,v20_gate_r025_t100_b100,False,True,207.59715910892567,334.2098484149283,0.6211581139619489,-37.884188603805114
development,egobody_recording_20220315_S30_S21_01_extreme_kinect_11_kinect_14_b02671,extreme,v19_ungated_translation_b050,True,False,189.21172911909972,305.053194998898,0.6202581458613579,-37.97418541386421
development,egobody_recording_20220215_S22_S21_01_medium_kinect_14_kinect_12_b02706,medium,v19_ungated_translation_b050,True,False,175.3829865010505,282.8524304537067,0.6200511914277319,-37.99488085722681
development,egobody_recording_20220215_S22_S21_01_medium_kinect_14_kinect_12_b02706,medium,v20_gate_r025_t075_b050,False,True,175.3829865010505,282.8524304537067,0.6200511914277319,-37.99488085722681
development,egobody_recording_20211002_S18_S03_02_small_kinect_12_kinect_11_b02781,small,v20_gate_vel_r025_t075_b050,False,True,201.4093866451036,326.344978248473,0.6171671086409494,-38.283289135905065
development,egobody_recording_20211002_S18_S03_02_small_kinect_12_kinect_11_b02781,small,v19_ungated_translation_b050,True,False,201.2673694603885,326.344978248473,0.6167319336139662,-38.32680663860339
development,egobody_recording_20211002_S18_S03_02_small_kinect_12_kinect_11_b02781,small,v20_gate_r025_t075_b050,False,True,201.2673694603885,326.344978248473,0.6167319336139662,-38.32680663860339
holdout,egobody_recording_20220218_S23_S02_02_medium_kinect_11_kinect_13_b02501,medium,v19_ungated_translation_b050,True,False,187.621036169849,304.28226321718944,0.6166019477643019,-38.33980522356981
holdout,egobody_recording_20220218_S23_S02_02_medium_kinect_11_kinect_13_b02501,medium,v20_gate_r025_t075_b050,False,True,187.621036169849,304.28226321718944,0.6166019477643019,-38.33980522356981
development,egobody_recording_20210911_S08_S03_01_extreme_kinect_11_kinect_13_b02986,extreme,v19_ungated_translation_b050,True,False,251.6538146475537,408.46616117304455,0.6160946452084237,-38.39053547915763
development,egobody_recording_20211004_S19_S06_02_small_kinect_12_kinect_11_b02621,small,v17_harmony_multicue_safe,False,True,279.87440697738094,454.36432841122405,0.6159691451924008,-38.40308548075993
development,egobody_recording_20210918_S05_S06_02_extreme_kinect_11_kinect_13_b02371,extreme,v19_ungated_translation_b050,True,False,98.49096995785447,159.90194312926425,0.6159460481242224,-38.40539518757776
development,egobody_recording_20210918_S05_S06_02_extreme_kinect_11_kinect_13_b02371,extreme,v20_gate_r015_t050_b050,False,True,98.49096995785447,159.90194312926425,0.6159460481242224,-38.40539518757776
development,egobody_recording_20210918_S05_S06_02_extreme_kinect_11_kinect_13_b02371,extreme,v20_gate_r025_t075_b050,False,True,98.49096995785447,159.90194312926425,0.6159460481242224,-38.40539518757776
test,egobody_recording_20220225_S27_S26_02_extreme_kinect_15_kinect_14_b03911,extreme,v19_ungated_translation_b050,True,False,282.34235923596117,458.53786556174396,0.6157449153955261,-38.42550846044739
holdout,egobody_recording_20220218_S23_S02_02_medium_kinect_11_kinect_13_b02501,medium,v20_gate_vel_r025_t075_b050,False,True,187.2310724281512,304.28226321718944,0.6153203622470433,-38.467963775295665
development,egobody_recording_20210918_S05_S06_02_extreme_kinect_11_kinect_13_b02371,extreme,v20_gate_vel_r025_t075_b050,False,True,98.3535125560981,159.90194312926425,0.6150864125308935,-38.491358746910656
development,egobody_recording_20211002_S15_S17_01_medium_kinect_12_kinect_13_b03246,medium,v20_gate_vel_r025_t075_b050,False,True,169.32825799309356,276.6019915301462,0.6121729531171465,-38.78270468828535
development,egobody_recording_20220312_S28_S29_06_medium_kinect_12_kinect_15_b03326,medium,v17_harmony_multicue_safe,False,True,204.48747628319182,334.2098484149283,0.6118535323032028,-38.81464676967972
test,egobody_recording_20220312_S29_S28_02_medium_kinect_15_kinect_12_b01761,medium,v19_ungated_translation_b050,True,False,142.0911054308598,232.34903644832477,0.6115416168831902,-38.84583831168098
development,egobody_recording_20210921_S10_S11_01_medium_kinect_12_kinect_11_b02266,medium,v17_harmony_multicue_safe,False,True,145.35348560814285,238.17587037077573,0.6102779655297011,-38.972203447029884
holdout,egobody_recording_20220218_S23_S02_01_extreme_kinect_13_kinect_15_b02751,extreme,v19_ungated_translation_b050,True,False,408.3093349105429,670.452072663385,0.6090059999196146,-39.09940000803854
test,egobody_recording_20220225_S24_S25_01_medium_kinect_15_kinect_12_b02966,medium,v19_ungated_translation_b050,True,False,187.92400508477286,308.79236283607895,0.6085772438113422,-39.14227561886578
development,egobody_recording_20220218_S02_S23_02_small_kinect_12_kinect_11_b03751,small,v20_gate_r025_t100_b100,False,True,119.81162115577449,197.31808180345251,0.6072004149884155,-39.279958501158454
development,egobody_recording_20210921_S10_S11_02_extreme_kinect_13_kinect_11_b02411,extreme,v19_ungated_translation_b050,True,False,202.34811766313229,333.669063530341,0.6064335588148779,-39.35664411851221
holdout,egobody_recording_20220315_S21_S30_03_extreme_kinect_11_kinect_14_b03631,extreme,v19_ungated_translation_b050,True,False,243.38092349542606,401.5600168301686,0.6060885379391717,-39.39114620608283
holdout,egobody_recording_20211002_S03_S18_01_extreme_kinect_13_kinect_11_b02871,extreme,v17_harmony_multicue_safe,False,True,247.41392865975914,408.27918912908876,0.6059920153841895,-39.400798461581054
development,egobody_recording_20211002_S15_S17_01_medium_kinect_12_kinect_13_b03246,medium,v19_ungated_translation_b050,True,False,167.3369183810684,276.6019915301462,0.6049736571142176,-39.50263428857824
development,egobody_recording_20211002_S15_S17_01_medium_kinect_12_kinect_13_b03246,medium,v20_gate_r025_t075_b050,False,True,167.3369183810684,276.6019915301462,0.6049736571142176,-39.50263428857824
development,egobody_recording_20220218_S02_S23_02_small_kinect_12_kinect_11_b03751,small,v17_harmony_multicue_safe,False,True,119.20405918960572,197.31808180345251,0.6041213156954579,-39.58786843045421
development,egobody_recording_20210911_S07_S06_01_small_kinect_13_kinect_12_b02166,small,v20_gate_r025_t100_b100,False,True,145.47210017270828,240.84823890971688,0.6039990195952365,-39.600098040476354
holdout,egobody_recording_20220315_S21_S30_03_medium_kinect_13_kinect_11_b03631,medium,v17_harmony_multicue_safe,False,True,150.7745155416451,249.6451720490665,0.6039552630002839,-39.60447369997161
development,egobody_recording_20211002_S15_S17_02_small_kinect_12_kinect_11_b02431,small,v20_gate_r025_t100_b100,False,True,128.36720419219054,212.88635192932378,0.6029846583815163,-39.70153416184837
development,egobody_recording_20220312_S28_S29_02_extreme_kinect_14_kinect_15_b02676,extreme,v19_ungated_translation_b050,True,False,286.7934649655338,478.7376698310106,0.599061830807609,-40.0938169192391
development,egobody_recording_20211002_S18_S03_02_medium_kinect_12_kinect_13_b02781,medium,v17_harmony_multicue_safe,False,True,171.54860189888998,286.4799474127569,0.5988153916117723,-40.11846083882277
holdout,egobody_recording_20211002_S03_S18_04_extreme_kinect_11_kinect_13_b04526,extreme,v17_harmony_multicue_safe,False,True,285.35989709444584,476.61378376616153,0.5987235510470474,-40.127644895295255
development,egobody_recording_20210923_S05_S13_02_medium_kinect_12_kinect_11_b04071,medium,v17_harmony_multicue_safe,False,True,133.74399299191447,223.38822395761127,0.5987065505175997,-40.12934494824003
development,egobody_recording_20210918_S05_S06_02_extreme_kinect_11_kinect_13_b02371,extreme,v20_gate_r025_t100_b100,False,True,95.7258320289062,159.90194312926425,0.5986533381368713,-40.13466618631287
holdout,egobody_recording_20211002_S03_S18_03_medium_kinect_12_kinect_13_b02681,medium,v17_harmony_multicue_safe,False,True,204.76442801243218,342.52675215933334,0.5978056508625107,-40.21943491374893
development,egobody_recording_20210921_S10_S11_01_medium_kinect_12_kinect_11_b02266,medium,v20_gate_r025_t100_b100,False,True,141.90978395311188,238.17587037077573,0.595819315080896,-40.4180684919104
development,egobody_recording_20210911_S07_S06_01_small_kinect_13_kinect_12_b02166,small,v17_harmony_multicue_safe,False,True,143.35016957365855,240.84823890971688,0.5951887803813009,-40.48112196186992
development,egobody_recording_20220215_S22_S21_03_extreme_kinect_15_kinect_14_b01686,extreme,v19_ungated_translation_b050,True,False,347.71240649696347,584.2636836125869,0.595129247717413,-40.487075228258696
test,egobody_recording_20220225_S27_S26_01_extreme_kinect_15_kinect_14_b02876,extreme,v19_ungated_translation_b050,True,False,294.27031983249793,495.0117032462835,0.5944714395693579,-40.55285604306421
development,egobody_recording_20220315_S30_S21_01_extreme_kinect_11_kinect_14_b02671,extreme,v20_gate_r025_t100_b100,False,True,181.24977101605123,305.053194998898,0.5941579173321099,-40.58420826678901
development,egobody_recording_20220315_S30_S21_01_extreme_kinect_11_kinect_14_b02671,extreme,v17_harmony_multicue_safe,False,True,180.67521193949918,305.053194998898,0.5922744455771127,-40.77255544228873
development,egobody_recording_20210923_S05_S13_02_medium_kinect_12_kinect_11_b04071,medium,v20_gate_r025_t100_b100,False,True,132.03378422901477,223.38822395761127,0.591050780967168,-40.8949219032832
development,egobody_recording_20210911_S08_S03_02_small_kinect_13_kinect_12_b02326,small,v20_gate_r025_t100_b100,False,True,142.19289581452128,240.71675540976688,0.5907062662608152,-40.92937337391847
development,egobody_recording_20211002_S18_S03_02_medium_kinect_12_kinect_13_b02781,medium,v20_gate_r025_t100_b100,False,True,169.15318981781928,286.4799474127569,0.5904538567025962,-40.95461432974038
development,egobody_recording_20220312_S28_S29_03_extreme_kinect_15_kinect_14_b01581,extreme,v19_ungated_translation_b050,True,False,204.03810840200387,345.6919142883596,0.5902310698300136,-40.97689301699864
development,egobody_recording_20211002_S15_S17_02_medium_kinect_12_kinect_13_b02431,medium,v20_gate_vel_r025_t075_b050,False,True,179.1148243504636,303.4932606126894,0.5901772711158997,-40.98227288841003
development,egobody_recording_20211002_S15_S17_02_medium_kinect_12_kinect_13_b02431,medium,v19_ungated_translation_b050,True,False,178.6390562142157,303.4932606126894,0.5886096312438069,-41.139036875619304
development,egobody_recording_20211002_S15_S17_02_medium_kinect_12_kinect_13_b02431,medium,v20_gate_r025_t075_b050,False,True,178.6390562142157,303.4932606126894,0.5886096312438069,-41.139036875619304
test,egobody_recording_20220318_S32_S31_02_extreme_kinect_14_kinect_11_b03001,extreme,v19_ungated_translation_b050,True,False,314.93505688903736,535.6081037866635,0.5879953172151372,-41.20046827848628
development,egobody_recording_20220415_S36_S35_01_medium_kinect_15_kinect_13_b02676,medium,v17_harmony_multicue_safe,False,True,141.1900505611576,240.23036832742466,0.5877277362732135,-41.22722637267865
development,egobody_recording_20210918_S05_S06_02_extreme_kinect_11_kinect_13_b02371,extreme,v17_harmony_multicue_safe,False,True,93.96463310972099,159.90194312926425,0.5876390947529654,-41.236090524703464
development,egobody_recording_20211002_S15_S17_02_small_kinect_12_kinect_11_b02431,small,v17_harmony_multicue_safe,False,True,124.6916374675042,212.88635192932378,0.5857192644688685,-41.42807355311315
holdout,egobody_recording_20220315_S21_S30_02_extreme_kinect_11_kinect_14_b02196,extreme,v19_ungated_translation_b050,True,False,182.4959623410672,312.28175393274944,0.5843952137542052,-41.560478624579474
holdout,egobody_recording_20220315_S21_S30_02_extreme_kinect_11_kinect_14_b02196,extreme,v20_gate_r025_t075_b050,False,True,182.4959623410672,312.28175393274944,0.5843952137542052,-41.560478624579474
holdout,egobody_recording_20220315_S21_S30_02_extreme_kinect_11_kinect_14_b02196,extreme,v20_gate_vel_r025_t075_b050,False,True,182.47474004322052,312.28175393274944,0.5843272549395149,-41.56727450604851
test,egobody_recording_20220225_S27_S26_03_medium_kinect_15_kinect_12_b02455,medium,v19_ungated_translation_b050,True,False,208.29765292770867,357.3311179254696,0.582926150224494,-41.707384977550596
development,egobody_recording_20210911_S08_S03_02_small_kinect_13_kinect_12_b02326,small,v17_harmony_multicue_safe,False,True,139.87458663200368,240.71675540976688,0.5810754070438439,-41.892459295615616
test,egobody_recording_20220312_S29_S28_02_extreme_kinect_14_kinect_15_b01761,extreme,v19_ungated_translation_b050,True,False,296.66869596316957,510.55331655725877,0.5810728994253788,-41.892710057462125
holdout,egobody_recording_20210921_S11_S10_01_small_kinect_13_kinect_12_b01526,small,v17_harmony_multicue_safe,False,True,118.20682789369103,203.6729022773523,0.5803758210933846,-41.96241789066154
test,egobody_recording_20220312_S29_S28_04_extreme_kinect_14_kinect_15_b04816,extreme,v19_ungated_translation_b050,True,False,375.9403699321839,649.5684683678962,0.5787540316985683,-42.12459683014317
development,egobody_recording_20210910_S05_S06_01_extreme_kinect_11_kinect_13_b02971,extreme,v20_gate_r025_t100_b100,False,True,251.1004448162585,433.8722701463643,0.5787427823666887,-42.12572176333113
development,egobody_recording_20220215_S22_S21_01_extreme_kinect_15_kinect_14_b02706,extreme,v19_ungated_translation_b050,True,False,262.32340955615206,453.2960287684676,0.5787022010072371,-42.129779899276286
development,egobody_recording_20220415_S36_S35_01_medium_kinect_15_kinect_13_b02676,medium,v20_gate_r025_t100_b100,False,True,138.85184211321814,240.23036832742466,0.5779945436539,-42.200545634609995
holdout,egobody_recording_20220315_S21_S30_01_medium_kinect_13_kinect_11_b03631,medium,v17_harmony_multicue_safe,False,True,135.28925849831117,234.68338207998744,0.5764756639317579,-42.35243360682421
test,egobody_recording_20220312_S29_S28_01_extreme_kinect_15_kinect_14_b03231,extreme,v19_ungated_translation_b050,True,False,270.3962231679076,470.8636838288475,0.5742558461276298,-42.57441538723702
development,egobody_recording_20211002_S15_S17_01_extreme_kinect_11_kinect_13_b03246,extreme,v20_gate_vel_r025_t075_b050,False,True,176.8103802182116,307.9458527796492,0.5741606149985347,-42.58393850014654
holdout,egobody_recording_20211002_S03_S18_03_small_kinect_11_kinect_12_b02681,small,v17_harmony_multicue_safe,False,True,215.7115740581652,375.72248462057246,0.5741247407005837,-42.58752592994163
holdout,egobody_recording_20220315_S21_S30_03_extreme_kinect_11_kinect_14_b03631,extreme,v17_harmony_multicue_safe,False,True,230.22457339667918,401.5600168301686,0.5733254401521949,-42.66745598478051
development,egobody_recording_20211002_S15_S17_01_extreme_kinect_11_kinect_13_b03246,extreme,v19_ungated_translation_b050,True,False,176.55000286068432,307.9458527796492,0.5733150853212325,-42.66849146787675
development,egobody_recording_20211002_S15_S17_01_extreme_kinect_11_kinect_13_b03246,extreme,v20_gate_r025_t075_b050,False,True,176.55000286068432,307.9458527796492,0.5733150853212325,-42.66849146787675
holdout,egobody_recording_20220218_S23_S02_02_small_kinect_11_kinect_12_b02501,small,v17_harmony_multicue_safe,False,True,92.24737598487084,160.99926872423734,0.5729676706971504,-42.70323293028496
development,egobody_recording_20220218_S02_S23_01_extreme_kinect_15_kinect_13_b03091,extreme,v19_ungated_translation_b050,True,False,188.82515950247492,329.95393938182383,0.572277330151727,-42.7722669848273
development,egobody_recording_20210918_S06_S05_01_extreme_kinect_13_kinect_11_b02456,extreme,v20_gate_r025_t100_b100,False,True,154.43788923424776,270.78093896681605,0.5703425426601907,-42.96574573398093
test,egobody_recording_20220415_S35_S36_01_medium_kinect_15_kinect_13_b02261,medium,v19_ungated_translation_b050,True,False,168.23751928828318,295.8908726984586,0.5685796177286396,-43.142038227136034
test,egobody_recording_20220318_S33_S34_02_extreme_kinect_11_kinect_14_b03381,extreme,v19_ungated_translation_b050,True,False,386.0105972181252,681.0450765357401,0.5667915539183375,-43.320844608166254
development,egobody_recording_20211002_S18_S03_01_extreme_kinect_13_kinect_11_b01651,extreme,v17_harmony_multicue_safe,False,True,209.4814538293413,371.38201684136675,0.5640592283142773,-43.59407716857226
development,egobody_recording_20220312_S28_S29_05_medium_kinect_15_kinect_12_b03681,medium,v20_gate_r025_t100_b100,False,True,170.2091956036113,301.76590066145593,0.5640438340797326,-43.595616592026744
test,egobody_recording_20220225_S25_S24_01_medium_kinect_15_kinect_12_b03341,medium,v19_ungated_translation_b050,True,False,165.11193324448215,292.8206617827402,0.563867085878618,-43.6132914121382
holdout,egobody_recording_20211002_S03_S18_01_medium_kinect_12_kinect_13_b02871,medium,v17_harmony_multicue_safe,False,True,203.0511737400138,360.29649216654127,0.5635668904768484,-43.64331095231516
holdout,egobody_recording_20220315_S21_S30_05_extreme_kinect_11_kinect_14_b02151,extreme,v19_ungated_translation_b050,True,False,231.27761900577198,411.0814847280704,0.5626077252269381,-43.73922747730619
development,egobody_recording_20220415_S36_S35_02_extreme_kinect_14_kinect_13_b02901,extreme,v19_ungated_translation_b050,True,False,234.22847692352778,417.45679969744754,0.5610843495501456,-43.891565044985434
development,egobody_recording_20210910_S05_S06_01_extreme_kinect_11_kinect_13_b02971,extreme,v17_harmony_multicue_safe,False,True,243.23269625679436,433.8722701463643,0.5606089925376914,-43.939100746230864
test,egobody_recording_20220318_S32_S31_01_extreme_kinect_11_kinect_14_b03251,extreme,v19_ungated_translation_b050,True,False,993.5579154161401,1773.2050417511975,0.5603175560762637,-43.968244392373634
development,egobody_recording_20220315_S30_S21_02_extreme_kinect_11_kinect_14_b02581,extreme,v19_ungated_translation_b050,True,False,285.38149027075536,509.6268581822013,0.5599812601884614,-44.001873981153864
development,egobody_recording_20211002_S18_S03_01_extreme_kinect_13_kinect_11_b01651,extreme,v20_gate_r025_t100_b100,False,True,207.9238316698767,371.38201684136675,0.5598651045042117,-44.013489549578836
development,egobody_recording_20210918_S06_S05_01_extreme_kinect_13_kinect_11_b02456,extreme,v17_harmony_multicue_safe,False,True,151.38597379484196,270.78093896681605,0.5590717514034257,-44.09282485965743
development,egobody_recording_20211002_S15_S17_02_extreme_kinect_13_kinect_11_b02431,extreme,v20_gate_r025_t100_b100,False,True,202.37686441855183,362.30081134653545,0.5585879415130023,-44.14120584869977
development,egobody_recording_20211004_S19_S06_05_extreme_kinect_13_kinect_11_b03406,extreme,v20_gate_r025_t100_b100,False,True,236.0184697745138,422.8991209066009,0.5580963830535829,-44.19036169464171
development,egobody_recording_20210923_S05_S13_02_small_kinect_13_kinect_12_b04071,small,v17_harmony_multicue_safe,False,True,118.75230483198223,213.0170394105706,0.5574779612024284,-44.252203879757154
test,egobody_recording_20220318_S31_S32_01_extreme_kinect_14_kinect_11_b03185,extreme,v19_ungated_translation_b050,True,False,683.8833995632799,1228.4314200342467,0.5567127219395075,-44.32872780604925
development,egobody_recording_20220312_S28_S29_05_medium_kinect_15_kinect_12_b03681,medium,v17_harmony_multicue_safe,False,True,167.99054445064718,301.76590066145593,0.5566916079067258,-44.33083920932742
test,egobody_recording_20220318_S34_S33_01_extreme_kinect_11_kinect_14_b02656,extreme,v19_ungated_translation_b050,True,False,1167.5127564927516,2106.4824111584758,0.5542475694590154,-44.57524305409846
development,egobody_recording_20211004_S19_S06_05_extreme_kinect_13_kinect_11_b03406,extreme,v17_harmony_multicue_safe,False,True,234.31440488781033,422.8991209066009,0.5540668998920896,-44.59331001079104
development,egobody_recording_20220312_S28_S29_05_extreme_kinect_14_kinect_15_b03681,extreme,v17_harmony_multicue_safe,False,True,309.40729172305294,560.5131581124932,0.5520071870658135,-44.799281293418645
test,egobody_recording_20220312_S29_S28_03_extreme_kinect_15_kinect_14_b03281,extreme,v19_ungated_translation_b050,True,False,210.40244585244685,382.31006567913744,0.5503450333662728,-44.96549666337272
development,egobody_recording_20211002_S15_S17_02_extreme_kinect_13_kinect_11_b02431,extreme,v17_harmony_multicue_safe,False,True,198.9215627837277,362.30081134653545,0.5490508344279199,-45.09491655720801
development,egobody_recording_20220312_S28_S29_05_extreme_kinect_14_kinect_15_b03681,extreme,v20_gate_r025_t100_b100,False,True,306.71599274979934,560.5131581124932,0.5472056959066828,-45.279430409331724
test,egobody_recording_20220225_S25_S24_01_extreme_kinect_15_kinect_14_b03341,extreme,v19_ungated_translation_b050,True,False,238.23482676039237,435.65985746560415,0.5468367642277009,-45.31632357722991
holdout,egobody_recording_20210923_S03_S14_01_small_kinect_12_kinect_13_b02231,small,v17_harmony_multicue_safe,False,True,113.69397937262707,209.02226396688698,0.5439323888991955,-45.60676111008045
development,egobody_recording_20210921_S10_S11_01_small_kinect_13_kinect_12_b02266,small,v17_harmony_multicue_safe,False,True,213.05538536019753,392.27955963714464,0.5431213024641712,-45.68786975358287
holdout,egobody_recording_20220315_S21_S30_06_extreme_kinect_11_kinect_14_b03586,extreme,v19_ungated_translation_b050,True,False,195.31029930985386,360.87137670789417,0.5412185945352683,-45.87814054647317
holdout,egobody_recording_20220315_S21_S30_04_medium_kinect_11_kinect_13_b04401,medium,v17_harmony_multicue_safe,False,True,191.37446597320744,353.81606379013334,0.5408868775577176,-45.91131224422824
test,egobody_recording_20220318_S33_S34_01_extreme_kinect_14_kinect_11_b03921,extreme,v19_ungated_translation_b050,True,False,550.6707094975128,1024.436015248036,0.5375354842090208,-46.24645157909792
development,egobody_recording_20210923_S05_S13_01_extreme_kinect_13_kinect_11_b02761,extreme,v20_gate_r025_t100_b100,False,True,141.1441765627205,262.62725799060166,0.5374315584857208,-46.25684415142792
development,egobody_recording_20210923_S14_S03_02_medium_kinect_12_kinect_11_b01601,medium,v20_gate_r025_t100_b100,False,True,137.1923406046574,255.46006411667128,0.5370402652917218,-46.295973470827825
development,egobody_recording_20210921_S10_S11_01_small_kinect_13_kinect_12_b02266,small,v20_gate_r025_t100_b100,False,True,209.96117423563544,392.27955963714464,0.5352335319990871,-46.476646800091295
development,egobody_recording_20210923_S14_S03_03_extreme_kinect_13_kinect_11_b02456,extreme,v20_gate_r025_t100_b100,False,True,183.49532176026216,343.1169555589335,0.5347894319630764,-46.52105680369236
development,egobody_recording_20220312_S28_S29_03_medium_kinect_15_kinect_12_b01581,medium,v20_gate_r025_t100_b100,False,True,140.24639443844768,262.5654965421306,0.5341387055246389,-46.58612944753611
development,egobody_recording_20210921_S10_S11_01_extreme_kinect_13_kinect_11_b02266,extreme,v19_ungated_translation_b050,True,False,251.12402599702025,473.5434660281304,0.5303082906060042,-46.96917093939958
test,egobody_recording_20220415_S35_S36_01_extreme_kinect_14_kinect_13_b02261,extreme,v19_ungated_translation_b050,True,False,262.6978222083712,496.9783303353981,0.5285900937191428,-47.140990628085724
development,egobody_recording_20210923_S05_S13_01_extreme_kinect_13_kinect_11_b02761,extreme,v17_harmony_multicue_safe,False,True,138.52082664941355,262.62725799060166,0.5274426870586701,-47.255731294132985
development,egobody_recording_20210923_S14_S03_03_extreme_kinect_13_kinect_11_b02456,extreme,v17_harmony_multicue_safe,False,True,180.16150057004526,343.1169555589335,0.5250731496977883,-47.49268503022117
development,egobody_recording_20210923_S14_S03_02_medium_kinect_12_kinect_11_b01601,medium,v17_harmony_multicue_safe,False,True,133.94624874770386,255.46006411667128,0.524333418653372,-47.566658134662795
development,egobody_recording_20220312_S28_S29_03_medium_kinect_15_kinect_12_b01581,medium,v17_harmony_multicue_safe,False,True,137.50062657850552,262.5654965421306,0.523681246733965,-47.6318753266035
development,egobody_recording_20210923_S14_S03_03_medium_kinect_12_kinect_11_b02456,medium,v20_gate_r025_t100_b100,False,True,145.85688225595356,280.5989157968025,0.519805580295174,-48.0194419704826
test,egobody_recording_20220318_S34_S33_02_extreme_kinect_11_kinect_14_b04321,extreme,v19_ungated_translation_b050,True,False,520.1124738669305,1001.0330920952483,0.5195757043139207,-48.04242956860792
holdout,egobody_recording_20211002_S03_S18_04_medium_kinect_12_kinect_13_b04526,medium,v17_harmony_multicue_safe,False,True,191.7033395166899,369.6827715096112,0.5185617353328729,-48.14382646671271
development,egobody_recording_20210918_S05_S06_01_small_kinect_12_kinect_11_b02931,small,v20_gate_r025_t100_b100,False,True,144.19464016268384,279.54565471933444,0.5158178556109418,-48.418214438905814
development,egobody_recording_20220312_S28_S29_01_medium_kinect_12_kinect_15_b03226,medium,v20_gate_r025_t100_b100,False,True,204.48778229301917,397.19176994738535,0.5148338857074177,-48.51661142925823
development,egobody_recording_20210911_S08_S03_01_small_kinect_12_kinect_13_b02986,small,v20_gate_r025_t100_b100,False,True,115.24110957337685,223.874962194229,0.514756578600318,-48.524342139968205
development,egobody_recording_20210911_S08_S03_01_small_kinect_12_kinect_13_b02986,small,v17_harmony_multicue_safe,False,True,115.08376564600981,223.874962194229,0.5140537580355488,-48.594624196445125
development,egobody_recording_20211002_S18_S03_01_medium_kinect_12_kinect_13_b01651,medium,v17_harmony_multicue_safe,False,True,205.0912992207095,402.38996959855456,0.5096829312751493,-49.03170687248507
development,egobody_recording_20210923_S14_S03_03_medium_kinect_12_kinect_11_b02456,medium,v17_harmony_multicue_safe,False,True,142.84851178480451,280.5989157968025,0.5090843326288872,-49.09156673711128
development,egobody_recording_20210918_S05_S06_01_small_kinect_12_kinect_11_b02931,small,v17_harmony_multicue_safe,False,True,141.6090620387485,279.54565471933444,0.5065686396768531,-49.343136032314696
development,egobody_recording_20211002_S18_S03_01_medium_kinect_12_kinect_13_b01651,medium,v20_gate_r025_t100_b100,False,True,203.5826615237902,402.38996959855456,0.5059337381766623,-49.40662618233377
holdout,egobody_recording_20220218_S23_S02_02_extreme_kinect_13_kinect_15_b02501,extreme,v17_harmony_multicue_safe,False,True,173.20654788122826,342.50217613809764,0.5057093354390572,-49.42906645609428
development,egobody_recording_20220312_S28_S29_01_medium_kinect_12_kinect_15_b03226,medium,v17_harmony_multicue_safe,False,True,200.0748109267847,397.19176994738535,0.5037234556831022,-49.627654431689784
development,egobody_recording_20210918_S05_S06_01_extreme_kinect_13_kinect_11_b02931,extreme,v20_gate_r025_t100_b100,False,True,140.32256494535528,278.7616918650732,0.5033782224756854,-49.66217775243146
development,egobody_recording_20210918_S05_S06_01_extreme_kinect_13_kinect_11_b02931,extreme,v17_harmony_multicue_safe,False,True,139.32566018102682,278.7616918650732,0.4998020325133609,-50.0197967486639
development,egobody_recording_20220215_S22_S21_02_medium_kinect_14_kinect_12_b02681,medium,v17_harmony_multicue_safe,False,True,133.84210707768133,268.48269828035126,0.4985129691222136,-50.148703087778635
development,egobody_recording_20210923_S13_S05_01_medium_kinect_11_kinect_12_b02401,medium,v20_gate_r025_t100_b100,False,True,148.91701334427802,299.17691421162584,0.49775569661414465,-50.224430338585535
development,egobody_recording_20210910_S06_S05_02_extreme_kinect_11_kinect_13_b02726,extreme,v20_gate_r025_t100_b100,False,True,152.7342269408615,307.62517909722976,0.4964945567494898,-50.35054432505102
holdout,egobody_recording_20220215_S21_S22_02_medium_kinect_14_kinect_12_b03131,medium,v17_harmony_multicue_safe,False,True,188.6674547082601,380.3821668751787,0.4959944790739119,-50.400552092608805
holdout,egobody_recording_20220315_S21_S30_02_medium_kinect_13_kinect_11_b02196,medium,v17_harmony_multicue_safe,False,True,116.14598506383172,235.0086088184905,0.49422012941465204,-50.5779870585348
development,egobody_recording_20210923_S13_S05_01_medium_kinect_11_kinect_12_b02401,medium,v17_harmony_multicue_safe,False,True,147.79448101973395,299.17691421162584,0.49400362795101904,-50.599637204898094
development,egobody_recording_20220225_S26_S27_01_extreme_kinect_14_kinect_15_b03066,extreme,v20_gate_r025_t100_b100,False,True,194.6090759987492,394.34744164522937,0.493496484183679,-50.6503515816321
development,egobody_recording_20210918_S05_S06_03_small_kinect_12_kinect_11_b01956,small,v17_harmony_multicue_safe,False,True,105.87097621373975,214.7057704944581,0.4930979543303539,-50.6902045669646
test,egobody_recording_20220225_S27_S26_04_extreme_kinect_15_kinect_14_b03731,extreme,v19_ungated_translation_b050,True,False,269.68239647303096,547.5621602693473,0.49251466964111157,-50.74853303588884
development,egobody_recording_20210918_S05_S06_03_small_kinect_12_kinect_11_b01956,small,v20_gate_r025_t100_b100,False,True,105.63019343229891,214.7057704944581,0.4919764996955468,-50.80235003044532
development,egobody_recording_20220225_S26_S27_01_extreme_kinect_14_kinect_15_b03066,extreme,v17_harmony_multicue_safe,False,True,193.4461033131012,394.34744164522937,0.4905473774751479,-50.945262252485215
development,egobody_recording_20210910_S06_S05_02_extreme_kinect_11_kinect_13_b02726,extreme,v17_harmony_multicue_safe,False,True,150.67978358088862,307.62517909722976,0.4898161588172986,-51.018384118270134
holdout,egobody_recording_20210923_S03_S14_01_extreme_kinect_13_kinect_11_b02231,extreme,v17_harmony_multicue_safe,False,True,149.44106172359096,305.53213410599056,0.48911733019790693,-51.088266980209305
holdout,egobody_recording_20220315_S21_S30_05_extreme_kinect_11_kinect_14_b02151,extreme,v17_harmony_multicue_safe,False,True,200.96818308822589,411.0814847280704,0.488876756930967,-51.112324306903304
development,egobody_recording_20220215_S22_S21_02_medium_kinect_14_kinect_12_b02681,medium,v20_gate_r025_t100_b100,False,True,131.24246368026894,268.48269828035126,0.4888302468683653,-51.11697531316347
development,egobody_recording_20220312_S28_S29_04_medium_kinect_15_kinect_12_b02691,medium,v20_gate_r025_t100_b100,False,True,131.57547142330978,273.0768280446055,0.48182583767897613,-51.81741623210239
holdout,egobody_recording_20220315_S21_S30_06_medium_kinect_11_kinect_13_b03586,medium,v17_harmony_multicue_safe,False,True,152.4161264871691,317.6417013325481,0.4798366393573756,-52.01633606426243
development,egobody_recording_20210923_S05_S13_01_medium_kinect_12_kinect_11_b02761,medium,v17_harmony_multicue_safe,False,True,100.21621067085972,209.02992929124773,0.47943474415678267,-52.05652558432173
development,egobody_recording_20210911_S07_S06_01_extreme_kinect_11_kinect_13_b02166,extreme,v20_gate_r025_t100_b100,False,True,175.22061031844723,365.66759173400897,0.47918003749674604,-52.08199625032539
development,egobody_recording_20211002_S15_S17_01_extreme_kinect_11_kinect_13_b03246,extreme,v17_harmony_multicue_safe,False,True,147.32582242539945,307.9458527796492,0.4784146988685654,-52.15853011314346
development,egobody_recording_20220312_S28_S29_04_medium_kinect_15_kinect_12_b02691,medium,v17_harmony_multicue_safe,False,True,130.51478150275454,273.0768280446055,0.4779416197167623,-52.20583802832377
development,egobody_recording_20210911_S06_S07_02_extreme_kinect_11_kinect_13_b02246,extreme,v20_gate_r025_t100_b100,False,True,181.94280826644658,380.9302896422282,0.47762756917368854,-52.237243082631146
development,egobody_recording_20210911_S08_S03_02_extreme_kinect_13_kinect_11_b02326,extreme,v20_gate_r025_t100_b100,False,True,147.8917390396978,310.7405314073326,0.4759332114478323,-52.40667885521677
development,egobody_recording_20211002_S15_S17_01_extreme_kinect_11_kinect_13_b03246,extreme,v20_gate_r025_t100_b100,False,True,146.46077850452107,307.9458527796492,0.4756056208664747,-52.43943791335253
development,egobody_recording_20210923_S05_S13_02_extreme_kinect_13_kinect_11_b04071,extreme,v17_harmony_multicue_safe,False,True,130.8330669563568,277.1556044613289,0.4720563641880521,-52.794363581194794
development,egobody_recording_20210911_S07_S06_01_extreme_kinect_11_kinect_13_b02166,extreme,v17_harmony_multicue_safe,False,True,172.04308815150557,365.66759173400897,0.4704903908374024,-52.95096091625976
development,egobody_recording_20220312_S28_S29_02_medium_kinect_12_kinect_15_b02676,medium,v20_gate_r025_t100_b100,False,True,210.52327331058686,447.81263461291053,0.4701146350918912,-52.98853649081088
development,egobody_recording_20210911_S06_S07_02_extreme_kinect_11_kinect_13_b02246,extreme,v17_harmony_multicue_safe,False,True,178.53711493729108,380.9302896422282,0.4686871057299594,-53.131289427004056
development,egobody_recording_20210911_S08_S03_02_extreme_kinect_13_kinect_11_b02326,extreme,v17_harmony_multicue_safe,False,True,145.40580781903657,310.7405314073326,0.4679331890194657,-53.20668109805343
development,egobody_recording_20211002_S15_S17_01_medium_kinect_12_kinect_13_b03246,medium,v20_gate_r025_t100_b100,False,True,128.42953277645393,276.6019915301462,0.46431167059206324,-53.568832940793676
development,egobody_recording_20211002_S15_S17_01_medium_kinect_12_kinect_13_b03246,medium,v17_harmony_multicue_safe,False,True,127.70110868702912,276.6019915301462,0.4616781968220618,-53.83218031779382
development,egobody_recording_20220312_S28_S29_02_medium_kinect_12_kinect_15_b02676,medium,v17_harmony_multicue_safe,False,True,205.925493215342,447.81263461291053,0.45984743908207076,-54.01525609179292
development,egobody_recording_20220415_S36_S35_01_extreme_kinect_14_kinect_13_b02676,extreme,v20_gate_r025_t100_b100,False,True,149.5398963563427,327.590233561199,0.4564845988560471,-54.35154011439529
development,egobody_recording_20220415_S36_S35_01_extreme_kinect_14_kinect_13_b02676,extreme,v17_harmony_multicue_safe,False,True,148.9777754771523,327.590233561199,0.4547686720010867,-54.52313279989133
holdout,egobody_recording_20210923_S03_S14_01_medium_kinect_11_kinect_12_b02231,medium,v17_harmony_multicue_safe,False,True,117.28172800768908,258.84236950999195,0.45310096731733757,-54.689903268266235
development,egobody_recording_20220215_S22_S21_01_medium_kinect_14_kinect_12_b02706,medium,v17_harmony_multicue_safe,False,True,125.86061430166124,282.8524304537067,0.44496918092510557,-55.503081907489445
development,egobody_recording_20211002_S18_S03_02_small_kinect_12_kinect_11_b02781,small,v20_gate_r025_t100_b100,False,True,144.39191611410945,326.344978248473,0.4424517787559523,-55.75482212440477
development,egobody_recording_20210918_S05_S06_02_medium_kinect_13_kinect_12_b02371,medium,v17_harmony_multicue_safe,False,True,92.46138277366819,211.53380557095386,0.43709979369067925,-56.29002063093207
development,egobody_recording_20210918_S05_S06_02_medium_kinect_13_kinect_12_b02371,medium,v20_gate_r025_t100_b100,False,True,92.3701254570127,211.53380557095386,0.4366683859711936,-56.33316140288064
development,egobody_recording_20210923_S14_S03_02_extreme_kinect_11_kinect_13_b01601,extreme,v17_harmony_multicue_safe,False,True,174.4678968362954,400.1591618910636,0.4359962571187893,-56.40037428812107
development,egobody_recording_20211002_S18_S03_02_small_kinect_12_kinect_11_b02781,small,v17_harmony_multicue_safe,False,True,141.90135513990742,326.344978248473,0.43482009713005715,-56.51799028699429
development,egobody_recording_20210923_S14_S03_02_extreme_kinect_11_kinect_13_b01601,extreme,v20_gate_r025_t100_b100,False,True,172.98399108729436,400.1591618910636,0.43228796829194244,-56.77120317080575
development,egobody_recording_20211002_S15_S17_02_medium_kinect_12_kinect_13_b02431,medium,v17_harmony_multicue_safe,False,True,131.03024333563368,303.4932606126894,0.4317402075786165,-56.825979242138345
development,egobody_recording_20220215_S22_S21_01_medium_kinect_14_kinect_12_b02706,medium,v20_gate_r025_t100_b100,False,True,121.82048239724367,282.8524304537067,0.430685648349702,-56.9314351650298
development,egobody_recording_20211002_S15_S17_02_medium_kinect_12_kinect_13_b02431,medium,v20_gate_r025_t100_b100,False,True,129.31883015168458,303.4932606126894,0.4261011591842827,-57.38988408157173
development,egobody_recording_20210911_S07_S06_02_extreme_kinect_11_kinect_13_b01351,extreme,v20_gate_r025_t100_b100,False,True,156.31477543239512,367.0508974975107,0.4258667571667094,-57.41332428332906
development,egobody_recording_20210911_S07_S06_02_extreme_kinect_11_kinect_13_b01351,extreme,v17_harmony_multicue_safe,False,True,155.99606348204975,367.0508974975107,0.42499845265494196,-57.500154734505806
development,egobody_recording_20220312_S28_S29_06_extreme_kinect_15_kinect_14_b03326,extreme,v20_gate_r025_t100_b100,False,True,204.61376485437285,482.4306907900874,0.42413090369369405,-57.5869096306306
development,egobody_recording_20220312_S28_S29_06_extreme_kinect_15_kinect_14_b03326,extreme,v17_harmony_multicue_safe,False,True,203.41953718925058,482.4306907900874,0.4216554648629545,-57.83445351370455
development,egobody_recording_20220215_S22_S21_03_medium_kinect_14_kinect_12_b01686,medium,v17_harmony_multicue_safe,False,True,103.639027476742,246.91803050212204,0.41973049625410536,-58.02695037458947
development,egobody_recording_20210923_S13_S05_01_extreme_kinect_11_kinect_13_b02401,extreme,v20_gate_r025_t100_b100,False,True,149.70744119660944,358.2555078618116,0.4178789660209647,-58.212103397903526
development,egobody_recording_20220215_S22_S21_03_medium_kinect_14_kinect_12_b01686,medium,v20_gate_r025_t100_b100,False,True,103.06838491742118,246.91803050212204,0.4174194355423364,-58.25805644576636
development,egobody_recording_20211002_S18_S03_02_extreme_kinect_13_kinect_11_b02781,extreme,v20_gate_r025_t100_b100,False,True,128.0994527612494,307.8964397747224,0.4160472035823978,-58.395279641760226
development,egobody_recording_20210923_S13_S05_01_extreme_kinect_11_kinect_13_b02401,extreme,v17_harmony_multicue_safe,False,True,148.37457043177182,358.2555078618116,0.4141585186430789,-58.584148135692104
development,egobody_recording_20220218_S02_S23_02_medium_kinect_13_kinect_11_b03751,medium,v20_gate_r025_t100_b100,False,True,127.3024319430043,309.088523640632,0.41186398784257366,-58.813601215742636
development,egobody_recording_20210911_S07_S06_03_extreme_kinect_11_kinect_13_b02231,extreme,v20_gate_r025_t100_b100,False,True,180.50194517483243,439.3412372208775,0.41084680854596317,-58.915319145403686
development,egobody_recording_20220215_S22_S21_01_extreme_kinect_15_kinect_14_b02706,extreme,v17_harmony_multicue_safe,False,True,186.2244404181083,453.2960287684676,0.41082301321732323,-58.91769867826768
development,egobody_recording_20210910_S06_S05_01_small_kinect_13_kinect_12_b01411,small,v20_gate_r025_t100_b100,False,True,100.83555388789185,245.9642284024825,0.4099602391079813,-59.00397608920187
development,egobody_recording_20220315_S30_S21_02_extreme_kinect_11_kinect_14_b02581,extreme,v17_harmony_multicue_safe,False,True,208.68607123127734,509.6268581822013,0.409487977096898,-59.0512022903102
development,egobody_recording_20210911_S07_S06_03_extreme_kinect_11_kinect_13_b02231,extreme,v17_harmony_multicue_safe,False,True,179.42262106941845,439.3412372208775,0.40839012109217115,-59.16098789078288
development,egobody_recording_20210910_S06_S05_03_extreme_kinect_13_kinect_11_b02716,extreme,v20_gate_r025_t100_b100,False,True,139.6109968057793,347.6951803118056,0.4015327353130957,-59.84672646869043
development,egobody_recording_20210910_S06_S05_01_small_kinect_13_kinect_12_b01411,small,v17_harmony_multicue_safe,False,True,98.65165925518704,245.9642284024825,0.4010813275406814,-59.89186724593186
development,egobody_recording_20220218_S02_S23_02_medium_kinect_13_kinect_11_b03751,medium,v17_harmony_multicue_safe,False,True,122.7631459832197,309.088523640632,0.3971779493371056,-60.28220506628944
development,egobody_recording_20210910_S06_S05_03_extreme_kinect_13_kinect_11_b02716,extreme,v17_harmony_multicue_safe,False,True,137.11132336173222,347.6951803118056,0.39434346843339535,-60.565653156660474
development,egobody_recording_20220215_S22_S21_04_medium_kinect_14_kinect_12_b03046,medium,v17_harmony_multicue_safe,False,True,104.13258047655688,264.10751685601224,0.3942810175044299,-60.57189824955701
development,egobody_recording_20211002_S18_S03_02_extreme_kinect_13_kinect_11_b02781,extreme,v17_harmony_multicue_safe,False,True,121.12776335108613,307.8964397747224,0.3934042350074307,-60.65957649925693
development,egobody_recording_20220215_S22_S21_04_medium_kinect_14_kinect_12_b03046,medium,v20_gate_r025_t100_b100,False,True,103.27271074273719,264.10751685601224,0.3910252611213638,-60.89747388786362
development,egobody_recording_20210921_S10_S11_01_extreme_kinect_13_kinect_11_b02266,extreme,v20_gate_r025_t100_b100,False,True,184.86617142397782,473.5434660281304,0.39038902378814794,-60.9610976211852
development,egobody_recording_20210910_S06_S05_01_extreme_kinect_13_kinect_11_b01411,extreme,v20_gate_r025_t100_b100,False,True,122.67025947073911,316.1027212156176,0.38807087455303557,-61.19291254469644
development,egobody_recording_20210921_S10_S11_01_extreme_kinect_13_kinect_11_b02266,extreme,v17_harmony_multicue_safe,False,True,182.23066397690584,473.5434660281304,0.38482352107056755,-61.51764789294325
development,egobody_recording_20220215_S22_S21_04_extreme_kinect_14_kinect_15_b03046,extreme,v17_harmony_multicue_safe,False,True,124.44295512469398,324.38020283071023,0.383633014711564,-61.636698528843596
development,egobody_recording_20220218_S02_S23_01_extreme_kinect_15_kinect_13_b03091,extreme,v17_harmony_multicue_safe,False,True,126.40112501871769,329.95393938182383,0.3830871825792808,-61.69128174207192
development,egobody_recording_20210911_S08_S03_03_extreme_kinect_11_kinect_13_b03066,extreme,v20_gate_r025_t100_b100,False,True,151.3220057082097,396.1633893501744,0.38196867700577464,-61.803132299422536
development,egobody_recording_20210910_S06_S05_01_extreme_kinect_13_kinect_11_b01411,extreme,v17_harmony_multicue_safe,False,True,120.72642892662097,316.1027212156176,0.381921511027651,-61.8078488972349
development,egobody_recording_20220215_S22_S21_02_extreme_kinect_15_kinect_14_b02681,extreme,v17_harmony_multicue_safe,False,True,187.59095163938792,491.36340463406117,0.38177639985032,-61.82236001496799
development,egobody_recording_20220218_S02_S23_01_extreme_kinect_15_kinect_13_b03091,extreme,v20_gate_r025_t100_b100,False,True,125.32147839255649,329.95393938182383,0.3798150694225658,-62.01849305774342
development,egobody_recording_20220218_S02_S23_02_extreme_kinect_15_kinect_13_b03751,extreme,v20_gate_r025_t100_b100,False,True,188.74845601936212,499.32723834575444,0.3780055272864266,-62.199447271357336
development,egobody_recording_20210911_S08_S03_03_extreme_kinect_11_kinect_13_b03066,extreme,v17_harmony_multicue_safe,False,True,149.54546293621354,396.1633893501744,0.37748430813234035,-62.25156918676596
development,egobody_recording_20210921_S10_S11_02_extreme_kinect_13_kinect_11_b02411,extreme,v20_gate_r025_t100_b100,False,True,124.89908267744674,333.669063530341,0.3743202362123976,-62.567976378760235
holdout,egobody_recording_20220215_S21_S22_02_extreme_kinect_15_kinect_14_b03131,extreme,v17_harmony_multicue_safe,False,True,159.41711492668796,428.9947260722724,0.37160623485108085,-62.83937651489191
development,egobody_recording_20210921_S10_S11_02_extreme_kinect_13_kinect_11_b02411,extreme,v17_harmony_multicue_safe,False,True,123.66942627573259,333.669063530341,0.37063497876388274,-62.936502123611724
development,egobody_recording_20220218_S02_S23_02_extreme_kinect_15_kinect_13_b03751,extreme,v17_harmony_multicue_safe,False,True,180.01899543350945,499.32723834575444,0.3605230830785502,-63.94769169214498
development,egobody_recording_20210918_S05_S06_03_extreme_kinect_13_kinect_11_b01956,extreme,v17_harmony_multicue_safe,False,True,98.57021302678852,274.00866966851385,0.35973392063118054,-64.02660793688196
development,egobody_recording_20210918_S05_S06_03_extreme_kinect_13_kinect_11_b01956,extreme,v20_gate_r025_t100_b100,False,True,97.64859715011553,274.00866966851385,0.3563704654609922,-64.36295345390077
development,egobody_recording_20220415_S36_S35_02_medium_kinect_13_kinect_15_b02901,medium,v20_gate_r025_t100_b100,False,True,109.0356609726963,313.9486168321904,0.34730416102128353,-65.26958389787166
development,egobody_recording_20220415_S36_S35_02_medium_kinect_13_kinect_15_b02901,medium,v17_harmony_multicue_safe,False,True,107.34077006763958,313.9486168321904,0.3419055358508383,-65.80944641491617
holdout,egobody_recording_20220218_S23_S02_02_medium_kinect_11_kinect_13_b02501,medium,v17_harmony_multicue_safe,False,True,100.66859207281101,304.28226321718944,0.330839500825443,-66.9160499174557
development,egobody_recording_20210911_S08_S03_01_extreme_kinect_11_kinect_13_b02986,extreme,v20_gate_r025_t100_b100,False,True,131.1051933540754,408.46616117304455,0.32096953387170146,-67.90304661282985
holdout,egobody_recording_20220315_S21_S30_02_extreme_kinect_11_kinect_14_b02196,extreme,v17_harmony_multicue_safe,False,True,100.20462347853577,312.28175393274944,0.320878892911928,-67.9121107088072
development,egobody_recording_20210911_S08_S03_01_extreme_kinect_11_kinect_13_b02986,extreme,v17_harmony_multicue_safe,False,True,129.86107463423818,408.46616117304455,0.317923703303352,-68.20762966966481
development,egobody_recording_20220215_S22_S21_03_extreme_kinect_15_kinect_14_b01686,extreme,v17_harmony_multicue_safe,False,True,178.07619599214433,584.2636836125869,0.3047873776632384,-69.52126223367617
holdout,egobody_recording_20220218_S23_S02_01_extreme_kinect_13_kinect_15_b02751,extreme,v17_harmony_multicue_safe,False,True,199.34102634918557,670.452072663385,0.29732330538900287,-70.26766946109971
development,egobody_recording_20220312_S28_S29_02_extreme_kinect_14_kinect_15_b02676,extreme,v20_gate_r025_t100_b100,False,True,115.42134180850827,478.7376698310106,0.24109517400051433,-75.89048259994857
development,egobody_recording_20220312_S28_S29_02_extreme_kinect_14_kinect_15_b02676,extreme,v17_harmony_multicue_safe,False,True,114.18530824632477,478.7376698310106,0.23851331416353969,-76.14866858364603
development,egobody_recording_20220415_S36_S35_02_extreme_kinect_14_kinect_13_b02901,extreme,v17_harmony_multicue_safe,False,True,96.24075864472786,417.45679969744754,0.23054064208435102,-76.9459357915649
development,egobody_recording_20220415_S36_S35_02_extreme_kinect_14_kinect_13_b02901,extreme,v20_gate_r025_t100_b100,False,True,90.53669282683936,417.45679969744754,0.21687679513773872,-78.31232048622613
