case_id,cluster,angle_stratum,internal_method,internal_method_key,metric,online,internal,internal_advantage
aist__gBR_sBM_cAll_d06_mBR2_ch01__cs150,aist__gBR_sBM_cAll_d06_mBR2_ch01__cs150,,Human3R,m0_strict_human3r,PA-MPJPE_mm,53.58141256556734,54.164929076992564,-0.5835165114252234
aist__gBR_sBM_cAll_d06_mBR2_ch01__cs150,aist__gBR_sBM_cAll_d06_mBR2_ch01__cs150,,Human3R,m0_strict_human3r,Anchor-MPJPE_mm,507.96333080326826,501.7549726574017,6.208358145866555
aist__gBR_sBM_cAll_d06_mBR2_ch01__cs150,aist__gBR_sBM_cAll_d06_mBR2_ch01__cs150,,Human3R,m0_strict_human3r,Anchor-root_mm,444.77646290694645,451.59051745546896,-6.814054548522506
aist__gBR_sBM_cAll_d06_mBR2_ch01__cs150,aist__gBR_sBM_cAll_d06_mBR2_ch01__cs150,,Human3R,m0_strict_human3r,Orientation_deg,74.5544839146829,49.34601691538561,25.208466999297293
aist__gBR_sBM_cAll_d06_mBR2_ch01__cs150,aist__gBR_sBM_cAll_d06_mBR2_ch01__cs150,,Human3R,m0_strict_human3r,Seam-root_mm,993.3486273271033,2175.2100143602042,-1181.861387033101
aist__gBR_sBM_cAll_d06_mBR2_ch01__cs150,aist__gBR_sBM_cAll_d06_mBR2_ch01__cs150,,Human3R,m0_strict_human3r,Seam-orientation_deg,49.85743906540573,89.54671985641959,-39.68928079101386
aist__gBR_sBM_cAll_d06_mBR2_ch01__cs150,aist__gBR_sBM_cAll_d06_mBR2_ch01__cs150,,Human3R,m0_strict_human3r,Camera-rotation_deg,135.64566656841257,87.56627085066029,48.07939571775228
aist__gBR_sBM_cAll_d06_mBR2_ch01__cs150,aist__gBR_sBM_cAll_d06_mBR2_ch01__cs150,,Human3R,m0_strict_human3r,Camera-translation_m,9.31534451313369,6.329938739603578,2.985405773530112
aist__gBR_sBM_cAll_d06_mBR2_ch01__cs150,aist__gBR_sBM_cAll_d06_mBR2_ch01__cs150,,Human3R,m0_strict_human3r,Coverage,0.98,1.0,0.020000000000000018
aist__gBR_sBM_cAll_d06_mBR2_ch01__cs150,aist__gBR_sBM_cAll_d06_mBR2_ch01__cs150,,BRIDGE3R,m15_bridge3r_fixed_v19,PA-MPJPE_mm,53.58141256556734,53.930436152137474,-0.34902358657013366
aist__gBR_sBM_cAll_d06_mBR2_ch01__cs150,aist__gBR_sBM_cAll_d06_mBR2_ch01__cs150,,BRIDGE3R,m15_bridge3r_fixed_v19,Anchor-MPJPE_mm,507.96333080326826,511.8488773549874,-3.8855465517191305
aist__gBR_sBM_cAll_d06_mBR2_ch01__cs150,aist__gBR_sBM_cAll_d06_mBR2_ch01__cs150,,BRIDGE3R,m15_bridge3r_fixed_v19,Anchor-root_mm,444.77646290694645,459.1110065773861,-14.334543670439643
aist__gBR_sBM_cAll_d06_mBR2_ch01__cs150,aist__gBR_sBM_cAll_d06_mBR2_ch01__cs150,,BRIDGE3R,m15_bridge3r_fixed_v19,Orientation_deg,74.5544839146829,53.273117379013215,21.28136653566969
aist__gBR_sBM_cAll_d06_mBR2_ch01__cs150,aist__gBR_sBM_cAll_d06_mBR2_ch01__cs150,,BRIDGE3R,m15_bridge3r_fixed_v19,Seam-root_mm,993.3486273271033,626.8040733441611,366.54455398294215
aist__gBR_sBM_cAll_d06_mBR2_ch01__cs150,aist__gBR_sBM_cAll_d06_mBR2_ch01__cs150,,BRIDGE3R,m15_bridge3r_fixed_v19,Seam-orientation_deg,49.85743906540573,93.07812513314683,-43.2206860677411
aist__gBR_sBM_cAll_d06_mBR2_ch01__cs150,aist__gBR_sBM_cAll_d06_mBR2_ch01__cs150,,BRIDGE3R,m15_bridge3r_fixed_v19,Camera-rotation_deg,135.64566656841257,96.50133245709262,39.14433411131995
aist__gBR_sBM_cAll_d06_mBR2_ch01__cs150,aist__gBR_sBM_cAll_d06_mBR2_ch01__cs150,,BRIDGE3R,m15_bridge3r_fixed_v19,Camera-translation_m,9.31534451313369,6.562861595100057,2.7524829180336328
aist__gBR_sBM_cAll_d06_mBR2_ch01__cs150,aist__gBR_sBM_cAll_d06_mBR2_ch01__cs150,,BRIDGE3R,m15_bridge3r_fixed_v19,Coverage,0.98,1.0,0.020000000000000018
aist__gBR_sBM_cAll_d06_mBR2_ch02__cs150,aist__gBR_sBM_cAll_d06_mBR2_ch02__cs150,,Human3R,m0_strict_human3r,PA-MPJPE_mm,54.45737034031256,51.25556531127751,3.20180502903505
aist__gBR_sBM_cAll_d06_mBR2_ch02__cs150,aist__gBR_sBM_cAll_d06_mBR2_ch02__cs150,,Human3R,m0_strict_human3r,Anchor-MPJPE_mm,444.3839489593238,933.2357361345131,-488.8517871751893
aist__gBR_sBM_cAll_d06_mBR2_ch02__cs150,aist__gBR_sBM_cAll_d06_mBR2_ch02__cs150,,Human3R,m0_strict_human3r,Anchor-root_mm,353.2439373451582,896.7860922400746,-543.5421548949164
aist__gBR_sBM_cAll_d06_mBR2_ch02__cs150,aist__gBR_sBM_cAll_d06_mBR2_ch02__cs150,,Human3R,m0_strict_human3r,Orientation_deg,81.29406026872715,44.930738677682854,36.3633215910443
aist__gBR_sBM_cAll_d06_mBR2_ch02__cs150,aist__gBR_sBM_cAll_d06_mBR2_ch02__cs150,,Human3R,m0_strict_human3r,Seam-root_mm,235.31092285378378,2322.6870607238475,-2087.3761378700638
aist__gBR_sBM_cAll_d06_mBR2_ch02__cs150,aist__gBR_sBM_cAll_d06_mBR2_ch02__cs150,,Human3R,m0_strict_human3r,Seam-orientation_deg,67.0231460598928,87.50015412730816,-20.47700806741537
aist__gBR_sBM_cAll_d06_mBR2_ch02__cs150,aist__gBR_sBM_cAll_d06_mBR2_ch02__cs150,,Human3R,m0_strict_human3r,Camera-rotation_deg,137.19210241122383,88.08361531123863,49.1084870999852
aist__gBR_sBM_cAll_d06_mBR2_ch02__cs150,aist__gBR_sBM_cAll_d06_mBR2_ch02__cs150,,Human3R,m0_strict_human3r,Camera-translation_m,9.924331294059197,6.952548703654573,2.971782590404624
aist__gBR_sBM_cAll_d06_mBR2_ch02__cs150,aist__gBR_sBM_cAll_d06_mBR2_ch02__cs150,,Human3R,m0_strict_human3r,Coverage,0.98,1.0,0.020000000000000018
aist__gBR_sBM_cAll_d06_mBR2_ch02__cs150,aist__gBR_sBM_cAll_d06_mBR2_ch02__cs150,,BRIDGE3R,m15_bridge3r_fixed_v19,PA-MPJPE_mm,54.45737034031256,51.18584503547325,3.271525304839308
aist__gBR_sBM_cAll_d06_mBR2_ch02__cs150,aist__gBR_sBM_cAll_d06_mBR2_ch02__cs150,,BRIDGE3R,m15_bridge3r_fixed_v19,Anchor-MPJPE_mm,444.3839489593238,433.77395337685283,10.609995582470958
aist__gBR_sBM_cAll_d06_mBR2_ch02__cs150,aist__gBR_sBM_cAll_d06_mBR2_ch02__cs150,,BRIDGE3R,m15_bridge3r_fixed_v19,Anchor-root_mm,353.2439373451582,378.58017770457843,-25.33624035942023
aist__gBR_sBM_cAll_d06_mBR2_ch02__cs150,aist__gBR_sBM_cAll_d06_mBR2_ch02__cs150,,BRIDGE3R,m15_bridge3r_fixed_v19,Orientation_deg,81.29406026872715,50.414964695795476,30.879095572931675
aist__gBR_sBM_cAll_d06_mBR2_ch02__cs150,aist__gBR_sBM_cAll_d06_mBR2_ch02__cs150,,BRIDGE3R,m15_bridge3r_fixed_v19,Seam-root_mm,235.31092285378378,825.3414408702141,-590.0305180164303
aist__gBR_sBM_cAll_d06_mBR2_ch02__cs150,aist__gBR_sBM_cAll_d06_mBR2_ch02__cs150,,BRIDGE3R,m15_bridge3r_fixed_v19,Seam-orientation_deg,67.0231460598928,91.57061377782328,-24.547467717930488
aist__gBR_sBM_cAll_d06_mBR2_ch02__cs150,aist__gBR_sBM_cAll_d06_mBR2_ch02__cs150,,BRIDGE3R,m15_bridge3r_fixed_v19,Camera-rotation_deg,137.19210241122383,99.45897594663366,37.73312646459017
aist__gBR_sBM_cAll_d06_mBR2_ch02__cs150,aist__gBR_sBM_cAll_d06_mBR2_ch02__cs150,,BRIDGE3R,m15_bridge3r_fixed_v19,Camera-translation_m,9.924331294059197,6.85586708382107,3.068464210238127
aist__gBR_sBM_cAll_d06_mBR2_ch02__cs150,aist__gBR_sBM_cAll_d06_mBR2_ch02__cs150,,BRIDGE3R,m15_bridge3r_fixed_v19,Coverage,0.98,1.0,0.020000000000000018
aist__gBR_sBM_cAll_d06_mBR3_ch01__cs150,aist__gBR_sBM_cAll_d06_mBR3_ch01__cs150,,Human3R,m0_strict_human3r,PA-MPJPE_mm,57.1201445721218,60.98512824968156,-3.8649836775597564
aist__gBR_sBM_cAll_d06_mBR3_ch01__cs150,aist__gBR_sBM_cAll_d06_mBR3_ch01__cs150,,Human3R,m0_strict_human3r,Anchor-MPJPE_mm,418.4380193823543,278.9019918616944,139.5360275206599
aist__gBR_sBM_cAll_d06_mBR3_ch01__cs150,aist__gBR_sBM_cAll_d06_mBR3_ch01__cs150,,Human3R,m0_strict_human3r,Anchor-root_mm,359.77065763812,243.77713606995968,115.9935215681603
aist__gBR_sBM_cAll_d06_mBR3_ch01__cs150,aist__gBR_sBM_cAll_d06_mBR3_ch01__cs150,,Human3R,m0_strict_human3r,Orientation_deg,45.6857995920276,47.77028186406873,-2.0844822720411287
aist__gBR_sBM_cAll_d06_mBR3_ch01__cs150,aist__gBR_sBM_cAll_d06_mBR3_ch01__cs150,,Human3R,m0_strict_human3r,Seam-root_mm,167.95089504424297,262.2899981550957,-94.33910311085273
aist__gBR_sBM_cAll_d06_mBR3_ch01__cs150,aist__gBR_sBM_cAll_d06_mBR3_ch01__cs150,,Human3R,m0_strict_human3r,Seam-orientation_deg,38.03267094834067,84.81414870945751,-46.78147776111684
aist__gBR_sBM_cAll_d06_mBR3_ch01__cs150,aist__gBR_sBM_cAll_d06_mBR3_ch01__cs150,,Human3R,m0_strict_human3r,Camera-rotation_deg,89.56252119459032,84.72809025061242,4.8344309439778925
aist__gBR_sBM_cAll_d06_mBR3_ch01__cs150,aist__gBR_sBM_cAll_d06_mBR3_ch01__cs150,,Human3R,m0_strict_human3r,Camera-translation_m,6.322416131724377,6.272436086046439,0.04998004567793757
aist__gBR_sBM_cAll_d06_mBR3_ch01__cs150,aist__gBR_sBM_cAll_d06_mBR3_ch01__cs150,,Human3R,m0_strict_human3r,Coverage,0.9933333333333333,1.0,0.00666666666666671
aist__gBR_sBM_cAll_d06_mBR3_ch01__cs150,aist__gBR_sBM_cAll_d06_mBR3_ch01__cs150,,BRIDGE3R,m15_bridge3r_fixed_v19,PA-MPJPE_mm,57.1201445721218,60.9069158866487,-3.786771314526895
aist__gBR_sBM_cAll_d06_mBR3_ch01__cs150,aist__gBR_sBM_cAll_d06_mBR3_ch01__cs150,,BRIDGE3R,m15_bridge3r_fixed_v19,Anchor-MPJPE_mm,418.4380193823543,393.03639175214636,25.40162763020794
aist__gBR_sBM_cAll_d06_mBR3_ch01__cs150,aist__gBR_sBM_cAll_d06_mBR3_ch01__cs150,,BRIDGE3R,m15_bridge3r_fixed_v19,Anchor-root_mm,359.77065763812,332.8316443548794,26.93901328324057
aist__gBR_sBM_cAll_d06_mBR3_ch01__cs150,aist__gBR_sBM_cAll_d06_mBR3_ch01__cs150,,BRIDGE3R,m15_bridge3r_fixed_v19,Orientation_deg,45.6857995920276,41.5487842309273,4.137015361100296
aist__gBR_sBM_cAll_d06_mBR3_ch01__cs150,aist__gBR_sBM_cAll_d06_mBR3_ch01__cs150,,BRIDGE3R,m15_bridge3r_fixed_v19,Seam-root_mm,167.95089504424297,502.6937123878268,-334.74281734358385
aist__gBR_sBM_cAll_d06_mBR3_ch01__cs150,aist__gBR_sBM_cAll_d06_mBR3_ch01__cs150,,BRIDGE3R,m15_bridge3r_fixed_v19,Seam-orientation_deg,38.03267094834067,70.9353612337213,-32.90269028538062
aist__gBR_sBM_cAll_d06_mBR3_ch01__cs150,aist__gBR_sBM_cAll_d06_mBR3_ch01__cs150,,BRIDGE3R,m15_bridge3r_fixed_v19,Camera-rotation_deg,89.56252119459032,72.51694338511459,17.04557780947573
aist__gBR_sBM_cAll_d06_mBR3_ch01__cs150,aist__gBR_sBM_cAll_d06_mBR3_ch01__cs150,,BRIDGE3R,m15_bridge3r_fixed_v19,Camera-translation_m,6.322416131724377,5.411802965892797,0.9106131658315801
aist__gBR_sBM_cAll_d06_mBR3_ch01__cs150,aist__gBR_sBM_cAll_d06_mBR3_ch01__cs150,,BRIDGE3R,m15_bridge3r_fixed_v19,Coverage,0.9933333333333333,1.0,0.00666666666666671
aist__gBR_sBM_cAll_d06_mBR3_ch02__cs150,aist__gBR_sBM_cAll_d06_mBR3_ch02__cs150,,Human3R,m0_strict_human3r,PA-MPJPE_mm,50.614107305737086,47.64831175311256,2.9657955526245274
aist__gBR_sBM_cAll_d06_mBR3_ch02__cs150,aist__gBR_sBM_cAll_d06_mBR3_ch02__cs150,,Human3R,m0_strict_human3r,Anchor-MPJPE_mm,1020.0994254091244,770.5973846200291,249.5020407890953
aist__gBR_sBM_cAll_d06_mBR3_ch02__cs150,aist__gBR_sBM_cAll_d06_mBR3_ch02__cs150,,Human3R,m0_strict_human3r,Anchor-root_mm,1002.9264877814657,758.6060752272361,244.3204125542295
aist__gBR_sBM_cAll_d06_mBR3_ch02__cs150,aist__gBR_sBM_cAll_d06_mBR3_ch02__cs150,,Human3R,m0_strict_human3r,Orientation_deg,10.452437238484958,7.380737272714356,3.071699965770602
aist__gBR_sBM_cAll_d06_mBR3_ch02__cs150,aist__gBR_sBM_cAll_d06_mBR3_ch02__cs150,,Human3R,m0_strict_human3r,Seam-root_mm,434.3173434193871,2600.979794219124,-2166.6624507997367
aist__gBR_sBM_cAll_d06_mBR3_ch02__cs150,aist__gBR_sBM_cAll_d06_mBR3_ch02__cs150,,Human3R,m0_strict_human3r,Seam-orientation_deg,16.24381550233875,5.559330849416623,10.684484652922128
aist__gBR_sBM_cAll_d06_mBR3_ch02__cs150,aist__gBR_sBM_cAll_d06_mBR3_ch02__cs150,,Human3R,m0_strict_human3r,Camera-rotation_deg,4.562790989191879,5.284925489724956,-0.7221345005330768
aist__gBR_sBM_cAll_d06_mBR3_ch02__cs150,aist__gBR_sBM_cAll_d06_mBR3_ch02__cs150,,Human3R,m0_strict_human3r,Camera-translation_m,1.8141708457454158,1.591993202307699,0.22217764343771673
aist__gBR_sBM_cAll_d06_mBR3_ch02__cs150,aist__gBR_sBM_cAll_d06_mBR3_ch02__cs150,,Human3R,m0_strict_human3r,Coverage,0.9933333333333333,1.0,0.00666666666666671
aist__gBR_sBM_cAll_d06_mBR3_ch02__cs150,aist__gBR_sBM_cAll_d06_mBR3_ch02__cs150,,BRIDGE3R,m15_bridge3r_fixed_v19,PA-MPJPE_mm,50.614107305737086,47.63502802697026,2.979079278766825
aist__gBR_sBM_cAll_d06_mBR3_ch02__cs150,aist__gBR_sBM_cAll_d06_mBR3_ch02__cs150,,BRIDGE3R,m15_bridge3r_fixed_v19,Anchor-MPJPE_mm,1020.0994254091244,398.129449602,621.9699758071243
aist__gBR_sBM_cAll_d06_mBR3_ch02__cs150,aist__gBR_sBM_cAll_d06_mBR3_ch02__cs150,,BRIDGE3R,m15_bridge3r_fixed_v19,Anchor-root_mm,1002.9264877814657,386.77522228712485,616.1512654943408
aist__gBR_sBM_cAll_d06_mBR3_ch02__cs150,aist__gBR_sBM_cAll_d06_mBR3_ch02__cs150,,BRIDGE3R,m15_bridge3r_fixed_v19,Orientation_deg,10.452437238484958,6.661722780938502,3.790714457546456
aist__gBR_sBM_cAll_d06_mBR3_ch02__cs150,aist__gBR_sBM_cAll_d06_mBR3_ch02__cs150,,BRIDGE3R,m15_bridge3r_fixed_v19,Seam-root_mm,434.3173434193871,697.7082851555732,-263.3909417361861
aist__gBR_sBM_cAll_d06_mBR3_ch02__cs150,aist__gBR_sBM_cAll_d06_mBR3_ch02__cs150,,BRIDGE3R,m15_bridge3r_fixed_v19,Seam-orientation_deg,16.24381550233875,5.135358858557682,11.10845664378107
aist__gBR_sBM_cAll_d06_mBR3_ch02__cs150,aist__gBR_sBM_cAll_d06_mBR3_ch02__cs150,,BRIDGE3R,m15_bridge3r_fixed_v19,Camera-rotation_deg,4.562790989191879,3.7575081235221033,0.8052828656697759
aist__gBR_sBM_cAll_d06_mBR3_ch02__cs150,aist__gBR_sBM_cAll_d06_mBR3_ch02__cs150,,BRIDGE3R,m15_bridge3r_fixed_v19,Camera-translation_m,1.8141708457454158,0.9908273526548148,0.823343493090601
aist__gBR_sBM_cAll_d06_mBR3_ch02__cs150,aist__gBR_sBM_cAll_d06_mBR3_ch02__cs150,,BRIDGE3R,m15_bridge3r_fixed_v19,Coverage,0.9933333333333333,1.0,0.00666666666666671
aist__gBR_sBM_cAll_d06_mBR4_ch01__cs150,aist__gBR_sBM_cAll_d06_mBR4_ch01__cs150,,Human3R,m0_strict_human3r,PA-MPJPE_mm,61.75179380498987,63.65193763313272,-1.9001438281428449
aist__gBR_sBM_cAll_d06_mBR4_ch01__cs150,aist__gBR_sBM_cAll_d06_mBR4_ch01__cs150,,Human3R,m0_strict_human3r,Anchor-MPJPE_mm,512.4371255213754,295.0339265753589,217.40319894601646
aist__gBR_sBM_cAll_d06_mBR4_ch01__cs150,aist__gBR_sBM_cAll_d06_mBR4_ch01__cs150,,Human3R,m0_strict_human3r,Anchor-root_mm,423.4270395163332,210.15214190401912,213.27489761231408
aist__gBR_sBM_cAll_d06_mBR4_ch01__cs150,aist__gBR_sBM_cAll_d06_mBR4_ch01__cs150,,Human3R,m0_strict_human3r,Orientation_deg,52.92288148962594,48.11138091022043,4.811500579405504
aist__gBR_sBM_cAll_d06_mBR4_ch01__cs150,aist__gBR_sBM_cAll_d06_mBR4_ch01__cs150,,Human3R,m0_strict_human3r,Seam-root_mm,517.8833894007248,410.6360363316415,107.24735306908332
aist__gBR_sBM_cAll_d06_mBR4_ch01__cs150,aist__gBR_sBM_cAll_d06_mBR4_ch01__cs150,,Human3R,m0_strict_human3r,Seam-orientation_deg,54.83168559486623,96.1931415510186,-41.36145595615237
aist__gBR_sBM_cAll_d06_mBR4_ch01__cs150,aist__gBR_sBM_cAll_d06_mBR4_ch01__cs150,,Human3R,m0_strict_human3r,Camera-rotation_deg,89.40405107143226,89.54358409451049,-0.13953302307822923
aist__gBR_sBM_cAll_d06_mBR4_ch01__cs150,aist__gBR_sBM_cAll_d06_mBR4_ch01__cs150,,Human3R,m0_strict_human3r,Camera-translation_m,6.401046459102587,6.767332157948987,-0.36628569884639983
aist__gBR_sBM_cAll_d06_mBR4_ch01__cs150,aist__gBR_sBM_cAll_d06_mBR4_ch01__cs150,,Human3R,m0_strict_human3r,Coverage,0.98,1.0,0.020000000000000018
aist__gBR_sBM_cAll_d06_mBR4_ch01__cs150,aist__gBR_sBM_cAll_d06_mBR4_ch01__cs150,,BRIDGE3R,m15_bridge3r_fixed_v19,PA-MPJPE_mm,61.75179380498987,63.703032167957254,-1.9512383629673806
aist__gBR_sBM_cAll_d06_mBR4_ch01__cs150,aist__gBR_sBM_cAll_d06_mBR4_ch01__cs150,,BRIDGE3R,m15_bridge3r_fixed_v19,Anchor-MPJPE_mm,512.4371255213754,570.5909592280574,-58.15383370668201
aist__gBR_sBM_cAll_d06_mBR4_ch01__cs150,aist__gBR_sBM_cAll_d06_mBR4_ch01__cs150,,BRIDGE3R,m15_bridge3r_fixed_v19,Anchor-root_mm,423.4270395163332,555.6114545797919,-132.18441506345874
aist__gBR_sBM_cAll_d06_mBR4_ch01__cs150,aist__gBR_sBM_cAll_d06_mBR4_ch01__cs150,,BRIDGE3R,m15_bridge3r_fixed_v19,Orientation_deg,52.92288148962594,29.856234518322537,23.0666469713034
aist__gBR_sBM_cAll_d06_mBR4_ch01__cs150,aist__gBR_sBM_cAll_d06_mBR4_ch01__cs150,,BRIDGE3R,m15_bridge3r_fixed_v19,Seam-root_mm,517.8833894007248,616.2873072829964,-98.40391788227157
aist__gBR_sBM_cAll_d06_mBR4_ch01__cs150,aist__gBR_sBM_cAll_d06_mBR4_ch01__cs150,,BRIDGE3R,m15_bridge3r_fixed_v19,Seam-orientation_deg,54.83168559486623,62.590577628989244,-7.758892034123015
aist__gBR_sBM_cAll_d06_mBR4_ch01__cs150,aist__gBR_sBM_cAll_d06_mBR4_ch01__cs150,,BRIDGE3R,m15_bridge3r_fixed_v19,Camera-rotation_deg,89.40405107143226,53.48215231961156,35.921898751820706
aist__gBR_sBM_cAll_d06_mBR4_ch01__cs150,aist__gBR_sBM_cAll_d06_mBR4_ch01__cs150,,BRIDGE3R,m15_bridge3r_fixed_v19,Camera-translation_m,6.401046459102587,3.9923319370857735,2.4087145220168136
aist__gBR_sBM_cAll_d06_mBR4_ch01__cs150,aist__gBR_sBM_cAll_d06_mBR4_ch01__cs150,,BRIDGE3R,m15_bridge3r_fixed_v19,Coverage,0.98,1.0,0.020000000000000018
aist__gBR_sBM_cAll_d06_mBR4_ch02__cs150,aist__gBR_sBM_cAll_d06_mBR4_ch02__cs150,,Human3R,m0_strict_human3r,PA-MPJPE_mm,60.576671653181684,56.79341809769126,3.7832535554904254
aist__gBR_sBM_cAll_d06_mBR4_ch02__cs150,aist__gBR_sBM_cAll_d06_mBR4_ch02__cs150,,Human3R,m0_strict_human3r,Anchor-MPJPE_mm,485.45442940040846,1067.7770735491383,-582.3226441487299
aist__gBR_sBM_cAll_d06_mBR4_ch02__cs150,aist__gBR_sBM_cAll_d06_mBR4_ch02__cs150,,Human3R,m0_strict_human3r,Anchor-root_mm,404.4103581357135,1007.063120284975,-602.6527621492614
aist__gBR_sBM_cAll_d06_mBR4_ch02__cs150,aist__gBR_sBM_cAll_d06_mBR4_ch02__cs150,,Human3R,m0_strict_human3r,Orientation_deg,79.72702636082998,49.25969099085104,30.46733536997894
aist__gBR_sBM_cAll_d06_mBR4_ch02__cs150,aist__gBR_sBM_cAll_d06_mBR4_ch02__cs150,,Human3R,m0_strict_human3r,Seam-root_mm,731.249334424877,2363.1357921671893,-1631.8864577423124
aist__gBR_sBM_cAll_d06_mBR4_ch02__cs150,aist__gBR_sBM_cAll_d06_mBR4_ch02__cs150,,Human3R,m0_strict_human3r,Seam-orientation_deg,98.94013049505195,109.32646855819233,-10.386338063140386
aist__gBR_sBM_cAll_d06_mBR4_ch02__cs150,aist__gBR_sBM_cAll_d06_mBR4_ch02__cs150,,Human3R,m0_strict_human3r,Camera-rotation_deg,136.01358175409172,89.5155347113091,46.498047042782616
aist__gBR_sBM_cAll_d06_mBR4_ch02__cs150,aist__gBR_sBM_cAll_d06_mBR4_ch02__cs150,,Human3R,m0_strict_human3r,Camera-translation_m,9.455709975375935,7.093566822577221,2.3621431527987147
aist__gBR_sBM_cAll_d06_mBR4_ch02__cs150,aist__gBR_sBM_cAll_d06_mBR4_ch02__cs150,,Human3R,m0_strict_human3r,Coverage,0.98,1.0,0.020000000000000018
aist__gBR_sBM_cAll_d06_mBR4_ch02__cs150,aist__gBR_sBM_cAll_d06_mBR4_ch02__cs150,,BRIDGE3R,m15_bridge3r_fixed_v19,PA-MPJPE_mm,60.576671653181684,56.802636756142164,3.7740348970395203
aist__gBR_sBM_cAll_d06_mBR4_ch02__cs150,aist__gBR_sBM_cAll_d06_mBR4_ch02__cs150,,BRIDGE3R,m15_bridge3r_fixed_v19,Anchor-MPJPE_mm,485.45442940040846,727.4534898897737,-241.9990604893652
aist__gBR_sBM_cAll_d06_mBR4_ch02__cs150,aist__gBR_sBM_cAll_d06_mBR4_ch02__cs150,,BRIDGE3R,m15_bridge3r_fixed_v19,Anchor-root_mm,404.4103581357135,662.0602549868308,-257.6498968511173
aist__gBR_sBM_cAll_d06_mBR4_ch02__cs150,aist__gBR_sBM_cAll_d06_mBR4_ch02__cs150,,BRIDGE3R,m15_bridge3r_fixed_v19,Orientation_deg,79.72702636082998,49.363677705097956,30.363348655732025
aist__gBR_sBM_cAll_d06_mBR4_ch02__cs150,aist__gBR_sBM_cAll_d06_mBR4_ch02__cs150,,BRIDGE3R,m15_bridge3r_fixed_v19,Seam-root_mm,731.249334424877,1333.1307639319355,-601.8814295070584
aist__gBR_sBM_cAll_d06_mBR4_ch02__cs150,aist__gBR_sBM_cAll_d06_mBR4_ch02__cs150,,BRIDGE3R,m15_bridge3r_fixed_v19,Seam-orientation_deg,98.94013049505195,101.477579560291,-2.537449065239059
aist__gBR_sBM_cAll_d06_mBR4_ch02__cs150,aist__gBR_sBM_cAll_d06_mBR4_ch02__cs150,,BRIDGE3R,m15_bridge3r_fixed_v19,Camera-rotation_deg,136.01358175409172,90.10539892446856,45.90818282962316
aist__gBR_sBM_cAll_d06_mBR4_ch02__cs150,aist__gBR_sBM_cAll_d06_mBR4_ch02__cs150,,BRIDGE3R,m15_bridge3r_fixed_v19,Camera-translation_m,9.455709975375935,6.475839518898465,2.97987045647747
aist__gBR_sBM_cAll_d06_mBR4_ch02__cs150,aist__gBR_sBM_cAll_d06_mBR4_ch02__cs150,,BRIDGE3R,m15_bridge3r_fixed_v19,Coverage,0.98,1.0,0.020000000000000018
aist__gBR_sBM_cAll_d06_mBR5_ch01__cs150,aist__gBR_sBM_cAll_d06_mBR5_ch01__cs150,,Human3R,m0_strict_human3r,PA-MPJPE_mm,64.37476916601958,64.02434094304456,0.35042822297501175
aist__gBR_sBM_cAll_d06_mBR5_ch01__cs150,aist__gBR_sBM_cAll_d06_mBR5_ch01__cs150,,Human3R,m0_strict_human3r,Anchor-MPJPE_mm,567.0625734901556,396.9692786559741,170.0932948341815
aist__gBR_sBM_cAll_d06_mBR5_ch01__cs150,aist__gBR_sBM_cAll_d06_mBR5_ch01__cs150,,Human3R,m0_strict_human3r,Anchor-root_mm,502.11162494161283,305.963243266677,196.14838167493582
aist__gBR_sBM_cAll_d06_mBR5_ch01__cs150,aist__gBR_sBM_cAll_d06_mBR5_ch01__cs150,,Human3R,m0_strict_human3r,Orientation_deg,72.96420678727098,51.57939599276903,21.384810794501952
aist__gBR_sBM_cAll_d06_mBR5_ch01__cs150,aist__gBR_sBM_cAll_d06_mBR5_ch01__cs150,,Human3R,m0_strict_human3r,Seam-root_mm,496.10468142755326,886.1179260478855,-390.0132446203322
aist__gBR_sBM_cAll_d06_mBR5_ch01__cs150,aist__gBR_sBM_cAll_d06_mBR5_ch01__cs150,,Human3R,m0_strict_human3r,Seam-orientation_deg,56.313162279879094,105.40943393815996,-49.09627165828087
aist__gBR_sBM_cAll_d06_mBR5_ch01__cs150,aist__gBR_sBM_cAll_d06_mBR5_ch01__cs150,,Human3R,m0_strict_human3r,Camera-rotation_deg,135.6826377793802,92.67820408902658,43.00443369035362
aist__gBR_sBM_cAll_d06_mBR5_ch01__cs150,aist__gBR_sBM_cAll_d06_mBR5_ch01__cs150,,Human3R,m0_strict_human3r,Camera-translation_m,9.496012089865689,6.534010151481186,2.9620019383845024
aist__gBR_sBM_cAll_d06_mBR5_ch01__cs150,aist__gBR_sBM_cAll_d06_mBR5_ch01__cs150,,Human3R,m0_strict_human3r,Coverage,0.98,1.0,0.020000000000000018
aist__gBR_sBM_cAll_d06_mBR5_ch01__cs150,aist__gBR_sBM_cAll_d06_mBR5_ch01__cs150,,BRIDGE3R,m15_bridge3r_fixed_v19,PA-MPJPE_mm,64.37476916601958,63.95805896959719,0.41671019642238605
aist__gBR_sBM_cAll_d06_mBR5_ch01__cs150,aist__gBR_sBM_cAll_d06_mBR5_ch01__cs150,,BRIDGE3R,m15_bridge3r_fixed_v19,Anchor-MPJPE_mm,567.0625734901556,649.5077496404195,-82.44517615026393
aist__gBR_sBM_cAll_d06_mBR5_ch01__cs150,aist__gBR_sBM_cAll_d06_mBR5_ch01__cs150,,BRIDGE3R,m15_bridge3r_fixed_v19,Anchor-root_mm,502.11162494161283,583.8131606225955,-81.70153568098272
aist__gBR_sBM_cAll_d06_mBR5_ch01__cs150,aist__gBR_sBM_cAll_d06_mBR5_ch01__cs150,,BRIDGE3R,m15_bridge3r_fixed_v19,Orientation_deg,72.96420678727098,49.65569576061133,23.30851102665965
aist__gBR_sBM_cAll_d06_mBR5_ch01__cs150,aist__gBR_sBM_cAll_d06_mBR5_ch01__cs150,,BRIDGE3R,m15_bridge3r_fixed_v19,Seam-root_mm,496.10468142755326,680.4551504305846,-184.35046900303132
aist__gBR_sBM_cAll_d06_mBR5_ch01__cs150,aist__gBR_sBM_cAll_d06_mBR5_ch01__cs150,,BRIDGE3R,m15_bridge3r_fixed_v19,Seam-orientation_deg,56.313162279879094,98.68022464638189,-42.36706236650279
aist__gBR_sBM_cAll_d06_mBR5_ch01__cs150,aist__gBR_sBM_cAll_d06_mBR5_ch01__cs150,,BRIDGE3R,m15_bridge3r_fixed_v19,Camera-rotation_deg,135.6826377793802,89.26046573272951,46.42217204665069
aist__gBR_sBM_cAll_d06_mBR5_ch01__cs150,aist__gBR_sBM_cAll_d06_mBR5_ch01__cs150,,BRIDGE3R,m15_bridge3r_fixed_v19,Camera-translation_m,9.496012089865689,6.253940777482959,3.2420713123827296
aist__gBR_sBM_cAll_d06_mBR5_ch01__cs150,aist__gBR_sBM_cAll_d06_mBR5_ch01__cs150,,BRIDGE3R,m15_bridge3r_fixed_v19,Coverage,0.98,1.0,0.020000000000000018
aist__gBR_sBM_cAll_d06_mBR5_ch02__cs150,aist__gBR_sBM_cAll_d06_mBR5_ch02__cs150,,Human3R,m0_strict_human3r,PA-MPJPE_mm,60.44923213645829,59.70278225284396,0.7464498836143321
aist__gBR_sBM_cAll_d06_mBR5_ch02__cs150,aist__gBR_sBM_cAll_d06_mBR5_ch02__cs150,,Human3R,m0_strict_human3r,Anchor-MPJPE_mm,513.0221263592525,267.38098242530117,245.64114393395135
aist__gBR_sBM_cAll_d06_mBR5_ch02__cs150,aist__gBR_sBM_cAll_d06_mBR5_ch02__cs150,,Human3R,m0_strict_human3r,Anchor-root_mm,468.8320790721447,182.91971736026872,285.912361711876
aist__gBR_sBM_cAll_d06_mBR5_ch02__cs150,aist__gBR_sBM_cAll_d06_mBR5_ch02__cs150,,Human3R,m0_strict_human3r,Orientation_deg,77.73155159015374,52.53441216646364,25.197139423690103
aist__gBR_sBM_cAll_d06_mBR5_ch02__cs150,aist__gBR_sBM_cAll_d06_mBR5_ch02__cs150,,Human3R,m0_strict_human3r,Seam-root_mm,831.0668896826731,1190.558199361671,-359.49130967899794
aist__gBR_sBM_cAll_d06_mBR5_ch02__cs150,aist__gBR_sBM_cAll_d06_mBR5_ch02__cs150,,Human3R,m0_strict_human3r,Seam-orientation_deg,102.98902088312926,106.44013849546859,-3.4511176123393312
aist__gBR_sBM_cAll_d06_mBR5_ch02__cs150,aist__gBR_sBM_cAll_d06_mBR5_ch02__cs150,,Human3R,m0_strict_human3r,Camera-rotation_deg,135.80698914076416,98.7769351932943,37.03005394746985
aist__gBR_sBM_cAll_d06_mBR5_ch02__cs150,aist__gBR_sBM_cAll_d06_mBR5_ch02__cs150,,Human3R,m0_strict_human3r,Camera-translation_m,9.140571775847802,6.480667953951763,2.6599038218960382
aist__gBR_sBM_cAll_d06_mBR5_ch02__cs150,aist__gBR_sBM_cAll_d06_mBR5_ch02__cs150,,Human3R,m0_strict_human3r,Coverage,0.98,1.0,0.020000000000000018
aist__gBR_sBM_cAll_d06_mBR5_ch02__cs150,aist__gBR_sBM_cAll_d06_mBR5_ch02__cs150,,BRIDGE3R,m15_bridge3r_fixed_v19,PA-MPJPE_mm,60.44923213645829,59.6400985367483,0.8091335997099947
aist__gBR_sBM_cAll_d06_mBR5_ch02__cs150,aist__gBR_sBM_cAll_d06_mBR5_ch02__cs150,,BRIDGE3R,m15_bridge3r_fixed_v19,Anchor-MPJPE_mm,513.0221263592525,287.63556368927937,225.38656266997316
aist__gBR_sBM_cAll_d06_mBR5_ch02__cs150,aist__gBR_sBM_cAll_d06_mBR5_ch02__cs150,,BRIDGE3R,m15_bridge3r_fixed_v19,Anchor-root_mm,468.8320790721447,188.0913700675597,280.740709004585
aist__gBR_sBM_cAll_d06_mBR5_ch02__cs150,aist__gBR_sBM_cAll_d06_mBR5_ch02__cs150,,BRIDGE3R,m15_bridge3r_fixed_v19,Orientation_deg,77.73155159015374,51.81002648015758,25.92152510999616
aist__gBR_sBM_cAll_d06_mBR5_ch02__cs150,aist__gBR_sBM_cAll_d06_mBR5_ch02__cs150,,BRIDGE3R,m15_bridge3r_fixed_v19,Seam-root_mm,831.0668896826731,482.0486274296854,349.01826225298777
aist__gBR_sBM_cAll_d06_mBR5_ch02__cs150,aist__gBR_sBM_cAll_d06_mBR5_ch02__cs150,,BRIDGE3R,m15_bridge3r_fixed_v19,Seam-orientation_deg,102.98902088312926,104.62148580483667,-1.6324649217074096
aist__gBR_sBM_cAll_d06_mBR5_ch02__cs150,aist__gBR_sBM_cAll_d06_mBR5_ch02__cs150,,BRIDGE3R,m15_bridge3r_fixed_v19,Camera-rotation_deg,135.80698914076416,97.97158216903136,37.835406971732795
aist__gBR_sBM_cAll_d06_mBR5_ch02__cs150,aist__gBR_sBM_cAll_d06_mBR5_ch02__cs150,,BRIDGE3R,m15_bridge3r_fixed_v19,Camera-translation_m,9.140571775847802,6.744524064669141,2.3960477111786602
aist__gBR_sBM_cAll_d06_mBR5_ch02__cs150,aist__gBR_sBM_cAll_d06_mBR5_ch02__cs150,,BRIDGE3R,m15_bridge3r_fixed_v19,Coverage,0.98,1.0,0.020000000000000018
aist__gHO_sBM_cAll_d21_mHO3_ch01__cs150,aist__gHO_sBM_cAll_d21_mHO3_ch01__cs150,,Human3R,m0_strict_human3r,PA-MPJPE_mm,54.41104754649029,51.94576619798929,2.4652813485009943
aist__gHO_sBM_cAll_d21_mHO3_ch01__cs150,aist__gHO_sBM_cAll_d21_mHO3_ch01__cs150,,Human3R,m0_strict_human3r,Anchor-MPJPE_mm,1646.4255281052779,190.6158703114501,1455.8096577938277
aist__gHO_sBM_cAll_d21_mHO3_ch01__cs150,aist__gHO_sBM_cAll_d21_mHO3_ch01__cs150,,Human3R,m0_strict_human3r,Anchor-root_mm,1636.1724517622074,172.5763716309938,1463.5960801312135
aist__gHO_sBM_cAll_d21_mHO3_ch01__cs150,aist__gHO_sBM_cAll_d21_mHO3_ch01__cs150,,Human3R,m0_strict_human3r,Orientation_deg,12.343781656600838,7.277927549721932,5.065854106878906
aist__gHO_sBM_cAll_d21_mHO3_ch01__cs150,aist__gHO_sBM_cAll_d21_mHO3_ch01__cs150,,Human3R,m0_strict_human3r,Seam-root_mm,903.620668132341,733.1711911630796,170.44947696926147
aist__gHO_sBM_cAll_d21_mHO3_ch01__cs150,aist__gHO_sBM_cAll_d21_mHO3_ch01__cs150,,Human3R,m0_strict_human3r,Seam-orientation_deg,38.55493816241925,11.306173482781789,27.24876467963746
aist__gHO_sBM_cAll_d21_mHO3_ch01__cs150,aist__gHO_sBM_cAll_d21_mHO3_ch01__cs150,,Human3R,m0_strict_human3r,Camera-rotation_deg,5.99067664185304,3.6892991776866695,2.3013774641663702
aist__gHO_sBM_cAll_d21_mHO3_ch01__cs150,aist__gHO_sBM_cAll_d21_mHO3_ch01__cs150,,Human3R,m0_strict_human3r,Camera-translation_m,3.0584053296799207,0.7536026182046246,2.304802711475296
aist__gHO_sBM_cAll_d21_mHO3_ch01__cs150,aist__gHO_sBM_cAll_d21_mHO3_ch01__cs150,,Human3R,m0_strict_human3r,Coverage,0.98,1.0,0.020000000000000018
aist__gHO_sBM_cAll_d21_mHO3_ch01__cs150,aist__gHO_sBM_cAll_d21_mHO3_ch01__cs150,,BRIDGE3R,m15_bridge3r_fixed_v19,PA-MPJPE_mm,54.41104754649029,51.60198923918756,2.8090583073027275
aist__gHO_sBM_cAll_d21_mHO3_ch01__cs150,aist__gHO_sBM_cAll_d21_mHO3_ch01__cs150,,BRIDGE3R,m15_bridge3r_fixed_v19,Anchor-MPJPE_mm,1646.4255281052779,262.46467965899416,1383.9608484462838
aist__gHO_sBM_cAll_d21_mHO3_ch01__cs150,aist__gHO_sBM_cAll_d21_mHO3_ch01__cs150,,BRIDGE3R,m15_bridge3r_fixed_v19,Anchor-root_mm,1636.1724517622074,250.58734035810795,1385.5851114040995
aist__gHO_sBM_cAll_d21_mHO3_ch01__cs150,aist__gHO_sBM_cAll_d21_mHO3_ch01__cs150,,BRIDGE3R,m15_bridge3r_fixed_v19,Orientation_deg,12.343781656600838,7.766592168740875,4.577189487859963
aist__gHO_sBM_cAll_d21_mHO3_ch01__cs150,aist__gHO_sBM_cAll_d21_mHO3_ch01__cs150,,BRIDGE3R,m15_bridge3r_fixed_v19,Seam-root_mm,903.620668132341,622.2095984486668,281.4110696836742
aist__gHO_sBM_cAll_d21_mHO3_ch01__cs150,aist__gHO_sBM_cAll_d21_mHO3_ch01__cs150,,BRIDGE3R,m15_bridge3r_fixed_v19,Seam-orientation_deg,38.55493816241925,6.155174373782738,32.39976378863651
aist__gHO_sBM_cAll_d21_mHO3_ch01__cs150,aist__gHO_sBM_cAll_d21_mHO3_ch01__cs150,,BRIDGE3R,m15_bridge3r_fixed_v19,Camera-rotation_deg,5.99067664185304,2.641279333198452,3.349397308654588
aist__gHO_sBM_cAll_d21_mHO3_ch01__cs150,aist__gHO_sBM_cAll_d21_mHO3_ch01__cs150,,BRIDGE3R,m15_bridge3r_fixed_v19,Camera-translation_m,3.0584053296799207,0.16739051946810657,2.8910148102118143
aist__gHO_sBM_cAll_d21_mHO3_ch01__cs150,aist__gHO_sBM_cAll_d21_mHO3_ch01__cs150,,BRIDGE3R,m15_bridge3r_fixed_v19,Coverage,0.98,1.0,0.020000000000000018
aist__gHO_sBM_cAll_d21_mHO3_ch02__cs150,aist__gHO_sBM_cAll_d21_mHO3_ch02__cs150,,Human3R,m0_strict_human3r,PA-MPJPE_mm,47.815862632920606,46.0698910794185,1.745971553502109
aist__gHO_sBM_cAll_d21_mHO3_ch02__cs150,aist__gHO_sBM_cAll_d21_mHO3_ch02__cs150,,Human3R,m0_strict_human3r,Anchor-MPJPE_mm,1282.936298555878,430.3793506950198,852.5569478608581
aist__gHO_sBM_cAll_d21_mHO3_ch02__cs150,aist__gHO_sBM_cAll_d21_mHO3_ch02__cs150,,Human3R,m0_strict_human3r,Anchor-root_mm,1277.225163042314,415.13169731103284,862.0934657312812
aist__gHO_sBM_cAll_d21_mHO3_ch02__cs150,aist__gHO_sBM_cAll_d21_mHO3_ch02__cs150,,Human3R,m0_strict_human3r,Orientation_deg,10.290809607936035,9.851125234537767,0.4396843733982685
aist__gHO_sBM_cAll_d21_mHO3_ch02__cs150,aist__gHO_sBM_cAll_d21_mHO3_ch02__cs150,,Human3R,m0_strict_human3r,Seam-root_mm,505.1038399926482,788.6435415637833,-283.5397015711351
aist__gHO_sBM_cAll_d21_mHO3_ch02__cs150,aist__gHO_sBM_cAll_d21_mHO3_ch02__cs150,,Human3R,m0_strict_human3r,Seam-orientation_deg,2.292123073628285,10.3431624659127,-8.051039392284416
aist__gHO_sBM_cAll_d21_mHO3_ch02__cs150,aist__gHO_sBM_cAll_d21_mHO3_ch02__cs150,,Human3R,m0_strict_human3r,Camera-rotation_deg,5.045507571407204,6.36269340380081,-1.3171858323936059
aist__gHO_sBM_cAll_d21_mHO3_ch02__cs150,aist__gHO_sBM_cAll_d21_mHO3_ch02__cs150,,Human3R,m0_strict_human3r,Camera-translation_m,2.6621649808857266,1.0871763329154065,1.5749886479703201
aist__gHO_sBM_cAll_d21_mHO3_ch02__cs150,aist__gHO_sBM_cAll_d21_mHO3_ch02__cs150,,Human3R,m0_strict_human3r,Coverage,0.9933333333333333,1.0,0.00666666666666671
aist__gHO_sBM_cAll_d21_mHO3_ch02__cs150,aist__gHO_sBM_cAll_d21_mHO3_ch02__cs150,,BRIDGE3R,m15_bridge3r_fixed_v19,PA-MPJPE_mm,47.815862632920606,45.74389428055191,2.0719683523686925
aist__gHO_sBM_cAll_d21_mHO3_ch02__cs150,aist__gHO_sBM_cAll_d21_mHO3_ch02__cs150,,BRIDGE3R,m15_bridge3r_fixed_v19,Anchor-MPJPE_mm,1282.936298555878,170.85417291953496,1112.082125636343
aist__gHO_sBM_cAll_d21_mHO3_ch02__cs150,aist__gHO_sBM_cAll_d21_mHO3_ch02__cs150,,BRIDGE3R,m15_bridge3r_fixed_v19,Anchor-root_mm,1277.225163042314,132.65584615566036,1144.5693168866537
aist__gHO_sBM_cAll_d21_mHO3_ch02__cs150,aist__gHO_sBM_cAll_d21_mHO3_ch02__cs150,,BRIDGE3R,m15_bridge3r_fixed_v19,Orientation_deg,10.290809607936035,25.634956609335205,-15.34414700139917
aist__gHO_sBM_cAll_d21_mHO3_ch02__cs150,aist__gHO_sBM_cAll_d21_mHO3_ch02__cs150,,BRIDGE3R,m15_bridge3r_fixed_v19,Seam-root_mm,505.1038399926482,488.4189014401397,16.684938552508527
aist__gHO_sBM_cAll_d21_mHO3_ch02__cs150,aist__gHO_sBM_cAll_d21_mHO3_ch02__cs150,,BRIDGE3R,m15_bridge3r_fixed_v19,Seam-orientation_deg,2.292123073628285,27.57577205418503,-25.283648980556745
aist__gHO_sBM_cAll_d21_mHO3_ch02__cs150,aist__gHO_sBM_cAll_d21_mHO3_ch02__cs150,,BRIDGE3R,m15_bridge3r_fixed_v19,Camera-rotation_deg,5.045507571407204,40.222953684753335,-35.17744611334613
aist__gHO_sBM_cAll_d21_mHO3_ch02__cs150,aist__gHO_sBM_cAll_d21_mHO3_ch02__cs150,,BRIDGE3R,m15_bridge3r_fixed_v19,Camera-translation_m,2.6621649808857266,3.647705279907704,-0.9855402990219773
aist__gHO_sBM_cAll_d21_mHO3_ch02__cs150,aist__gHO_sBM_cAll_d21_mHO3_ch02__cs150,,BRIDGE3R,m15_bridge3r_fixed_v19,Coverage,0.9933333333333333,1.0,0.00666666666666671
aist__gHO_sBM_cAll_d21_mHO4_ch01__cs150,aist__gHO_sBM_cAll_d21_mHO4_ch01__cs150,,Human3R,m0_strict_human3r,PA-MPJPE_mm,51.69609108917164,49.81657061801589,1.8795204711557503
aist__gHO_sBM_cAll_d21_mHO4_ch01__cs150,aist__gHO_sBM_cAll_d21_mHO4_ch01__cs150,,Human3R,m0_strict_human3r,Anchor-MPJPE_mm,286.95653349962544,463.51790131722197,-176.56136781759653
aist__gHO_sBM_cAll_d21_mHO4_ch01__cs150,aist__gHO_sBM_cAll_d21_mHO4_ch01__cs150,,Human3R,m0_strict_human3r,Anchor-root_mm,216.1288110584029,449.6801934005674,-233.55138234216452
aist__gHO_sBM_cAll_d21_mHO4_ch01__cs150,aist__gHO_sBM_cAll_d21_mHO4_ch01__cs150,,Human3R,m0_strict_human3r,Orientation_deg,69.8123485255012,46.690908810520156,23.12143971498105
aist__gHO_sBM_cAll_d21_mHO4_ch01__cs150,aist__gHO_sBM_cAll_d21_mHO4_ch01__cs150,,Human3R,m0_strict_human3r,Seam-root_mm,264.89621151676937,1105.002871198006,-840.1066596812366
aist__gHO_sBM_cAll_d21_mHO4_ch01__cs150,aist__gHO_sBM_cAll_d21_mHO4_ch01__cs150,,Human3R,m0_strict_human3r,Seam-orientation_deg,50.17158991893941,89.00029901408924,-38.828709095149826
aist__gHO_sBM_cAll_d21_mHO4_ch01__cs150,aist__gHO_sBM_cAll_d21_mHO4_ch01__cs150,,Human3R,m0_strict_human3r,Camera-rotation_deg,135.16421134675647,86.31627455568038,48.847936791076094
aist__gHO_sBM_cAll_d21_mHO4_ch01__cs150,aist__gHO_sBM_cAll_d21_mHO4_ch01__cs150,,Human3R,m0_strict_human3r,Camera-translation_m,9.394343165948154,7.563634239938384,1.8307089260097698
aist__gHO_sBM_cAll_d21_mHO4_ch01__cs150,aist__gHO_sBM_cAll_d21_mHO4_ch01__cs150,,Human3R,m0_strict_human3r,Coverage,0.98,1.0,0.020000000000000018
aist__gHO_sBM_cAll_d21_mHO4_ch01__cs150,aist__gHO_sBM_cAll_d21_mHO4_ch01__cs150,,BRIDGE3R,m15_bridge3r_fixed_v19,PA-MPJPE_mm,51.69609108917164,49.38405561334935,2.3120354758222916
aist__gHO_sBM_cAll_d21_mHO4_ch01__cs150,aist__gHO_sBM_cAll_d21_mHO4_ch01__cs150,,BRIDGE3R,m15_bridge3r_fixed_v19,Anchor-MPJPE_mm,286.95653349962544,524.0648377128788,-237.10830421325335
aist__gHO_sBM_cAll_d21_mHO4_ch01__cs150,aist__gHO_sBM_cAll_d21_mHO4_ch01__cs150,,BRIDGE3R,m15_bridge3r_fixed_v19,Anchor-root_mm,216.1288110584029,476.4486384631688,-260.3198274047659
aist__gHO_sBM_cAll_d21_mHO4_ch01__cs150,aist__gHO_sBM_cAll_d21_mHO4_ch01__cs150,,BRIDGE3R,m15_bridge3r_fixed_v19,Orientation_deg,69.8123485255012,47.87948662165471,21.932861903846494
aist__gHO_sBM_cAll_d21_mHO4_ch01__cs150,aist__gHO_sBM_cAll_d21_mHO4_ch01__cs150,,BRIDGE3R,m15_bridge3r_fixed_v19,Seam-root_mm,264.89621151676937,1022.0479088954681,-757.1516973786988
aist__gHO_sBM_cAll_d21_mHO4_ch01__cs150,aist__gHO_sBM_cAll_d21_mHO4_ch01__cs150,,BRIDGE3R,m15_bridge3r_fixed_v19,Seam-orientation_deg,50.17158991893941,81.28297584450776,-31.11138592556835
aist__gHO_sBM_cAll_d21_mHO4_ch01__cs150,aist__gHO_sBM_cAll_d21_mHO4_ch01__cs150,,BRIDGE3R,m15_bridge3r_fixed_v19,Camera-rotation_deg,135.16421134675647,89.5000275794998,45.664183767256674
aist__gHO_sBM_cAll_d21_mHO4_ch01__cs150,aist__gHO_sBM_cAll_d21_mHO4_ch01__cs150,,BRIDGE3R,m15_bridge3r_fixed_v19,Camera-translation_m,9.394343165948154,8.523261714505649,0.8710814514425049
aist__gHO_sBM_cAll_d21_mHO4_ch01__cs150,aist__gHO_sBM_cAll_d21_mHO4_ch01__cs150,,BRIDGE3R,m15_bridge3r_fixed_v19,Coverage,0.98,1.0,0.020000000000000018
aist__gHO_sBM_cAll_d21_mHO4_ch02__cs150,aist__gHO_sBM_cAll_d21_mHO4_ch02__cs150,,Human3R,m0_strict_human3r,PA-MPJPE_mm,54.77313810496842,50.24521319440102,4.5279249105674
aist__gHO_sBM_cAll_d21_mHO4_ch02__cs150,aist__gHO_sBM_cAll_d21_mHO4_ch02__cs150,,Human3R,m0_strict_human3r,Anchor-MPJPE_mm,481.95847484346183,372.1891989022918,109.76927594117001
aist__gHO_sBM_cAll_d21_mHO4_ch02__cs150,aist__gHO_sBM_cAll_d21_mHO4_ch02__cs150,,Human3R,m0_strict_human3r,Anchor-root_mm,449.3731271329784,342.29803830232146,107.07508883065697
aist__gHO_sBM_cAll_d21_mHO4_ch02__cs150,aist__gHO_sBM_cAll_d21_mHO4_ch02__cs150,,Human3R,m0_strict_human3r,Orientation_deg,70.05041088251431,50.49629761944561,19.5541132630687
aist__gHO_sBM_cAll_d21_mHO4_ch02__cs150,aist__gHO_sBM_cAll_d21_mHO4_ch02__cs150,,Human3R,m0_strict_human3r,Seam-root_mm,,506.00820849310867,
aist__gHO_sBM_cAll_d21_mHO4_ch02__cs150,aist__gHO_sBM_cAll_d21_mHO4_ch02__cs150,,Human3R,m0_strict_human3r,Seam-orientation_deg,,87.77701637143805,
aist__gHO_sBM_cAll_d21_mHO4_ch02__cs150,aist__gHO_sBM_cAll_d21_mHO4_ch02__cs150,,Human3R,m0_strict_human3r,Camera-rotation_deg,135.1729165983869,91.50740363540395,43.66551296298296
aist__gHO_sBM_cAll_d21_mHO4_ch02__cs150,aist__gHO_sBM_cAll_d21_mHO4_ch02__cs150,,Human3R,m0_strict_human3r,Camera-translation_m,9.419949974464942,8.03805391233663,1.3818960621283107
aist__gHO_sBM_cAll_d21_mHO4_ch02__cs150,aist__gHO_sBM_cAll_d21_mHO4_ch02__cs150,,Human3R,m0_strict_human3r,Coverage,0.9666666666666667,1.0,0.033333333333333326
aist__gHO_sBM_cAll_d21_mHO4_ch02__cs150,aist__gHO_sBM_cAll_d21_mHO4_ch02__cs150,,BRIDGE3R,m15_bridge3r_fixed_v19,PA-MPJPE_mm,54.77313810496842,49.65955437567553,5.113583729292884
aist__gHO_sBM_cAll_d21_mHO4_ch02__cs150,aist__gHO_sBM_cAll_d21_mHO4_ch02__cs150,,BRIDGE3R,m15_bridge3r_fixed_v19,Anchor-MPJPE_mm,481.95847484346183,533.5955252322929,-51.63705038883103
aist__gHO_sBM_cAll_d21_mHO4_ch02__cs150,aist__gHO_sBM_cAll_d21_mHO4_ch02__cs150,,BRIDGE3R,m15_bridge3r_fixed_v19,Anchor-root_mm,449.3731271329784,496.292248129443,-46.919120996464585
aist__gHO_sBM_cAll_d21_mHO4_ch02__cs150,aist__gHO_sBM_cAll_d21_mHO4_ch02__cs150,,BRIDGE3R,m15_bridge3r_fixed_v19,Orientation_deg,70.05041088251431,51.43710936823375,18.613301514280565
aist__gHO_sBM_cAll_d21_mHO4_ch02__cs150,aist__gHO_sBM_cAll_d21_mHO4_ch02__cs150,,BRIDGE3R,m15_bridge3r_fixed_v19,Seam-root_mm,,703.3048243395642,
aist__gHO_sBM_cAll_d21_mHO4_ch02__cs150,aist__gHO_sBM_cAll_d21_mHO4_ch02__cs150,,BRIDGE3R,m15_bridge3r_fixed_v19,Seam-orientation_deg,,86.36478965316084,
aist__gHO_sBM_cAll_d21_mHO4_ch02__cs150,aist__gHO_sBM_cAll_d21_mHO4_ch02__cs150,,BRIDGE3R,m15_bridge3r_fixed_v19,Camera-rotation_deg,135.1729165983869,93.98979674607119,41.18311985231571
aist__gHO_sBM_cAll_d21_mHO4_ch02__cs150,aist__gHO_sBM_cAll_d21_mHO4_ch02__cs150,,BRIDGE3R,m15_bridge3r_fixed_v19,Camera-translation_m,9.419949974464942,8.580353020184935,0.8395969542800064
aist__gHO_sBM_cAll_d21_mHO4_ch02__cs150,aist__gHO_sBM_cAll_d21_mHO4_ch02__cs150,,BRIDGE3R,m15_bridge3r_fixed_v19,Coverage,0.9666666666666667,1.0,0.033333333333333326
aist__gHO_sBM_cAll_d21_mHO5_ch01__cs150,aist__gHO_sBM_cAll_d21_mHO5_ch01__cs150,,Human3R,m0_strict_human3r,PA-MPJPE_mm,56.707278855501826,56.162994779326084,0.5442840761757424
aist__gHO_sBM_cAll_d21_mHO5_ch01__cs150,aist__gHO_sBM_cAll_d21_mHO5_ch01__cs150,,Human3R,m0_strict_human3r,Anchor-MPJPE_mm,443.6491166720229,547.475608872218,-103.8264922001951
aist__gHO_sBM_cAll_d21_mHO5_ch01__cs150,aist__gHO_sBM_cAll_d21_mHO5_ch01__cs150,,Human3R,m0_strict_human3r,Anchor-root_mm,407.48563896799044,554.2616255416578,-146.7759865736674
aist__gHO_sBM_cAll_d21_mHO5_ch01__cs150,aist__gHO_sBM_cAll_d21_mHO5_ch01__cs150,,Human3R,m0_strict_human3r,Orientation_deg,75.48054848586541,50.768639187468345,24.711909298397067
aist__gHO_sBM_cAll_d21_mHO5_ch01__cs150,aist__gHO_sBM_cAll_d21_mHO5_ch01__cs150,,Human3R,m0_strict_human3r,Seam-root_mm,,630.4385608505316,
aist__gHO_sBM_cAll_d21_mHO5_ch01__cs150,aist__gHO_sBM_cAll_d21_mHO5_ch01__cs150,,Human3R,m0_strict_human3r,Seam-orientation_deg,,79.98915640972207,
aist__gHO_sBM_cAll_d21_mHO5_ch01__cs150,aist__gHO_sBM_cAll_d21_mHO5_ch01__cs150,,Human3R,m0_strict_human3r,Camera-rotation_deg,135.52373909079077,96.05532385054123,39.46841524024954
aist__gHO_sBM_cAll_d21_mHO5_ch01__cs150,aist__gHO_sBM_cAll_d21_mHO5_ch01__cs150,,Human3R,m0_strict_human3r,Camera-translation_m,9.66578012675896,8.100259863635511,1.5655202631234495
aist__gHO_sBM_cAll_d21_mHO5_ch01__cs150,aist__gHO_sBM_cAll_d21_mHO5_ch01__cs150,,Human3R,m0_strict_human3r,Coverage,0.9666666666666667,1.0,0.033333333333333326
aist__gHO_sBM_cAll_d21_mHO5_ch01__cs150,aist__gHO_sBM_cAll_d21_mHO5_ch01__cs150,,BRIDGE3R,m15_bridge3r_fixed_v19,PA-MPJPE_mm,56.707278855501826,55.86976175437463,0.8375171011271973
aist__gHO_sBM_cAll_d21_mHO5_ch01__cs150,aist__gHO_sBM_cAll_d21_mHO5_ch01__cs150,,BRIDGE3R,m15_bridge3r_fixed_v19,Anchor-MPJPE_mm,443.6491166720229,546.1971137982162,-102.54799712619325
aist__gHO_sBM_cAll_d21_mHO5_ch01__cs150,aist__gHO_sBM_cAll_d21_mHO5_ch01__cs150,,BRIDGE3R,m15_bridge3r_fixed_v19,Anchor-root_mm,407.48563896799044,531.8786550847082,-124.39301611671772
aist__gHO_sBM_cAll_d21_mHO5_ch01__cs150,aist__gHO_sBM_cAll_d21_mHO5_ch01__cs150,,BRIDGE3R,m15_bridge3r_fixed_v19,Orientation_deg,75.48054848586541,49.016899270782886,26.463649215082526
aist__gHO_sBM_cAll_d21_mHO5_ch01__cs150,aist__gHO_sBM_cAll_d21_mHO5_ch01__cs150,,BRIDGE3R,m15_bridge3r_fixed_v19,Seam-root_mm,,943.158746857537,
aist__gHO_sBM_cAll_d21_mHO5_ch01__cs150,aist__gHO_sBM_cAll_d21_mHO5_ch01__cs150,,BRIDGE3R,m15_bridge3r_fixed_v19,Seam-orientation_deg,,79.950295060386,
aist__gHO_sBM_cAll_d21_mHO5_ch01__cs150,aist__gHO_sBM_cAll_d21_mHO5_ch01__cs150,,BRIDGE3R,m15_bridge3r_fixed_v19,Camera-rotation_deg,135.52373909079077,92.94310046953511,42.58063862125566
aist__gHO_sBM_cAll_d21_mHO5_ch01__cs150,aist__gHO_sBM_cAll_d21_mHO5_ch01__cs150,,BRIDGE3R,m15_bridge3r_fixed_v19,Camera-translation_m,9.66578012675896,8.681739576973815,0.9840405497851457
aist__gHO_sBM_cAll_d21_mHO5_ch01__cs150,aist__gHO_sBM_cAll_d21_mHO5_ch01__cs150,,BRIDGE3R,m15_bridge3r_fixed_v19,Coverage,0.9666666666666667,1.0,0.033333333333333326
aist__gHO_sBM_cAll_d21_mHO5_ch02__cs150,aist__gHO_sBM_cAll_d21_mHO5_ch02__cs150,,Human3R,m0_strict_human3r,PA-MPJPE_mm,56.68885859446231,51.372913882742175,5.315944711720135
aist__gHO_sBM_cAll_d21_mHO5_ch02__cs150,aist__gHO_sBM_cAll_d21_mHO5_ch02__cs150,,Human3R,m0_strict_human3r,Anchor-MPJPE_mm,496.36796826408033,483.00155287412025,13.366415389960082
aist__gHO_sBM_cAll_d21_mHO5_ch02__cs150,aist__gHO_sBM_cAll_d21_mHO5_ch02__cs150,,Human3R,m0_strict_human3r,Anchor-root_mm,472.88597831076794,480.7709812293353,-7.885002918567352
aist__gHO_sBM_cAll_d21_mHO5_ch02__cs150,aist__gHO_sBM_cAll_d21_mHO5_ch02__cs150,,Human3R,m0_strict_human3r,Orientation_deg,70.00173532837694,49.10044883949581,20.901286488881127
aist__gHO_sBM_cAll_d21_mHO5_ch02__cs150,aist__gHO_sBM_cAll_d21_mHO5_ch02__cs150,,Human3R,m0_strict_human3r,Seam-root_mm,,753.2477359105138,
aist__gHO_sBM_cAll_d21_mHO5_ch02__cs150,aist__gHO_sBM_cAll_d21_mHO5_ch02__cs150,,Human3R,m0_strict_human3r,Seam-orientation_deg,,84.52173062758045,
aist__gHO_sBM_cAll_d21_mHO5_ch02__cs150,aist__gHO_sBM_cAll_d21_mHO5_ch02__cs150,,Human3R,m0_strict_human3r,Camera-rotation_deg,135.40635175676664,93.71873641316438,41.68761534360226
aist__gHO_sBM_cAll_d21_mHO5_ch02__cs150,aist__gHO_sBM_cAll_d21_mHO5_ch02__cs150,,Human3R,m0_strict_human3r,Camera-translation_m,9.54114915383455,7.926026648700813,1.6151225051337361
aist__gHO_sBM_cAll_d21_mHO5_ch02__cs150,aist__gHO_sBM_cAll_d21_mHO5_ch02__cs150,,Human3R,m0_strict_human3r,Coverage,0.96,1.0,0.040000000000000036
aist__gHO_sBM_cAll_d21_mHO5_ch02__cs150,aist__gHO_sBM_cAll_d21_mHO5_ch02__cs150,,BRIDGE3R,m15_bridge3r_fixed_v19,PA-MPJPE_mm,56.68885859446231,50.92208122016665,5.766777374295657
aist__gHO_sBM_cAll_d21_mHO5_ch02__cs150,aist__gHO_sBM_cAll_d21_mHO5_ch02__cs150,,BRIDGE3R,m15_bridge3r_fixed_v19,Anchor-MPJPE_mm,496.36796826408033,470.3610472852015,26.00692097887884
aist__gHO_sBM_cAll_d21_mHO5_ch02__cs150,aist__gHO_sBM_cAll_d21_mHO5_ch02__cs150,,BRIDGE3R,m15_bridge3r_fixed_v19,Anchor-root_mm,472.88597831076794,429.2065587684843,43.679419542283654
aist__gHO_sBM_cAll_d21_mHO5_ch02__cs150,aist__gHO_sBM_cAll_d21_mHO5_ch02__cs150,,BRIDGE3R,m15_bridge3r_fixed_v19,Orientation_deg,70.00173532837694,48.496661422052085,21.505073906324853
aist__gHO_sBM_cAll_d21_mHO5_ch02__cs150,aist__gHO_sBM_cAll_d21_mHO5_ch02__cs150,,BRIDGE3R,m15_bridge3r_fixed_v19,Seam-root_mm,,749.4240297585873,
aist__gHO_sBM_cAll_d21_mHO5_ch02__cs150,aist__gHO_sBM_cAll_d21_mHO5_ch02__cs150,,BRIDGE3R,m15_bridge3r_fixed_v19,Seam-orientation_deg,,83.6282241014656,
aist__gHO_sBM_cAll_d21_mHO5_ch02__cs150,aist__gHO_sBM_cAll_d21_mHO5_ch02__cs150,,BRIDGE3R,m15_bridge3r_fixed_v19,Camera-rotation_deg,135.40635175676664,93.01283107295863,42.393520683808006
aist__gHO_sBM_cAll_d21_mHO5_ch02__cs150,aist__gHO_sBM_cAll_d21_mHO5_ch02__cs150,,BRIDGE3R,m15_bridge3r_fixed_v19,Camera-translation_m,9.54114915383455,8.595024158090384,0.9461249957441655
aist__gHO_sBM_cAll_d21_mHO5_ch02__cs150,aist__gHO_sBM_cAll_d21_mHO5_ch02__cs150,,BRIDGE3R,m15_bridge3r_fixed_v19,Coverage,0.96,1.0,0.040000000000000036
aist__gHO_sBM_cAll_d21_mHO5_ch03__cs150,aist__gHO_sBM_cAll_d21_mHO5_ch03__cs150,,Human3R,m0_strict_human3r,PA-MPJPE_mm,61.39263355695626,62.75872985959805,-1.366096302641786
aist__gHO_sBM_cAll_d21_mHO5_ch03__cs150,aist__gHO_sBM_cAll_d21_mHO5_ch03__cs150,,Human3R,m0_strict_human3r,Anchor-MPJPE_mm,431.5872241712256,663.5035504912064,-231.91632631998078
aist__gHO_sBM_cAll_d21_mHO5_ch03__cs150,aist__gHO_sBM_cAll_d21_mHO5_ch03__cs150,,Human3R,m0_strict_human3r,Anchor-root_mm,377.9087371290827,642.6863727022551,-264.7776355731724
aist__gHO_sBM_cAll_d21_mHO5_ch03__cs150,aist__gHO_sBM_cAll_d21_mHO5_ch03__cs150,,Human3R,m0_strict_human3r,Orientation_deg,47.869734491937805,44.50721724311834,3.362517248819465
aist__gHO_sBM_cAll_d21_mHO5_ch03__cs150,aist__gHO_sBM_cAll_d21_mHO5_ch03__cs150,,Human3R,m0_strict_human3r,Seam-root_mm,188.68403337457144,488.8085490430401,-300.1245156684687
aist__gHO_sBM_cAll_d21_mHO5_ch03__cs150,aist__gHO_sBM_cAll_d21_mHO5_ch03__cs150,,Human3R,m0_strict_human3r,Seam-orientation_deg,47.873848849859556,93.48786255269599,-45.61401370283643
aist__gHO_sBM_cAll_d21_mHO5_ch03__cs150,aist__gHO_sBM_cAll_d21_mHO5_ch03__cs150,,Human3R,m0_strict_human3r,Camera-rotation_deg,88.39871347235099,89.86389003715625,-1.4651765648052617
aist__gHO_sBM_cAll_d21_mHO5_ch03__cs150,aist__gHO_sBM_cAll_d21_mHO5_ch03__cs150,,Human3R,m0_strict_human3r,Camera-translation_m,7.270384962148206,7.093710108674874,0.17667485347333223
aist__gHO_sBM_cAll_d21_mHO5_ch03__cs150,aist__gHO_sBM_cAll_d21_mHO5_ch03__cs150,,Human3R,m0_strict_human3r,Coverage,0.98,1.0,0.020000000000000018
aist__gHO_sBM_cAll_d21_mHO5_ch03__cs150,aist__gHO_sBM_cAll_d21_mHO5_ch03__cs150,,BRIDGE3R,m15_bridge3r_fixed_v19,PA-MPJPE_mm,61.39263355695626,62.57298050992902,-1.180346952972755
aist__gHO_sBM_cAll_d21_mHO5_ch03__cs150,aist__gHO_sBM_cAll_d21_mHO5_ch03__cs150,,BRIDGE3R,m15_bridge3r_fixed_v19,Anchor-MPJPE_mm,431.5872241712256,720.386366792817,-288.79914262159133
aist__gHO_sBM_cAll_d21_mHO5_ch03__cs150,aist__gHO_sBM_cAll_d21_mHO5_ch03__cs150,,BRIDGE3R,m15_bridge3r_fixed_v19,Anchor-root_mm,377.9087371290827,681.0854200978426,-303.17668296875996
aist__gHO_sBM_cAll_d21_mHO5_ch03__cs150,aist__gHO_sBM_cAll_d21_mHO5_ch03__cs150,,BRIDGE3R,m15_bridge3r_fixed_v19,Orientation_deg,47.869734491937805,11.610744944734922,36.25898954720289
aist__gHO_sBM_cAll_d21_mHO5_ch03__cs150,aist__gHO_sBM_cAll_d21_mHO5_ch03__cs150,,BRIDGE3R,m15_bridge3r_fixed_v19,Seam-root_mm,188.68403337457144,1098.3017247134978,-909.6176913389264
aist__gHO_sBM_cAll_d21_mHO5_ch03__cs150,aist__gHO_sBM_cAll_d21_mHO5_ch03__cs150,,BRIDGE3R,m15_bridge3r_fixed_v19,Seam-orientation_deg,47.873848849859556,11.708301013610537,36.16554783624902
aist__gHO_sBM_cAll_d21_mHO5_ch03__cs150,aist__gHO_sBM_cAll_d21_mHO5_ch03__cs150,,BRIDGE3R,m15_bridge3r_fixed_v19,Camera-rotation_deg,88.39871347235099,5.482664677396602,82.91604879495439
aist__gHO_sBM_cAll_d21_mHO5_ch03__cs150,aist__gHO_sBM_cAll_d21_mHO5_ch03__cs150,,BRIDGE3R,m15_bridge3r_fixed_v19,Camera-translation_m,7.270384962148206,2.0330219485158505,5.237363013632356
aist__gHO_sBM_cAll_d21_mHO5_ch03__cs150,aist__gHO_sBM_cAll_d21_mHO5_ch03__cs150,,BRIDGE3R,m15_bridge3r_fixed_v19,Coverage,0.98,1.0,0.020000000000000018
aist__gHO_sBM_cAll_d21_mHO5_ch04__cs150,aist__gHO_sBM_cAll_d21_mHO5_ch04__cs150,,Human3R,m0_strict_human3r,PA-MPJPE_mm,58.930310586612684,60.21846972657114,-1.2881591399584593
aist__gHO_sBM_cAll_d21_mHO5_ch04__cs150,aist__gHO_sBM_cAll_d21_mHO5_ch04__cs150,,Human3R,m0_strict_human3r,Anchor-MPJPE_mm,321.52166748845065,279.68587825210636,41.83578923634428
aist__gHO_sBM_cAll_d21_mHO5_ch04__cs150,aist__gHO_sBM_cAll_d21_mHO5_ch04__cs150,,Human3R,m0_strict_human3r,Anchor-root_mm,260.17031962777173,220.13006072491544,40.040258902856294
aist__gHO_sBM_cAll_d21_mHO5_ch04__cs150,aist__gHO_sBM_cAll_d21_mHO5_ch04__cs150,,Human3R,m0_strict_human3r,Orientation_deg,50.8866888143887,44.910994909262705,5.975693905125993
aist__gHO_sBM_cAll_d21_mHO5_ch04__cs150,aist__gHO_sBM_cAll_d21_mHO5_ch04__cs150,,Human3R,m0_strict_human3r,Seam-root_mm,605.6138070236817,429.61980745894346,175.99399956473826
aist__gHO_sBM_cAll_d21_mHO5_ch04__cs150,aist__gHO_sBM_cAll_d21_mHO5_ch04__cs150,,Human3R,m0_strict_human3r,Seam-orientation_deg,39.68886222227909,89.05699139341733,-49.36812917113824
aist__gHO_sBM_cAll_d21_mHO5_ch04__cs150,aist__gHO_sBM_cAll_d21_mHO5_ch04__cs150,,Human3R,m0_strict_human3r,Camera-rotation_deg,89.5790818875008,90.02521323897075,-0.4461313514699441
aist__gHO_sBM_cAll_d21_mHO5_ch04__cs150,aist__gHO_sBM_cAll_d21_mHO5_ch04__cs150,,Human3R,m0_strict_human3r,Camera-translation_m,7.074890464101239,6.896014964162118,0.17887549993912089
aist__gHO_sBM_cAll_d21_mHO5_ch04__cs150,aist__gHO_sBM_cAll_d21_mHO5_ch04__cs150,,Human3R,m0_strict_human3r,Coverage,0.98,1.0,0.020000000000000018
aist__gHO_sBM_cAll_d21_mHO5_ch04__cs150,aist__gHO_sBM_cAll_d21_mHO5_ch04__cs150,,BRIDGE3R,m15_bridge3r_fixed_v19,PA-MPJPE_mm,58.930310586612684,60.249203476050525,-1.3188928894378407
aist__gHO_sBM_cAll_d21_mHO5_ch04__cs150,aist__gHO_sBM_cAll_d21_mHO5_ch04__cs150,,BRIDGE3R,m15_bridge3r_fixed_v19,Anchor-MPJPE_mm,321.52166748845065,428.97425094548964,-107.452583457039
aist__gHO_sBM_cAll_d21_mHO5_ch04__cs150,aist__gHO_sBM_cAll_d21_mHO5_ch04__cs150,,BRIDGE3R,m15_bridge3r_fixed_v19,Anchor-root_mm,260.17031962777173,415.3300634616714,-155.15974383389965
aist__gHO_sBM_cAll_d21_mHO5_ch04__cs150,aist__gHO_sBM_cAll_d21_mHO5_ch04__cs150,,BRIDGE3R,m15_bridge3r_fixed_v19,Orientation_deg,50.8866888143887,6.183303970990346,44.703384843398354
aist__gHO_sBM_cAll_d21_mHO5_ch04__cs150,aist__gHO_sBM_cAll_d21_mHO5_ch04__cs150,,BRIDGE3R,m15_bridge3r_fixed_v19,Seam-root_mm,605.6138070236817,812.0587770393845,-206.44497001570278
aist__gHO_sBM_cAll_d21_mHO5_ch04__cs150,aist__gHO_sBM_cAll_d21_mHO5_ch04__cs150,,BRIDGE3R,m15_bridge3r_fixed_v19,Seam-orientation_deg,39.68886222227909,7.328123919064782,32.36073830321431
aist__gHO_sBM_cAll_d21_mHO5_ch04__cs150,aist__gHO_sBM_cAll_d21_mHO5_ch04__cs150,,BRIDGE3R,m15_bridge3r_fixed_v19,Camera-rotation_deg,89.5790818875008,7.154534429916032,82.42454745758478
aist__gHO_sBM_cAll_d21_mHO5_ch04__cs150,aist__gHO_sBM_cAll_d21_mHO5_ch04__cs150,,BRIDGE3R,m15_bridge3r_fixed_v19,Camera-translation_m,7.074890464101239,0.7862351335461105,6.2886553305551285
aist__gHO_sBM_cAll_d21_mHO5_ch04__cs150,aist__gHO_sBM_cAll_d21_mHO5_ch04__cs150,,BRIDGE3R,m15_bridge3r_fixed_v19,Coverage,0.98,1.0,0.020000000000000018
aist__gHO_sBM_cAll_d21_mHO5_ch05__cs150,aist__gHO_sBM_cAll_d21_mHO5_ch05__cs150,,Human3R,m0_strict_human3r,PA-MPJPE_mm,46.183224143871115,42.52729914520665,3.6559249986644673
aist__gHO_sBM_cAll_d21_mHO5_ch05__cs150,aist__gHO_sBM_cAll_d21_mHO5_ch05__cs150,,Human3R,m0_strict_human3r,Anchor-MPJPE_mm,531.2467446925522,433.3954409817132,97.85130371083898
aist__gHO_sBM_cAll_d21_mHO5_ch05__cs150,aist__gHO_sBM_cAll_d21_mHO5_ch05__cs150,,Human3R,m0_strict_human3r,Anchor-root_mm,527.6277716358852,434.2784505772875,93.3493210585977
aist__gHO_sBM_cAll_d21_mHO5_ch05__cs150,aist__gHO_sBM_cAll_d21_mHO5_ch05__cs150,,Human3R,m0_strict_human3r,Orientation_deg,69.33910825920724,51.16520106701242,18.173907192194818
aist__gHO_sBM_cAll_d21_mHO5_ch05__cs150,aist__gHO_sBM_cAll_d21_mHO5_ch05__cs150,,Human3R,m0_strict_human3r,Seam-root_mm,,785.233660639246,
aist__gHO_sBM_cAll_d21_mHO5_ch05__cs150,aist__gHO_sBM_cAll_d21_mHO5_ch05__cs150,,Human3R,m0_strict_human3r,Seam-orientation_deg,,92.72173857264868,
aist__gHO_sBM_cAll_d21_mHO5_ch05__cs150,aist__gHO_sBM_cAll_d21_mHO5_ch05__cs150,,Human3R,m0_strict_human3r,Camera-rotation_deg,135.16284689727044,94.56756135092817,40.59528554634227
aist__gHO_sBM_cAll_d21_mHO5_ch05__cs150,aist__gHO_sBM_cAll_d21_mHO5_ch05__cs150,,Human3R,m0_strict_human3r,Camera-translation_m,9.16393946737418,8.143658015979868,1.020281451394311
aist__gHO_sBM_cAll_d21_mHO5_ch05__cs150,aist__gHO_sBM_cAll_d21_mHO5_ch05__cs150,,Human3R,m0_strict_human3r,Coverage,0.96,1.0,0.040000000000000036
aist__gHO_sBM_cAll_d21_mHO5_ch05__cs150,aist__gHO_sBM_cAll_d21_mHO5_ch05__cs150,,BRIDGE3R,m15_bridge3r_fixed_v19,PA-MPJPE_mm,46.183224143871115,42.256487605621686,3.926736538249429
aist__gHO_sBM_cAll_d21_mHO5_ch05__cs150,aist__gHO_sBM_cAll_d21_mHO5_ch05__cs150,,BRIDGE3R,m15_bridge3r_fixed_v19,Anchor-MPJPE_mm,531.2467446925522,380.36789044615807,150.8788542463941
aist__gHO_sBM_cAll_d21_mHO5_ch05__cs150,aist__gHO_sBM_cAll_d21_mHO5_ch05__cs150,,BRIDGE3R,m15_bridge3r_fixed_v19,Anchor-root_mm,527.6277716358852,358.6960204203251,168.9317512155601
aist__gHO_sBM_cAll_d21_mHO5_ch05__cs150,aist__gHO_sBM_cAll_d21_mHO5_ch05__cs150,,BRIDGE3R,m15_bridge3r_fixed_v19,Orientation_deg,69.33910825920724,49.1676011983493,20.171507060857934
aist__gHO_sBM_cAll_d21_mHO5_ch05__cs150,aist__gHO_sBM_cAll_d21_mHO5_ch05__cs150,,BRIDGE3R,m15_bridge3r_fixed_v19,Seam-root_mm,,754.3945738681186,
aist__gHO_sBM_cAll_d21_mHO5_ch05__cs150,aist__gHO_sBM_cAll_d21_mHO5_ch05__cs150,,BRIDGE3R,m15_bridge3r_fixed_v19,Seam-orientation_deg,,88.37764004228652,
aist__gHO_sBM_cAll_d21_mHO5_ch05__cs150,aist__gHO_sBM_cAll_d21_mHO5_ch05__cs150,,BRIDGE3R,m15_bridge3r_fixed_v19,Camera-rotation_deg,135.16284689727044,90.97938194026192,44.183464957008525
aist__gHO_sBM_cAll_d21_mHO5_ch05__cs150,aist__gHO_sBM_cAll_d21_mHO5_ch05__cs150,,BRIDGE3R,m15_bridge3r_fixed_v19,Camera-translation_m,9.16393946737418,8.616933523426049,0.5470059439481307
aist__gHO_sBM_cAll_d21_mHO5_ch05__cs150,aist__gHO_sBM_cAll_d21_mHO5_ch05__cs150,,BRIDGE3R,m15_bridge3r_fixed_v19,Coverage,0.96,1.0,0.040000000000000036
aist__gHO_sBM_cAll_d21_mHO5_ch06__cs150,aist__gHO_sBM_cAll_d21_mHO5_ch06__cs150,,Human3R,m0_strict_human3r,PA-MPJPE_mm,54.833509780740435,51.87725396667809,2.956255814062345
aist__gHO_sBM_cAll_d21_mHO5_ch06__cs150,aist__gHO_sBM_cAll_d21_mHO5_ch06__cs150,,Human3R,m0_strict_human3r,Anchor-MPJPE_mm,1065.9629127458586,396.9535603656488,669.0093523802097
aist__gHO_sBM_cAll_d21_mHO5_ch06__cs150,aist__gHO_sBM_cAll_d21_mHO5_ch06__cs150,,Human3R,m0_strict_human3r,Anchor-root_mm,1047.9738726536366,391.43304792259255,656.540824731044
aist__gHO_sBM_cAll_d21_mHO5_ch06__cs150,aist__gHO_sBM_cAll_d21_mHO5_ch06__cs150,,Human3R,m0_strict_human3r,Orientation_deg,12.552330744896054,9.20415103793655,3.3481797069595043
aist__gHO_sBM_cAll_d21_mHO5_ch06__cs150,aist__gHO_sBM_cAll_d21_mHO5_ch06__cs150,,Human3R,m0_strict_human3r,Seam-root_mm,535.1876806430769,821.2637435078916,-286.07606286481473
aist__gHO_sBM_cAll_d21_mHO5_ch06__cs150,aist__gHO_sBM_cAll_d21_mHO5_ch06__cs150,,Human3R,m0_strict_human3r,Seam-orientation_deg,7.94216039834294,9.447222262004647,-1.505061863661707
aist__gHO_sBM_cAll_d21_mHO5_ch06__cs150,aist__gHO_sBM_cAll_d21_mHO5_ch06__cs150,,Human3R,m0_strict_human3r,Camera-rotation_deg,4.15585892410119,7.3922296296259145,-3.236370705524725
aist__gHO_sBM_cAll_d21_mHO5_ch06__cs150,aist__gHO_sBM_cAll_d21_mHO5_ch06__cs150,,Human3R,m0_strict_human3r,Camera-translation_m,2.3681493356674777,1.254250289688263,1.1138990459792146
aist__gHO_sBM_cAll_d21_mHO5_ch06__cs150,aist__gHO_sBM_cAll_d21_mHO5_ch06__cs150,,Human3R,m0_strict_human3r,Coverage,0.98,1.0,0.020000000000000018
aist__gHO_sBM_cAll_d21_mHO5_ch06__cs150,aist__gHO_sBM_cAll_d21_mHO5_ch06__cs150,,BRIDGE3R,m15_bridge3r_fixed_v19,PA-MPJPE_mm,54.833509780740435,51.198465450367024,3.635044330373411
aist__gHO_sBM_cAll_d21_mHO5_ch06__cs150,aist__gHO_sBM_cAll_d21_mHO5_ch06__cs150,,BRIDGE3R,m15_bridge3r_fixed_v19,Anchor-MPJPE_mm,1065.9629127458586,713.698683372881,352.26422937297764
aist__gHO_sBM_cAll_d21_mHO5_ch06__cs150,aist__gHO_sBM_cAll_d21_mHO5_ch06__cs150,,BRIDGE3R,m15_bridge3r_fixed_v19,Anchor-root_mm,1047.9738726536366,737.3460268749927,310.62784577864386
aist__gHO_sBM_cAll_d21_mHO5_ch06__cs150,aist__gHO_sBM_cAll_d21_mHO5_ch06__cs150,,BRIDGE3R,m15_bridge3r_fixed_v19,Orientation_deg,12.552330744896054,63.85079098998061,-51.298460245084556
aist__gHO_sBM_cAll_d21_mHO5_ch06__cs150,aist__gHO_sBM_cAll_d21_mHO5_ch06__cs150,,BRIDGE3R,m15_bridge3r_fixed_v19,Seam-root_mm,535.1876806430769,1520.8121740197882,-985.6244933767114
aist__gHO_sBM_cAll_d21_mHO5_ch06__cs150,aist__gHO_sBM_cAll_d21_mHO5_ch06__cs150,,BRIDGE3R,m15_bridge3r_fixed_v19,Seam-orientation_deg,7.94216039834294,103.58067611913074,-95.63851572078781
aist__gHO_sBM_cAll_d21_mHO5_ch06__cs150,aist__gHO_sBM_cAll_d21_mHO5_ch06__cs150,,BRIDGE3R,m15_bridge3r_fixed_v19,Camera-rotation_deg,4.15585892410119,118.15171959175485,-113.99586066765366
aist__gHO_sBM_cAll_d21_mHO5_ch06__cs150,aist__gHO_sBM_cAll_d21_mHO5_ch06__cs150,,BRIDGE3R,m15_bridge3r_fixed_v19,Camera-translation_m,2.3681493356674777,6.940029586493985,-4.571880250826507
aist__gHO_sBM_cAll_d21_mHO5_ch06__cs150,aist__gHO_sBM_cAll_d21_mHO5_ch06__cs150,,BRIDGE3R,m15_bridge3r_fixed_v19,Coverage,0.98,1.0,0.020000000000000018
aist__gHO_sBM_cAll_d21_mHO5_ch10__cs150,aist__gHO_sBM_cAll_d21_mHO5_ch10__cs150,,Human3R,m0_strict_human3r,PA-MPJPE_mm,64.16847377694297,53.35933171084288,10.809142066100094
aist__gHO_sBM_cAll_d21_mHO5_ch10__cs150,aist__gHO_sBM_cAll_d21_mHO5_ch10__cs150,,Human3R,m0_strict_human3r,Anchor-MPJPE_mm,413.02132261740667,373.58997882846444,39.43134378894223
aist__gHO_sBM_cAll_d21_mHO5_ch10__cs150,aist__gHO_sBM_cAll_d21_mHO5_ch10__cs150,,Human3R,m0_strict_human3r,Anchor-root_mm,344.11480390337056,147.7958256419937,196.31897826137686
aist__gHO_sBM_cAll_d21_mHO5_ch10__cs150,aist__gHO_sBM_cAll_d21_mHO5_ch10__cs150,,Human3R,m0_strict_human3r,Orientation_deg,73.5338937511785,47.070100720446945,26.46379303073155
aist__gHO_sBM_cAll_d21_mHO5_ch10__cs150,aist__gHO_sBM_cAll_d21_mHO5_ch10__cs150,,Human3R,m0_strict_human3r,Seam-root_mm,170.75751792308574,266.11823049835283,-95.36071257526709
aist__gHO_sBM_cAll_d21_mHO5_ch10__cs150,aist__gHO_sBM_cAll_d21_mHO5_ch10__cs150,,Human3R,m0_strict_human3r,Seam-orientation_deg,43.727520229519115,93.84690006353094,-50.11937983401182
aist__gHO_sBM_cAll_d21_mHO5_ch10__cs150,aist__gHO_sBM_cAll_d21_mHO5_ch10__cs150,,Human3R,m0_strict_human3r,Camera-rotation_deg,135.26321464035343,89.93751548092182,45.32569915943161
aist__gHO_sBM_cAll_d21_mHO5_ch10__cs150,aist__gHO_sBM_cAll_d21_mHO5_ch10__cs150,,Human3R,m0_strict_human3r,Camera-translation_m,9.347324341469294,7.620578181038686,1.7267461604306078
aist__gHO_sBM_cAll_d21_mHO5_ch10__cs150,aist__gHO_sBM_cAll_d21_mHO5_ch10__cs150,,Human3R,m0_strict_human3r,Coverage,0.98,1.0,0.020000000000000018
aist__gHO_sBM_cAll_d21_mHO5_ch10__cs150,aist__gHO_sBM_cAll_d21_mHO5_ch10__cs150,,BRIDGE3R,m15_bridge3r_fixed_v19,PA-MPJPE_mm,64.16847377694297,52.9247305041179,11.243743272825071
aist__gHO_sBM_cAll_d21_mHO5_ch10__cs150,aist__gHO_sBM_cAll_d21_mHO5_ch10__cs150,,BRIDGE3R,m15_bridge3r_fixed_v19,Anchor-MPJPE_mm,413.02132261740667,420.5126725582219,-7.491349940815212
aist__gHO_sBM_cAll_d21_mHO5_ch10__cs150,aist__gHO_sBM_cAll_d21_mHO5_ch10__cs150,,BRIDGE3R,m15_bridge3r_fixed_v19,Anchor-root_mm,344.11480390337056,233.1790650411316,110.93573886223896
aist__gHO_sBM_cAll_d21_mHO5_ch10__cs150,aist__gHO_sBM_cAll_d21_mHO5_ch10__cs150,,BRIDGE3R,m15_bridge3r_fixed_v19,Orientation_deg,73.5338937511785,43.961891567540306,29.57200218363819
aist__gHO_sBM_cAll_d21_mHO5_ch10__cs150,aist__gHO_sBM_cAll_d21_mHO5_ch10__cs150,,BRIDGE3R,m15_bridge3r_fixed_v19,Seam-root_mm,170.75751792308574,297.2218380766812,-126.46432015359545
aist__gHO_sBM_cAll_d21_mHO5_ch10__cs150,aist__gHO_sBM_cAll_d21_mHO5_ch10__cs150,,BRIDGE3R,m15_bridge3r_fixed_v19,Seam-orientation_deg,43.727520229519115,84.28198897198956,-40.55446874247045
aist__gHO_sBM_cAll_d21_mHO5_ch10__cs150,aist__gHO_sBM_cAll_d21_mHO5_ch10__cs150,,BRIDGE3R,m15_bridge3r_fixed_v19,Camera-rotation_deg,135.26321464035343,84.11221261001096,51.15100203034247
aist__gHO_sBM_cAll_d21_mHO5_ch10__cs150,aist__gHO_sBM_cAll_d21_mHO5_ch10__cs150,,BRIDGE3R,m15_bridge3r_fixed_v19,Camera-translation_m,9.347324341469294,7.860283300415144,1.48704104105415
aist__gHO_sBM_cAll_d21_mHO5_ch10__cs150,aist__gHO_sBM_cAll_d21_mHO5_ch10__cs150,,BRIDGE3R,m15_bridge3r_fixed_v19,Coverage,0.98,1.0,0.020000000000000018
aist__gHO_sFM_cAll_d21_mHO5_ch20__cs150,aist__gHO_sFM_cAll_d21_mHO5_ch20__cs150,,Human3R,m0_strict_human3r,PA-MPJPE_mm,58.094532916861425,61.044312561001476,-2.949779644140051
aist__gHO_sFM_cAll_d21_mHO5_ch20__cs150,aist__gHO_sFM_cAll_d21_mHO5_ch20__cs150,,Human3R,m0_strict_human3r,Anchor-MPJPE_mm,1056.9768224064603,332.26125526368577,724.7155671427745
aist__gHO_sFM_cAll_d21_mHO5_ch20__cs150,aist__gHO_sFM_cAll_d21_mHO5_ch20__cs150,,Human3R,m0_strict_human3r,Anchor-root_mm,1049.3351293137812,295.6899759942094,753.6451533195718
aist__gHO_sFM_cAll_d21_mHO5_ch20__cs150,aist__gHO_sFM_cAll_d21_mHO5_ch20__cs150,,Human3R,m0_strict_human3r,Orientation_deg,12.67239599897848,20.358041289010384,-7.685645290031903
aist__gHO_sFM_cAll_d21_mHO5_ch20__cs150,aist__gHO_sFM_cAll_d21_mHO5_ch20__cs150,,Human3R,m0_strict_human3r,Seam-root_mm,567.7282280413232,283.6272125653647,284.1010154759585
aist__gHO_sFM_cAll_d21_mHO5_ch20__cs150,aist__gHO_sFM_cAll_d21_mHO5_ch20__cs150,,Human3R,m0_strict_human3r,Seam-orientation_deg,6.358564540104372,11.623078774714578,-5.264514234610206
aist__gHO_sFM_cAll_d21_mHO5_ch20__cs150,aist__gHO_sFM_cAll_d21_mHO5_ch20__cs150,,Human3R,m0_strict_human3r,Camera-rotation_deg,8.589253906925387,4.066206474770341,4.523047432155047
aist__gHO_sFM_cAll_d21_mHO5_ch20__cs150,aist__gHO_sFM_cAll_d21_mHO5_ch20__cs150,,Human3R,m0_strict_human3r,Camera-translation_m,2.4238084680281795,0.6289957407692297,1.7948127272589498
aist__gHO_sFM_cAll_d21_mHO5_ch20__cs150,aist__gHO_sFM_cAll_d21_mHO5_ch20__cs150,,Human3R,m0_strict_human3r,Coverage,0.98,1.0,0.020000000000000018
aist__gHO_sFM_cAll_d21_mHO5_ch20__cs150,aist__gHO_sFM_cAll_d21_mHO5_ch20__cs150,,BRIDGE3R,m15_bridge3r_fixed_v19,PA-MPJPE_mm,58.094532916861425,60.925088786273044,-2.8305558694116186
aist__gHO_sFM_cAll_d21_mHO5_ch20__cs150,aist__gHO_sFM_cAll_d21_mHO5_ch20__cs150,,BRIDGE3R,m15_bridge3r_fixed_v19,Anchor-MPJPE_mm,1056.9768224064603,283.06623442251737,773.910587983943
aist__gHO_sFM_cAll_d21_mHO5_ch20__cs150,aist__gHO_sFM_cAll_d21_mHO5_ch20__cs150,,BRIDGE3R,m15_bridge3r_fixed_v19,Anchor-root_mm,1049.3351293137812,244.5757878854259,804.7593414283552
aist__gHO_sFM_cAll_d21_mHO5_ch20__cs150,aist__gHO_sFM_cAll_d21_mHO5_ch20__cs150,,BRIDGE3R,m15_bridge3r_fixed_v19,Orientation_deg,12.67239599897848,18.2857485036945,-5.613352504716019
aist__gHO_sFM_cAll_d21_mHO5_ch20__cs150,aist__gHO_sFM_cAll_d21_mHO5_ch20__cs150,,BRIDGE3R,m15_bridge3r_fixed_v19,Seam-root_mm,567.7282280413232,452.48034141866714,115.24788662265604
aist__gHO_sFM_cAll_d21_mHO5_ch20__cs150,aist__gHO_sFM_cAll_d21_mHO5_ch20__cs150,,BRIDGE3R,m15_bridge3r_fixed_v19,Seam-orientation_deg,6.358564540104372,11.819686821606131,-5.461122281501759
aist__gHO_sFM_cAll_d21_mHO5_ch20__cs150,aist__gHO_sFM_cAll_d21_mHO5_ch20__cs150,,BRIDGE3R,m15_bridge3r_fixed_v19,Camera-rotation_deg,8.589253906925387,1.9352827108962478,6.65397119602914
aist__gHO_sFM_cAll_d21_mHO5_ch20__cs150,aist__gHO_sFM_cAll_d21_mHO5_ch20__cs150,,BRIDGE3R,m15_bridge3r_fixed_v19,Camera-translation_m,2.4238084680281795,1.1837600428093378,1.2400484252188417
aist__gHO_sFM_cAll_d21_mHO5_ch20__cs150,aist__gHO_sFM_cAll_d21_mHO5_ch20__cs150,,BRIDGE3R,m15_bridge3r_fixed_v19,Coverage,0.98,1.0,0.020000000000000018
aist__gJB_sBM_cAll_d09_mJB2_ch01__cs150,aist__gJB_sBM_cAll_d09_mJB2_ch01__cs150,,Human3R,m0_strict_human3r,PA-MPJPE_mm,50.75498953994872,54.368015342020236,-3.613025802071519
aist__gJB_sBM_cAll_d09_mJB2_ch01__cs150,aist__gJB_sBM_cAll_d09_mJB2_ch01__cs150,,Human3R,m0_strict_human3r,Anchor-MPJPE_mm,794.1612617227429,1420.6231330995813,-626.4618713768384
aist__gJB_sBM_cAll_d09_mJB2_ch01__cs150,aist__gJB_sBM_cAll_d09_mJB2_ch01__cs150,,Human3R,m0_strict_human3r,Anchor-root_mm,752.7257572326396,1415.3438778933455,-662.6181206607059
aist__gJB_sBM_cAll_d09_mJB2_ch01__cs150,aist__gJB_sBM_cAll_d09_mJB2_ch01__cs150,,Human3R,m0_strict_human3r,Orientation_deg,85.95092605441327,57.12659094740963,28.82433510700364
aist__gJB_sBM_cAll_d09_mJB2_ch01__cs150,aist__gJB_sBM_cAll_d09_mJB2_ch01__cs150,,Human3R,m0_strict_human3r,Seam-root_mm,730.3057690213129,2594.7665774756156,-1864.4608084543027
aist__gJB_sBM_cAll_d09_mJB2_ch01__cs150,aist__gJB_sBM_cAll_d09_mJB2_ch01__cs150,,Human3R,m0_strict_human3r,Seam-orientation_deg,68.69750037569642,103.360247408169,-34.66274703247258
aist__gJB_sBM_cAll_d09_mJB2_ch01__cs150,aist__gJB_sBM_cAll_d09_mJB2_ch01__cs150,,Human3R,m0_strict_human3r,Camera-rotation_deg,135.45365879038624,100.61569572894248,34.83796306144376
aist__gJB_sBM_cAll_d09_mJB2_ch01__cs150,aist__gJB_sBM_cAll_d09_mJB2_ch01__cs150,,Human3R,m0_strict_human3r,Camera-translation_m,9.136260153660428,8.328569050615112,0.8076911030453164
aist__gJB_sBM_cAll_d09_mJB2_ch01__cs150,aist__gJB_sBM_cAll_d09_mJB2_ch01__cs150,,Human3R,m0_strict_human3r,Coverage,0.98,1.0,0.020000000000000018
aist__gJB_sBM_cAll_d09_mJB2_ch01__cs150,aist__gJB_sBM_cAll_d09_mJB2_ch01__cs150,,BRIDGE3R,m15_bridge3r_fixed_v19,PA-MPJPE_mm,50.75498953994872,54.1651409181802,-3.4101513782314825
aist__gJB_sBM_cAll_d09_mJB2_ch01__cs150,aist__gJB_sBM_cAll_d09_mJB2_ch01__cs150,,BRIDGE3R,m15_bridge3r_fixed_v19,Anchor-MPJPE_mm,794.1612617227429,732.6197440071109,61.54151771563204
aist__gJB_sBM_cAll_d09_mJB2_ch01__cs150,aist__gJB_sBM_cAll_d09_mJB2_ch01__cs150,,BRIDGE3R,m15_bridge3r_fixed_v19,Anchor-root_mm,752.7257572326396,716.1674954345884,36.55826179805115
aist__gJB_sBM_cAll_d09_mJB2_ch01__cs150,aist__gJB_sBM_cAll_d09_mJB2_ch01__cs150,,BRIDGE3R,m15_bridge3r_fixed_v19,Orientation_deg,85.95092605441327,62.18338952693659,23.767536527476686
aist__gJB_sBM_cAll_d09_mJB2_ch01__cs150,aist__gJB_sBM_cAll_d09_mJB2_ch01__cs150,,BRIDGE3R,m15_bridge3r_fixed_v19,Seam-root_mm,730.3057690213129,1010.0402740988612,-279.7345050775483
aist__gJB_sBM_cAll_d09_mJB2_ch01__cs150,aist__gJB_sBM_cAll_d09_mJB2_ch01__cs150,,BRIDGE3R,m15_bridge3r_fixed_v19,Seam-orientation_deg,68.69750037569642,115.70516667653452,-47.007666300838096
aist__gJB_sBM_cAll_d09_mJB2_ch01__cs150,aist__gJB_sBM_cAll_d09_mJB2_ch01__cs150,,BRIDGE3R,m15_bridge3r_fixed_v19,Camera-rotation_deg,135.45365879038624,110.0729827032191,25.380676087167146
aist__gJB_sBM_cAll_d09_mJB2_ch01__cs150,aist__gJB_sBM_cAll_d09_mJB2_ch01__cs150,,BRIDGE3R,m15_bridge3r_fixed_v19,Camera-translation_m,9.136260153660428,7.114321823221858,2.0219383304385703
aist__gJB_sBM_cAll_d09_mJB2_ch01__cs150,aist__gJB_sBM_cAll_d09_mJB2_ch01__cs150,,BRIDGE3R,m15_bridge3r_fixed_v19,Coverage,0.98,1.0,0.020000000000000018
aist__gJB_sBM_cAll_d09_mJB2_ch02__cs150,aist__gJB_sBM_cAll_d09_mJB2_ch02__cs150,,Human3R,m0_strict_human3r,PA-MPJPE_mm,62.826274777262206,73.47701816007374,-10.650743382811534
aist__gJB_sBM_cAll_d09_mJB2_ch02__cs150,aist__gJB_sBM_cAll_d09_mJB2_ch02__cs150,,Human3R,m0_strict_human3r,Anchor-MPJPE_mm,1082.9333865014878,402.4840479927208,680.449338508767
aist__gJB_sBM_cAll_d09_mJB2_ch02__cs150,aist__gJB_sBM_cAll_d09_mJB2_ch02__cs150,,Human3R,m0_strict_human3r,Anchor-root_mm,1035.1877636121199,336.35494386594183,698.8328197461781
aist__gJB_sBM_cAll_d09_mJB2_ch02__cs150,aist__gJB_sBM_cAll_d09_mJB2_ch02__cs150,,Human3R,m0_strict_human3r,Orientation_deg,81.31119539355397,54.16530310741312,27.14589228614085
aist__gJB_sBM_cAll_d09_mJB2_ch02__cs150,aist__gJB_sBM_cAll_d09_mJB2_ch02__cs150,,Human3R,m0_strict_human3r,Seam-root_mm,,410.7551356249264,
aist__gJB_sBM_cAll_d09_mJB2_ch02__cs150,aist__gJB_sBM_cAll_d09_mJB2_ch02__cs150,,Human3R,m0_strict_human3r,Seam-orientation_deg,,99.09134158334581,
aist__gJB_sBM_cAll_d09_mJB2_ch02__cs150,aist__gJB_sBM_cAll_d09_mJB2_ch02__cs150,,Human3R,m0_strict_human3r,Camera-rotation_deg,135.3845005404943,102.29690789857506,33.08759264191923
aist__gJB_sBM_cAll_d09_mJB2_ch02__cs150,aist__gJB_sBM_cAll_d09_mJB2_ch02__cs150,,Human3R,m0_strict_human3r,Camera-translation_m,8.283797486453647,8.850640793171811,-0.5668433067181642
aist__gJB_sBM_cAll_d09_mJB2_ch02__cs150,aist__gJB_sBM_cAll_d09_mJB2_ch02__cs150,,Human3R,m0_strict_human3r,Coverage,0.96,1.0,0.040000000000000036
aist__gJB_sBM_cAll_d09_mJB2_ch02__cs150,aist__gJB_sBM_cAll_d09_mJB2_ch02__cs150,,BRIDGE3R,m15_bridge3r_fixed_v19,PA-MPJPE_mm,62.826274777262206,73.47576211460895,-10.649487337346748
aist__gJB_sBM_cAll_d09_mJB2_ch02__cs150,aist__gJB_sBM_cAll_d09_mJB2_ch02__cs150,,BRIDGE3R,m15_bridge3r_fixed_v19,Anchor-MPJPE_mm,1082.9333865014878,623.001593079075,459.93179342241285
aist__gJB_sBM_cAll_d09_mJB2_ch02__cs150,aist__gJB_sBM_cAll_d09_mJB2_ch02__cs150,,BRIDGE3R,m15_bridge3r_fixed_v19,Anchor-root_mm,1035.1877636121199,576.1242953754762,459.06346823664364
aist__gJB_sBM_cAll_d09_mJB2_ch02__cs150,aist__gJB_sBM_cAll_d09_mJB2_ch02__cs150,,BRIDGE3R,m15_bridge3r_fixed_v19,Orientation_deg,81.31119539355397,55.12568355450344,26.185511839050534
aist__gJB_sBM_cAll_d09_mJB2_ch02__cs150,aist__gJB_sBM_cAll_d09_mJB2_ch02__cs150,,BRIDGE3R,m15_bridge3r_fixed_v19,Seam-root_mm,,250.43572155683242,
aist__gJB_sBM_cAll_d09_mJB2_ch02__cs150,aist__gJB_sBM_cAll_d09_mJB2_ch02__cs150,,BRIDGE3R,m15_bridge3r_fixed_v19,Seam-orientation_deg,,103.9113924307764,
aist__gJB_sBM_cAll_d09_mJB2_ch02__cs150,aist__gJB_sBM_cAll_d09_mJB2_ch02__cs150,,BRIDGE3R,m15_bridge3r_fixed_v19,Camera-rotation_deg,135.3845005404943,103.87159173305544,31.512908807438848
aist__gJB_sBM_cAll_d09_mJB2_ch02__cs150,aist__gJB_sBM_cAll_d09_mJB2_ch02__cs150,,BRIDGE3R,m15_bridge3r_fixed_v19,Camera-translation_m,8.283797486453647,7.800358412923638,0.48343907353000937
aist__gJB_sBM_cAll_d09_mJB2_ch02__cs150,aist__gJB_sBM_cAll_d09_mJB2_ch02__cs150,,BRIDGE3R,m15_bridge3r_fixed_v19,Coverage,0.96,1.0,0.040000000000000036
aist__gJB_sBM_cAll_d09_mJB3_ch01__cs150,aist__gJB_sBM_cAll_d09_mJB3_ch01__cs150,,Human3R,m0_strict_human3r,PA-MPJPE_mm,52.4635649102126,57.13146091917178,-4.6678960089591826
aist__gJB_sBM_cAll_d09_mJB3_ch01__cs150,aist__gJB_sBM_cAll_d09_mJB3_ch01__cs150,,Human3R,m0_strict_human3r,Anchor-MPJPE_mm,828.0408813794671,784.4517501870595,43.58913119240765
aist__gJB_sBM_cAll_d09_mJB3_ch01__cs150,aist__gJB_sBM_cAll_d09_mJB3_ch01__cs150,,Human3R,m0_strict_human3r,Anchor-root_mm,792.764659691905,748.3624132879845,44.40224640392046
aist__gJB_sBM_cAll_d09_mJB3_ch01__cs150,aist__gJB_sBM_cAll_d09_mJB3_ch01__cs150,,Human3R,m0_strict_human3r,Orientation_deg,62.632702420527856,78.17269079678442,-15.539988376256566
aist__gJB_sBM_cAll_d09_mJB3_ch01__cs150,aist__gJB_sBM_cAll_d09_mJB3_ch01__cs150,,Human3R,m0_strict_human3r,Seam-root_mm,211.6717191439422,564.4875670897785,-352.8158479458363
aist__gJB_sBM_cAll_d09_mJB3_ch01__cs150,aist__gJB_sBM_cAll_d09_mJB3_ch01__cs150,,Human3R,m0_strict_human3r,Seam-orientation_deg,63.58062210143909,96.13112067533442,-32.550498573895325
aist__gJB_sBM_cAll_d09_mJB3_ch01__cs150,aist__gJB_sBM_cAll_d09_mJB3_ch01__cs150,,Human3R,m0_strict_human3r,Camera-rotation_deg,135.20949843941526,142.16411021731705,-6.954611777901789
aist__gJB_sBM_cAll_d09_mJB3_ch01__cs150,aist__gJB_sBM_cAll_d09_mJB3_ch01__cs150,,Human3R,m0_strict_human3r,Camera-translation_m,9.103823264508256,9.442951717011278,-0.33912845250302226
aist__gJB_sBM_cAll_d09_mJB3_ch01__cs150,aist__gJB_sBM_cAll_d09_mJB3_ch01__cs150,,Human3R,m0_strict_human3r,Coverage,0.98,1.0,0.020000000000000018
aist__gJB_sBM_cAll_d09_mJB3_ch01__cs150,aist__gJB_sBM_cAll_d09_mJB3_ch01__cs150,,BRIDGE3R,m15_bridge3r_fixed_v19,PA-MPJPE_mm,52.4635649102126,56.863773964080366,-4.400209053867769
aist__gJB_sBM_cAll_d09_mJB3_ch01__cs150,aist__gJB_sBM_cAll_d09_mJB3_ch01__cs150,,BRIDGE3R,m15_bridge3r_fixed_v19,Anchor-MPJPE_mm,828.0408813794671,775.3154683586523,52.72541302081481
aist__gJB_sBM_cAll_d09_mJB3_ch01__cs150,aist__gJB_sBM_cAll_d09_mJB3_ch01__cs150,,BRIDGE3R,m15_bridge3r_fixed_v19,Anchor-root_mm,792.764659691905,732.6472093971163,60.11745029478868
aist__gJB_sBM_cAll_d09_mJB3_ch01__cs150,aist__gJB_sBM_cAll_d09_mJB3_ch01__cs150,,BRIDGE3R,m15_bridge3r_fixed_v19,Orientation_deg,62.632702420527856,86.94173868242262,-24.309036261894768
aist__gJB_sBM_cAll_d09_mJB3_ch01__cs150,aist__gJB_sBM_cAll_d09_mJB3_ch01__cs150,,BRIDGE3R,m15_bridge3r_fixed_v19,Seam-root_mm,211.6717191439422,1674.0510715353219,-1462.3793523913796
aist__gJB_sBM_cAll_d09_mJB3_ch01__cs150,aist__gJB_sBM_cAll_d09_mJB3_ch01__cs150,,BRIDGE3R,m15_bridge3r_fixed_v19,Seam-orientation_deg,63.58062210143909,160.09461139353476,-96.51398929209567
aist__gJB_sBM_cAll_d09_mJB3_ch01__cs150,aist__gJB_sBM_cAll_d09_mJB3_ch01__cs150,,BRIDGE3R,m15_bridge3r_fixed_v19,Camera-rotation_deg,135.20949843941526,157.51056374741702,-22.301065308001768
aist__gJB_sBM_cAll_d09_mJB3_ch01__cs150,aist__gJB_sBM_cAll_d09_mJB3_ch01__cs150,,BRIDGE3R,m15_bridge3r_fixed_v19,Camera-translation_m,9.103823264508256,8.762889190966932,0.3409340735413231
aist__gJB_sBM_cAll_d09_mJB3_ch01__cs150,aist__gJB_sBM_cAll_d09_mJB3_ch01__cs150,,BRIDGE3R,m15_bridge3r_fixed_v19,Coverage,0.98,1.0,0.020000000000000018
aist__gJB_sBM_cAll_d09_mJB3_ch02__cs150,aist__gJB_sBM_cAll_d09_mJB3_ch02__cs150,,Human3R,m0_strict_human3r,PA-MPJPE_mm,63.14282432554531,68.90078902776544,-5.757964702220129
aist__gJB_sBM_cAll_d09_mJB3_ch02__cs150,aist__gJB_sBM_cAll_d09_mJB3_ch02__cs150,,Human3R,m0_strict_human3r,Anchor-MPJPE_mm,1054.5761707029894,374.7393084150341,679.8368622879553
aist__gJB_sBM_cAll_d09_mJB3_ch02__cs150,aist__gJB_sBM_cAll_d09_mJB3_ch02__cs150,,Human3R,m0_strict_human3r,Anchor-root_mm,1036.5986802746118,369.7888442408026,666.8098360338092
aist__gJB_sBM_cAll_d09_mJB3_ch02__cs150,aist__gJB_sBM_cAll_d09_mJB3_ch02__cs150,,Human3R,m0_strict_human3r,Orientation_deg,18.61454398728226,10.047024704405064,8.567519282877196
aist__gJB_sBM_cAll_d09_mJB3_ch02__cs150,aist__gJB_sBM_cAll_d09_mJB3_ch02__cs150,,Human3R,m0_strict_human3r,Seam-root_mm,245.68805956774338,226.81183079021505,18.876228777528326
aist__gJB_sBM_cAll_d09_mJB3_ch02__cs150,aist__gJB_sBM_cAll_d09_mJB3_ch02__cs150,,Human3R,m0_strict_human3r,Seam-orientation_deg,13.03176643153434,9.18301230915511,3.84875412237923
aist__gJB_sBM_cAll_d09_mJB3_ch02__cs150,aist__gJB_sBM_cAll_d09_mJB3_ch02__cs150,,Human3R,m0_strict_human3r,Camera-rotation_deg,5.600368995798183,4.911778498279706,0.6885904975184767
aist__gJB_sBM_cAll_d09_mJB3_ch02__cs150,aist__gJB_sBM_cAll_d09_mJB3_ch02__cs150,,Human3R,m0_strict_human3r,Camera-translation_m,1.7362097200787832,0.22964406681011676,1.5065656532686664
aist__gJB_sBM_cAll_d09_mJB3_ch02__cs150,aist__gJB_sBM_cAll_d09_mJB3_ch02__cs150,,Human3R,m0_strict_human3r,Coverage,0.9933333333333333,1.0,0.00666666666666671
aist__gJB_sBM_cAll_d09_mJB3_ch02__cs150,aist__gJB_sBM_cAll_d09_mJB3_ch02__cs150,,BRIDGE3R,m15_bridge3r_fixed_v19,PA-MPJPE_mm,63.14282432554531,68.77721252505431,-5.634388199508997
aist__gJB_sBM_cAll_d09_mJB3_ch02__cs150,aist__gJB_sBM_cAll_d09_mJB3_ch02__cs150,,BRIDGE3R,m15_bridge3r_fixed_v19,Anchor-MPJPE_mm,1054.5761707029894,319.547370373499,735.0288003294904
aist__gJB_sBM_cAll_d09_mJB3_ch02__cs150,aist__gJB_sBM_cAll_d09_mJB3_ch02__cs150,,BRIDGE3R,m15_bridge3r_fixed_v19,Anchor-root_mm,1036.5986802746118,310.4462450164086,726.1524352582031
aist__gJB_sBM_cAll_d09_mJB3_ch02__cs150,aist__gJB_sBM_cAll_d09_mJB3_ch02__cs150,,BRIDGE3R,m15_bridge3r_fixed_v19,Orientation_deg,18.61454398728226,9.984626808931878,8.629917178350382
aist__gJB_sBM_cAll_d09_mJB3_ch02__cs150,aist__gJB_sBM_cAll_d09_mJB3_ch02__cs150,,BRIDGE3R,m15_bridge3r_fixed_v19,Seam-root_mm,245.68805956774338,253.64037689767716,-7.952317329933777
aist__gJB_sBM_cAll_d09_mJB3_ch02__cs150,aist__gJB_sBM_cAll_d09_mJB3_ch02__cs150,,BRIDGE3R,m15_bridge3r_fixed_v19,Seam-orientation_deg,13.03176643153434,12.48700204035413,0.5447643911802107
aist__gJB_sBM_cAll_d09_mJB3_ch02__cs150,aist__gJB_sBM_cAll_d09_mJB3_ch02__cs150,,BRIDGE3R,m15_bridge3r_fixed_v19,Camera-rotation_deg,5.600368995798183,5.1015663259886095,0.49880266980957355
aist__gJB_sBM_cAll_d09_mJB3_ch02__cs150,aist__gJB_sBM_cAll_d09_mJB3_ch02__cs150,,BRIDGE3R,m15_bridge3r_fixed_v19,Camera-translation_m,1.7362097200787832,0.38995533574960994,1.3462543843291732
aist__gJB_sBM_cAll_d09_mJB3_ch02__cs150,aist__gJB_sBM_cAll_d09_mJB3_ch02__cs150,,BRIDGE3R,m15_bridge3r_fixed_v19,Coverage,0.9933333333333333,1.0,0.00666666666666671
aist__gJB_sBM_cAll_d09_mJB4_ch01__cs150,aist__gJB_sBM_cAll_d09_mJB4_ch01__cs150,,Human3R,m0_strict_human3r,PA-MPJPE_mm,55.17465061212755,56.7161174108234,-1.5414667986958506
aist__gJB_sBM_cAll_d09_mJB4_ch01__cs150,aist__gJB_sBM_cAll_d09_mJB4_ch01__cs150,,Human3R,m0_strict_human3r,Anchor-MPJPE_mm,916.1343916095316,616.4791386181583,299.65525299137323
aist__gJB_sBM_cAll_d09_mJB4_ch01__cs150,aist__gJB_sBM_cAll_d09_mJB4_ch01__cs150,,Human3R,m0_strict_human3r,Anchor-root_mm,877.895728048006,590.2700036550973,287.62572439290875
aist__gJB_sBM_cAll_d09_mJB4_ch01__cs150,aist__gJB_sBM_cAll_d09_mJB4_ch01__cs150,,Human3R,m0_strict_human3r,Orientation_deg,89.58173297250782,56.85492232732738,32.72681064518044
aist__gJB_sBM_cAll_d09_mJB4_ch01__cs150,aist__gJB_sBM_cAll_d09_mJB4_ch01__cs150,,Human3R,m0_strict_human3r,Seam-root_mm,,198.52852013564112,
aist__gJB_sBM_cAll_d09_mJB4_ch01__cs150,aist__gJB_sBM_cAll_d09_mJB4_ch01__cs150,,Human3R,m0_strict_human3r,Seam-orientation_deg,,114.39951698819422,
aist__gJB_sBM_cAll_d09_mJB4_ch01__cs150,aist__gJB_sBM_cAll_d09_mJB4_ch01__cs150,,Human3R,m0_strict_human3r,Camera-rotation_deg,134.41666296613477,103.1823951509479,31.23426781518687
aist__gJB_sBM_cAll_d09_mJB4_ch01__cs150,aist__gJB_sBM_cAll_d09_mJB4_ch01__cs150,,Human3R,m0_strict_human3r,Camera-translation_m,8.306560695042354,8.870098632458417,-0.5635379374160632
aist__gJB_sBM_cAll_d09_mJB4_ch01__cs150,aist__gJB_sBM_cAll_d09_mJB4_ch01__cs150,,Human3R,m0_strict_human3r,Coverage,0.9666666666666667,1.0,0.033333333333333326
aist__gJB_sBM_cAll_d09_mJB4_ch01__cs150,aist__gJB_sBM_cAll_d09_mJB4_ch01__cs150,,BRIDGE3R,m15_bridge3r_fixed_v19,PA-MPJPE_mm,55.17465061212755,56.950904217461186,-1.7762536053336362
aist__gJB_sBM_cAll_d09_mJB4_ch01__cs150,aist__gJB_sBM_cAll_d09_mJB4_ch01__cs150,,BRIDGE3R,m15_bridge3r_fixed_v19,Anchor-MPJPE_mm,916.1343916095316,1277.7997674564926,-361.66537584696107
aist__gJB_sBM_cAll_d09_mJB4_ch01__cs150,aist__gJB_sBM_cAll_d09_mJB4_ch01__cs150,,BRIDGE3R,m15_bridge3r_fixed_v19,Anchor-root_mm,877.895728048006,1257.7278906378929,-379.8321625898868
aist__gJB_sBM_cAll_d09_mJB4_ch01__cs150,aist__gJB_sBM_cAll_d09_mJB4_ch01__cs150,,BRIDGE3R,m15_bridge3r_fixed_v19,Orientation_deg,89.58173297250782,60.3760673595946,29.205665612913222
aist__gJB_sBM_cAll_d09_mJB4_ch01__cs150,aist__gJB_sBM_cAll_d09_mJB4_ch01__cs150,,BRIDGE3R,m15_bridge3r_fixed_v19,Seam-root_mm,,600.5280329653874,
aist__gJB_sBM_cAll_d09_mJB4_ch01__cs150,aist__gJB_sBM_cAll_d09_mJB4_ch01__cs150,,BRIDGE3R,m15_bridge3r_fixed_v19,Seam-orientation_deg,,119.32175099740455,
aist__gJB_sBM_cAll_d09_mJB4_ch01__cs150,aist__gJB_sBM_cAll_d09_mJB4_ch01__cs150,,BRIDGE3R,m15_bridge3r_fixed_v19,Camera-rotation_deg,134.41666296613477,109.08849436546295,25.328168600671816
aist__gJB_sBM_cAll_d09_mJB4_ch01__cs150,aist__gJB_sBM_cAll_d09_mJB4_ch01__cs150,,BRIDGE3R,m15_bridge3r_fixed_v19,Camera-translation_m,8.306560695042354,8.82975402830438,-0.5231933332620269
aist__gJB_sBM_cAll_d09_mJB4_ch01__cs150,aist__gJB_sBM_cAll_d09_mJB4_ch01__cs150,,BRIDGE3R,m15_bridge3r_fixed_v19,Coverage,0.9666666666666667,1.0,0.033333333333333326
aist__gJB_sBM_cAll_d09_mJB4_ch02__cs150,aist__gJB_sBM_cAll_d09_mJB4_ch02__cs150,,Human3R,m0_strict_human3r,PA-MPJPE_mm,68.44002844575735,76.1370069418503,-7.696978496092953
aist__gJB_sBM_cAll_d09_mJB4_ch02__cs150,aist__gJB_sBM_cAll_d09_mJB4_ch02__cs150,,Human3R,m0_strict_human3r,Anchor-MPJPE_mm,602.9278264890272,381.4558620498737,221.4719644391535
aist__gJB_sBM_cAll_d09_mJB4_ch02__cs150,aist__gJB_sBM_cAll_d09_mJB4_ch02__cs150,,Human3R,m0_strict_human3r,Anchor-root_mm,550.8019465795327,338.5860586338465,212.21588794568618
aist__gJB_sBM_cAll_d09_mJB4_ch02__cs150,aist__gJB_sBM_cAll_d09_mJB4_ch02__cs150,,Human3R,m0_strict_human3r,Orientation_deg,57.50684697319585,46.63020370744711,10.87664326574874
aist__gJB_sBM_cAll_d09_mJB4_ch02__cs150,aist__gJB_sBM_cAll_d09_mJB4_ch02__cs150,,Human3R,m0_strict_human3r,Seam-root_mm,,539.4603351004315,
aist__gJB_sBM_cAll_d09_mJB4_ch02__cs150,aist__gJB_sBM_cAll_d09_mJB4_ch02__cs150,,Human3R,m0_strict_human3r,Seam-orientation_deg,,96.24183882882616,
aist__gJB_sBM_cAll_d09_mJB4_ch02__cs150,aist__gJB_sBM_cAll_d09_mJB4_ch02__cs150,,Human3R,m0_strict_human3r,Camera-rotation_deg,89.63732572440277,82.65172310482849,6.98560261957428
aist__gJB_sBM_cAll_d09_mJB4_ch02__cs150,aist__gJB_sBM_cAll_d09_mJB4_ch02__cs150,,Human3R,m0_strict_human3r,Camera-translation_m,6.47507766047239,6.663258874578583,-0.18818121410619248
aist__gJB_sBM_cAll_d09_mJB4_ch02__cs150,aist__gJB_sBM_cAll_d09_mJB4_ch02__cs150,,Human3R,m0_strict_human3r,Coverage,0.9666666666666667,1.0,0.033333333333333326
aist__gJB_sBM_cAll_d09_mJB4_ch02__cs150,aist__gJB_sBM_cAll_d09_mJB4_ch02__cs150,,BRIDGE3R,m15_bridge3r_fixed_v19,PA-MPJPE_mm,68.44002844575735,76.04531317695663,-7.605284731199276
aist__gJB_sBM_cAll_d09_mJB4_ch02__cs150,aist__gJB_sBM_cAll_d09_mJB4_ch02__cs150,,BRIDGE3R,m15_bridge3r_fixed_v19,Anchor-MPJPE_mm,602.9278264890272,922.6199356905184,-319.69210920149123
aist__gJB_sBM_cAll_d09_mJB4_ch02__cs150,aist__gJB_sBM_cAll_d09_mJB4_ch02__cs150,,BRIDGE3R,m15_bridge3r_fixed_v19,Anchor-root_mm,550.8019465795327,910.6157388607186,-359.8137922811859
aist__gJB_sBM_cAll_d09_mJB4_ch02__cs150,aist__gJB_sBM_cAll_d09_mJB4_ch02__cs150,,BRIDGE3R,m15_bridge3r_fixed_v19,Orientation_deg,57.50684697319585,13.549284995390751,43.9575619778051
aist__gJB_sBM_cAll_d09_mJB4_ch02__cs150,aist__gJB_sBM_cAll_d09_mJB4_ch02__cs150,,BRIDGE3R,m15_bridge3r_fixed_v19,Seam-root_mm,,3483.493605912471,
aist__gJB_sBM_cAll_d09_mJB4_ch02__cs150,aist__gJB_sBM_cAll_d09_mJB4_ch02__cs150,,BRIDGE3R,m15_bridge3r_fixed_v19,Seam-orientation_deg,,13.187729600204879,
aist__gJB_sBM_cAll_d09_mJB4_ch02__cs150,aist__gJB_sBM_cAll_d09_mJB4_ch02__cs150,,BRIDGE3R,m15_bridge3r_fixed_v19,Camera-rotation_deg,89.63732572440277,17.496902577585068,72.14042314681771
aist__gJB_sBM_cAll_d09_mJB4_ch02__cs150,aist__gJB_sBM_cAll_d09_mJB4_ch02__cs150,,BRIDGE3R,m15_bridge3r_fixed_v19,Camera-translation_m,6.47507766047239,1.6552200908557595,4.819857569616631
aist__gJB_sBM_cAll_d09_mJB4_ch02__cs150,aist__gJB_sBM_cAll_d09_mJB4_ch02__cs150,,BRIDGE3R,m15_bridge3r_fixed_v19,Coverage,0.9666666666666667,1.0,0.033333333333333326
aist__gJB_sBM_cAll_d09_mJB5_ch02__cs150,aist__gJB_sBM_cAll_d09_mJB5_ch02__cs150,,Human3R,m0_strict_human3r,PA-MPJPE_mm,67.89149192371568,71.56910992477599,-3.67761800106031
aist__gJB_sBM_cAll_d09_mJB5_ch02__cs150,aist__gJB_sBM_cAll_d09_mJB5_ch02__cs150,,Human3R,m0_strict_human3r,Anchor-MPJPE_mm,594.5558819486095,730.8992003069512,-136.34331835834178
aist__gJB_sBM_cAll_d09_mJB5_ch02__cs150,aist__gJB_sBM_cAll_d09_mJB5_ch02__cs150,,Human3R,m0_strict_human3r,Anchor-root_mm,560.281925074657,706.3509966289112,-146.06907155425415
aist__gJB_sBM_cAll_d09_mJB5_ch02__cs150,aist__gJB_sBM_cAll_d09_mJB5_ch02__cs150,,Human3R,m0_strict_human3r,Orientation_deg,58.70111779028199,47.081182317640724,11.619935472641266
aist__gJB_sBM_cAll_d09_mJB5_ch02__cs150,aist__gJB_sBM_cAll_d09_mJB5_ch02__cs150,,Human3R,m0_strict_human3r,Seam-root_mm,,1341.1524293393431,
aist__gJB_sBM_cAll_d09_mJB5_ch02__cs150,aist__gJB_sBM_cAll_d09_mJB5_ch02__cs150,,Human3R,m0_strict_human3r,Seam-orientation_deg,,34.835292269715175,
aist__gJB_sBM_cAll_d09_mJB5_ch02__cs150,aist__gJB_sBM_cAll_d09_mJB5_ch02__cs150,,Human3R,m0_strict_human3r,Camera-rotation_deg,90.29630529430126,71.62630621981182,18.66999907448944
aist__gJB_sBM_cAll_d09_mJB5_ch02__cs150,aist__gJB_sBM_cAll_d09_mJB5_ch02__cs150,,Human3R,m0_strict_human3r,Camera-translation_m,6.644146150659324,6.1852625225368225,0.4588836281225017
aist__gJB_sBM_cAll_d09_mJB5_ch02__cs150,aist__gJB_sBM_cAll_d09_mJB5_ch02__cs150,,Human3R,m0_strict_human3r,Coverage,0.96,1.0,0.040000000000000036
aist__gJB_sBM_cAll_d09_mJB5_ch02__cs150,aist__gJB_sBM_cAll_d09_mJB5_ch02__cs150,,BRIDGE3R,m15_bridge3r_fixed_v19,PA-MPJPE_mm,67.89149192371568,71.5044462135016,-3.612954289785918
aist__gJB_sBM_cAll_d09_mJB5_ch02__cs150,aist__gJB_sBM_cAll_d09_mJB5_ch02__cs150,,BRIDGE3R,m15_bridge3r_fixed_v19,Anchor-MPJPE_mm,594.5558819486095,1024.294454583721,-429.7385726351116
aist__gJB_sBM_cAll_d09_mJB5_ch02__cs150,aist__gJB_sBM_cAll_d09_mJB5_ch02__cs150,,BRIDGE3R,m15_bridge3r_fixed_v19,Anchor-root_mm,560.281925074657,1016.6659425034834,-456.3840174288264
aist__gJB_sBM_cAll_d09_mJB5_ch02__cs150,aist__gJB_sBM_cAll_d09_mJB5_ch02__cs150,,BRIDGE3R,m15_bridge3r_fixed_v19,Orientation_deg,58.70111779028199,25.424286230575508,33.27683155970648
aist__gJB_sBM_cAll_d09_mJB5_ch02__cs150,aist__gJB_sBM_cAll_d09_mJB5_ch02__cs150,,BRIDGE3R,m15_bridge3r_fixed_v19,Seam-root_mm,,1457.0280210729854,
aist__gJB_sBM_cAll_d09_mJB5_ch02__cs150,aist__gJB_sBM_cAll_d09_mJB5_ch02__cs150,,BRIDGE3R,m15_bridge3r_fixed_v19,Seam-orientation_deg,,14.768306695317658,
aist__gJB_sBM_cAll_d09_mJB5_ch02__cs150,aist__gJB_sBM_cAll_d09_mJB5_ch02__cs150,,BRIDGE3R,m15_bridge3r_fixed_v19,Camera-rotation_deg,90.29630529430126,27.865879812693432,62.43042548160783
aist__gJB_sBM_cAll_d09_mJB5_ch02__cs150,aist__gJB_sBM_cAll_d09_mJB5_ch02__cs150,,BRIDGE3R,m15_bridge3r_fixed_v19,Camera-translation_m,6.644146150659324,3.4040702178550735,3.2400759328042508
aist__gJB_sBM_cAll_d09_mJB5_ch02__cs150,aist__gJB_sBM_cAll_d09_mJB5_ch02__cs150,,BRIDGE3R,m15_bridge3r_fixed_v19,Coverage,0.96,1.0,0.040000000000000036
aist__gJB_sBM_cAll_d09_mJB5_ch03__cs150,aist__gJB_sBM_cAll_d09_mJB5_ch03__cs150,,Human3R,m0_strict_human3r,PA-MPJPE_mm,93.59575829554107,93.19175392760732,0.4040043679337515
aist__gJB_sBM_cAll_d09_mJB5_ch03__cs150,aist__gJB_sBM_cAll_d09_mJB5_ch03__cs150,,Human3R,m0_strict_human3r,Anchor-MPJPE_mm,363.4961417841983,361.4750773605353,2.021064423663006
aist__gJB_sBM_cAll_d09_mJB5_ch03__cs150,aist__gJB_sBM_cAll_d09_mJB5_ch03__cs150,,Human3R,m0_strict_human3r,Anchor-root_mm,231.29710645735983,249.63399831530353,-18.336891857943698
aist__gJB_sBM_cAll_d09_mJB5_ch03__cs150,aist__gJB_sBM_cAll_d09_mJB5_ch03__cs150,,Human3R,m0_strict_human3r,Orientation_deg,79.00512961414691,91.04302832122639,-12.037898707079478
aist__gJB_sBM_cAll_d09_mJB5_ch03__cs150,aist__gJB_sBM_cAll_d09_mJB5_ch03__cs150,,Human3R,m0_strict_human3r,Seam-root_mm,426.1309141062232,48.407035478380116,377.7238786278431
aist__gJB_sBM_cAll_d09_mJB5_ch03__cs150,aist__gJB_sBM_cAll_d09_mJB5_ch03__cs150,,Human3R,m0_strict_human3r,Seam-orientation_deg,31.390325355201174,169.69498519597246,-138.30465984077128
aist__gJB_sBM_cAll_d09_mJB5_ch03__cs150,aist__gJB_sBM_cAll_d09_mJB5_ch03__cs150,,Human3R,m0_strict_human3r,Camera-rotation_deg,135.21194283110052,164.4071354763448,-29.195192645244276
aist__gJB_sBM_cAll_d09_mJB5_ch03__cs150,aist__gJB_sBM_cAll_d09_mJB5_ch03__cs150,,Human3R,m0_strict_human3r,Camera-translation_m,9.181920015156713,9.632975684188532,-0.4510556690318186
aist__gJB_sBM_cAll_d09_mJB5_ch03__cs150,aist__gJB_sBM_cAll_d09_mJB5_ch03__cs150,,Human3R,m0_strict_human3r,Coverage,0.9933333333333333,1.0,0.00666666666666671
aist__gJB_sBM_cAll_d09_mJB5_ch03__cs150,aist__gJB_sBM_cAll_d09_mJB5_ch03__cs150,,BRIDGE3R,m15_bridge3r_fixed_v19,PA-MPJPE_mm,93.59575829554107,93.41684762084859,0.17891067469248867
aist__gJB_sBM_cAll_d09_mJB5_ch03__cs150,aist__gJB_sBM_cAll_d09_mJB5_ch03__cs150,,BRIDGE3R,m15_bridge3r_fixed_v19,Anchor-MPJPE_mm,363.4961417841983,716.0165922515138,-352.52045046731547
aist__gJB_sBM_cAll_d09_mJB5_ch03__cs150,aist__gJB_sBM_cAll_d09_mJB5_ch03__cs150,,BRIDGE3R,m15_bridge3r_fixed_v19,Anchor-root_mm,231.29710645735983,712.9762594636547,-481.6791530062949
aist__gJB_sBM_cAll_d09_mJB5_ch03__cs150,aist__gJB_sBM_cAll_d09_mJB5_ch03__cs150,,BRIDGE3R,m15_bridge3r_fixed_v19,Orientation_deg,79.00512961414691,43.81971316465356,35.18541644949335
aist__gJB_sBM_cAll_d09_mJB5_ch03__cs150,aist__gJB_sBM_cAll_d09_mJB5_ch03__cs150,,BRIDGE3R,m15_bridge3r_fixed_v19,Seam-root_mm,426.1309141062232,360.30637331806884,65.82454078815437
aist__gJB_sBM_cAll_d09_mJB5_ch03__cs150,aist__gJB_sBM_cAll_d09_mJB5_ch03__cs150,,BRIDGE3R,m15_bridge3r_fixed_v19,Seam-orientation_deg,31.390325355201174,48.95131891418062,-17.560993558979444
aist__gJB_sBM_cAll_d09_mJB5_ch03__cs150,aist__gJB_sBM_cAll_d09_mJB5_ch03__cs150,,BRIDGE3R,m15_bridge3r_fixed_v19,Camera-rotation_deg,135.21194283110052,85.81528547038744,49.39665736071308
aist__gJB_sBM_cAll_d09_mJB5_ch03__cs150,aist__gJB_sBM_cAll_d09_mJB5_ch03__cs150,,BRIDGE3R,m15_bridge3r_fixed_v19,Camera-translation_m,9.181920015156713,6.304042308761597,2.8778777063951164
aist__gJB_sBM_cAll_d09_mJB5_ch03__cs150,aist__gJB_sBM_cAll_d09_mJB5_ch03__cs150,,BRIDGE3R,m15_bridge3r_fixed_v19,Coverage,0.9933333333333333,1.0,0.00666666666666671
aist__gJB_sBM_cAll_d09_mJB5_ch04__cs150,aist__gJB_sBM_cAll_d09_mJB5_ch04__cs150,,Human3R,m0_strict_human3r,PA-MPJPE_mm,68.40901399608873,70.0988083285605,-1.689794332471763
aist__gJB_sBM_cAll_d09_mJB5_ch04__cs150,aist__gJB_sBM_cAll_d09_mJB5_ch04__cs150,,Human3R,m0_strict_human3r,Anchor-MPJPE_mm,540.5024599351548,617.2789161905225,-76.77645625536775
aist__gJB_sBM_cAll_d09_mJB5_ch04__cs150,aist__gJB_sBM_cAll_d09_mJB5_ch04__cs150,,Human3R,m0_strict_human3r,Anchor-root_mm,508.88485187713025,596.8762397759133,-87.99138789878305
aist__gJB_sBM_cAll_d09_mJB5_ch04__cs150,aist__gJB_sBM_cAll_d09_mJB5_ch04__cs150,,Human3R,m0_strict_human3r,Orientation_deg,20.039324871879618,30.20718555626674,-10.167860684387122
aist__gJB_sBM_cAll_d09_mJB5_ch04__cs150,aist__gJB_sBM_cAll_d09_mJB5_ch04__cs150,,Human3R,m0_strict_human3r,Seam-root_mm,330.48836445839356,168.5994502747512,161.88891418364236
aist__gJB_sBM_cAll_d09_mJB5_ch04__cs150,aist__gJB_sBM_cAll_d09_mJB5_ch04__cs150,,Human3R,m0_strict_human3r,Seam-orientation_deg,15.120812582360955,7.149097577637914,7.971715004723041
aist__gJB_sBM_cAll_d09_mJB5_ch04__cs150,aist__gJB_sBM_cAll_d09_mJB5_ch04__cs150,,Human3R,m0_strict_human3r,Camera-rotation_deg,5.6120731952246175,2.7871092686522836,2.824963926572334
aist__gJB_sBM_cAll_d09_mJB5_ch04__cs150,aist__gJB_sBM_cAll_d09_mJB5_ch04__cs150,,Human3R,m0_strict_human3r,Camera-translation_m,1.3262500155999293,1.0891215288725462,0.23712848672738307
aist__gJB_sBM_cAll_d09_mJB5_ch04__cs150,aist__gJB_sBM_cAll_d09_mJB5_ch04__cs150,,Human3R,m0_strict_human3r,Coverage,0.98,1.0,0.020000000000000018
aist__gJB_sBM_cAll_d09_mJB5_ch04__cs150,aist__gJB_sBM_cAll_d09_mJB5_ch04__cs150,,BRIDGE3R,m15_bridge3r_fixed_v19,PA-MPJPE_mm,68.40901399608873,70.46552997768406,-2.056515981595325
aist__gJB_sBM_cAll_d09_mJB5_ch04__cs150,aist__gJB_sBM_cAll_d09_mJB5_ch04__cs150,,BRIDGE3R,m15_bridge3r_fixed_v19,Anchor-MPJPE_mm,540.5024599351548,638.9119437773604,-98.40948384220565
aist__gJB_sBM_cAll_d09_mJB5_ch04__cs150,aist__gJB_sBM_cAll_d09_mJB5_ch04__cs150,,BRIDGE3R,m15_bridge3r_fixed_v19,Anchor-root_mm,508.88485187713025,615.7575986289289,-106.87274675179867
aist__gJB_sBM_cAll_d09_mJB5_ch04__cs150,aist__gJB_sBM_cAll_d09_mJB5_ch04__cs150,,BRIDGE3R,m15_bridge3r_fixed_v19,Orientation_deg,20.039324871879618,30.835817403757623,-10.796492531878005
aist__gJB_sBM_cAll_d09_mJB5_ch04__cs150,aist__gJB_sBM_cAll_d09_mJB5_ch04__cs150,,BRIDGE3R,m15_bridge3r_fixed_v19,Seam-root_mm,330.48836445839356,286.5540461041623,43.934318354231266
aist__gJB_sBM_cAll_d09_mJB5_ch04__cs150,aist__gJB_sBM_cAll_d09_mJB5_ch04__cs150,,BRIDGE3R,m15_bridge3r_fixed_v19,Seam-orientation_deg,15.120812582360955,2.564892812478397,12.555919769882557
aist__gJB_sBM_cAll_d09_mJB5_ch04__cs150,aist__gJB_sBM_cAll_d09_mJB5_ch04__cs150,,BRIDGE3R,m15_bridge3r_fixed_v19,Camera-rotation_deg,5.6120731952246175,1.5248368253054032,4.087236369919214
aist__gJB_sBM_cAll_d09_mJB5_ch04__cs150,aist__gJB_sBM_cAll_d09_mJB5_ch04__cs150,,BRIDGE3R,m15_bridge3r_fixed_v19,Camera-translation_m,1.3262500155999293,0.49499724263628375,0.8312527729636455
aist__gJB_sBM_cAll_d09_mJB5_ch04__cs150,aist__gJB_sBM_cAll_d09_mJB5_ch04__cs150,,BRIDGE3R,m15_bridge3r_fixed_v19,Coverage,0.98,1.0,0.020000000000000018
aist__gJB_sBM_cAll_d09_mJB5_ch05__cs150,aist__gJB_sBM_cAll_d09_mJB5_ch05__cs150,,Human3R,m0_strict_human3r,PA-MPJPE_mm,66.56301792874112,67.26433960917609,-0.7013216804349724
aist__gJB_sBM_cAll_d09_mJB5_ch05__cs150,aist__gJB_sBM_cAll_d09_mJB5_ch05__cs150,,Human3R,m0_strict_human3r,Anchor-MPJPE_mm,735.1215072412061,841.9876176547269,-106.8661104135208
aist__gJB_sBM_cAll_d09_mJB5_ch05__cs150,aist__gJB_sBM_cAll_d09_mJB5_ch05__cs150,,Human3R,m0_strict_human3r,Anchor-root_mm,660.8452621272731,790.2582118159016,-129.4129496886285
aist__gJB_sBM_cAll_d09_mJB5_ch05__cs150,aist__gJB_sBM_cAll_d09_mJB5_ch05__cs150,,Human3R,m0_strict_human3r,Orientation_deg,60.77022577634446,54.222558233701584,6.547667542642877
aist__gJB_sBM_cAll_d09_mJB5_ch05__cs150,aist__gJB_sBM_cAll_d09_mJB5_ch05__cs150,,Human3R,m0_strict_human3r,Seam-root_mm,,1436.0298488432584,
aist__gJB_sBM_cAll_d09_mJB5_ch05__cs150,aist__gJB_sBM_cAll_d09_mJB5_ch05__cs150,,Human3R,m0_strict_human3r,Seam-orientation_deg,,95.19630788606428,
aist__gJB_sBM_cAll_d09_mJB5_ch05__cs150,aist__gJB_sBM_cAll_d09_mJB5_ch05__cs150,,Human3R,m0_strict_human3r,Camera-rotation_deg,90.22473723484951,86.92829247329593,3.2964447615535875
aist__gJB_sBM_cAll_d09_mJB5_ch05__cs150,aist__gJB_sBM_cAll_d09_mJB5_ch05__cs150,,Human3R,m0_strict_human3r,Camera-translation_m,6.3569052432561355,6.969773134049901,-0.6128678907937655
aist__gJB_sBM_cAll_d09_mJB5_ch05__cs150,aist__gJB_sBM_cAll_d09_mJB5_ch05__cs150,,Human3R,m0_strict_human3r,Coverage,0.9666666666666667,1.0,0.033333333333333326
aist__gJB_sBM_cAll_d09_mJB5_ch05__cs150,aist__gJB_sBM_cAll_d09_mJB5_ch05__cs150,,BRIDGE3R,m15_bridge3r_fixed_v19,PA-MPJPE_mm,66.56301792874112,67.20590391966833,-0.642885990927212
aist__gJB_sBM_cAll_d09_mJB5_ch05__cs150,aist__gJB_sBM_cAll_d09_mJB5_ch05__cs150,,BRIDGE3R,m15_bridge3r_fixed_v19,Anchor-MPJPE_mm,735.1215072412061,999.4245129484726,-264.3030057072665
aist__gJB_sBM_cAll_d09_mJB5_ch05__cs150,aist__gJB_sBM_cAll_d09_mJB5_ch05__cs150,,BRIDGE3R,m15_bridge3r_fixed_v19,Anchor-root_mm,660.8452621272731,965.638112783719,-304.7928506564458
aist__gJB_sBM_cAll_d09_mJB5_ch05__cs150,aist__gJB_sBM_cAll_d09_mJB5_ch05__cs150,,BRIDGE3R,m15_bridge3r_fixed_v19,Orientation_deg,60.77022577634446,33.706614302051506,27.063611474292955
aist__gJB_sBM_cAll_d09_mJB5_ch05__cs150,aist__gJB_sBM_cAll_d09_mJB5_ch05__cs150,,BRIDGE3R,m15_bridge3r_fixed_v19,Seam-root_mm,,1501.5012965982337,
aist__gJB_sBM_cAll_d09_mJB5_ch05__cs150,aist__gJB_sBM_cAll_d09_mJB5_ch05__cs150,,BRIDGE3R,m15_bridge3r_fixed_v19,Seam-orientation_deg,,62.451562367429105,
aist__gJB_sBM_cAll_d09_mJB5_ch05__cs150,aist__gJB_sBM_cAll_d09_mJB5_ch05__cs150,,BRIDGE3R,m15_bridge3r_fixed_v19,Camera-rotation_deg,90.22473723484951,45.98039277733753,44.244344457511986
aist__gJB_sBM_cAll_d09_mJB5_ch05__cs150,aist__gJB_sBM_cAll_d09_mJB5_ch05__cs150,,BRIDGE3R,m15_bridge3r_fixed_v19,Camera-translation_m,6.3569052432561355,4.121779644781738,2.235125598474397
aist__gJB_sBM_cAll_d09_mJB5_ch05__cs150,aist__gJB_sBM_cAll_d09_mJB5_ch05__cs150,,BRIDGE3R,m15_bridge3r_fixed_v19,Coverage,0.9666666666666667,1.0,0.033333333333333326
aist__gJB_sBM_cAll_d09_mJB5_ch06__cs150,aist__gJB_sBM_cAll_d09_mJB5_ch06__cs150,,Human3R,m0_strict_human3r,PA-MPJPE_mm,87.37753641229918,95.7816478893252,-8.40411147702602
aist__gJB_sBM_cAll_d09_mJB5_ch06__cs150,aist__gJB_sBM_cAll_d09_mJB5_ch06__cs150,,Human3R,m0_strict_human3r,Anchor-MPJPE_mm,1237.8709527592086,1442.1838799212348,-204.3129271620262
aist__gJB_sBM_cAll_d09_mJB5_ch06__cs150,aist__gJB_sBM_cAll_d09_mJB5_ch06__cs150,,Human3R,m0_strict_human3r,Anchor-root_mm,1217.521085166405,1394.2017399318872,-176.68065476548213
aist__gJB_sBM_cAll_d09_mJB5_ch06__cs150,aist__gJB_sBM_cAll_d09_mJB5_ch06__cs150,,Human3R,m0_strict_human3r,Orientation_deg,61.02167064536755,26.828062176655138,34.19360846871241
aist__gJB_sBM_cAll_d09_mJB5_ch06__cs150,aist__gJB_sBM_cAll_d09_mJB5_ch06__cs150,,Human3R,m0_strict_human3r,Seam-root_mm,,2169.47701026565,
aist__gJB_sBM_cAll_d09_mJB5_ch06__cs150,aist__gJB_sBM_cAll_d09_mJB5_ch06__cs150,,Human3R,m0_strict_human3r,Seam-orientation_deg,,18.32544360354351,
aist__gJB_sBM_cAll_d09_mJB5_ch06__cs150,aist__gJB_sBM_cAll_d09_mJB5_ch06__cs150,,Human3R,m0_strict_human3r,Camera-rotation_deg,89.09597781073725,57.17856378667283,31.91741402406442
aist__gJB_sBM_cAll_d09_mJB5_ch06__cs150,aist__gJB_sBM_cAll_d09_mJB5_ch06__cs150,,Human3R,m0_strict_human3r,Camera-translation_m,6.436556722565053,6.365047793759279,0.07150892880577331
aist__gJB_sBM_cAll_d09_mJB5_ch06__cs150,aist__gJB_sBM_cAll_d09_mJB5_ch06__cs150,,Human3R,m0_strict_human3r,Coverage,0.9666666666666667,1.0,0.033333333333333326
aist__gJB_sBM_cAll_d09_mJB5_ch06__cs150,aist__gJB_sBM_cAll_d09_mJB5_ch06__cs150,,BRIDGE3R,m15_bridge3r_fixed_v19,PA-MPJPE_mm,87.37753641229918,96.10100929543468,-8.7234728831355
aist__gJB_sBM_cAll_d09_mJB5_ch06__cs150,aist__gJB_sBM_cAll_d09_mJB5_ch06__cs150,,BRIDGE3R,m15_bridge3r_fixed_v19,Anchor-MPJPE_mm,1237.8709527592086,1730.727875859386,-492.85692310017726
aist__gJB_sBM_cAll_d09_mJB5_ch06__cs150,aist__gJB_sBM_cAll_d09_mJB5_ch06__cs150,,BRIDGE3R,m15_bridge3r_fixed_v19,Anchor-root_mm,1217.521085166405,1697.2845360585166,-479.76345089211145
aist__gJB_sBM_cAll_d09_mJB5_ch06__cs150,aist__gJB_sBM_cAll_d09_mJB5_ch06__cs150,,BRIDGE3R,m15_bridge3r_fixed_v19,Orientation_deg,61.02167064536755,13.82166265118731,47.20000799418024
aist__gJB_sBM_cAll_d09_mJB5_ch06__cs150,aist__gJB_sBM_cAll_d09_mJB5_ch06__cs150,,BRIDGE3R,m15_bridge3r_fixed_v19,Seam-root_mm,,1826.0387297774703,
aist__gJB_sBM_cAll_d09_mJB5_ch06__cs150,aist__gJB_sBM_cAll_d09_mJB5_ch06__cs150,,BRIDGE3R,m15_bridge3r_fixed_v19,Seam-orientation_deg,,33.77540459571457,
aist__gJB_sBM_cAll_d09_mJB5_ch06__cs150,aist__gJB_sBM_cAll_d09_mJB5_ch06__cs150,,BRIDGE3R,m15_bridge3r_fixed_v19,Camera-rotation_deg,89.09597781073725,16.20005395137301,72.89592385936425
aist__gJB_sBM_cAll_d09_mJB5_ch06__cs150,aist__gJB_sBM_cAll_d09_mJB5_ch06__cs150,,BRIDGE3R,m15_bridge3r_fixed_v19,Camera-translation_m,6.436556722565053,4.587674791496385,1.848881931068668
aist__gJB_sBM_cAll_d09_mJB5_ch06__cs150,aist__gJB_sBM_cAll_d09_mJB5_ch06__cs150,,BRIDGE3R,m15_bridge3r_fixed_v19,Coverage,0.9666666666666667,1.0,0.033333333333333326
aist__gJB_sBM_cAll_d09_mJB5_ch08__cs150,aist__gJB_sBM_cAll_d09_mJB5_ch08__cs150,,Human3R,m0_strict_human3r,PA-MPJPE_mm,70.43898260353808,73.00119133051007,-2.5622087269719884
aist__gJB_sBM_cAll_d09_mJB5_ch08__cs150,aist__gJB_sBM_cAll_d09_mJB5_ch08__cs150,,Human3R,m0_strict_human3r,Anchor-MPJPE_mm,1125.4293840151208,1982.843490130156,-857.4141061150351
aist__gJB_sBM_cAll_d09_mJB5_ch08__cs150,aist__gJB_sBM_cAll_d09_mJB5_ch08__cs150,,Human3R,m0_strict_human3r,Anchor-root_mm,1098.7129794714779,1942.2248293431553,-843.5118498716774
aist__gJB_sBM_cAll_d09_mJB5_ch08__cs150,aist__gJB_sBM_cAll_d09_mJB5_ch08__cs150,,Human3R,m0_strict_human3r,Orientation_deg,76.79596501028641,32.662546276775316,44.13341873351109
aist__gJB_sBM_cAll_d09_mJB5_ch08__cs150,aist__gJB_sBM_cAll_d09_mJB5_ch08__cs150,,Human3R,m0_strict_human3r,Seam-root_mm,240.40129413804223,5038.727001107437,-4798.325706969395
aist__gJB_sBM_cAll_d09_mJB5_ch08__cs150,aist__gJB_sBM_cAll_d09_mJB5_ch08__cs150,,Human3R,m0_strict_human3r,Seam-orientation_deg,44.688759970312155,6.491074698517902,38.197685271794256
aist__gJB_sBM_cAll_d09_mJB5_ch08__cs150,aist__gJB_sBM_cAll_d09_mJB5_ch08__cs150,,Human3R,m0_strict_human3r,Camera-rotation_deg,90.83165978643044,42.92368027090807,47.907979515522364
aist__gJB_sBM_cAll_d09_mJB5_ch08__cs150,aist__gJB_sBM_cAll_d09_mJB5_ch08__cs150,,Human3R,m0_strict_human3r,Camera-translation_m,6.527118367828489,5.4266551752267995,1.1004631926016897
aist__gJB_sBM_cAll_d09_mJB5_ch08__cs150,aist__gJB_sBM_cAll_d09_mJB5_ch08__cs150,,Human3R,m0_strict_human3r,Coverage,0.98,1.0,0.020000000000000018
aist__gJB_sBM_cAll_d09_mJB5_ch08__cs150,aist__gJB_sBM_cAll_d09_mJB5_ch08__cs150,,BRIDGE3R,m15_bridge3r_fixed_v19,PA-MPJPE_mm,70.43898260353808,72.38090811908745,-1.9419255155493715
aist__gJB_sBM_cAll_d09_mJB5_ch08__cs150,aist__gJB_sBM_cAll_d09_mJB5_ch08__cs150,,BRIDGE3R,m15_bridge3r_fixed_v19,Anchor-MPJPE_mm,1125.4293840151208,1087.04252960024,38.38685441488087
aist__gJB_sBM_cAll_d09_mJB5_ch08__cs150,aist__gJB_sBM_cAll_d09_mJB5_ch08__cs150,,BRIDGE3R,m15_bridge3r_fixed_v19,Anchor-root_mm,1098.7129794714779,1051.8914614036514,46.821518067826446
aist__gJB_sBM_cAll_d09_mJB5_ch08__cs150,aist__gJB_sBM_cAll_d09_mJB5_ch08__cs150,,BRIDGE3R,m15_bridge3r_fixed_v19,Orientation_deg,76.79596501028641,22.833790505498747,53.96217450478766
aist__gJB_sBM_cAll_d09_mJB5_ch08__cs150,aist__gJB_sBM_cAll_d09_mJB5_ch08__cs150,,BRIDGE3R,m15_bridge3r_fixed_v19,Seam-root_mm,240.40129413804223,1470.0063632965603,-1229.605069158518
aist__gJB_sBM_cAll_d09_mJB5_ch08__cs150,aist__gJB_sBM_cAll_d09_mJB5_ch08__cs150,,BRIDGE3R,m15_bridge3r_fixed_v19,Seam-orientation_deg,44.688759970312155,16.0521544370464,28.636605533265755
aist__gJB_sBM_cAll_d09_mJB5_ch08__cs150,aist__gJB_sBM_cAll_d09_mJB5_ch08__cs150,,BRIDGE3R,m15_bridge3r_fixed_v19,Camera-rotation_deg,90.83165978643044,22.535449444955486,68.29621034147495
aist__gJB_sBM_cAll_d09_mJB5_ch08__cs150,aist__gJB_sBM_cAll_d09_mJB5_ch08__cs150,,BRIDGE3R,m15_bridge3r_fixed_v19,Camera-translation_m,6.527118367828489,2.1702837626718927,4.356834605156596
aist__gJB_sBM_cAll_d09_mJB5_ch08__cs150,aist__gJB_sBM_cAll_d09_mJB5_ch08__cs150,,BRIDGE3R,m15_bridge3r_fixed_v19,Coverage,0.98,1.0,0.020000000000000018
aist__gJB_sFM_cAll_d09_mJB5_ch20__cs150,aist__gJB_sFM_cAll_d09_mJB5_ch20__cs150,,Human3R,m0_strict_human3r,PA-MPJPE_mm,73.17208113416343,75.67045554374371,-2.498374409580279
aist__gJB_sFM_cAll_d09_mJB5_ch20__cs150,aist__gJB_sFM_cAll_d09_mJB5_ch20__cs150,,Human3R,m0_strict_human3r,Anchor-MPJPE_mm,472.312428439869,335.0768216089635,137.2356068309055
aist__gJB_sFM_cAll_d09_mJB5_ch20__cs150,aist__gJB_sFM_cAll_d09_mJB5_ch20__cs150,,Human3R,m0_strict_human3r,Anchor-root_mm,430.1094224606031,242.22779897117502,187.8816234894281
aist__gJB_sFM_cAll_d09_mJB5_ch20__cs150,aist__gJB_sFM_cAll_d09_mJB5_ch20__cs150,,Human3R,m0_strict_human3r,Orientation_deg,49.722490576590886,52.335536417471694,-2.613045840880808
aist__gJB_sFM_cAll_d09_mJB5_ch20__cs150,aist__gJB_sFM_cAll_d09_mJB5_ch20__cs150,,Human3R,m0_strict_human3r,Seam-root_mm,248.18069584284325,327.50211719388943,-79.32142135104618
aist__gJB_sFM_cAll_d09_mJB5_ch20__cs150,aist__gJB_sFM_cAll_d09_mJB5_ch20__cs150,,Human3R,m0_strict_human3r,Seam-orientation_deg,66.58426007091946,79.78825714656772,-13.20399707564826
aist__gJB_sFM_cAll_d09_mJB5_ch20__cs150,aist__gJB_sFM_cAll_d09_mJB5_ch20__cs150,,Human3R,m0_strict_human3r,Camera-rotation_deg,89.65288906199387,89.22599789869855,0.4268911632953234
aist__gJB_sFM_cAll_d09_mJB5_ch20__cs150,aist__gJB_sFM_cAll_d09_mJB5_ch20__cs150,,Human3R,m0_strict_human3r,Camera-translation_m,6.301005820604741,6.763733834409156,-0.46272801380441564
aist__gJB_sFM_cAll_d09_mJB5_ch20__cs150,aist__gJB_sFM_cAll_d09_mJB5_ch20__cs150,,Human3R,m0_strict_human3r,Coverage,0.9933333333333333,1.0,0.00666666666666671
aist__gJB_sFM_cAll_d09_mJB5_ch20__cs150,aist__gJB_sFM_cAll_d09_mJB5_ch20__cs150,,BRIDGE3R,m15_bridge3r_fixed_v19,PA-MPJPE_mm,73.17208113416343,75.77880502103542,-2.6067238868719897
aist__gJB_sFM_cAll_d09_mJB5_ch20__cs150,aist__gJB_sFM_cAll_d09_mJB5_ch20__cs150,,BRIDGE3R,m15_bridge3r_fixed_v19,Anchor-MPJPE_mm,472.312428439869,802.9155540931656,-330.6031256532966
aist__gJB_sFM_cAll_d09_mJB5_ch20__cs150,aist__gJB_sFM_cAll_d09_mJB5_ch20__cs150,,BRIDGE3R,m15_bridge3r_fixed_v19,Anchor-root_mm,430.1094224606031,771.9165282098421,-341.807105749239
aist__gJB_sFM_cAll_d09_mJB5_ch20__cs150,aist__gJB_sFM_cAll_d09_mJB5_ch20__cs150,,BRIDGE3R,m15_bridge3r_fixed_v19,Orientation_deg,49.722490576590886,22.5100738056966,27.212416770894286
aist__gJB_sFM_cAll_d09_mJB5_ch20__cs150,aist__gJB_sFM_cAll_d09_mJB5_ch20__cs150,,BRIDGE3R,m15_bridge3r_fixed_v19,Seam-root_mm,248.18069584284325,1252.0918949050688,-1003.9111990622255
aist__gJB_sFM_cAll_d09_mJB5_ch20__cs150,aist__gJB_sFM_cAll_d09_mJB5_ch20__cs150,,BRIDGE3R,m15_bridge3r_fixed_v19,Seam-orientation_deg,66.58426007091946,22.98458666047149,43.59967341044796
aist__gJB_sFM_cAll_d09_mJB5_ch20__cs150,aist__gJB_sFM_cAll_d09_mJB5_ch20__cs150,,BRIDGE3R,m15_bridge3r_fixed_v19,Camera-rotation_deg,89.65288906199387,29.46997525802788,60.182913803965995
aist__gJB_sFM_cAll_d09_mJB5_ch20__cs150,aist__gJB_sFM_cAll_d09_mJB5_ch20__cs150,,BRIDGE3R,m15_bridge3r_fixed_v19,Camera-translation_m,6.301005820604741,2.706002158800515,3.5950036618042254
aist__gJB_sFM_cAll_d09_mJB5_ch20__cs150,aist__gJB_sFM_cAll_d09_mJB5_ch20__cs150,,BRIDGE3R,m15_bridge3r_fixed_v19,Coverage,0.9933333333333333,1.0,0.00666666666666671
aist__gJS_sBM_cAll_d03_mJS3_ch01__cs150,aist__gJS_sBM_cAll_d03_mJS3_ch01__cs150,,Human3R,m0_strict_human3r,PA-MPJPE_mm,36.131640248957545,34.45032029228936,1.6813199566681831
aist__gJS_sBM_cAll_d03_mJS3_ch01__cs150,aist__gJS_sBM_cAll_d03_mJS3_ch01__cs150,,Human3R,m0_strict_human3r,Anchor-MPJPE_mm,1043.9661435553032,414.18980969345944,629.7763338618438
aist__gJS_sBM_cAll_d03_mJS3_ch01__cs150,aist__gJS_sBM_cAll_d03_mJS3_ch01__cs150,,Human3R,m0_strict_human3r,Anchor-root_mm,1040.3254819834515,409.92025510151217,630.4052268819394
aist__gJS_sBM_cAll_d03_mJS3_ch01__cs150,aist__gJS_sBM_cAll_d03_mJS3_ch01__cs150,,Human3R,m0_strict_human3r,Orientation_deg,9.779685276473755,4.143931462766331,5.6357538137074235
aist__gJS_sBM_cAll_d03_mJS3_ch01__cs150,aist__gJS_sBM_cAll_d03_mJS3_ch01__cs150,,Human3R,m0_strict_human3r,Seam-root_mm,528.2626274575624,186.9933590770441,341.2692683805183
aist__gJS_sBM_cAll_d03_mJS3_ch01__cs150,aist__gJS_sBM_cAll_d03_mJS3_ch01__cs150,,Human3R,m0_strict_human3r,Seam-orientation_deg,11.52392962383603,6.63052772375433,4.893401900081701
aist__gJS_sBM_cAll_d03_mJS3_ch01__cs150,aist__gJS_sBM_cAll_d03_mJS3_ch01__cs150,,Human3R,m0_strict_human3r,Camera-rotation_deg,7.666917507762261,2.2093194249420534,5.457598082820208
aist__gJS_sBM_cAll_d03_mJS3_ch01__cs150,aist__gJS_sBM_cAll_d03_mJS3_ch01__cs150,,Human3R,m0_strict_human3r,Camera-translation_m,2.776441636019749,0.742444401557291,2.033997234462458
aist__gJS_sBM_cAll_d03_mJS3_ch01__cs150,aist__gJS_sBM_cAll_d03_mJS3_ch01__cs150,,Human3R,m0_strict_human3r,Coverage,0.98,1.0,0.020000000000000018
aist__gJS_sBM_cAll_d03_mJS3_ch01__cs150,aist__gJS_sBM_cAll_d03_mJS3_ch01__cs150,,BRIDGE3R,m15_bridge3r_fixed_v19,PA-MPJPE_mm,36.131640248957545,34.55824385991419,1.5733963890433529
aist__gJS_sBM_cAll_d03_mJS3_ch01__cs150,aist__gJS_sBM_cAll_d03_mJS3_ch01__cs150,,BRIDGE3R,m15_bridge3r_fixed_v19,Anchor-MPJPE_mm,1043.9661435553032,379.7426464662633,664.2234970890399
aist__gJS_sBM_cAll_d03_mJS3_ch01__cs150,aist__gJS_sBM_cAll_d03_mJS3_ch01__cs150,,BRIDGE3R,m15_bridge3r_fixed_v19,Anchor-root_mm,1040.3254819834515,371.4807259849623,668.8447559984892
aist__gJS_sBM_cAll_d03_mJS3_ch01__cs150,aist__gJS_sBM_cAll_d03_mJS3_ch01__cs150,,BRIDGE3R,m15_bridge3r_fixed_v19,Orientation_deg,9.779685276473755,4.578679937571948,5.2010053389018065
aist__gJS_sBM_cAll_d03_mJS3_ch01__cs150,aist__gJS_sBM_cAll_d03_mJS3_ch01__cs150,,BRIDGE3R,m15_bridge3r_fixed_v19,Seam-root_mm,528.2626274575624,350.1865941593819,178.0760332981805
aist__gJS_sBM_cAll_d03_mJS3_ch01__cs150,aist__gJS_sBM_cAll_d03_mJS3_ch01__cs150,,BRIDGE3R,m15_bridge3r_fixed_v19,Seam-orientation_deg,11.52392962383603,5.9078652129806315,5.616064410855399
aist__gJS_sBM_cAll_d03_mJS3_ch01__cs150,aist__gJS_sBM_cAll_d03_mJS3_ch01__cs150,,BRIDGE3R,m15_bridge3r_fixed_v19,Camera-rotation_deg,7.666917507762261,4.288419279612028,3.3784982281502334
aist__gJS_sBM_cAll_d03_mJS3_ch01__cs150,aist__gJS_sBM_cAll_d03_mJS3_ch01__cs150,,BRIDGE3R,m15_bridge3r_fixed_v19,Camera-translation_m,2.776441636019749,0.7710506283022683,2.005391007717481
aist__gJS_sBM_cAll_d03_mJS3_ch01__cs150,aist__gJS_sBM_cAll_d03_mJS3_ch01__cs150,,BRIDGE3R,m15_bridge3r_fixed_v19,Coverage,0.98,1.0,0.020000000000000018
aist__gJS_sBM_cAll_d03_mJS3_ch02__cs150,aist__gJS_sBM_cAll_d03_mJS3_ch02__cs150,,Human3R,m0_strict_human3r,PA-MPJPE_mm,41.1188322674376,39.5652484145951,1.5535838528425003
aist__gJS_sBM_cAll_d03_mJS3_ch02__cs150,aist__gJS_sBM_cAll_d03_mJS3_ch02__cs150,,Human3R,m0_strict_human3r,Anchor-MPJPE_mm,1474.7881851821733,297.1215587437918,1177.6666264383814
aist__gJS_sBM_cAll_d03_mJS3_ch02__cs150,aist__gJS_sBM_cAll_d03_mJS3_ch02__cs150,,Human3R,m0_strict_human3r,Anchor-root_mm,1468.9541732414286,280.34693181812577,1188.6072414233029
aist__gJS_sBM_cAll_d03_mJS3_ch02__cs150,aist__gJS_sBM_cAll_d03_mJS3_ch02__cs150,,Human3R,m0_strict_human3r,Orientation_deg,13.75051700834966,4.867571148027487,8.882945860322174
aist__gJS_sBM_cAll_d03_mJS3_ch02__cs150,aist__gJS_sBM_cAll_d03_mJS3_ch02__cs150,,Human3R,m0_strict_human3r,Seam-root_mm,1087.8253935919977,605.7078686907957,482.11752490120193
aist__gJS_sBM_cAll_d03_mJS3_ch02__cs150,aist__gJS_sBM_cAll_d03_mJS3_ch02__cs150,,Human3R,m0_strict_human3r,Seam-orientation_deg,3.2082819601768438,3.6497536583286716,-0.44147169815182785
aist__gJS_sBM_cAll_d03_mJS3_ch02__cs150,aist__gJS_sBM_cAll_d03_mJS3_ch02__cs150,,Human3R,m0_strict_human3r,Camera-rotation_deg,12.784522200266224,10.22831491857573,2.5562072816904937
aist__gJS_sBM_cAll_d03_mJS3_ch02__cs150,aist__gJS_sBM_cAll_d03_mJS3_ch02__cs150,,Human3R,m0_strict_human3r,Camera-translation_m,1.1766968691142246,1.8087878951077188,-0.6320910259934942
aist__gJS_sBM_cAll_d03_mJS3_ch02__cs150,aist__gJS_sBM_cAll_d03_mJS3_ch02__cs150,,Human3R,m0_strict_human3r,Coverage,0.98,1.0,0.020000000000000018
aist__gJS_sBM_cAll_d03_mJS3_ch02__cs150,aist__gJS_sBM_cAll_d03_mJS3_ch02__cs150,,BRIDGE3R,m15_bridge3r_fixed_v19,PA-MPJPE_mm,41.1188322674376,39.27642674275118,1.84240552468642
aist__gJS_sBM_cAll_d03_mJS3_ch02__cs150,aist__gJS_sBM_cAll_d03_mJS3_ch02__cs150,,BRIDGE3R,m15_bridge3r_fixed_v19,Anchor-MPJPE_mm,1474.7881851821733,356.64566318632643,1118.142521995847
aist__gJS_sBM_cAll_d03_mJS3_ch02__cs150,aist__gJS_sBM_cAll_d03_mJS3_ch02__cs150,,BRIDGE3R,m15_bridge3r_fixed_v19,Anchor-root_mm,1468.9541732414286,364.07637749630106,1104.8777957451275
aist__gJS_sBM_cAll_d03_mJS3_ch02__cs150,aist__gJS_sBM_cAll_d03_mJS3_ch02__cs150,,BRIDGE3R,m15_bridge3r_fixed_v19,Orientation_deg,13.75051700834966,3.4332935396837017,10.31722346866596
aist__gJS_sBM_cAll_d03_mJS3_ch02__cs150,aist__gJS_sBM_cAll_d03_mJS3_ch02__cs150,,BRIDGE3R,m15_bridge3r_fixed_v19,Seam-root_mm,1087.8253935919977,641.9438563947574,445.8815371972403
aist__gJS_sBM_cAll_d03_mJS3_ch02__cs150,aist__gJS_sBM_cAll_d03_mJS3_ch02__cs150,,BRIDGE3R,m15_bridge3r_fixed_v19,Seam-orientation_deg,3.2082819601768438,5.369611212475685,-2.161329252298841
aist__gJS_sBM_cAll_d03_mJS3_ch02__cs150,aist__gJS_sBM_cAll_d03_mJS3_ch02__cs150,,BRIDGE3R,m15_bridge3r_fixed_v19,Camera-rotation_deg,12.784522200266224,7.256827343441393,5.527694856824831
aist__gJS_sBM_cAll_d03_mJS3_ch02__cs150,aist__gJS_sBM_cAll_d03_mJS3_ch02__cs150,,BRIDGE3R,m15_bridge3r_fixed_v19,Camera-translation_m,1.1766968691142246,0.9357577931281222,0.2409390759861023
aist__gJS_sBM_cAll_d03_mJS3_ch02__cs150,aist__gJS_sBM_cAll_d03_mJS3_ch02__cs150,,BRIDGE3R,m15_bridge3r_fixed_v19,Coverage,0.98,1.0,0.020000000000000018
aist__gJS_sBM_cAll_d03_mJS3_ch06__cs150,aist__gJS_sBM_cAll_d03_mJS3_ch06__cs150,,Human3R,m0_strict_human3r,PA-MPJPE_mm,51.67985009797658,55.46691038295391,-3.787060284977329
aist__gJS_sBM_cAll_d03_mJS3_ch06__cs150,aist__gJS_sBM_cAll_d03_mJS3_ch06__cs150,,Human3R,m0_strict_human3r,Anchor-MPJPE_mm,1045.9479498282865,1675.0449553355345,-629.097005507248
aist__gJS_sBM_cAll_d03_mJS3_ch06__cs150,aist__gJS_sBM_cAll_d03_mJS3_ch06__cs150,,Human3R,m0_strict_human3r,Anchor-root_mm,1014.680636220648,1648.878379698916,-634.197743478268
aist__gJS_sBM_cAll_d03_mJS3_ch06__cs150,aist__gJS_sBM_cAll_d03_mJS3_ch06__cs150,,Human3R,m0_strict_human3r,Orientation_deg,74.57169652366386,86.51054374353916,-11.9388472198753
aist__gJS_sBM_cAll_d03_mJS3_ch06__cs150,aist__gJS_sBM_cAll_d03_mJS3_ch06__cs150,,Human3R,m0_strict_human3r,Seam-root_mm,,1612.3703863108037,
aist__gJS_sBM_cAll_d03_mJS3_ch06__cs150,aist__gJS_sBM_cAll_d03_mJS3_ch06__cs150,,Human3R,m0_strict_human3r,Seam-orientation_deg,,143.67595467112267,
aist__gJS_sBM_cAll_d03_mJS3_ch06__cs150,aist__gJS_sBM_cAll_d03_mJS3_ch06__cs150,,Human3R,m0_strict_human3r,Camera-rotation_deg,135.03320947951156,164.7731850196988,-29.73997554018723
aist__gJS_sBM_cAll_d03_mJS3_ch06__cs150,aist__gJS_sBM_cAll_d03_mJS3_ch06__cs150,,Human3R,m0_strict_human3r,Camera-translation_m,8.500923093687373,9.335884915655294,-0.8349618219679211
aist__gJS_sBM_cAll_d03_mJS3_ch06__cs150,aist__gJS_sBM_cAll_d03_mJS3_ch06__cs150,,Human3R,m0_strict_human3r,Coverage,0.96,1.0,0.040000000000000036
aist__gJS_sBM_cAll_d03_mJS3_ch06__cs150,aist__gJS_sBM_cAll_d03_mJS3_ch06__cs150,,BRIDGE3R,m15_bridge3r_fixed_v19,PA-MPJPE_mm,51.67985009797658,54.65051356596574,-2.970663467989155
aist__gJS_sBM_cAll_d03_mJS3_ch06__cs150,aist__gJS_sBM_cAll_d03_mJS3_ch06__cs150,,BRIDGE3R,m15_bridge3r_fixed_v19,Anchor-MPJPE_mm,1045.9479498282865,1326.6965561529967,-280.7486063247102
aist__gJS_sBM_cAll_d03_mJS3_ch06__cs150,aist__gJS_sBM_cAll_d03_mJS3_ch06__cs150,,BRIDGE3R,m15_bridge3r_fixed_v19,Anchor-root_mm,1014.680636220648,1309.079667777807,-294.3990315571589
aist__gJS_sBM_cAll_d03_mJS3_ch06__cs150,aist__gJS_sBM_cAll_d03_mJS3_ch06__cs150,,BRIDGE3R,m15_bridge3r_fixed_v19,Orientation_deg,74.57169652366386,84.62331709486308,-10.051620571199223
aist__gJS_sBM_cAll_d03_mJS3_ch06__cs150,aist__gJS_sBM_cAll_d03_mJS3_ch06__cs150,,BRIDGE3R,m15_bridge3r_fixed_v19,Seam-root_mm,,2588.5188849816363,
aist__gJS_sBM_cAll_d03_mJS3_ch06__cs150,aist__gJS_sBM_cAll_d03_mJS3_ch06__cs150,,BRIDGE3R,m15_bridge3r_fixed_v19,Seam-orientation_deg,,156.04024150553016,
aist__gJS_sBM_cAll_d03_mJS3_ch06__cs150,aist__gJS_sBM_cAll_d03_mJS3_ch06__cs150,,BRIDGE3R,m15_bridge3r_fixed_v19,Camera-rotation_deg,135.03320947951156,160.66503249137588,-25.631823011864327
aist__gJS_sBM_cAll_d03_mJS3_ch06__cs150,aist__gJS_sBM_cAll_d03_mJS3_ch06__cs150,,BRIDGE3R,m15_bridge3r_fixed_v19,Camera-translation_m,8.500923093687373,8.270598951517808,0.23032414216956454
aist__gJS_sBM_cAll_d03_mJS3_ch06__cs150,aist__gJS_sBM_cAll_d03_mJS3_ch06__cs150,,BRIDGE3R,m15_bridge3r_fixed_v19,Coverage,0.96,1.0,0.040000000000000036
aist__gJS_sBM_cAll_d03_mJS3_ch07__cs150,aist__gJS_sBM_cAll_d03_mJS3_ch07__cs150,,Human3R,m0_strict_human3r,PA-MPJPE_mm,52.07138731674661,54.21184946459051,-2.1404621478438983
aist__gJS_sBM_cAll_d03_mJS3_ch07__cs150,aist__gJS_sBM_cAll_d03_mJS3_ch07__cs150,,Human3R,m0_strict_human3r,Anchor-MPJPE_mm,336.9514166354662,467.40866750720755,-130.45725087174134
aist__gJS_sBM_cAll_d03_mJS3_ch07__cs150,aist__gJS_sBM_cAll_d03_mJS3_ch07__cs150,,Human3R,m0_strict_human3r,Anchor-root_mm,212.26886038549043,344.25635158651346,-131.98749120102303
aist__gJS_sBM_cAll_d03_mJS3_ch07__cs150,aist__gJS_sBM_cAll_d03_mJS3_ch07__cs150,,Human3R,m0_strict_human3r,Orientation_deg,74.1698368512698,91.97615910635648,-17.80632225508667
aist__gJS_sBM_cAll_d03_mJS3_ch07__cs150,aist__gJS_sBM_cAll_d03_mJS3_ch07__cs150,,Human3R,m0_strict_human3r,Seam-root_mm,218.10042057896882,165.43220324159708,52.66821733737174
aist__gJS_sBM_cAll_d03_mJS3_ch07__cs150,aist__gJS_sBM_cAll_d03_mJS3_ch07__cs150,,Human3R,m0_strict_human3r,Seam-orientation_deg,55.24085312810071,164.37401312330655,-109.13315999520584
aist__gJS_sBM_cAll_d03_mJS3_ch07__cs150,aist__gJS_sBM_cAll_d03_mJS3_ch07__cs150,,Human3R,m0_strict_human3r,Camera-rotation_deg,134.7881623767648,171.3663343717388,-36.578171994973985
aist__gJS_sBM_cAll_d03_mJS3_ch07__cs150,aist__gJS_sBM_cAll_d03_mJS3_ch07__cs150,,Human3R,m0_strict_human3r,Camera-translation_m,8.62874271989468,9.731194691777493,-1.1024519718828127
aist__gJS_sBM_cAll_d03_mJS3_ch07__cs150,aist__gJS_sBM_cAll_d03_mJS3_ch07__cs150,,Human3R,m0_strict_human3r,Coverage,0.98,1.0,0.020000000000000018
aist__gJS_sBM_cAll_d03_mJS3_ch07__cs150,aist__gJS_sBM_cAll_d03_mJS3_ch07__cs150,,BRIDGE3R,m15_bridge3r_fixed_v19,PA-MPJPE_mm,52.07138731674661,54.07802684230367,-2.0066395255570626
aist__gJS_sBM_cAll_d03_mJS3_ch07__cs150,aist__gJS_sBM_cAll_d03_mJS3_ch07__cs150,,BRIDGE3R,m15_bridge3r_fixed_v19,Anchor-MPJPE_mm,336.9514166354662,795.0348128947444,-458.0833962592782
aist__gJS_sBM_cAll_d03_mJS3_ch07__cs150,aist__gJS_sBM_cAll_d03_mJS3_ch07__cs150,,BRIDGE3R,m15_bridge3r_fixed_v19,Anchor-root_mm,212.26886038549043,773.6680458038143,-561.3991854183239
aist__gJS_sBM_cAll_d03_mJS3_ch07__cs150,aist__gJS_sBM_cAll_d03_mJS3_ch07__cs150,,BRIDGE3R,m15_bridge3r_fixed_v19,Orientation_deg,74.1698368512698,51.953506095506405,22.2163307557634
aist__gJS_sBM_cAll_d03_mJS3_ch07__cs150,aist__gJS_sBM_cAll_d03_mJS3_ch07__cs150,,BRIDGE3R,m15_bridge3r_fixed_v19,Seam-root_mm,218.10042057896882,1070.1200115353452,-852.0195909563763
aist__gJS_sBM_cAll_d03_mJS3_ch07__cs150,aist__gJS_sBM_cAll_d03_mJS3_ch07__cs150,,BRIDGE3R,m15_bridge3r_fixed_v19,Seam-orientation_deg,55.24085312810071,95.25426525591806,-40.01341212781735
aist__gJS_sBM_cAll_d03_mJS3_ch07__cs150,aist__gJS_sBM_cAll_d03_mJS3_ch07__cs150,,BRIDGE3R,m15_bridge3r_fixed_v19,Camera-rotation_deg,134.7881623767648,101.76637786120698,33.021784515557826
aist__gJS_sBM_cAll_d03_mJS3_ch07__cs150,aist__gJS_sBM_cAll_d03_mJS3_ch07__cs150,,BRIDGE3R,m15_bridge3r_fixed_v19,Camera-translation_m,8.62874271989468,6.8007582022091,1.8279845176855796
aist__gJS_sBM_cAll_d03_mJS3_ch07__cs150,aist__gJS_sBM_cAll_d03_mJS3_ch07__cs150,,BRIDGE3R,m15_bridge3r_fixed_v19,Coverage,0.98,1.0,0.020000000000000018
aist__gJS_sBM_cAll_d03_mJS3_ch08__cs150,aist__gJS_sBM_cAll_d03_mJS3_ch08__cs150,,Human3R,m0_strict_human3r,PA-MPJPE_mm,43.25678395890477,45.96536598771467,-2.7085820288099
aist__gJS_sBM_cAll_d03_mJS3_ch08__cs150,aist__gJS_sBM_cAll_d03_mJS3_ch08__cs150,,Human3R,m0_strict_human3r,Anchor-MPJPE_mm,375.5645281748337,324.74423688299316,50.82029129184053
aist__gJS_sBM_cAll_d03_mJS3_ch08__cs150,aist__gJS_sBM_cAll_d03_mJS3_ch08__cs150,,Human3R,m0_strict_human3r,Anchor-root_mm,273.2782073170944,237.5377933555365,35.74041396155792
aist__gJS_sBM_cAll_d03_mJS3_ch08__cs150,aist__gJS_sBM_cAll_d03_mJS3_ch08__cs150,,Human3R,m0_strict_human3r,Orientation_deg,52.15046112894733,48.6407516260481,3.509709502899227
aist__gJS_sBM_cAll_d03_mJS3_ch08__cs150,aist__gJS_sBM_cAll_d03_mJS3_ch08__cs150,,Human3R,m0_strict_human3r,Seam-root_mm,342.4118457144235,178.84963007272592,163.5622156416976
aist__gJS_sBM_cAll_d03_mJS3_ch08__cs150,aist__gJS_sBM_cAll_d03_mJS3_ch08__cs150,,Human3R,m0_strict_human3r,Seam-orientation_deg,45.94142309927046,93.04559868865174,-47.10417558938128
aist__gJS_sBM_cAll_d03_mJS3_ch08__cs150,aist__gJS_sBM_cAll_d03_mJS3_ch08__cs150,,Human3R,m0_strict_human3r,Camera-rotation_deg,90.344562593864,91.56201752027826,-1.2174549264142627
aist__gJS_sBM_cAll_d03_mJS3_ch08__cs150,aist__gJS_sBM_cAll_d03_mJS3_ch08__cs150,,Human3R,m0_strict_human3r,Camera-translation_m,6.952172522389273,6.971606727284161,-0.01943420489488812
aist__gJS_sBM_cAll_d03_mJS3_ch08__cs150,aist__gJS_sBM_cAll_d03_mJS3_ch08__cs150,,Human3R,m0_strict_human3r,Coverage,0.98,1.0,0.020000000000000018
aist__gJS_sBM_cAll_d03_mJS3_ch08__cs150,aist__gJS_sBM_cAll_d03_mJS3_ch08__cs150,,BRIDGE3R,m15_bridge3r_fixed_v19,PA-MPJPE_mm,43.25678395890477,45.8792330636275,-2.622449104722733
aist__gJS_sBM_cAll_d03_mJS3_ch08__cs150,aist__gJS_sBM_cAll_d03_mJS3_ch08__cs150,,BRIDGE3R,m15_bridge3r_fixed_v19,Anchor-MPJPE_mm,375.5645281748337,921.44362133382,-545.8790931589863
aist__gJS_sBM_cAll_d03_mJS3_ch08__cs150,aist__gJS_sBM_cAll_d03_mJS3_ch08__cs150,,BRIDGE3R,m15_bridge3r_fixed_v19,Anchor-root_mm,273.2782073170944,908.5971138313944,-635.3189065142999
aist__gJS_sBM_cAll_d03_mJS3_ch08__cs150,aist__gJS_sBM_cAll_d03_mJS3_ch08__cs150,,BRIDGE3R,m15_bridge3r_fixed_v19,Orientation_deg,52.15046112894733,17.723965388282892,34.426495740664436
aist__gJS_sBM_cAll_d03_mJS3_ch08__cs150,aist__gJS_sBM_cAll_d03_mJS3_ch08__cs150,,BRIDGE3R,m15_bridge3r_fixed_v19,Seam-root_mm,342.4118457144235,1476.7740562781278,-1134.3622105637041
aist__gJS_sBM_cAll_d03_mJS3_ch08__cs150,aist__gJS_sBM_cAll_d03_mJS3_ch08__cs150,,BRIDGE3R,m15_bridge3r_fixed_v19,Seam-orientation_deg,45.94142309927046,30.93053605145258,15.010887047817878
aist__gJS_sBM_cAll_d03_mJS3_ch08__cs150,aist__gJS_sBM_cAll_d03_mJS3_ch08__cs150,,BRIDGE3R,m15_bridge3r_fixed_v19,Camera-rotation_deg,90.344562593864,29.679090813082578,60.66547178078142
aist__gJS_sBM_cAll_d03_mJS3_ch08__cs150,aist__gJS_sBM_cAll_d03_mJS3_ch08__cs150,,BRIDGE3R,m15_bridge3r_fixed_v19,Camera-translation_m,6.952172522389273,2.7416961456100446,4.210476376779228
aist__gJS_sBM_cAll_d03_mJS3_ch08__cs150,aist__gJS_sBM_cAll_d03_mJS3_ch08__cs150,,BRIDGE3R,m15_bridge3r_fixed_v19,Coverage,0.98,1.0,0.020000000000000018
aist__gJS_sBM_cAll_d03_mJS3_ch09__cs150,aist__gJS_sBM_cAll_d03_mJS3_ch09__cs150,,Human3R,m0_strict_human3r,PA-MPJPE_mm,42.94142176655561,47.09777773458739,-4.156355968031782
aist__gJS_sBM_cAll_d03_mJS3_ch09__cs150,aist__gJS_sBM_cAll_d03_mJS3_ch09__cs150,,Human3R,m0_strict_human3r,Anchor-MPJPE_mm,1182.2211837336542,289.7194742080675,892.5017095255868
aist__gJS_sBM_cAll_d03_mJS3_ch09__cs150,aist__gJS_sBM_cAll_d03_mJS3_ch09__cs150,,Human3R,m0_strict_human3r,Anchor-root_mm,1166.851728905705,284.14274285190896,882.708986053796
aist__gJS_sBM_cAll_d03_mJS3_ch09__cs150,aist__gJS_sBM_cAll_d03_mJS3_ch09__cs150,,Human3R,m0_strict_human3r,Orientation_deg,17.340581300471534,10.018542655288305,7.322038645183229
aist__gJS_sBM_cAll_d03_mJS3_ch09__cs150,aist__gJS_sBM_cAll_d03_mJS3_ch09__cs150,,Human3R,m0_strict_human3r,Seam-root_mm,444.4536119287741,31.863020207019552,412.59059172175455
aist__gJS_sBM_cAll_d03_mJS3_ch09__cs150,aist__gJS_sBM_cAll_d03_mJS3_ch09__cs150,,Human3R,m0_strict_human3r,Seam-orientation_deg,9.780502275314468,3.041206682547027,6.739295592767441
aist__gJS_sBM_cAll_d03_mJS3_ch09__cs150,aist__gJS_sBM_cAll_d03_mJS3_ch09__cs150,,Human3R,m0_strict_human3r,Camera-rotation_deg,5.986718358625013,3.4302179845953176,2.5565003740296954
aist__gJS_sBM_cAll_d03_mJS3_ch09__cs150,aist__gJS_sBM_cAll_d03_mJS3_ch09__cs150,,Human3R,m0_strict_human3r,Camera-translation_m,2.4791541589617547,0.47520695270561397,2.0039472062561408
aist__gJS_sBM_cAll_d03_mJS3_ch09__cs150,aist__gJS_sBM_cAll_d03_mJS3_ch09__cs150,,Human3R,m0_strict_human3r,Coverage,0.98,1.0,0.020000000000000018
aist__gJS_sBM_cAll_d03_mJS3_ch09__cs150,aist__gJS_sBM_cAll_d03_mJS3_ch09__cs150,,BRIDGE3R,m15_bridge3r_fixed_v19,PA-MPJPE_mm,42.94142176655561,46.88829733174318,-3.9468755651875753
aist__gJS_sBM_cAll_d03_mJS3_ch09__cs150,aist__gJS_sBM_cAll_d03_mJS3_ch09__cs150,,BRIDGE3R,m15_bridge3r_fixed_v19,Anchor-MPJPE_mm,1182.2211837336542,379.32622876445066,802.8949549692036
aist__gJS_sBM_cAll_d03_mJS3_ch09__cs150,aist__gJS_sBM_cAll_d03_mJS3_ch09__cs150,,BRIDGE3R,m15_bridge3r_fixed_v19,Anchor-root_mm,1166.851728905705,367.6102377189904,799.2414911867145
aist__gJS_sBM_cAll_d03_mJS3_ch09__cs150,aist__gJS_sBM_cAll_d03_mJS3_ch09__cs150,,BRIDGE3R,m15_bridge3r_fixed_v19,Orientation_deg,17.340581300471534,12.112862200444171,5.227719100027363
aist__gJS_sBM_cAll_d03_mJS3_ch09__cs150,aist__gJS_sBM_cAll_d03_mJS3_ch09__cs150,,BRIDGE3R,m15_bridge3r_fixed_v19,Seam-root_mm,444.4536119287741,531.0331629467146,-86.5795510179405
aist__gJS_sBM_cAll_d03_mJS3_ch09__cs150,aist__gJS_sBM_cAll_d03_mJS3_ch09__cs150,,BRIDGE3R,m15_bridge3r_fixed_v19,Seam-orientation_deg,9.780502275314468,4.588309906880209,5.1921923684342595
aist__gJS_sBM_cAll_d03_mJS3_ch09__cs150,aist__gJS_sBM_cAll_d03_mJS3_ch09__cs150,,BRIDGE3R,m15_bridge3r_fixed_v19,Camera-rotation_deg,5.986718358625013,4.581173531720548,1.4055448269044648
aist__gJS_sBM_cAll_d03_mJS3_ch09__cs150,aist__gJS_sBM_cAll_d03_mJS3_ch09__cs150,,BRIDGE3R,m15_bridge3r_fixed_v19,Camera-translation_m,2.4791541589617547,0.7550079604520622,1.7241461985096924
aist__gJS_sBM_cAll_d03_mJS3_ch09__cs150,aist__gJS_sBM_cAll_d03_mJS3_ch09__cs150,,BRIDGE3R,m15_bridge3r_fixed_v19,Coverage,0.98,1.0,0.020000000000000018
aist__gJS_sBM_cAll_d03_mJS4_ch01__cs150,aist__gJS_sBM_cAll_d03_mJS4_ch01__cs150,,Human3R,m0_strict_human3r,PA-MPJPE_mm,33.69349905212081,36.05166260821947,-2.35816355609866
aist__gJS_sBM_cAll_d03_mJS4_ch01__cs150,aist__gJS_sBM_cAll_d03_mJS4_ch01__cs150,,Human3R,m0_strict_human3r,Anchor-MPJPE_mm,1273.130835463465,446.59146000594774,826.5393754575173
aist__gJS_sBM_cAll_d03_mJS4_ch01__cs150,aist__gJS_sBM_cAll_d03_mJS4_ch01__cs150,,Human3R,m0_strict_human3r,Anchor-root_mm,1269.713497257296,414.57275939365104,855.140737863645
aist__gJS_sBM_cAll_d03_mJS4_ch01__cs150,aist__gJS_sBM_cAll_d03_mJS4_ch01__cs150,,Human3R,m0_strict_human3r,Orientation_deg,9.457406811285148,10.17286618844682,-0.7154593771616717
aist__gJS_sBM_cAll_d03_mJS4_ch01__cs150,aist__gJS_sBM_cAll_d03_mJS4_ch01__cs150,,Human3R,m0_strict_human3r,Seam-root_mm,520.3746292769561,121.86615980299052,398.50846947396553
aist__gJS_sBM_cAll_d03_mJS4_ch01__cs150,aist__gJS_sBM_cAll_d03_mJS4_ch01__cs150,,Human3R,m0_strict_human3r,Seam-orientation_deg,14.452948096570088,3.228240088786954,11.224708007783134
aist__gJS_sBM_cAll_d03_mJS4_ch01__cs150,aist__gJS_sBM_cAll_d03_mJS4_ch01__cs150,,Human3R,m0_strict_human3r,Camera-rotation_deg,10.071039719738712,3.7237071665027965,6.3473325532359155
aist__gJS_sBM_cAll_d03_mJS4_ch01__cs150,aist__gJS_sBM_cAll_d03_mJS4_ch01__cs150,,Human3R,m0_strict_human3r,Camera-translation_m,3.253161215517861,1.2240224660478276,2.0291387494700333
aist__gJS_sBM_cAll_d03_mJS4_ch01__cs150,aist__gJS_sBM_cAll_d03_mJS4_ch01__cs150,,Human3R,m0_strict_human3r,Coverage,0.9933333333333333,1.0,0.00666666666666671
aist__gJS_sBM_cAll_d03_mJS4_ch01__cs150,aist__gJS_sBM_cAll_d03_mJS4_ch01__cs150,,BRIDGE3R,m15_bridge3r_fixed_v19,PA-MPJPE_mm,33.69349905212081,36.17738035975417,-2.4838813076333537
aist__gJS_sBM_cAll_d03_mJS4_ch01__cs150,aist__gJS_sBM_cAll_d03_mJS4_ch01__cs150,,BRIDGE3R,m15_bridge3r_fixed_v19,Anchor-MPJPE_mm,1273.130835463465,439.860519490333,833.270315973132
aist__gJS_sBM_cAll_d03_mJS4_ch01__cs150,aist__gJS_sBM_cAll_d03_mJS4_ch01__cs150,,BRIDGE3R,m15_bridge3r_fixed_v19,Anchor-root_mm,1269.713497257296,408.4485832502111,861.2649140070849
aist__gJS_sBM_cAll_d03_mJS4_ch01__cs150,aist__gJS_sBM_cAll_d03_mJS4_ch01__cs150,,BRIDGE3R,m15_bridge3r_fixed_v19,Orientation_deg,9.457406811285148,9.845753734298688,-0.3883469230135397
aist__gJS_sBM_cAll_d03_mJS4_ch01__cs150,aist__gJS_sBM_cAll_d03_mJS4_ch01__cs150,,BRIDGE3R,m15_bridge3r_fixed_v19,Seam-root_mm,520.3746292769561,190.75897883712727,329.61565043982876
aist__gJS_sBM_cAll_d03_mJS4_ch01__cs150,aist__gJS_sBM_cAll_d03_mJS4_ch01__cs150,,BRIDGE3R,m15_bridge3r_fixed_v19,Seam-orientation_deg,14.452948096570088,1.8810135801359202,12.571934516434167
aist__gJS_sBM_cAll_d03_mJS4_ch01__cs150,aist__gJS_sBM_cAll_d03_mJS4_ch01__cs150,,BRIDGE3R,m15_bridge3r_fixed_v19,Camera-rotation_deg,10.071039719738712,4.294473557742196,5.776566161996516
aist__gJS_sBM_cAll_d03_mJS4_ch01__cs150,aist__gJS_sBM_cAll_d03_mJS4_ch01__cs150,,BRIDGE3R,m15_bridge3r_fixed_v19,Camera-translation_m,3.253161215517861,1.2348314369455906,2.0183297785722702
aist__gJS_sBM_cAll_d03_mJS4_ch01__cs150,aist__gJS_sBM_cAll_d03_mJS4_ch01__cs150,,BRIDGE3R,m15_bridge3r_fixed_v19,Coverage,0.9933333333333333,1.0,0.00666666666666671
aist__gJS_sBM_cAll_d03_mJS5_ch01__cs150,aist__gJS_sBM_cAll_d03_mJS5_ch01__cs150,,Human3R,m0_strict_human3r,PA-MPJPE_mm,35.02880378886713,38.823169004106965,-3.7943652152398357
aist__gJS_sBM_cAll_d03_mJS5_ch01__cs150,aist__gJS_sBM_cAll_d03_mJS5_ch01__cs150,,Human3R,m0_strict_human3r,Anchor-MPJPE_mm,986.4843977043943,488.0936922938338,498.3907054105605
aist__gJS_sBM_cAll_d03_mJS5_ch01__cs150,aist__gJS_sBM_cAll_d03_mJS5_ch01__cs150,,Human3R,m0_strict_human3r,Anchor-root_mm,976.1714232833666,480.9326290598792,495.2387942234874
aist__gJS_sBM_cAll_d03_mJS5_ch01__cs150,aist__gJS_sBM_cAll_d03_mJS5_ch01__cs150,,Human3R,m0_strict_human3r,Orientation_deg,8.446597281318247,4.768193007563265,3.6784042737549827
aist__gJS_sBM_cAll_d03_mJS5_ch01__cs150,aist__gJS_sBM_cAll_d03_mJS5_ch01__cs150,,Human3R,m0_strict_human3r,Seam-root_mm,348.2782501482309,215.9316442498203,132.3466058984106
aist__gJS_sBM_cAll_d03_mJS5_ch01__cs150,aist__gJS_sBM_cAll_d03_mJS5_ch01__cs150,,Human3R,m0_strict_human3r,Seam-orientation_deg,5.870564429928969,5.551981030512764,0.3185833994162044
aist__gJS_sBM_cAll_d03_mJS5_ch01__cs150,aist__gJS_sBM_cAll_d03_mJS5_ch01__cs150,,Human3R,m0_strict_human3r,Camera-rotation_deg,7.00769170734055,3.414480357633388,3.593211349707162
aist__gJS_sBM_cAll_d03_mJS5_ch01__cs150,aist__gJS_sBM_cAll_d03_mJS5_ch01__cs150,,Human3R,m0_strict_human3r,Camera-translation_m,2.8229969596999327,0.9231643267954375,1.8998326329044952
aist__gJS_sBM_cAll_d03_mJS5_ch01__cs150,aist__gJS_sBM_cAll_d03_mJS5_ch01__cs150,,Human3R,m0_strict_human3r,Coverage,0.98,1.0,0.020000000000000018
aist__gJS_sBM_cAll_d03_mJS5_ch01__cs150,aist__gJS_sBM_cAll_d03_mJS5_ch01__cs150,,BRIDGE3R,m15_bridge3r_fixed_v19,PA-MPJPE_mm,35.02880378886713,38.877807235589884,-3.8490034467227545
aist__gJS_sBM_cAll_d03_mJS5_ch01__cs150,aist__gJS_sBM_cAll_d03_mJS5_ch01__cs150,,BRIDGE3R,m15_bridge3r_fixed_v19,Anchor-MPJPE_mm,986.4843977043943,531.4861497760102,454.9982479283841
aist__gJS_sBM_cAll_d03_mJS5_ch01__cs150,aist__gJS_sBM_cAll_d03_mJS5_ch01__cs150,,BRIDGE3R,m15_bridge3r_fixed_v19,Anchor-root_mm,976.1714232833666,520.8409063605521,455.33051692281447
aist__gJS_sBM_cAll_d03_mJS5_ch01__cs150,aist__gJS_sBM_cAll_d03_mJS5_ch01__cs150,,BRIDGE3R,m15_bridge3r_fixed_v19,Orientation_deg,8.446597281318247,4.71460875240137,3.7319885289168777
aist__gJS_sBM_cAll_d03_mJS5_ch01__cs150,aist__gJS_sBM_cAll_d03_mJS5_ch01__cs150,,BRIDGE3R,m15_bridge3r_fixed_v19,Seam-root_mm,348.2782501482309,274.46278393839725,73.81546620983363
aist__gJS_sBM_cAll_d03_mJS5_ch01__cs150,aist__gJS_sBM_cAll_d03_mJS5_ch01__cs150,,BRIDGE3R,m15_bridge3r_fixed_v19,Seam-orientation_deg,5.870564429928969,4.112813963812628,1.7577504661163408
aist__gJS_sBM_cAll_d03_mJS5_ch01__cs150,aist__gJS_sBM_cAll_d03_mJS5_ch01__cs150,,BRIDGE3R,m15_bridge3r_fixed_v19,Camera-rotation_deg,7.00769170734055,4.417321874400197,2.590369832940353
aist__gJS_sBM_cAll_d03_mJS5_ch01__cs150,aist__gJS_sBM_cAll_d03_mJS5_ch01__cs150,,BRIDGE3R,m15_bridge3r_fixed_v19,Camera-translation_m,2.8229969596999327,1.0020328589696372,1.8209641007302955
aist__gJS_sBM_cAll_d03_mJS5_ch01__cs150,aist__gJS_sBM_cAll_d03_mJS5_ch01__cs150,,BRIDGE3R,m15_bridge3r_fixed_v19,Coverage,0.98,1.0,0.020000000000000018
aist__gJS_sFM_cAll_d03_mJS3_ch04__cs150,aist__gJS_sFM_cAll_d03_mJS3_ch04__cs150,,Human3R,m0_strict_human3r,PA-MPJPE_mm,54.26247061276954,54.41625538116357,-0.15378476839403277
aist__gJS_sFM_cAll_d03_mJS3_ch04__cs150,aist__gJS_sFM_cAll_d03_mJS3_ch04__cs150,,Human3R,m0_strict_human3r,Anchor-MPJPE_mm,1169.7479222068157,320.60526016295125,849.1426620438644
aist__gJS_sFM_cAll_d03_mJS3_ch04__cs150,aist__gJS_sFM_cAll_d03_mJS3_ch04__cs150,,Human3R,m0_strict_human3r,Anchor-root_mm,1145.539693826257,317.10077096340586,828.4389228628511
aist__gJS_sFM_cAll_d03_mJS3_ch04__cs150,aist__gJS_sFM_cAll_d03_mJS3_ch04__cs150,,Human3R,m0_strict_human3r,Orientation_deg,11.742797200716382,11.20300690044116,0.5397903002752216
aist__gJS_sFM_cAll_d03_mJS3_ch04__cs150,aist__gJS_sFM_cAll_d03_mJS3_ch04__cs150,,Human3R,m0_strict_human3r,Seam-root_mm,438.2833610207343,260.3390638326384,177.9442971880959
aist__gJS_sFM_cAll_d03_mJS3_ch04__cs150,aist__gJS_sFM_cAll_d03_mJS3_ch04__cs150,,Human3R,m0_strict_human3r,Seam-orientation_deg,3.070418203734114,17.44976508253067,-14.379346878796557
aist__gJS_sFM_cAll_d03_mJS3_ch04__cs150,aist__gJS_sFM_cAll_d03_mJS3_ch04__cs150,,Human3R,m0_strict_human3r,Camera-rotation_deg,5.004486737231411,5.519808500454985,-0.5153217632235743
aist__gJS_sFM_cAll_d03_mJS3_ch04__cs150,aist__gJS_sFM_cAll_d03_mJS3_ch04__cs150,,Human3R,m0_strict_human3r,Camera-translation_m,2.950911547510229,0.5151531585974806,2.4357583889127485
aist__gJS_sFM_cAll_d03_mJS3_ch04__cs150,aist__gJS_sFM_cAll_d03_mJS3_ch04__cs150,,Human3R,m0_strict_human3r,Coverage,0.98,1.0,0.020000000000000018
aist__gJS_sFM_cAll_d03_mJS3_ch04__cs150,aist__gJS_sFM_cAll_d03_mJS3_ch04__cs150,,BRIDGE3R,m15_bridge3r_fixed_v19,PA-MPJPE_mm,54.26247061276954,54.304871439426464,-0.04240082665692313
aist__gJS_sFM_cAll_d03_mJS3_ch04__cs150,aist__gJS_sFM_cAll_d03_mJS3_ch04__cs150,,BRIDGE3R,m15_bridge3r_fixed_v19,Anchor-MPJPE_mm,1169.7479222068157,472.0089616850388,697.7389605217769
aist__gJS_sFM_cAll_d03_mJS3_ch04__cs150,aist__gJS_sFM_cAll_d03_mJS3_ch04__cs150,,BRIDGE3R,m15_bridge3r_fixed_v19,Anchor-root_mm,1145.539693826257,468.52158432891514,677.0181094973418
aist__gJS_sFM_cAll_d03_mJS3_ch04__cs150,aist__gJS_sFM_cAll_d03_mJS3_ch04__cs150,,BRIDGE3R,m15_bridge3r_fixed_v19,Orientation_deg,11.742797200716382,9.996360590289179,1.746436610427203
aist__gJS_sFM_cAll_d03_mJS3_ch04__cs150,aist__gJS_sFM_cAll_d03_mJS3_ch04__cs150,,BRIDGE3R,m15_bridge3r_fixed_v19,Seam-root_mm,438.2833610207343,681.8254276855605,-243.54206666482622
aist__gJS_sFM_cAll_d03_mJS3_ch04__cs150,aist__gJS_sFM_cAll_d03_mJS3_ch04__cs150,,BRIDGE3R,m15_bridge3r_fixed_v19,Seam-orientation_deg,3.070418203734114,16.29341174246469,-13.222993538730577
aist__gJS_sFM_cAll_d03_mJS3_ch04__cs150,aist__gJS_sFM_cAll_d03_mJS3_ch04__cs150,,BRIDGE3R,m15_bridge3r_fixed_v19,Camera-rotation_deg,5.004486737231411,3.1654107323384206,1.8390760048929904
aist__gJS_sFM_cAll_d03_mJS3_ch04__cs150,aist__gJS_sFM_cAll_d03_mJS3_ch04__cs150,,BRIDGE3R,m15_bridge3r_fixed_v19,Camera-translation_m,2.950911547510229,0.7293190474059538,2.2215925001042756
aist__gJS_sFM_cAll_d03_mJS3_ch04__cs150,aist__gJS_sFM_cAll_d03_mJS3_ch04__cs150,,BRIDGE3R,m15_bridge3r_fixed_v19,Coverage,0.98,1.0,0.020000000000000018
aist__gKR_sBM_cAll_d30_mKR2_ch01__cs150,aist__gKR_sBM_cAll_d30_mKR2_ch01__cs150,,Human3R,m0_strict_human3r,PA-MPJPE_mm,55.19153826137795,55.57003342972518,-0.3784951683472286
aist__gKR_sBM_cAll_d30_mKR2_ch01__cs150,aist__gKR_sBM_cAll_d30_mKR2_ch01__cs150,,Human3R,m0_strict_human3r,Anchor-MPJPE_mm,281.9455291860685,217.4536803665327,64.49184881953579
aist__gKR_sBM_cAll_d30_mKR2_ch01__cs150,aist__gKR_sBM_cAll_d30_mKR2_ch01__cs150,,Human3R,m0_strict_human3r,Anchor-root_mm,219.45148179948418,138.16692451696858,81.2845572825156
aist__gKR_sBM_cAll_d30_mKR2_ch01__cs150,aist__gKR_sBM_cAll_d30_mKR2_ch01__cs150,,Human3R,m0_strict_human3r,Orientation_deg,48.3423948456349,49.673167426173876,-1.3307725805389765
aist__gKR_sBM_cAll_d30_mKR2_ch01__cs150,aist__gKR_sBM_cAll_d30_mKR2_ch01__cs150,,Human3R,m0_strict_human3r,Seam-root_mm,549.034232985749,212.8022534045982,336.23197958115077
aist__gKR_sBM_cAll_d30_mKR2_ch01__cs150,aist__gKR_sBM_cAll_d30_mKR2_ch01__cs150,,Human3R,m0_strict_human3r,Seam-orientation_deg,28.08053924568037,80.19820456423086,-52.11766531855049
aist__gKR_sBM_cAll_d30_mKR2_ch01__cs150,aist__gKR_sBM_cAll_d30_mKR2_ch01__cs150,,Human3R,m0_strict_human3r,Camera-rotation_deg,89.4541130912038,91.86162247848766,-2.4075093872838664
aist__gKR_sBM_cAll_d30_mKR2_ch01__cs150,aist__gKR_sBM_cAll_d30_mKR2_ch01__cs150,,Human3R,m0_strict_human3r,Camera-translation_m,7.402038423090463,7.906437005139822,-0.5043985820493591
aist__gKR_sBM_cAll_d30_mKR2_ch01__cs150,aist__gKR_sBM_cAll_d30_mKR2_ch01__cs150,,Human3R,m0_strict_human3r,Coverage,0.98,1.0,0.020000000000000018
aist__gKR_sBM_cAll_d30_mKR2_ch01__cs150,aist__gKR_sBM_cAll_d30_mKR2_ch01__cs150,,BRIDGE3R,m15_bridge3r_fixed_v19,PA-MPJPE_mm,55.19153826137795,55.470050872779524,-0.2785126114015739
aist__gKR_sBM_cAll_d30_mKR2_ch01__cs150,aist__gKR_sBM_cAll_d30_mKR2_ch01__cs150,,BRIDGE3R,m15_bridge3r_fixed_v19,Anchor-MPJPE_mm,281.9455291860685,252.802786022873,29.14274316319549
aist__gKR_sBM_cAll_d30_mKR2_ch01__cs150,aist__gKR_sBM_cAll_d30_mKR2_ch01__cs150,,BRIDGE3R,m15_bridge3r_fixed_v19,Anchor-root_mm,219.45148179948418,198.50575262308723,20.945729176396952
aist__gKR_sBM_cAll_d30_mKR2_ch01__cs150,aist__gKR_sBM_cAll_d30_mKR2_ch01__cs150,,BRIDGE3R,m15_bridge3r_fixed_v19,Orientation_deg,48.3423948456349,47.959397094677016,0.3829977509578839
aist__gKR_sBM_cAll_d30_mKR2_ch01__cs150,aist__gKR_sBM_cAll_d30_mKR2_ch01__cs150,,BRIDGE3R,m15_bridge3r_fixed_v19,Seam-root_mm,549.034232985749,307.28176979564137,241.75246319010762
aist__gKR_sBM_cAll_d30_mKR2_ch01__cs150,aist__gKR_sBM_cAll_d30_mKR2_ch01__cs150,,BRIDGE3R,m15_bridge3r_fixed_v19,Seam-orientation_deg,28.08053924568037,78.16636370910743,-50.08582446342706
aist__gKR_sBM_cAll_d30_mKR2_ch01__cs150,aist__gKR_sBM_cAll_d30_mKR2_ch01__cs150,,BRIDGE3R,m15_bridge3r_fixed_v19,Camera-rotation_deg,89.4541130912038,87.9373912300941,1.5167218611097013
aist__gKR_sBM_cAll_d30_mKR2_ch01__cs150,aist__gKR_sBM_cAll_d30_mKR2_ch01__cs150,,BRIDGE3R,m15_bridge3r_fixed_v19,Camera-translation_m,7.402038423090463,7.536709378888772,-0.1346709557983088
aist__gKR_sBM_cAll_d30_mKR2_ch01__cs150,aist__gKR_sBM_cAll_d30_mKR2_ch01__cs150,,BRIDGE3R,m15_bridge3r_fixed_v19,Coverage,0.98,1.0,0.020000000000000018
aist__gKR_sBM_cAll_d30_mKR2_ch02__cs150,aist__gKR_sBM_cAll_d30_mKR2_ch02__cs150,,Human3R,m0_strict_human3r,PA-MPJPE_mm,51.66358655453011,51.82234142685823,-0.15875487232811736
aist__gKR_sBM_cAll_d30_mKR2_ch02__cs150,aist__gKR_sBM_cAll_d30_mKR2_ch02__cs150,,Human3R,m0_strict_human3r,Anchor-MPJPE_mm,338.8531438290389,317.5711444344779,21.281999394561012
aist__gKR_sBM_cAll_d30_mKR2_ch02__cs150,aist__gKR_sBM_cAll_d30_mKR2_ch02__cs150,,Human3R,m0_strict_human3r,Anchor-root_mm,295.4579442545464,242.3820952869263,53.07584896762012
aist__gKR_sBM_cAll_d30_mKR2_ch02__cs150,aist__gKR_sBM_cAll_d30_mKR2_ch02__cs150,,Human3R,m0_strict_human3r,Orientation_deg,51.36306831864925,52.79025309195553,-1.42718477330628
aist__gKR_sBM_cAll_d30_mKR2_ch02__cs150,aist__gKR_sBM_cAll_d30_mKR2_ch02__cs150,,Human3R,m0_strict_human3r,Seam-root_mm,451.3912023099097,535.4677056961865,-84.07650338627678
aist__gKR_sBM_cAll_d30_mKR2_ch02__cs150,aist__gKR_sBM_cAll_d30_mKR2_ch02__cs150,,Human3R,m0_strict_human3r,Seam-orientation_deg,44.91465519296893,88.20433060238025,-43.28967540941132
aist__gKR_sBM_cAll_d30_mKR2_ch02__cs150,aist__gKR_sBM_cAll_d30_mKR2_ch02__cs150,,Human3R,m0_strict_human3r,Camera-rotation_deg,89.71094073074019,95.55299487168564,-5.84205414094545
aist__gKR_sBM_cAll_d30_mKR2_ch02__cs150,aist__gKR_sBM_cAll_d30_mKR2_ch02__cs150,,Human3R,m0_strict_human3r,Camera-translation_m,7.197098890783007,8.468462757679932,-1.271363866896925
aist__gKR_sBM_cAll_d30_mKR2_ch02__cs150,aist__gKR_sBM_cAll_d30_mKR2_ch02__cs150,,Human3R,m0_strict_human3r,Coverage,0.9933333333333333,1.0,0.00666666666666671
aist__gKR_sBM_cAll_d30_mKR2_ch02__cs150,aist__gKR_sBM_cAll_d30_mKR2_ch02__cs150,,BRIDGE3R,m15_bridge3r_fixed_v19,PA-MPJPE_mm,51.66358655453011,51.906936623940325,-0.2433500694102122
aist__gKR_sBM_cAll_d30_mKR2_ch02__cs150,aist__gKR_sBM_cAll_d30_mKR2_ch02__cs150,,BRIDGE3R,m15_bridge3r_fixed_v19,Anchor-MPJPE_mm,338.8531438290389,373.81975532340203,-34.96661149436312
aist__gKR_sBM_cAll_d30_mKR2_ch02__cs150,aist__gKR_sBM_cAll_d30_mKR2_ch02__cs150,,BRIDGE3R,m15_bridge3r_fixed_v19,Anchor-root_mm,295.4579442545464,359.26072242443354,-63.80277816988712
aist__gKR_sBM_cAll_d30_mKR2_ch02__cs150,aist__gKR_sBM_cAll_d30_mKR2_ch02__cs150,,BRIDGE3R,m15_bridge3r_fixed_v19,Orientation_deg,51.36306831864925,45.51580172764643,5.847266591002814
aist__gKR_sBM_cAll_d30_mKR2_ch02__cs150,aist__gKR_sBM_cAll_d30_mKR2_ch02__cs150,,BRIDGE3R,m15_bridge3r_fixed_v19,Seam-root_mm,451.3912023099097,705.0644106383187,-253.67320832840898
aist__gKR_sBM_cAll_d30_mKR2_ch02__cs150,aist__gKR_sBM_cAll_d30_mKR2_ch02__cs150,,BRIDGE3R,m15_bridge3r_fixed_v19,Seam-orientation_deg,44.91465519296893,77.56811929954624,-32.65346410657731
aist__gKR_sBM_cAll_d30_mKR2_ch02__cs150,aist__gKR_sBM_cAll_d30_mKR2_ch02__cs150,,BRIDGE3R,m15_bridge3r_fixed_v19,Camera-rotation_deg,89.71094073074019,80.13908197634005,9.57185875440014
aist__gKR_sBM_cAll_d30_mKR2_ch02__cs150,aist__gKR_sBM_cAll_d30_mKR2_ch02__cs150,,BRIDGE3R,m15_bridge3r_fixed_v19,Camera-translation_m,7.197098890783007,7.084944667427103,0.11215422335590386
aist__gKR_sBM_cAll_d30_mKR2_ch02__cs150,aist__gKR_sBM_cAll_d30_mKR2_ch02__cs150,,BRIDGE3R,m15_bridge3r_fixed_v19,Coverage,0.9933333333333333,1.0,0.00666666666666671
aist__gKR_sBM_cAll_d30_mKR2_ch03__cs150,aist__gKR_sBM_cAll_d30_mKR2_ch03__cs150,,Human3R,m0_strict_human3r,PA-MPJPE_mm,53.74911430576031,50.50275525825099,3.2463590475093156
aist__gKR_sBM_cAll_d30_mKR2_ch03__cs150,aist__gKR_sBM_cAll_d30_mKR2_ch03__cs150,,Human3R,m0_strict_human3r,Anchor-MPJPE_mm,301.4059301080572,282.0262020414158,19.379728066641405
aist__gKR_sBM_cAll_d30_mKR2_ch03__cs150,aist__gKR_sBM_cAll_d30_mKR2_ch03__cs150,,Human3R,m0_strict_human3r,Anchor-root_mm,171.13565547219972,195.48029684567905,-24.344641373479334
aist__gKR_sBM_cAll_d30_mKR2_ch03__cs150,aist__gKR_sBM_cAll_d30_mKR2_ch03__cs150,,Human3R,m0_strict_human3r,Orientation_deg,79.71486791891607,69.55400588483873,10.16086203407734
aist__gKR_sBM_cAll_d30_mKR2_ch03__cs150,aist__gKR_sBM_cAll_d30_mKR2_ch03__cs150,,Human3R,m0_strict_human3r,Seam-root_mm,393.5168354258363,692.9699941070921,-299.45315868125584
aist__gKR_sBM_cAll_d30_mKR2_ch03__cs150,aist__gKR_sBM_cAll_d30_mKR2_ch03__cs150,,Human3R,m0_strict_human3r,Seam-orientation_deg,34.843451006210344,179.75535049517725,-144.91189948896692
aist__gKR_sBM_cAll_d30_mKR2_ch03__cs150,aist__gKR_sBM_cAll_d30_mKR2_ch03__cs150,,Human3R,m0_strict_human3r,Camera-rotation_deg,134.73441934813962,133.24902481378683,1.4853945343527926
aist__gKR_sBM_cAll_d30_mKR2_ch03__cs150,aist__gKR_sBM_cAll_d30_mKR2_ch03__cs150,,Human3R,m0_strict_human3r,Camera-translation_m,8.699299134932273,8.990418841166202,-0.29111970623392835
aist__gKR_sBM_cAll_d30_mKR2_ch03__cs150,aist__gKR_sBM_cAll_d30_mKR2_ch03__cs150,,Human3R,m0_strict_human3r,Coverage,0.98,1.0,0.020000000000000018
aist__gKR_sBM_cAll_d30_mKR2_ch03__cs150,aist__gKR_sBM_cAll_d30_mKR2_ch03__cs150,,BRIDGE3R,m15_bridge3r_fixed_v19,PA-MPJPE_mm,53.74911430576031,50.08866631192851,3.660447993831795
aist__gKR_sBM_cAll_d30_mKR2_ch03__cs150,aist__gKR_sBM_cAll_d30_mKR2_ch03__cs150,,BRIDGE3R,m15_bridge3r_fixed_v19,Anchor-MPJPE_mm,301.4059301080572,295.5452334376184,5.860696670438813
aist__gKR_sBM_cAll_d30_mKR2_ch03__cs150,aist__gKR_sBM_cAll_d30_mKR2_ch03__cs150,,BRIDGE3R,m15_bridge3r_fixed_v19,Anchor-root_mm,171.13565547219972,266.4265761274389,-95.2909206552392
aist__gKR_sBM_cAll_d30_mKR2_ch03__cs150,aist__gKR_sBM_cAll_d30_mKR2_ch03__cs150,,BRIDGE3R,m15_bridge3r_fixed_v19,Orientation_deg,79.71486791891607,50.62446601348419,29.090401905431882
aist__gKR_sBM_cAll_d30_mKR2_ch03__cs150,aist__gKR_sBM_cAll_d30_mKR2_ch03__cs150,,BRIDGE3R,m15_bridge3r_fixed_v19,Seam-root_mm,393.5168354258363,339.124087821913,54.39274760392328
aist__gKR_sBM_cAll_d30_mKR2_ch03__cs150,aist__gKR_sBM_cAll_d30_mKR2_ch03__cs150,,BRIDGE3R,m15_bridge3r_fixed_v19,Seam-orientation_deg,34.843451006210344,83.59888517903192,-48.75543417282158
aist__gKR_sBM_cAll_d30_mKR2_ch03__cs150,aist__gKR_sBM_cAll_d30_mKR2_ch03__cs150,,BRIDGE3R,m15_bridge3r_fixed_v19,Camera-rotation_deg,134.73441934813962,95.10920132751716,39.62521802062247
aist__gKR_sBM_cAll_d30_mKR2_ch03__cs150,aist__gKR_sBM_cAll_d30_mKR2_ch03__cs150,,BRIDGE3R,m15_bridge3r_fixed_v19,Camera-translation_m,8.699299134932273,7.184321759395672,1.514977375536601
aist__gKR_sBM_cAll_d30_mKR2_ch03__cs150,aist__gKR_sBM_cAll_d30_mKR2_ch03__cs150,,BRIDGE3R,m15_bridge3r_fixed_v19,Coverage,0.98,1.0,0.020000000000000018
aist__gKR_sBM_cAll_d30_mKR2_ch04__cs150,aist__gKR_sBM_cAll_d30_mKR2_ch04__cs150,,Human3R,m0_strict_human3r,PA-MPJPE_mm,53.618492593117445,50.261879547038724,3.3566130460787207
aist__gKR_sBM_cAll_d30_mKR2_ch04__cs150,aist__gKR_sBM_cAll_d30_mKR2_ch04__cs150,,Human3R,m0_strict_human3r,Anchor-MPJPE_mm,330.3578403316515,249.06276734395817,81.29507298769335
aist__gKR_sBM_cAll_d30_mKR2_ch04__cs150,aist__gKR_sBM_cAll_d30_mKR2_ch04__cs150,,Human3R,m0_strict_human3r,Anchor-root_mm,324.4645992137614,185.90093722359296,138.56366199016844
aist__gKR_sBM_cAll_d30_mKR2_ch04__cs150,aist__gKR_sBM_cAll_d30_mKR2_ch04__cs150,,Human3R,m0_strict_human3r,Orientation_deg,49.870268671202474,47.322871006481876,2.5473976647205987
aist__gKR_sBM_cAll_d30_mKR2_ch04__cs150,aist__gKR_sBM_cAll_d30_mKR2_ch04__cs150,,Human3R,m0_strict_human3r,Seam-root_mm,470.3889520977629,827.975940203001,-357.58698810523805
aist__gKR_sBM_cAll_d30_mKR2_ch04__cs150,aist__gKR_sBM_cAll_d30_mKR2_ch04__cs150,,Human3R,m0_strict_human3r,Seam-orientation_deg,28.589155840027136,77.72146120784093,-49.1323053678138
aist__gKR_sBM_cAll_d30_mKR2_ch04__cs150,aist__gKR_sBM_cAll_d30_mKR2_ch04__cs150,,Human3R,m0_strict_human3r,Camera-rotation_deg,89.2900143563637,88.24288142104173,1.0471329353219687
aist__gKR_sBM_cAll_d30_mKR2_ch04__cs150,aist__gKR_sBM_cAll_d30_mKR2_ch04__cs150,,Human3R,m0_strict_human3r,Camera-translation_m,7.380103268785307,7.71197922311493,-0.3318759543296226
aist__gKR_sBM_cAll_d30_mKR2_ch04__cs150,aist__gKR_sBM_cAll_d30_mKR2_ch04__cs150,,Human3R,m0_strict_human3r,Coverage,0.98,1.0,0.020000000000000018
aist__gKR_sBM_cAll_d30_mKR2_ch04__cs150,aist__gKR_sBM_cAll_d30_mKR2_ch04__cs150,,BRIDGE3R,m15_bridge3r_fixed_v19,PA-MPJPE_mm,53.618492593117445,50.11993438228826,3.498558210829188
aist__gKR_sBM_cAll_d30_mKR2_ch04__cs150,aist__gKR_sBM_cAll_d30_mKR2_ch04__cs150,,BRIDGE3R,m15_bridge3r_fixed_v19,Anchor-MPJPE_mm,330.3578403316515,551.7321059512808,-221.37426561962928
aist__gKR_sBM_cAll_d30_mKR2_ch04__cs150,aist__gKR_sBM_cAll_d30_mKR2_ch04__cs150,,BRIDGE3R,m15_bridge3r_fixed_v19,Anchor-root_mm,324.4645992137614,537.50667879894,-213.0420795851786
aist__gKR_sBM_cAll_d30_mKR2_ch04__cs150,aist__gKR_sBM_cAll_d30_mKR2_ch04__cs150,,BRIDGE3R,m15_bridge3r_fixed_v19,Orientation_deg,49.870268671202474,33.782056368267305,16.08821230293517
aist__gKR_sBM_cAll_d30_mKR2_ch04__cs150,aist__gKR_sBM_cAll_d30_mKR2_ch04__cs150,,BRIDGE3R,m15_bridge3r_fixed_v19,Seam-root_mm,470.3889520977629,1210.395047435109,-740.0060953373461
aist__gKR_sBM_cAll_d30_mKR2_ch04__cs150,aist__gKR_sBM_cAll_d30_mKR2_ch04__cs150,,BRIDGE3R,m15_bridge3r_fixed_v19,Seam-orientation_deg,28.589155840027136,48.8496646512351,-20.260508811207966
aist__gKR_sBM_cAll_d30_mKR2_ch04__cs150,aist__gKR_sBM_cAll_d30_mKR2_ch04__cs150,,BRIDGE3R,m15_bridge3r_fixed_v19,Camera-rotation_deg,89.2900143563637,60.43561156833235,28.85440278803135
aist__gKR_sBM_cAll_d30_mKR2_ch04__cs150,aist__gKR_sBM_cAll_d30_mKR2_ch04__cs150,,BRIDGE3R,m15_bridge3r_fixed_v19,Camera-translation_m,7.380103268785307,5.902372548416934,1.4777307203683732
aist__gKR_sBM_cAll_d30_mKR2_ch04__cs150,aist__gKR_sBM_cAll_d30_mKR2_ch04__cs150,,BRIDGE3R,m15_bridge3r_fixed_v19,Coverage,0.98,1.0,0.020000000000000018
aist__gKR_sBM_cAll_d30_mKR2_ch05__cs150,aist__gKR_sBM_cAll_d30_mKR2_ch05__cs150,,Human3R,m0_strict_human3r,PA-MPJPE_mm,51.16824980042097,50.29661455004424,0.871635250376734
aist__gKR_sBM_cAll_d30_mKR2_ch05__cs150,aist__gKR_sBM_cAll_d30_mKR2_ch05__cs150,,Human3R,m0_strict_human3r,Anchor-MPJPE_mm,386.6271574397437,232.9870081255732,153.64014931417051
aist__gKR_sBM_cAll_d30_mKR2_ch05__cs150,aist__gKR_sBM_cAll_d30_mKR2_ch05__cs150,,Human3R,m0_strict_human3r,Anchor-root_mm,358.91149606976984,158.55748824522558,200.35400782454425
aist__gKR_sBM_cAll_d30_mKR2_ch05__cs150,aist__gKR_sBM_cAll_d30_mKR2_ch05__cs150,,Human3R,m0_strict_human3r,Orientation_deg,48.5215466229289,46.415522216811134,2.1060244061177684
aist__gKR_sBM_cAll_d30_mKR2_ch05__cs150,aist__gKR_sBM_cAll_d30_mKR2_ch05__cs150,,Human3R,m0_strict_human3r,Seam-root_mm,244.934339600419,280.27792188454833,-35.343582284129326
aist__gKR_sBM_cAll_d30_mKR2_ch05__cs150,aist__gKR_sBM_cAll_d30_mKR2_ch05__cs150,,Human3R,m0_strict_human3r,Seam-orientation_deg,38.451710496440256,91.9117558458156,-53.46004534937535
aist__gKR_sBM_cAll_d30_mKR2_ch05__cs150,aist__gKR_sBM_cAll_d30_mKR2_ch05__cs150,,Human3R,m0_strict_human3r,Camera-rotation_deg,89.08573002563757,88.81006301901654,0.2756670066210347
aist__gKR_sBM_cAll_d30_mKR2_ch05__cs150,aist__gKR_sBM_cAll_d30_mKR2_ch05__cs150,,Human3R,m0_strict_human3r,Camera-translation_m,7.448666511852001,7.593190700408297,-0.14452418855629556
aist__gKR_sBM_cAll_d30_mKR2_ch05__cs150,aist__gKR_sBM_cAll_d30_mKR2_ch05__cs150,,Human3R,m0_strict_human3r,Coverage,0.98,1.0,0.020000000000000018
aist__gKR_sBM_cAll_d30_mKR2_ch05__cs150,aist__gKR_sBM_cAll_d30_mKR2_ch05__cs150,,BRIDGE3R,m15_bridge3r_fixed_v19,PA-MPJPE_mm,51.16824980042097,50.10796622427566,1.0602835761453164
aist__gKR_sBM_cAll_d30_mKR2_ch05__cs150,aist__gKR_sBM_cAll_d30_mKR2_ch05__cs150,,BRIDGE3R,m15_bridge3r_fixed_v19,Anchor-MPJPE_mm,386.6271574397437,309.3939245407712,77.23323289897252
aist__gKR_sBM_cAll_d30_mKR2_ch05__cs150,aist__gKR_sBM_cAll_d30_mKR2_ch05__cs150,,BRIDGE3R,m15_bridge3r_fixed_v19,Anchor-root_mm,358.91149606976984,262.0263416273404,96.88515444242944
aist__gKR_sBM_cAll_d30_mKR2_ch05__cs150,aist__gKR_sBM_cAll_d30_mKR2_ch05__cs150,,BRIDGE3R,m15_bridge3r_fixed_v19,Orientation_deg,48.5215466229289,47.12076716600305,1.4007794569258536
aist__gKR_sBM_cAll_d30_mKR2_ch05__cs150,aist__gKR_sBM_cAll_d30_mKR2_ch05__cs150,,BRIDGE3R,m15_bridge3r_fixed_v19,Seam-root_mm,244.934339600419,211.31756935831706,33.61677024210195
aist__gKR_sBM_cAll_d30_mKR2_ch05__cs150,aist__gKR_sBM_cAll_d30_mKR2_ch05__cs150,,BRIDGE3R,m15_bridge3r_fixed_v19,Seam-orientation_deg,38.451710496440256,90.47019533768632,-52.018484841246064
aist__gKR_sBM_cAll_d30_mKR2_ch05__cs150,aist__gKR_sBM_cAll_d30_mKR2_ch05__cs150,,BRIDGE3R,m15_bridge3r_fixed_v19,Camera-rotation_deg,89.08573002563757,89.6438529814065,-0.5581229557689227
aist__gKR_sBM_cAll_d30_mKR2_ch05__cs150,aist__gKR_sBM_cAll_d30_mKR2_ch05__cs150,,BRIDGE3R,m15_bridge3r_fixed_v19,Camera-translation_m,7.448666511852001,7.54783198940524,-0.0991654775532389
aist__gKR_sBM_cAll_d30_mKR2_ch05__cs150,aist__gKR_sBM_cAll_d30_mKR2_ch05__cs150,,BRIDGE3R,m15_bridge3r_fixed_v19,Coverage,0.98,1.0,0.020000000000000018
aist__gKR_sBM_cAll_d30_mKR2_ch06__cs150,aist__gKR_sBM_cAll_d30_mKR2_ch06__cs150,,Human3R,m0_strict_human3r,PA-MPJPE_mm,40.23236608091381,49.35402934142189,-9.121663260508079
aist__gKR_sBM_cAll_d30_mKR2_ch06__cs150,aist__gKR_sBM_cAll_d30_mKR2_ch06__cs150,,Human3R,m0_strict_human3r,Anchor-MPJPE_mm,299.24346018238657,347.28351642029037,-48.0400562379038
aist__gKR_sBM_cAll_d30_mKR2_ch06__cs150,aist__gKR_sBM_cAll_d30_mKR2_ch06__cs150,,Human3R,m0_strict_human3r,Anchor-root_mm,199.3924334045993,241.81458684175206,-42.42215343715276
aist__gKR_sBM_cAll_d30_mKR2_ch06__cs150,aist__gKR_sBM_cAll_d30_mKR2_ch06__cs150,,Human3R,m0_strict_human3r,Orientation_deg,76.66662810971425,91.65315018452526,-14.986522074811006
aist__gKR_sBM_cAll_d30_mKR2_ch06__cs150,aist__gKR_sBM_cAll_d30_mKR2_ch06__cs150,,Human3R,m0_strict_human3r,Seam-root_mm,383.63719443677684,512.4473998981349,-128.81020546135807
aist__gKR_sBM_cAll_d30_mKR2_ch06__cs150,aist__gKR_sBM_cAll_d30_mKR2_ch06__cs150,,Human3R,m0_strict_human3r,Seam-orientation_deg,42.07251507346118,174.53627907035408,-132.4637639968929
aist__gKR_sBM_cAll_d30_mKR2_ch06__cs150,aist__gKR_sBM_cAll_d30_mKR2_ch06__cs150,,Human3R,m0_strict_human3r,Camera-rotation_deg,134.60745651692423,169.66342355125306,-35.05596703432883
aist__gKR_sBM_cAll_d30_mKR2_ch06__cs150,aist__gKR_sBM_cAll_d30_mKR2_ch06__cs150,,Human3R,m0_strict_human3r,Camera-translation_m,8.857137055374363,9.639626579620058,-0.7824895242456957
aist__gKR_sBM_cAll_d30_mKR2_ch06__cs150,aist__gKR_sBM_cAll_d30_mKR2_ch06__cs150,,Human3R,m0_strict_human3r,Coverage,0.9933333333333333,1.0,0.00666666666666671
aist__gKR_sBM_cAll_d30_mKR2_ch06__cs150,aist__gKR_sBM_cAll_d30_mKR2_ch06__cs150,,BRIDGE3R,m15_bridge3r_fixed_v19,PA-MPJPE_mm,40.23236608091381,49.191644903178506,-8.959278822264693
aist__gKR_sBM_cAll_d30_mKR2_ch06__cs150,aist__gKR_sBM_cAll_d30_mKR2_ch06__cs150,,BRIDGE3R,m15_bridge3r_fixed_v19,Anchor-MPJPE_mm,299.24346018238657,321.36871646055573,-22.12525627816916
aist__gKR_sBM_cAll_d30_mKR2_ch06__cs150,aist__gKR_sBM_cAll_d30_mKR2_ch06__cs150,,BRIDGE3R,m15_bridge3r_fixed_v19,Anchor-root_mm,199.3924334045993,287.4583516034708,-88.06591819887151
aist__gKR_sBM_cAll_d30_mKR2_ch06__cs150,aist__gKR_sBM_cAll_d30_mKR2_ch06__cs150,,BRIDGE3R,m15_bridge3r_fixed_v19,Orientation_deg,76.66662810971425,49.92512290518369,26.74150520453056
aist__gKR_sBM_cAll_d30_mKR2_ch06__cs150,aist__gKR_sBM_cAll_d30_mKR2_ch06__cs150,,BRIDGE3R,m15_bridge3r_fixed_v19,Seam-root_mm,383.63719443677684,607.8461440618212,-224.20894962504434
aist__gKR_sBM_cAll_d30_mKR2_ch06__cs150,aist__gKR_sBM_cAll_d30_mKR2_ch06__cs150,,BRIDGE3R,m15_bridge3r_fixed_v19,Seam-orientation_deg,42.07251507346118,84.39167414460285,-42.31915907114166
aist__gKR_sBM_cAll_d30_mKR2_ch06__cs150,aist__gKR_sBM_cAll_d30_mKR2_ch06__cs150,,BRIDGE3R,m15_bridge3r_fixed_v19,Camera-rotation_deg,134.60745651692423,103.59945321461974,31.008003302304488
aist__gKR_sBM_cAll_d30_mKR2_ch06__cs150,aist__gKR_sBM_cAll_d30_mKR2_ch06__cs150,,BRIDGE3R,m15_bridge3r_fixed_v19,Camera-translation_m,8.857137055374363,7.536888859007613,1.3202481963667498
aist__gKR_sBM_cAll_d30_mKR2_ch06__cs150,aist__gKR_sBM_cAll_d30_mKR2_ch06__cs150,,BRIDGE3R,m15_bridge3r_fixed_v19,Coverage,0.9933333333333333,1.0,0.00666666666666671
aist__gKR_sBM_cAll_d30_mKR2_ch07__cs150,aist__gKR_sBM_cAll_d30_mKR2_ch07__cs150,,Human3R,m0_strict_human3r,PA-MPJPE_mm,56.73230259447849,62.148850355475226,-5.416547760996735
aist__gKR_sBM_cAll_d30_mKR2_ch07__cs150,aist__gKR_sBM_cAll_d30_mKR2_ch07__cs150,,Human3R,m0_strict_human3r,Anchor-MPJPE_mm,767.0219383067167,348.1412422880452,418.88069601867153
aist__gKR_sBM_cAll_d30_mKR2_ch07__cs150,aist__gKR_sBM_cAll_d30_mKR2_ch07__cs150,,Human3R,m0_strict_human3r,Anchor-root_mm,753.9772868852708,326.302629458919,427.6746574263518
aist__gKR_sBM_cAll_d30_mKR2_ch07__cs150,aist__gKR_sBM_cAll_d30_mKR2_ch07__cs150,,Human3R,m0_strict_human3r,Orientation_deg,9.868877710981499,7.083569746595598,2.7853079643859013
aist__gKR_sBM_cAll_d30_mKR2_ch07__cs150,aist__gKR_sBM_cAll_d30_mKR2_ch07__cs150,,Human3R,m0_strict_human3r,Seam-root_mm,506.252808372095,141.07641800496572,365.1763903671293
aist__gKR_sBM_cAll_d30_mKR2_ch07__cs150,aist__gKR_sBM_cAll_d30_mKR2_ch07__cs150,,Human3R,m0_strict_human3r,Seam-orientation_deg,9.85029616460316,11.15107173859052,-1.3007755739873605
aist__gKR_sBM_cAll_d30_mKR2_ch07__cs150,aist__gKR_sBM_cAll_d30_mKR2_ch07__cs150,,Human3R,m0_strict_human3r,Camera-rotation_deg,5.287703095073303,4.16553399398266,1.122169101090643
aist__gKR_sBM_cAll_d30_mKR2_ch07__cs150,aist__gKR_sBM_cAll_d30_mKR2_ch07__cs150,,Human3R,m0_strict_human3r,Camera-translation_m,1.8269685280142718,0.8194425661473155,1.0075259618669563
aist__gKR_sBM_cAll_d30_mKR2_ch07__cs150,aist__gKR_sBM_cAll_d30_mKR2_ch07__cs150,,Human3R,m0_strict_human3r,Coverage,0.98,1.0,0.020000000000000018
aist__gKR_sBM_cAll_d30_mKR2_ch07__cs150,aist__gKR_sBM_cAll_d30_mKR2_ch07__cs150,,BRIDGE3R,m15_bridge3r_fixed_v19,PA-MPJPE_mm,56.73230259447849,61.84374431192116,-5.111441717442666
aist__gKR_sBM_cAll_d30_mKR2_ch07__cs150,aist__gKR_sBM_cAll_d30_mKR2_ch07__cs150,,BRIDGE3R,m15_bridge3r_fixed_v19,Anchor-MPJPE_mm,767.0219383067167,272.69155022790187,494.33038807881485
aist__gKR_sBM_cAll_d30_mKR2_ch07__cs150,aist__gKR_sBM_cAll_d30_mKR2_ch07__cs150,,BRIDGE3R,m15_bridge3r_fixed_v19,Anchor-root_mm,753.9772868852708,248.40367654153033,505.5736103437405
aist__gKR_sBM_cAll_d30_mKR2_ch07__cs150,aist__gKR_sBM_cAll_d30_mKR2_ch07__cs150,,BRIDGE3R,m15_bridge3r_fixed_v19,Orientation_deg,9.868877710981499,6.6643853203238,3.204492390657699
aist__gKR_sBM_cAll_d30_mKR2_ch07__cs150,aist__gKR_sBM_cAll_d30_mKR2_ch07__cs150,,BRIDGE3R,m15_bridge3r_fixed_v19,Seam-root_mm,506.252808372095,363.6620830157584,142.59072535633658
aist__gKR_sBM_cAll_d30_mKR2_ch07__cs150,aist__gKR_sBM_cAll_d30_mKR2_ch07__cs150,,BRIDGE3R,m15_bridge3r_fixed_v19,Seam-orientation_deg,9.85029616460316,10.605751888096524,-0.7554557234933643
aist__gKR_sBM_cAll_d30_mKR2_ch07__cs150,aist__gKR_sBM_cAll_d30_mKR2_ch07__cs150,,BRIDGE3R,m15_bridge3r_fixed_v19,Camera-rotation_deg,5.287703095073303,2.759274868650125,2.5284282264231774
aist__gKR_sBM_cAll_d30_mKR2_ch07__cs150,aist__gKR_sBM_cAll_d30_mKR2_ch07__cs150,,BRIDGE3R,m15_bridge3r_fixed_v19,Camera-translation_m,1.8269685280142718,0.7045580238957493,1.1224105041185224
aist__gKR_sBM_cAll_d30_mKR2_ch07__cs150,aist__gKR_sBM_cAll_d30_mKR2_ch07__cs150,,BRIDGE3R,m15_bridge3r_fixed_v19,Coverage,0.98,1.0,0.020000000000000018
aist__gKR_sBM_cAll_d30_mKR2_ch08__cs150,aist__gKR_sBM_cAll_d30_mKR2_ch08__cs150,,Human3R,m0_strict_human3r,PA-MPJPE_mm,54.896817960577785,49.80472860735289,5.0920893532248925
aist__gKR_sBM_cAll_d30_mKR2_ch08__cs150,aist__gKR_sBM_cAll_d30_mKR2_ch08__cs150,,Human3R,m0_strict_human3r,Anchor-MPJPE_mm,380.9923959802807,299.68000212430195,81.31239385597877
aist__gKR_sBM_cAll_d30_mKR2_ch08__cs150,aist__gKR_sBM_cAll_d30_mKR2_ch08__cs150,,Human3R,m0_strict_human3r,Anchor-root_mm,363.46712362188265,214.80556359582036,148.6615600260623
aist__gKR_sBM_cAll_d30_mKR2_ch08__cs150,aist__gKR_sBM_cAll_d30_mKR2_ch08__cs150,,Human3R,m0_strict_human3r,Orientation_deg,52.258037957954336,48.57002407525522,3.688013882699117
aist__gKR_sBM_cAll_d30_mKR2_ch08__cs150,aist__gKR_sBM_cAll_d30_mKR2_ch08__cs150,,Human3R,m0_strict_human3r,Seam-root_mm,427.26393935029034,402.23506437429984,25.028874975990504
aist__gKR_sBM_cAll_d30_mKR2_ch08__cs150,aist__gKR_sBM_cAll_d30_mKR2_ch08__cs150,,Human3R,m0_strict_human3r,Seam-orientation_deg,44.8468674481013,88.68262537886412,-43.83575793076282
aist__gKR_sBM_cAll_d30_mKR2_ch08__cs150,aist__gKR_sBM_cAll_d30_mKR2_ch08__cs150,,Human3R,m0_strict_human3r,Camera-rotation_deg,89.69430234811976,92.35441984241822,-2.6601174942984613
aist__gKR_sBM_cAll_d30_mKR2_ch08__cs150,aist__gKR_sBM_cAll_d30_mKR2_ch08__cs150,,Human3R,m0_strict_human3r,Camera-translation_m,7.433135302179239,8.210095038388756,-0.7769597362095171
aist__gKR_sBM_cAll_d30_mKR2_ch08__cs150,aist__gKR_sBM_cAll_d30_mKR2_ch08__cs150,,Human3R,m0_strict_human3r,Coverage,0.98,1.0,0.020000000000000018
aist__gKR_sBM_cAll_d30_mKR2_ch08__cs150,aist__gKR_sBM_cAll_d30_mKR2_ch08__cs150,,BRIDGE3R,m15_bridge3r_fixed_v19,PA-MPJPE_mm,54.896817960577785,49.83994660580274,5.056871354775048
aist__gKR_sBM_cAll_d30_mKR2_ch08__cs150,aist__gKR_sBM_cAll_d30_mKR2_ch08__cs150,,BRIDGE3R,m15_bridge3r_fixed_v19,Anchor-MPJPE_mm,380.9923959802807,254.9380403667065,126.05435561357422
aist__gKR_sBM_cAll_d30_mKR2_ch08__cs150,aist__gKR_sBM_cAll_d30_mKR2_ch08__cs150,,BRIDGE3R,m15_bridge3r_fixed_v19,Anchor-root_mm,363.46712362188265,225.69337105217758,137.77375256970507
aist__gKR_sBM_cAll_d30_mKR2_ch08__cs150,aist__gKR_sBM_cAll_d30_mKR2_ch08__cs150,,BRIDGE3R,m15_bridge3r_fixed_v19,Orientation_deg,52.258037957954336,46.352356690562836,5.9056812673915005
aist__gKR_sBM_cAll_d30_mKR2_ch08__cs150,aist__gKR_sBM_cAll_d30_mKR2_ch08__cs150,,BRIDGE3R,m15_bridge3r_fixed_v19,Seam-root_mm,427.26393935029034,473.7780034612306,-46.51406411094024
aist__gKR_sBM_cAll_d30_mKR2_ch08__cs150,aist__gKR_sBM_cAll_d30_mKR2_ch08__cs150,,BRIDGE3R,m15_bridge3r_fixed_v19,Seam-orientation_deg,44.8468674481013,85.17914161289508,-40.33227416479378
aist__gKR_sBM_cAll_d30_mKR2_ch08__cs150,aist__gKR_sBM_cAll_d30_mKR2_ch08__cs150,,BRIDGE3R,m15_bridge3r_fixed_v19,Camera-rotation_deg,89.69430234811976,87.13468920736366,2.559613140756099
aist__gKR_sBM_cAll_d30_mKR2_ch08__cs150,aist__gKR_sBM_cAll_d30_mKR2_ch08__cs150,,BRIDGE3R,m15_bridge3r_fixed_v19,Camera-translation_m,7.433135302179239,7.587384748921589,-0.15424944674234986
aist__gKR_sBM_cAll_d30_mKR2_ch08__cs150,aist__gKR_sBM_cAll_d30_mKR2_ch08__cs150,,BRIDGE3R,m15_bridge3r_fixed_v19,Coverage,0.98,1.0,0.020000000000000018
aist__gKR_sBM_cAll_d30_mKR3_ch02__cs150,aist__gKR_sBM_cAll_d30_mKR3_ch02__cs150,,Human3R,m0_strict_human3r,PA-MPJPE_mm,63.00888709947717,54.22442948237582,8.784457617101353
aist__gKR_sBM_cAll_d30_mKR3_ch02__cs150,aist__gKR_sBM_cAll_d30_mKR3_ch02__cs150,,Human3R,m0_strict_human3r,Anchor-MPJPE_mm,484.7400710583601,311.9949369856104,172.7451340727497
aist__gKR_sBM_cAll_d30_mKR3_ch02__cs150,aist__gKR_sBM_cAll_d30_mKR3_ch02__cs150,,Human3R,m0_strict_human3r,Anchor-root_mm,504.6526496762841,289.8323611071487,214.8202885691354
aist__gKR_sBM_cAll_d30_mKR3_ch02__cs150,aist__gKR_sBM_cAll_d30_mKR3_ch02__cs150,,Human3R,m0_strict_human3r,Orientation_deg,52.77093799690606,53.98521158215108,-1.2142735852450173
aist__gKR_sBM_cAll_d30_mKR3_ch02__cs150,aist__gKR_sBM_cAll_d30_mKR3_ch02__cs150,,Human3R,m0_strict_human3r,Seam-root_mm,707.1195094187602,781.1014984520165,-73.98198903325624
aist__gKR_sBM_cAll_d30_mKR3_ch02__cs150,aist__gKR_sBM_cAll_d30_mKR3_ch02__cs150,,Human3R,m0_strict_human3r,Seam-orientation_deg,33.16772786548669,98.63355318298413,-65.46582531749743
aist__gKR_sBM_cAll_d30_mKR3_ch02__cs150,aist__gKR_sBM_cAll_d30_mKR3_ch02__cs150,,Human3R,m0_strict_human3r,Camera-rotation_deg,88.74206984179517,93.10478179470276,-4.362711952907588
aist__gKR_sBM_cAll_d30_mKR3_ch02__cs150,aist__gKR_sBM_cAll_d30_mKR3_ch02__cs150,,Human3R,m0_strict_human3r,Camera-translation_m,6.842204006903538,7.9970538375092595,-1.1548498306057216
aist__gKR_sBM_cAll_d30_mKR3_ch02__cs150,aist__gKR_sBM_cAll_d30_mKR3_ch02__cs150,,Human3R,m0_strict_human3r,Coverage,0.98,1.0,0.020000000000000018
aist__gKR_sBM_cAll_d30_mKR3_ch02__cs150,aist__gKR_sBM_cAll_d30_mKR3_ch02__cs150,,BRIDGE3R,m15_bridge3r_fixed_v19,PA-MPJPE_mm,63.00888709947717,54.39091789848503,8.617969200992142
aist__gKR_sBM_cAll_d30_mKR3_ch02__cs150,aist__gKR_sBM_cAll_d30_mKR3_ch02__cs150,,BRIDGE3R,m15_bridge3r_fixed_v19,Anchor-MPJPE_mm,484.7400710583601,1780.419924120366,-1295.6798530620058
aist__gKR_sBM_cAll_d30_mKR3_ch02__cs150,aist__gKR_sBM_cAll_d30_mKR3_ch02__cs150,,BRIDGE3R,m15_bridge3r_fixed_v19,Anchor-root_mm,504.6526496762841,1775.0646019885844,-1270.4119523123004
aist__gKR_sBM_cAll_d30_mKR3_ch02__cs150,aist__gKR_sBM_cAll_d30_mKR3_ch02__cs150,,BRIDGE3R,m15_bridge3r_fixed_v19,Orientation_deg,52.77093799690606,19.433036555784746,33.33790144112132
aist__gKR_sBM_cAll_d30_mKR3_ch02__cs150,aist__gKR_sBM_cAll_d30_mKR3_ch02__cs150,,BRIDGE3R,m15_bridge3r_fixed_v19,Seam-root_mm,707.1195094187602,3556.9448650206673,-2849.825355601907
aist__gKR_sBM_cAll_d30_mKR3_ch02__cs150,aist__gKR_sBM_cAll_d30_mKR3_ch02__cs150,,BRIDGE3R,m15_bridge3r_fixed_v19,Seam-orientation_deg,33.16772786548669,28.636758270020533,4.530969595466157
aist__gKR_sBM_cAll_d30_mKR3_ch02__cs150,aist__gKR_sBM_cAll_d30_mKR3_ch02__cs150,,BRIDGE3R,m15_bridge3r_fixed_v19,Camera-rotation_deg,88.74206984179517,37.65465779289342,51.087412048901754
aist__gKR_sBM_cAll_d30_mKR3_ch02__cs150,aist__gKR_sBM_cAll_d30_mKR3_ch02__cs150,,BRIDGE3R,m15_bridge3r_fixed_v19,Camera-translation_m,6.842204006903538,2.8797511398140703,3.9624528670894676
aist__gKR_sBM_cAll_d30_mKR3_ch02__cs150,aist__gKR_sBM_cAll_d30_mKR3_ch02__cs150,,BRIDGE3R,m15_bridge3r_fixed_v19,Coverage,0.98,1.0,0.020000000000000018
aist__gKR_sBM_cAll_d30_mKR4_ch01__cs150,aist__gKR_sBM_cAll_d30_mKR4_ch01__cs150,,Human3R,m0_strict_human3r,PA-MPJPE_mm,57.00690432553028,61.44262841544404,-4.435724089913762
aist__gKR_sBM_cAll_d30_mKR4_ch01__cs150,aist__gKR_sBM_cAll_d30_mKR4_ch01__cs150,,Human3R,m0_strict_human3r,Anchor-MPJPE_mm,410.4860726402296,399.69032074848275,10.795751891746875
aist__gKR_sBM_cAll_d30_mKR4_ch01__cs150,aist__gKR_sBM_cAll_d30_mKR4_ch01__cs150,,Human3R,m0_strict_human3r,Anchor-root_mm,277.06100390544265,327.86583954306144,-50.804835637618794
aist__gKR_sBM_cAll_d30_mKR4_ch01__cs150,aist__gKR_sBM_cAll_d30_mKR4_ch01__cs150,,Human3R,m0_strict_human3r,Orientation_deg,76.48091965196895,48.2958811229374,28.185038529031544
aist__gKR_sBM_cAll_d30_mKR4_ch01__cs150,aist__gKR_sBM_cAll_d30_mKR4_ch01__cs150,,Human3R,m0_strict_human3r,Seam-root_mm,709.4856169411833,2313.3757999063923,-1603.890182965209
aist__gKR_sBM_cAll_d30_mKR4_ch01__cs150,aist__gKR_sBM_cAll_d30_mKR4_ch01__cs150,,Human3R,m0_strict_human3r,Seam-orientation_deg,90.80302941483045,164.05902950941334,-73.25600009458289
aist__gKR_sBM_cAll_d30_mKR4_ch01__cs150,aist__gKR_sBM_cAll_d30_mKR4_ch01__cs150,,Human3R,m0_strict_human3r,Camera-rotation_deg,135.07596666368283,96.37397784176082,38.701988821922015
aist__gKR_sBM_cAll_d30_mKR4_ch01__cs150,aist__gKR_sBM_cAll_d30_mKR4_ch01__cs150,,Human3R,m0_strict_human3r,Camera-translation_m,9.277778083107473,7.284516644416507,1.9932614386909657
aist__gKR_sBM_cAll_d30_mKR4_ch01__cs150,aist__gKR_sBM_cAll_d30_mKR4_ch01__cs150,,Human3R,m0_strict_human3r,Coverage,0.98,1.0,0.020000000000000018
aist__gKR_sBM_cAll_d30_mKR4_ch01__cs150,aist__gKR_sBM_cAll_d30_mKR4_ch01__cs150,,BRIDGE3R,m15_bridge3r_fixed_v19,PA-MPJPE_mm,57.00690432553028,61.56786077465901,-4.5609564491287315
aist__gKR_sBM_cAll_d30_mKR4_ch01__cs150,aist__gKR_sBM_cAll_d30_mKR4_ch01__cs150,,BRIDGE3R,m15_bridge3r_fixed_v19,Anchor-MPJPE_mm,410.4860726402296,417.0649500922198,-6.578877451990195
aist__gKR_sBM_cAll_d30_mKR4_ch01__cs150,aist__gKR_sBM_cAll_d30_mKR4_ch01__cs150,,BRIDGE3R,m15_bridge3r_fixed_v19,Anchor-root_mm,277.06100390544265,387.09525267161985,-110.0342487661772
aist__gKR_sBM_cAll_d30_mKR4_ch01__cs150,aist__gKR_sBM_cAll_d30_mKR4_ch01__cs150,,BRIDGE3R,m15_bridge3r_fixed_v19,Orientation_deg,76.48091965196895,45.962956789617586,30.51796286235136
aist__gKR_sBM_cAll_d30_mKR4_ch01__cs150,aist__gKR_sBM_cAll_d30_mKR4_ch01__cs150,,BRIDGE3R,m15_bridge3r_fixed_v19,Seam-root_mm,709.4856169411833,628.2562140217553,81.22940291942791
aist__gKR_sBM_cAll_d30_mKR4_ch01__cs150,aist__gKR_sBM_cAll_d30_mKR4_ch01__cs150,,BRIDGE3R,m15_bridge3r_fixed_v19,Seam-orientation_deg,90.80302941483045,84.09788831481737,6.70514110001308
aist__gKR_sBM_cAll_d30_mKR4_ch01__cs150,aist__gKR_sBM_cAll_d30_mKR4_ch01__cs150,,BRIDGE3R,m15_bridge3r_fixed_v19,Camera-rotation_deg,135.07596666368283,92.37524964787124,42.70071701581159
aist__gKR_sBM_cAll_d30_mKR4_ch01__cs150,aist__gKR_sBM_cAll_d30_mKR4_ch01__cs150,,BRIDGE3R,m15_bridge3r_fixed_v19,Camera-translation_m,9.277778083107473,6.441890031480351,2.835888051627122
aist__gKR_sBM_cAll_d30_mKR4_ch01__cs150,aist__gKR_sBM_cAll_d30_mKR4_ch01__cs150,,BRIDGE3R,m15_bridge3r_fixed_v19,Coverage,0.98,1.0,0.020000000000000018
aist__gKR_sBM_cAll_d30_mKR4_ch02__cs150,aist__gKR_sBM_cAll_d30_mKR4_ch02__cs150,,Human3R,m0_strict_human3r,PA-MPJPE_mm,62.41516679861151,59.22377965500452,3.1913871436069883
aist__gKR_sBM_cAll_d30_mKR4_ch02__cs150,aist__gKR_sBM_cAll_d30_mKR4_ch02__cs150,,Human3R,m0_strict_human3r,Anchor-MPJPE_mm,269.1283174013499,295.5373997481212,-26.4090823467713
aist__gKR_sBM_cAll_d30_mKR4_ch02__cs150,aist__gKR_sBM_cAll_d30_mKR4_ch02__cs150,,Human3R,m0_strict_human3r,Anchor-root_mm,181.04950768431587,228.395378588722,-47.34587090440613
aist__gKR_sBM_cAll_d30_mKR4_ch02__cs150,aist__gKR_sBM_cAll_d30_mKR4_ch02__cs150,,Human3R,m0_strict_human3r,Orientation_deg,52.94606498565357,51.17803818796976,1.7680267976838095
aist__gKR_sBM_cAll_d30_mKR4_ch02__cs150,aist__gKR_sBM_cAll_d30_mKR4_ch02__cs150,,Human3R,m0_strict_human3r,Seam-root_mm,154.7393532877417,722.6211592711705,-567.8818059834289
aist__gKR_sBM_cAll_d30_mKR4_ch02__cs150,aist__gKR_sBM_cAll_d30_mKR4_ch02__cs150,,Human3R,m0_strict_human3r,Seam-orientation_deg,35.81210373841557,90.5247226564462,-54.71261891803063
aist__gKR_sBM_cAll_d30_mKR4_ch02__cs150,aist__gKR_sBM_cAll_d30_mKR4_ch02__cs150,,Human3R,m0_strict_human3r,Camera-rotation_deg,89.61587246971062,92.5294955663773,-2.913623096666683
aist__gKR_sBM_cAll_d30_mKR4_ch02__cs150,aist__gKR_sBM_cAll_d30_mKR4_ch02__cs150,,Human3R,m0_strict_human3r,Camera-translation_m,7.626794529452241,8.07893478078985,-0.45214025133761027
aist__gKR_sBM_cAll_d30_mKR4_ch02__cs150,aist__gKR_sBM_cAll_d30_mKR4_ch02__cs150,,Human3R,m0_strict_human3r,Coverage,0.98,1.0,0.020000000000000018
aist__gKR_sBM_cAll_d30_mKR4_ch02__cs150,aist__gKR_sBM_cAll_d30_mKR4_ch02__cs150,,BRIDGE3R,m15_bridge3r_fixed_v19,PA-MPJPE_mm,62.41516679861151,59.55346205811758,2.861704740493927
aist__gKR_sBM_cAll_d30_mKR4_ch02__cs150,aist__gKR_sBM_cAll_d30_mKR4_ch02__cs150,,BRIDGE3R,m15_bridge3r_fixed_v19,Anchor-MPJPE_mm,269.1283174013499,736.8061088901261,-467.6777914887762
aist__gKR_sBM_cAll_d30_mKR4_ch02__cs150,aist__gKR_sBM_cAll_d30_mKR4_ch02__cs150,,BRIDGE3R,m15_bridge3r_fixed_v19,Anchor-root_mm,181.04950768431587,738.1248260491815,-557.0753183648656
aist__gKR_sBM_cAll_d30_mKR4_ch02__cs150,aist__gKR_sBM_cAll_d30_mKR4_ch02__cs150,,BRIDGE3R,m15_bridge3r_fixed_v19,Orientation_deg,52.94606498565357,36.39842553582447,16.5476394498291
aist__gKR_sBM_cAll_d30_mKR4_ch02__cs150,aist__gKR_sBM_cAll_d30_mKR4_ch02__cs150,,BRIDGE3R,m15_bridge3r_fixed_v19,Seam-root_mm,154.7393532877417,1487.960823132889,-1333.221469845147
aist__gKR_sBM_cAll_d30_mKR4_ch02__cs150,aist__gKR_sBM_cAll_d30_mKR4_ch02__cs150,,BRIDGE3R,m15_bridge3r_fixed_v19,Seam-orientation_deg,35.81210373841557,63.05059416307574,-27.23849042466017
aist__gKR_sBM_cAll_d30_mKR4_ch02__cs150,aist__gKR_sBM_cAll_d30_mKR4_ch02__cs150,,BRIDGE3R,m15_bridge3r_fixed_v19,Camera-rotation_deg,89.61587246971062,62.25615268280851,27.35971978690211
aist__gKR_sBM_cAll_d30_mKR4_ch02__cs150,aist__gKR_sBM_cAll_d30_mKR4_ch02__cs150,,BRIDGE3R,m15_bridge3r_fixed_v19,Camera-translation_m,7.626794529452241,6.105412020544445,1.521382508907796
aist__gKR_sBM_cAll_d30_mKR4_ch02__cs150,aist__gKR_sBM_cAll_d30_mKR4_ch02__cs150,,BRIDGE3R,m15_bridge3r_fixed_v19,Coverage,0.98,1.0,0.020000000000000018
aist__gKR_sFM_cAll_d30_mKR2_ch17__cs150,aist__gKR_sFM_cAll_d30_mKR2_ch17__cs150,,Human3R,m0_strict_human3r,PA-MPJPE_mm,57.17877907110953,57.61800477715558,-0.43922570604605227
aist__gKR_sFM_cAll_d30_mKR2_ch17__cs150,aist__gKR_sFM_cAll_d30_mKR2_ch17__cs150,,Human3R,m0_strict_human3r,Anchor-MPJPE_mm,307.1917972253684,283.3129691138183,23.878828111550092
aist__gKR_sFM_cAll_d30_mKR2_ch17__cs150,aist__gKR_sFM_cAll_d30_mKR2_ch17__cs150,,Human3R,m0_strict_human3r,Anchor-root_mm,257.3515923520871,197.88062540063538,59.470966951451715
aist__gKR_sFM_cAll_d30_mKR2_ch17__cs150,aist__gKR_sFM_cAll_d30_mKR2_ch17__cs150,,Human3R,m0_strict_human3r,Orientation_deg,53.14373416655811,53.63722959703143,-0.4934954304733168
aist__gKR_sFM_cAll_d30_mKR2_ch17__cs150,aist__gKR_sFM_cAll_d30_mKR2_ch17__cs150,,Human3R,m0_strict_human3r,Seam-root_mm,475.7174751502933,462.861598494494,12.855876655799307
aist__gKR_sFM_cAll_d30_mKR2_ch17__cs150,aist__gKR_sFM_cAll_d30_mKR2_ch17__cs150,,Human3R,m0_strict_human3r,Seam-orientation_deg,44.405382494383,83.93466579412008,-39.52928329973708
aist__gKR_sFM_cAll_d30_mKR2_ch17__cs150,aist__gKR_sFM_cAll_d30_mKR2_ch17__cs150,,Human3R,m0_strict_human3r,Camera-rotation_deg,89.86216598183186,95.37888029922273,-5.516714317390864
aist__gKR_sFM_cAll_d30_mKR2_ch17__cs150,aist__gKR_sFM_cAll_d30_mKR2_ch17__cs150,,Human3R,m0_strict_human3r,Camera-translation_m,7.310811263689123,8.488887782811132,-1.1780765191220084
aist__gKR_sFM_cAll_d30_mKR2_ch17__cs150,aist__gKR_sFM_cAll_d30_mKR2_ch17__cs150,,Human3R,m0_strict_human3r,Coverage,0.98,1.0,0.020000000000000018
aist__gKR_sFM_cAll_d30_mKR2_ch17__cs150,aist__gKR_sFM_cAll_d30_mKR2_ch17__cs150,,BRIDGE3R,m15_bridge3r_fixed_v19,PA-MPJPE_mm,57.17877907110953,57.29702296576965,-0.11824389466011809
aist__gKR_sFM_cAll_d30_mKR2_ch17__cs150,aist__gKR_sFM_cAll_d30_mKR2_ch17__cs150,,BRIDGE3R,m15_bridge3r_fixed_v19,Anchor-MPJPE_mm,307.1917972253684,737.728310975952,-430.5365137505836
aist__gKR_sFM_cAll_d30_mKR2_ch17__cs150,aist__gKR_sFM_cAll_d30_mKR2_ch17__cs150,,BRIDGE3R,m15_bridge3r_fixed_v19,Anchor-root_mm,257.3515923520871,725.8006056465529,-468.4490132944658
aist__gKR_sFM_cAll_d30_mKR2_ch17__cs150,aist__gKR_sFM_cAll_d30_mKR2_ch17__cs150,,BRIDGE3R,m15_bridge3r_fixed_v19,Orientation_deg,53.14373416655811,18.986140280176347,34.15759388638176
aist__gKR_sFM_cAll_d30_mKR2_ch17__cs150,aist__gKR_sFM_cAll_d30_mKR2_ch17__cs150,,BRIDGE3R,m15_bridge3r_fixed_v19,Seam-root_mm,475.7174751502933,1422.3007611229514,-946.5832859726581
aist__gKR_sFM_cAll_d30_mKR2_ch17__cs150,aist__gKR_sFM_cAll_d30_mKR2_ch17__cs150,,BRIDGE3R,m15_bridge3r_fixed_v19,Seam-orientation_deg,44.405382494383,27.564197783921035,16.841184710461963
aist__gKR_sFM_cAll_d30_mKR2_ch17__cs150,aist__gKR_sFM_cAll_d30_mKR2_ch17__cs150,,BRIDGE3R,m15_bridge3r_fixed_v19,Camera-rotation_deg,89.86216598183186,23.257592365351623,66.60457361648024
aist__gKR_sFM_cAll_d30_mKR2_ch17__cs150,aist__gKR_sFM_cAll_d30_mKR2_ch17__cs150,,BRIDGE3R,m15_bridge3r_fixed_v19,Camera-translation_m,7.310811263689123,3.120961950660431,4.189849313028692
aist__gKR_sFM_cAll_d30_mKR2_ch17__cs150,aist__gKR_sFM_cAll_d30_mKR2_ch17__cs150,,BRIDGE3R,m15_bridge3r_fixed_v19,Coverage,0.98,1.0,0.020000000000000018
aist__gLH_sBM_cAll_d18_mLH2_ch01__cs150,aist__gLH_sBM_cAll_d18_mLH2_ch01__cs150,,Human3R,m0_strict_human3r,PA-MPJPE_mm,52.95005531971878,51.289714848647506,1.6603404710712724
aist__gLH_sBM_cAll_d18_mLH2_ch01__cs150,aist__gLH_sBM_cAll_d18_mLH2_ch01__cs150,,Human3R,m0_strict_human3r,Anchor-MPJPE_mm,457.0580118158546,664.9004174679758,-207.84240565212116
aist__gLH_sBM_cAll_d18_mLH2_ch01__cs150,aist__gLH_sBM_cAll_d18_mLH2_ch01__cs150,,Human3R,m0_strict_human3r,Anchor-root_mm,405.5482321542236,640.0576889144074,-234.5094567601838
aist__gLH_sBM_cAll_d18_mLH2_ch01__cs150,aist__gLH_sBM_cAll_d18_mLH2_ch01__cs150,,Human3R,m0_strict_human3r,Orientation_deg,54.73831200230311,48.240848325230466,6.497463677072645
aist__gLH_sBM_cAll_d18_mLH2_ch01__cs150,aist__gLH_sBM_cAll_d18_mLH2_ch01__cs150,,Human3R,m0_strict_human3r,Seam-root_mm,234.84715123401463,217.56211414206427,17.285037091950358
aist__gLH_sBM_cAll_d18_mLH2_ch01__cs150,aist__gLH_sBM_cAll_d18_mLH2_ch01__cs150,,Human3R,m0_strict_human3r,Seam-orientation_deg,45.146523859929566,82.44618548935223,-37.299661629422665
aist__gLH_sBM_cAll_d18_mLH2_ch01__cs150,aist__gLH_sBM_cAll_d18_mLH2_ch01__cs150,,Human3R,m0_strict_human3r,Camera-rotation_deg,90.63394242033078,85.09090868759735,5.543033732733434
aist__gLH_sBM_cAll_d18_mLH2_ch01__cs150,aist__gLH_sBM_cAll_d18_mLH2_ch01__cs150,,Human3R,m0_strict_human3r,Camera-translation_m,6.999688935701672,7.7529115544391365,-0.7532226187374649
aist__gLH_sBM_cAll_d18_mLH2_ch01__cs150,aist__gLH_sBM_cAll_d18_mLH2_ch01__cs150,,Human3R,m0_strict_human3r,Coverage,0.98,1.0,0.020000000000000018
aist__gLH_sBM_cAll_d18_mLH2_ch01__cs150,aist__gLH_sBM_cAll_d18_mLH2_ch01__cs150,,BRIDGE3R,m15_bridge3r_fixed_v19,PA-MPJPE_mm,52.95005531971878,50.965443550097675,1.9846117696211039
aist__gLH_sBM_cAll_d18_mLH2_ch01__cs150,aist__gLH_sBM_cAll_d18_mLH2_ch01__cs150,,BRIDGE3R,m15_bridge3r_fixed_v19,Anchor-MPJPE_mm,457.0580118158546,559.198701411815,-102.1406895959604
aist__gLH_sBM_cAll_d18_mLH2_ch01__cs150,aist__gLH_sBM_cAll_d18_mLH2_ch01__cs150,,BRIDGE3R,m15_bridge3r_fixed_v19,Anchor-root_mm,405.5482321542236,560.5284641837758,-154.98023202955216
aist__gLH_sBM_cAll_d18_mLH2_ch01__cs150,aist__gLH_sBM_cAll_d18_mLH2_ch01__cs150,,BRIDGE3R,m15_bridge3r_fixed_v19,Orientation_deg,54.73831200230311,8.204008052044024,46.53430395025909
aist__gLH_sBM_cAll_d18_mLH2_ch01__cs150,aist__gLH_sBM_cAll_d18_mLH2_ch01__cs150,,BRIDGE3R,m15_bridge3r_fixed_v19,Seam-root_mm,234.84715123401463,1047.7467031668277,-812.8995519328131
aist__gLH_sBM_cAll_d18_mLH2_ch01__cs150,aist__gLH_sBM_cAll_d18_mLH2_ch01__cs150,,BRIDGE3R,m15_bridge3r_fixed_v19,Seam-orientation_deg,45.146523859929566,8.968558185952286,36.17796567397728
aist__gLH_sBM_cAll_d18_mLH2_ch01__cs150,aist__gLH_sBM_cAll_d18_mLH2_ch01__cs150,,BRIDGE3R,m15_bridge3r_fixed_v19,Camera-rotation_deg,90.63394242033078,7.523067798951796,83.11087462137898
aist__gLH_sBM_cAll_d18_mLH2_ch01__cs150,aist__gLH_sBM_cAll_d18_mLH2_ch01__cs150,,BRIDGE3R,m15_bridge3r_fixed_v19,Camera-translation_m,6.999688935701672,0.6564348861759067,6.343254049525765
aist__gLH_sBM_cAll_d18_mLH2_ch01__cs150,aist__gLH_sBM_cAll_d18_mLH2_ch01__cs150,,BRIDGE3R,m15_bridge3r_fixed_v19,Coverage,0.98,1.0,0.020000000000000018
aist__gLH_sBM_cAll_d18_mLH2_ch02__cs150,aist__gLH_sBM_cAll_d18_mLH2_ch02__cs150,,Human3R,m0_strict_human3r,PA-MPJPE_mm,59.88715004747827,52.552327757444004,7.334822290034268
aist__gLH_sBM_cAll_d18_mLH2_ch02__cs150,aist__gLH_sBM_cAll_d18_mLH2_ch02__cs150,,Human3R,m0_strict_human3r,Anchor-MPJPE_mm,430.1560373274219,261.0149085862062,169.1411287412157
aist__gLH_sBM_cAll_d18_mLH2_ch02__cs150,aist__gLH_sBM_cAll_d18_mLH2_ch02__cs150,,Human3R,m0_strict_human3r,Anchor-root_mm,409.4347318880462,246.74071241589948,162.69401947214672
aist__gLH_sBM_cAll_d18_mLH2_ch02__cs150,aist__gLH_sBM_cAll_d18_mLH2_ch02__cs150,,Human3R,m0_strict_human3r,Orientation_deg,19.350474693411936,9.17180684286238,10.178667850549557
aist__gLH_sBM_cAll_d18_mLH2_ch02__cs150,aist__gLH_sBM_cAll_d18_mLH2_ch02__cs150,,Human3R,m0_strict_human3r,Seam-root_mm,252.16094125495403,643.1506835182362,-390.98974226328215
aist__gLH_sBM_cAll_d18_mLH2_ch02__cs150,aist__gLH_sBM_cAll_d18_mLH2_ch02__cs150,,Human3R,m0_strict_human3r,Seam-orientation_deg,19.97337560275255,4.241855258578186,15.731520344174365
aist__gLH_sBM_cAll_d18_mLH2_ch02__cs150,aist__gLH_sBM_cAll_d18_mLH2_ch02__cs150,,Human3R,m0_strict_human3r,Camera-rotation_deg,33.31029982996953,7.291659762158114,26.01864006781142
aist__gLH_sBM_cAll_d18_mLH2_ch02__cs150,aist__gLH_sBM_cAll_d18_mLH2_ch02__cs150,,Human3R,m0_strict_human3r,Camera-translation_m,3.1591187288553626,1.1031632456341247,2.055955483221238
aist__gLH_sBM_cAll_d18_mLH2_ch02__cs150,aist__gLH_sBM_cAll_d18_mLH2_ch02__cs150,,Human3R,m0_strict_human3r,Coverage,0.9933333333333333,1.0,0.00666666666666671
aist__gLH_sBM_cAll_d18_mLH2_ch02__cs150,aist__gLH_sBM_cAll_d18_mLH2_ch02__cs150,,BRIDGE3R,m15_bridge3r_fixed_v19,PA-MPJPE_mm,59.88715004747827,52.43031025712086,7.456839790357414
aist__gLH_sBM_cAll_d18_mLH2_ch02__cs150,aist__gLH_sBM_cAll_d18_mLH2_ch02__cs150,,BRIDGE3R,m15_bridge3r_fixed_v19,Anchor-MPJPE_mm,430.1560373274219,739.9057733072833,-309.7497359798614
aist__gLH_sBM_cAll_d18_mLH2_ch02__cs150,aist__gLH_sBM_cAll_d18_mLH2_ch02__cs150,,BRIDGE3R,m15_bridge3r_fixed_v19,Anchor-root_mm,409.4347318880462,736.0204507753797,-326.5857188873335
aist__gLH_sBM_cAll_d18_mLH2_ch02__cs150,aist__gLH_sBM_cAll_d18_mLH2_ch02__cs150,,BRIDGE3R,m15_bridge3r_fixed_v19,Orientation_deg,19.350474693411936,44.890077452472454,-25.539602759060518
aist__gLH_sBM_cAll_d18_mLH2_ch02__cs150,aist__gLH_sBM_cAll_d18_mLH2_ch02__cs150,,BRIDGE3R,m15_bridge3r_fixed_v19,Seam-root_mm,252.16094125495403,1053.6327060653537,-801.4717648103997
aist__gLH_sBM_cAll_d18_mLH2_ch02__cs150,aist__gLH_sBM_cAll_d18_mLH2_ch02__cs150,,BRIDGE3R,m15_bridge3r_fixed_v19,Seam-orientation_deg,19.97337560275255,76.3536427387178,-56.38026713596524
aist__gLH_sBM_cAll_d18_mLH2_ch02__cs150,aist__gLH_sBM_cAll_d18_mLH2_ch02__cs150,,BRIDGE3R,m15_bridge3r_fixed_v19,Camera-rotation_deg,33.31029982996953,81.68875645586947,-48.378456625899936
aist__gLH_sBM_cAll_d18_mLH2_ch02__cs150,aist__gLH_sBM_cAll_d18_mLH2_ch02__cs150,,BRIDGE3R,m15_bridge3r_fixed_v19,Camera-translation_m,3.1591187288553626,5.564591535072175,-2.4054728062168125
aist__gLH_sBM_cAll_d18_mLH2_ch02__cs150,aist__gLH_sBM_cAll_d18_mLH2_ch02__cs150,,BRIDGE3R,m15_bridge3r_fixed_v19,Coverage,0.9933333333333333,1.0,0.00666666666666671
aist__gLH_sBM_cAll_d18_mLH3_ch01__cs150,aist__gLH_sBM_cAll_d18_mLH3_ch01__cs150,,Human3R,m0_strict_human3r,PA-MPJPE_mm,59.3911661496506,55.19949692188943,4.1916692277611745
aist__gLH_sBM_cAll_d18_mLH3_ch01__cs150,aist__gLH_sBM_cAll_d18_mLH3_ch01__cs150,,Human3R,m0_strict_human3r,Anchor-MPJPE_mm,446.39068491957175,786.5841945561137,-340.193509636542
aist__gLH_sBM_cAll_d18_mLH3_ch01__cs150,aist__gLH_sBM_cAll_d18_mLH3_ch01__cs150,,Human3R,m0_strict_human3r,Anchor-root_mm,417.4437087501833,775.4450916198498,-358.0013828696665
aist__gLH_sBM_cAll_d18_mLH3_ch01__cs150,aist__gLH_sBM_cAll_d18_mLH3_ch01__cs150,,Human3R,m0_strict_human3r,Orientation_deg,48.90046359806893,42.540146480996796,6.360317117072135
aist__gLH_sBM_cAll_d18_mLH3_ch01__cs150,aist__gLH_sBM_cAll_d18_mLH3_ch01__cs150,,Human3R,m0_strict_human3r,Seam-root_mm,,554.0353794699164,
aist__gLH_sBM_cAll_d18_mLH3_ch01__cs150,aist__gLH_sBM_cAll_d18_mLH3_ch01__cs150,,Human3R,m0_strict_human3r,Seam-orientation_deg,,78.87423863819502,
aist__gLH_sBM_cAll_d18_mLH3_ch01__cs150,aist__gLH_sBM_cAll_d18_mLH3_ch01__cs150,,Human3R,m0_strict_human3r,Camera-rotation_deg,90.04558350450603,84.86699810784997,5.178585396656061
aist__gLH_sBM_cAll_d18_mLH3_ch01__cs150,aist__gLH_sBM_cAll_d18_mLH3_ch01__cs150,,Human3R,m0_strict_human3r,Camera-translation_m,7.115486153651595,7.912440773660566,-0.7969546200089708
aist__gLH_sBM_cAll_d18_mLH3_ch01__cs150,aist__gLH_sBM_cAll_d18_mLH3_ch01__cs150,,Human3R,m0_strict_human3r,Coverage,0.9733333333333334,1.0,0.026666666666666616
aist__gLH_sBM_cAll_d18_mLH3_ch01__cs150,aist__gLH_sBM_cAll_d18_mLH3_ch01__cs150,,BRIDGE3R,m15_bridge3r_fixed_v19,PA-MPJPE_mm,59.3911661496506,54.92159228533201,4.4695738643185905
aist__gLH_sBM_cAll_d18_mLH3_ch01__cs150,aist__gLH_sBM_cAll_d18_mLH3_ch01__cs150,,BRIDGE3R,m15_bridge3r_fixed_v19,Anchor-MPJPE_mm,446.39068491957175,559.7143136097718,-113.32362869020005
aist__gLH_sBM_cAll_d18_mLH3_ch01__cs150,aist__gLH_sBM_cAll_d18_mLH3_ch01__cs150,,BRIDGE3R,m15_bridge3r_fixed_v19,Anchor-root_mm,417.4437087501833,558.9600764423952,-141.51636769221193
aist__gLH_sBM_cAll_d18_mLH3_ch01__cs150,aist__gLH_sBM_cAll_d18_mLH3_ch01__cs150,,BRIDGE3R,m15_bridge3r_fixed_v19,Orientation_deg,48.90046359806893,10.96664829316925,37.93381530489968
aist__gLH_sBM_cAll_d18_mLH3_ch01__cs150,aist__gLH_sBM_cAll_d18_mLH3_ch01__cs150,,BRIDGE3R,m15_bridge3r_fixed_v19,Seam-root_mm,,1040.8460107915503,
aist__gLH_sBM_cAll_d18_mLH3_ch01__cs150,aist__gLH_sBM_cAll_d18_mLH3_ch01__cs150,,BRIDGE3R,m15_bridge3r_fixed_v19,Seam-orientation_deg,,14.54272457943851,
aist__gLH_sBM_cAll_d18_mLH3_ch01__cs150,aist__gLH_sBM_cAll_d18_mLH3_ch01__cs150,,BRIDGE3R,m15_bridge3r_fixed_v19,Camera-rotation_deg,90.04558350450603,5.553075614505937,84.49250789000008
aist__gLH_sBM_cAll_d18_mLH3_ch01__cs150,aist__gLH_sBM_cAll_d18_mLH3_ch01__cs150,,BRIDGE3R,m15_bridge3r_fixed_v19,Camera-translation_m,7.115486153651595,0.6528903625661794,6.462595791085416
aist__gLH_sBM_cAll_d18_mLH3_ch01__cs150,aist__gLH_sBM_cAll_d18_mLH3_ch01__cs150,,BRIDGE3R,m15_bridge3r_fixed_v19,Coverage,0.9733333333333334,1.0,0.026666666666666616
aist__gLH_sBM_cAll_d18_mLH3_ch02__cs150,aist__gLH_sBM_cAll_d18_mLH3_ch02__cs150,,Human3R,m0_strict_human3r,PA-MPJPE_mm,60.81134794651262,57.82350313296452,2.987844813548101
aist__gLH_sBM_cAll_d18_mLH3_ch02__cs150,aist__gLH_sBM_cAll_d18_mLH3_ch02__cs150,,Human3R,m0_strict_human3r,Anchor-MPJPE_mm,465.14547913503867,247.58076639624235,217.56471273879632
aist__gLH_sBM_cAll_d18_mLH3_ch02__cs150,aist__gLH_sBM_cAll_d18_mLH3_ch02__cs150,,Human3R,m0_strict_human3r,Anchor-root_mm,430.2834912466771,175.12882391205548,255.15466733462162
aist__gLH_sBM_cAll_d18_mLH3_ch02__cs150,aist__gLH_sBM_cAll_d18_mLH3_ch02__cs150,,Human3R,m0_strict_human3r,Orientation_deg,73.67204307992495,49.83204802816861,23.83999505175634
aist__gLH_sBM_cAll_d18_mLH3_ch02__cs150,aist__gLH_sBM_cAll_d18_mLH3_ch02__cs150,,Human3R,m0_strict_human3r,Seam-root_mm,424.9081029079466,934.169614917852,-509.26151200990535
aist__gLH_sBM_cAll_d18_mLH3_ch02__cs150,aist__gLH_sBM_cAll_d18_mLH3_ch02__cs150,,Human3R,m0_strict_human3r,Seam-orientation_deg,72.04593073465102,98.76075456473446,-26.714823830083432
aist__gLH_sBM_cAll_d18_mLH3_ch02__cs150,aist__gLH_sBM_cAll_d18_mLH3_ch02__cs150,,Human3R,m0_strict_human3r,Camera-rotation_deg,135.51166676736378,95.7334580589132,39.77820870845058
aist__gLH_sBM_cAll_d18_mLH3_ch02__cs150,aist__gLH_sBM_cAll_d18_mLH3_ch02__cs150,,Human3R,m0_strict_human3r,Camera-translation_m,9.169437440507238,7.118485629932936,2.0509518105743023
aist__gLH_sBM_cAll_d18_mLH3_ch02__cs150,aist__gLH_sBM_cAll_d18_mLH3_ch02__cs150,,Human3R,m0_strict_human3r,Coverage,0.98,1.0,0.020000000000000018
aist__gLH_sBM_cAll_d18_mLH3_ch02__cs150,aist__gLH_sBM_cAll_d18_mLH3_ch02__cs150,,BRIDGE3R,m15_bridge3r_fixed_v19,PA-MPJPE_mm,60.81134794651262,57.6483097815589,3.1630381649537185
aist__gLH_sBM_cAll_d18_mLH3_ch02__cs150,aist__gLH_sBM_cAll_d18_mLH3_ch02__cs150,,BRIDGE3R,m15_bridge3r_fixed_v19,Anchor-MPJPE_mm,465.14547913503867,311.1978964184026,153.94758271663608
aist__gLH_sBM_cAll_d18_mLH3_ch02__cs150,aist__gLH_sBM_cAll_d18_mLH3_ch02__cs150,,BRIDGE3R,m15_bridge3r_fixed_v19,Anchor-root_mm,430.2834912466771,230.58163347154954,199.70185777512756
aist__gLH_sBM_cAll_d18_mLH3_ch02__cs150,aist__gLH_sBM_cAll_d18_mLH3_ch02__cs150,,BRIDGE3R,m15_bridge3r_fixed_v19,Orientation_deg,73.67204307992495,53.07873455577567,20.59330852414928
aist__gLH_sBM_cAll_d18_mLH3_ch02__cs150,aist__gLH_sBM_cAll_d18_mLH3_ch02__cs150,,BRIDGE3R,m15_bridge3r_fixed_v19,Seam-root_mm,424.9081029079466,345.24358488397763,79.66451802396898
aist__gLH_sBM_cAll_d18_mLH3_ch02__cs150,aist__gLH_sBM_cAll_d18_mLH3_ch02__cs150,,BRIDGE3R,m15_bridge3r_fixed_v19,Seam-orientation_deg,72.04593073465102,102.78169936466625,-30.73576863001523
aist__gLH_sBM_cAll_d18_mLH3_ch02__cs150,aist__gLH_sBM_cAll_d18_mLH3_ch02__cs150,,BRIDGE3R,m15_bridge3r_fixed_v19,Camera-rotation_deg,135.51166676736378,102.96319277160481,32.54847399575897
aist__gLH_sBM_cAll_d18_mLH3_ch02__cs150,aist__gLH_sBM_cAll_d18_mLH3_ch02__cs150,,BRIDGE3R,m15_bridge3r_fixed_v19,Camera-translation_m,9.169437440507238,7.822632827028169,1.346804613479069
aist__gLH_sBM_cAll_d18_mLH3_ch02__cs150,aist__gLH_sBM_cAll_d18_mLH3_ch02__cs150,,BRIDGE3R,m15_bridge3r_fixed_v19,Coverage,0.98,1.0,0.020000000000000018
aist__gLH_sBM_cAll_d18_mLH4_ch04__cs150,aist__gLH_sBM_cAll_d18_mLH4_ch04__cs150,,Human3R,m0_strict_human3r,PA-MPJPE_mm,49.66093456894156,50.28474465838619,-0.6238100894446248
aist__gLH_sBM_cAll_d18_mLH4_ch04__cs150,aist__gLH_sBM_cAll_d18_mLH4_ch04__cs150,,Human3R,m0_strict_human3r,Anchor-MPJPE_mm,297.36966427431037,1019.0339079400723,-721.6642436657619
aist__gLH_sBM_cAll_d18_mLH4_ch04__cs150,aist__gLH_sBM_cAll_d18_mLH4_ch04__cs150,,Human3R,m0_strict_human3r,Anchor-root_mm,205.8698890907874,991.622962124736,-785.7530730339486
aist__gLH_sBM_cAll_d18_mLH4_ch04__cs150,aist__gLH_sBM_cAll_d18_mLH4_ch04__cs150,,Human3R,m0_strict_human3r,Orientation_deg,72.64767365528814,47.28730392301341,25.360369732274734
aist__gLH_sBM_cAll_d18_mLH4_ch04__cs150,aist__gLH_sBM_cAll_d18_mLH4_ch04__cs150,,Human3R,m0_strict_human3r,Seam-root_mm,195.267143091578,1223.756640795968,-1028.48949770439
aist__gLH_sBM_cAll_d18_mLH4_ch04__cs150,aist__gLH_sBM_cAll_d18_mLH4_ch04__cs150,,Human3R,m0_strict_human3r,Seam-orientation_deg,37.52007772035717,91.54386009946234,-54.023782379105164
aist__gLH_sBM_cAll_d18_mLH4_ch04__cs150,aist__gLH_sBM_cAll_d18_mLH4_ch04__cs150,,Human3R,m0_strict_human3r,Camera-rotation_deg,135.43625929973987,84.66795117648161,50.768308123258265
aist__gLH_sBM_cAll_d18_mLH4_ch04__cs150,aist__gLH_sBM_cAll_d18_mLH4_ch04__cs150,,Human3R,m0_strict_human3r,Camera-translation_m,9.089968618375483,7.590714508754606,1.4992541096208774
aist__gLH_sBM_cAll_d18_mLH4_ch04__cs150,aist__gLH_sBM_cAll_d18_mLH4_ch04__cs150,,Human3R,m0_strict_human3r,Coverage,0.98,1.0,0.020000000000000018
aist__gLH_sBM_cAll_d18_mLH4_ch04__cs150,aist__gLH_sBM_cAll_d18_mLH4_ch04__cs150,,BRIDGE3R,m15_bridge3r_fixed_v19,PA-MPJPE_mm,49.66093456894156,49.85651999289453,-0.19558542395296996
aist__gLH_sBM_cAll_d18_mLH4_ch04__cs150,aist__gLH_sBM_cAll_d18_mLH4_ch04__cs150,,BRIDGE3R,m15_bridge3r_fixed_v19,Anchor-MPJPE_mm,297.36966427431037,423.16155622660483,-125.79189195229446
aist__gLH_sBM_cAll_d18_mLH4_ch04__cs150,aist__gLH_sBM_cAll_d18_mLH4_ch04__cs150,,BRIDGE3R,m15_bridge3r_fixed_v19,Anchor-root_mm,205.8698890907874,381.0095491885482,-175.13966009776078
aist__gLH_sBM_cAll_d18_mLH4_ch04__cs150,aist__gLH_sBM_cAll_d18_mLH4_ch04__cs150,,BRIDGE3R,m15_bridge3r_fixed_v19,Orientation_deg,72.64767365528814,50.70595820261437,21.941715452673776
aist__gLH_sBM_cAll_d18_mLH4_ch04__cs150,aist__gLH_sBM_cAll_d18_mLH4_ch04__cs150,,BRIDGE3R,m15_bridge3r_fixed_v19,Seam-root_mm,195.267143091578,781.5007708023988,-586.2336277108209
aist__gLH_sBM_cAll_d18_mLH4_ch04__cs150,aist__gLH_sBM_cAll_d18_mLH4_ch04__cs150,,BRIDGE3R,m15_bridge3r_fixed_v19,Seam-orientation_deg,37.52007772035717,89.06443285372423,-51.544355133367056
aist__gLH_sBM_cAll_d18_mLH4_ch04__cs150,aist__gLH_sBM_cAll_d18_mLH4_ch04__cs150,,BRIDGE3R,m15_bridge3r_fixed_v19,Camera-rotation_deg,135.43625929973987,92.2051529288918,43.23110637084807
aist__gLH_sBM_cAll_d18_mLH4_ch04__cs150,aist__gLH_sBM_cAll_d18_mLH4_ch04__cs150,,BRIDGE3R,m15_bridge3r_fixed_v19,Camera-translation_m,9.089968618375483,7.286063208267294,1.8039054101081895
aist__gLH_sBM_cAll_d18_mLH4_ch04__cs150,aist__gLH_sBM_cAll_d18_mLH4_ch04__cs150,,BRIDGE3R,m15_bridge3r_fixed_v19,Coverage,0.98,1.0,0.020000000000000018
aist__gLH_sBM_cAll_d18_mLH4_ch05__cs150,aist__gLH_sBM_cAll_d18_mLH4_ch05__cs150,,Human3R,m0_strict_human3r,PA-MPJPE_mm,54.302299837560454,49.63230923957395,4.669990597986505
aist__gLH_sBM_cAll_d18_mLH4_ch05__cs150,aist__gLH_sBM_cAll_d18_mLH4_ch05__cs150,,Human3R,m0_strict_human3r,Anchor-MPJPE_mm,222.21167645929046,396.9481577006687,-174.73648124137821
aist__gLH_sBM_cAll_d18_mLH4_ch05__cs150,aist__gLH_sBM_cAll_d18_mLH4_ch05__cs150,,Human3R,m0_strict_human3r,Anchor-root_mm,214.59462717335182,396.71456698243566,-182.11993980908383
aist__gLH_sBM_cAll_d18_mLH4_ch05__cs150,aist__gLH_sBM_cAll_d18_mLH4_ch05__cs150,,Human3R,m0_strict_human3r,Orientation_deg,29.00935148636931,10.522974791235258,18.486376695134055
aist__gLH_sBM_cAll_d18_mLH4_ch05__cs150,aist__gLH_sBM_cAll_d18_mLH4_ch05__cs150,,Human3R,m0_strict_human3r,Seam-root_mm,300.56249329039025,760.3158909318983,-459.753397641508
aist__gLH_sBM_cAll_d18_mLH4_ch05__cs150,aist__gLH_sBM_cAll_d18_mLH4_ch05__cs150,,Human3R,m0_strict_human3r,Seam-orientation_deg,13.159365659727978,6.856351811325638,6.30301384840234
aist__gLH_sBM_cAll_d18_mLH4_ch05__cs150,aist__gLH_sBM_cAll_d18_mLH4_ch05__cs150,,Human3R,m0_strict_human3r,Camera-rotation_deg,45.10415454572715,8.505496201053582,36.59865834467357
aist__gLH_sBM_cAll_d18_mLH4_ch05__cs150,aist__gLH_sBM_cAll_d18_mLH4_ch05__cs150,,Human3R,m0_strict_human3r,Camera-translation_m,3.823810062520283,1.5649050452322868,2.2589050172879963
aist__gLH_sBM_cAll_d18_mLH4_ch05__cs150,aist__gLH_sBM_cAll_d18_mLH4_ch05__cs150,,Human3R,m0_strict_human3r,Coverage,0.98,1.0,0.020000000000000018
aist__gLH_sBM_cAll_d18_mLH4_ch05__cs150,aist__gLH_sBM_cAll_d18_mLH4_ch05__cs150,,BRIDGE3R,m15_bridge3r_fixed_v19,PA-MPJPE_mm,54.302299837560454,49.17078215653333,5.131517681027127
aist__gLH_sBM_cAll_d18_mLH4_ch05__cs150,aist__gLH_sBM_cAll_d18_mLH4_ch05__cs150,,BRIDGE3R,m15_bridge3r_fixed_v19,Anchor-MPJPE_mm,222.21167645929046,578.5970044669094,-356.38532800761897
aist__gLH_sBM_cAll_d18_mLH4_ch05__cs150,aist__gLH_sBM_cAll_d18_mLH4_ch05__cs150,,BRIDGE3R,m15_bridge3r_fixed_v19,Anchor-root_mm,214.59462717335182,597.5367383036919,-382.9421111303401
aist__gLH_sBM_cAll_d18_mLH4_ch05__cs150,aist__gLH_sBM_cAll_d18_mLH4_ch05__cs150,,BRIDGE3R,m15_bridge3r_fixed_v19,Orientation_deg,29.00935148636931,39.36323174475797,-10.353880258388656
aist__gLH_sBM_cAll_d18_mLH4_ch05__cs150,aist__gLH_sBM_cAll_d18_mLH4_ch05__cs150,,BRIDGE3R,m15_bridge3r_fixed_v19,Seam-root_mm,300.56249329039025,1305.3143833661975,-1004.7518900758073
aist__gLH_sBM_cAll_d18_mLH4_ch05__cs150,aist__gLH_sBM_cAll_d18_mLH4_ch05__cs150,,BRIDGE3R,m15_bridge3r_fixed_v19,Seam-orientation_deg,13.159365659727978,62.17412440703242,-49.01475874730444
aist__gLH_sBM_cAll_d18_mLH4_ch05__cs150,aist__gLH_sBM_cAll_d18_mLH4_ch05__cs150,,BRIDGE3R,m15_bridge3r_fixed_v19,Camera-rotation_deg,45.10415454572715,75.23537924434558,-30.131224698618432
aist__gLH_sBM_cAll_d18_mLH4_ch05__cs150,aist__gLH_sBM_cAll_d18_mLH4_ch05__cs150,,BRIDGE3R,m15_bridge3r_fixed_v19,Camera-translation_m,3.823810062520283,5.408229905674573,-1.58441984315429
aist__gLH_sBM_cAll_d18_mLH4_ch05__cs150,aist__gLH_sBM_cAll_d18_mLH4_ch05__cs150,,BRIDGE3R,m15_bridge3r_fixed_v19,Coverage,0.98,1.0,0.020000000000000018
aist__gLH_sBM_cAll_d18_mLH4_ch06__cs150,aist__gLH_sBM_cAll_d18_mLH4_ch06__cs150,,Human3R,m0_strict_human3r,PA-MPJPE_mm,65.76915500505133,59.87481758430229,5.894337420749039
aist__gLH_sBM_cAll_d18_mLH4_ch06__cs150,aist__gLH_sBM_cAll_d18_mLH4_ch06__cs150,,Human3R,m0_strict_human3r,Anchor-MPJPE_mm,309.012895728357,250.54166629866822,58.471229429688805
aist__gLH_sBM_cAll_d18_mLH4_ch06__cs150,aist__gLH_sBM_cAll_d18_mLH4_ch06__cs150,,Human3R,m0_strict_human3r,Anchor-root_mm,294.95943490226904,225.9799351427482,68.97949975952085
aist__gLH_sBM_cAll_d18_mLH4_ch06__cs150,aist__gLH_sBM_cAll_d18_mLH4_ch06__cs150,,Human3R,m0_strict_human3r,Orientation_deg,23.928589561532878,9.252192778723447,14.67639678280943
aist__gLH_sBM_cAll_d18_mLH4_ch06__cs150,aist__gLH_sBM_cAll_d18_mLH4_ch06__cs150,,Human3R,m0_strict_human3r,Seam-root_mm,180.93953371320717,726.2310902702203,-545.2915565570131
aist__gLH_sBM_cAll_d18_mLH4_ch06__cs150,aist__gLH_sBM_cAll_d18_mLH4_ch06__cs150,,Human3R,m0_strict_human3r,Seam-orientation_deg,17.607443807757413,13.831334819817037,3.7761089879403755
aist__gLH_sBM_cAll_d18_mLH4_ch06__cs150,aist__gLH_sBM_cAll_d18_mLH4_ch06__cs150,,Human3R,m0_strict_human3r,Camera-rotation_deg,44.79222392319767,7.761769644364552,37.03045427883312
aist__gLH_sBM_cAll_d18_mLH4_ch06__cs150,aist__gLH_sBM_cAll_d18_mLH4_ch06__cs150,,Human3R,m0_strict_human3r,Camera-translation_m,3.605789222844,0.9940351978332976,2.6117540250107023
aist__gLH_sBM_cAll_d18_mLH4_ch06__cs150,aist__gLH_sBM_cAll_d18_mLH4_ch06__cs150,,Human3R,m0_strict_human3r,Coverage,0.98,1.0,0.020000000000000018
aist__gLH_sBM_cAll_d18_mLH4_ch06__cs150,aist__gLH_sBM_cAll_d18_mLH4_ch06__cs150,,BRIDGE3R,m15_bridge3r_fixed_v19,PA-MPJPE_mm,65.76915500505133,59.40218800045443,6.366967004596901
aist__gLH_sBM_cAll_d18_mLH4_ch06__cs150,aist__gLH_sBM_cAll_d18_mLH4_ch06__cs150,,BRIDGE3R,m15_bridge3r_fixed_v19,Anchor-MPJPE_mm,309.012895728357,727.800482847776,-418.787587119419
aist__gLH_sBM_cAll_d18_mLH4_ch06__cs150,aist__gLH_sBM_cAll_d18_mLH4_ch06__cs150,,BRIDGE3R,m15_bridge3r_fixed_v19,Anchor-root_mm,294.95943490226904,713.9254560637299,-418.9660211614609
aist__gLH_sBM_cAll_d18_mLH4_ch06__cs150,aist__gLH_sBM_cAll_d18_mLH4_ch06__cs150,,BRIDGE3R,m15_bridge3r_fixed_v19,Orientation_deg,23.928589561532878,46.42031906179617,-22.491729500263293
aist__gLH_sBM_cAll_d18_mLH4_ch06__cs150,aist__gLH_sBM_cAll_d18_mLH4_ch06__cs150,,BRIDGE3R,m15_bridge3r_fixed_v19,Seam-root_mm,180.93953371320717,1292.6544776313142,-1111.714943918107
aist__gLH_sBM_cAll_d18_mLH4_ch06__cs150,aist__gLH_sBM_cAll_d18_mLH4_ch06__cs150,,BRIDGE3R,m15_bridge3r_fixed_v19,Seam-orientation_deg,17.607443807757413,88.86915559214609,-71.26171178438867
aist__gLH_sBM_cAll_d18_mLH4_ch06__cs150,aist__gLH_sBM_cAll_d18_mLH4_ch06__cs150,,BRIDGE3R,m15_bridge3r_fixed_v19,Camera-rotation_deg,44.79222392319767,90.21090300210601,-45.41867907890834
aist__gLH_sBM_cAll_d18_mLH4_ch06__cs150,aist__gLH_sBM_cAll_d18_mLH4_ch06__cs150,,BRIDGE3R,m15_bridge3r_fixed_v19,Camera-translation_m,3.605789222844,5.726303077015972,-2.120513854171972
aist__gLH_sBM_cAll_d18_mLH4_ch06__cs150,aist__gLH_sBM_cAll_d18_mLH4_ch06__cs150,,BRIDGE3R,m15_bridge3r_fixed_v19,Coverage,0.98,1.0,0.020000000000000018
aist__gLH_sBM_cAll_d18_mLH4_ch09__cs150,aist__gLH_sBM_cAll_d18_mLH4_ch09__cs150,,Human3R,m0_strict_human3r,PA-MPJPE_mm,54.90282381605921,55.76881022786045,-0.8659864118012379
aist__gLH_sBM_cAll_d18_mLH4_ch09__cs150,aist__gLH_sBM_cAll_d18_mLH4_ch09__cs150,,Human3R,m0_strict_human3r,Anchor-MPJPE_mm,296.5466177486518,337.2249771685787,-40.67835941992689
aist__gLH_sBM_cAll_d18_mLH4_ch09__cs150,aist__gLH_sBM_cAll_d18_mLH4_ch09__cs150,,Human3R,m0_strict_human3r,Anchor-root_mm,263.0815254236754,315.7326031902047,-52.65107776652934
aist__gLH_sBM_cAll_d18_mLH4_ch09__cs150,aist__gLH_sBM_cAll_d18_mLH4_ch09__cs150,,Human3R,m0_strict_human3r,Orientation_deg,30.658999178349404,8.633802442012533,22.025196736336873
aist__gLH_sBM_cAll_d18_mLH4_ch09__cs150,aist__gLH_sBM_cAll_d18_mLH4_ch09__cs150,,Human3R,m0_strict_human3r,Seam-root_mm,503.63074284013373,489.9138794148333,13.71686342530046
aist__gLH_sBM_cAll_d18_mLH4_ch09__cs150,aist__gLH_sBM_cAll_d18_mLH4_ch09__cs150,,Human3R,m0_strict_human3r,Seam-orientation_deg,23.203494969131462,15.064048894802193,8.13944607432927
aist__gLH_sBM_cAll_d18_mLH4_ch09__cs150,aist__gLH_sBM_cAll_d18_mLH4_ch09__cs150,,Human3R,m0_strict_human3r,Camera-rotation_deg,45.180962880285286,6.612059957994693,38.56890292229059
aist__gLH_sBM_cAll_d18_mLH4_ch09__cs150,aist__gLH_sBM_cAll_d18_mLH4_ch09__cs150,,Human3R,m0_strict_human3r,Camera-translation_m,3.775722565702384,0.8535611714970844,2.9221613942052995
aist__gLH_sBM_cAll_d18_mLH4_ch09__cs150,aist__gLH_sBM_cAll_d18_mLH4_ch09__cs150,,Human3R,m0_strict_human3r,Coverage,0.98,1.0,0.020000000000000018
aist__gLH_sBM_cAll_d18_mLH4_ch09__cs150,aist__gLH_sBM_cAll_d18_mLH4_ch09__cs150,,BRIDGE3R,m15_bridge3r_fixed_v19,PA-MPJPE_mm,54.90282381605921,55.49426853042364,-0.5914447143644281
aist__gLH_sBM_cAll_d18_mLH4_ch09__cs150,aist__gLH_sBM_cAll_d18_mLH4_ch09__cs150,,BRIDGE3R,m15_bridge3r_fixed_v19,Anchor-MPJPE_mm,296.5466177486518,213.03497927328596,83.51163847536583
aist__gLH_sBM_cAll_d18_mLH4_ch09__cs150,aist__gLH_sBM_cAll_d18_mLH4_ch09__cs150,,BRIDGE3R,m15_bridge3r_fixed_v19,Anchor-root_mm,263.0815254236754,181.80793924543477,81.2735861782406
aist__gLH_sBM_cAll_d18_mLH4_ch09__cs150,aist__gLH_sBM_cAll_d18_mLH4_ch09__cs150,,BRIDGE3R,m15_bridge3r_fixed_v19,Orientation_deg,30.658999178349404,29.16206263339488,1.4969365449545258
aist__gLH_sBM_cAll_d18_mLH4_ch09__cs150,aist__gLH_sBM_cAll_d18_mLH4_ch09__cs150,,BRIDGE3R,m15_bridge3r_fixed_v19,Seam-root_mm,503.63074284013373,591.0916582756953,-87.46091543556156
aist__gLH_sBM_cAll_d18_mLH4_ch09__cs150,aist__gLH_sBM_cAll_d18_mLH4_ch09__cs150,,BRIDGE3R,m15_bridge3r_fixed_v19,Seam-orientation_deg,23.203494969131462,51.779604819034795,-28.576109849903332
aist__gLH_sBM_cAll_d18_mLH4_ch09__cs150,aist__gLH_sBM_cAll_d18_mLH4_ch09__cs150,,BRIDGE3R,m15_bridge3r_fixed_v19,Camera-rotation_deg,45.180962880285286,49.05663479952376,-3.875671919238478
aist__gLH_sBM_cAll_d18_mLH4_ch09__cs150,aist__gLH_sBM_cAll_d18_mLH4_ch09__cs150,,BRIDGE3R,m15_bridge3r_fixed_v19,Camera-translation_m,3.775722565702384,4.2677030038461545,-0.49198043814377046
aist__gLH_sBM_cAll_d18_mLH4_ch09__cs150,aist__gLH_sBM_cAll_d18_mLH4_ch09__cs150,,BRIDGE3R,m15_bridge3r_fixed_v19,Coverage,0.98,1.0,0.020000000000000018
aist__gLH_sBM_cAll_d18_mLH4_ch10__cs150,aist__gLH_sBM_cAll_d18_mLH4_ch10__cs150,,Human3R,m0_strict_human3r,PA-MPJPE_mm,51.113285992141016,50.674685034393455,0.43860095774756047
aist__gLH_sBM_cAll_d18_mLH4_ch10__cs150,aist__gLH_sBM_cAll_d18_mLH4_ch10__cs150,,Human3R,m0_strict_human3r,Anchor-MPJPE_mm,297.3945013273742,812.32582177157,-514.9313204441958
aist__gLH_sBM_cAll_d18_mLH4_ch10__cs150,aist__gLH_sBM_cAll_d18_mLH4_ch10__cs150,,Human3R,m0_strict_human3r,Anchor-root_mm,233.00474791433783,783.8421499239224,-550.8374020095846
aist__gLH_sBM_cAll_d18_mLH4_ch10__cs150,aist__gLH_sBM_cAll_d18_mLH4_ch10__cs150,,Human3R,m0_strict_human3r,Orientation_deg,71.06502997396679,45.198883804927576,25.86614616903921
aist__gLH_sBM_cAll_d18_mLH4_ch10__cs150,aist__gLH_sBM_cAll_d18_mLH4_ch10__cs150,,Human3R,m0_strict_human3r,Seam-root_mm,205.4526963553723,1000.9987045320472,-795.546008176675
aist__gLH_sBM_cAll_d18_mLH4_ch10__cs150,aist__gLH_sBM_cAll_d18_mLH4_ch10__cs150,,Human3R,m0_strict_human3r,Seam-orientation_deg,46.250958772213835,83.79067895452863,-37.539720182314795
aist__gLH_sBM_cAll_d18_mLH4_ch10__cs150,aist__gLH_sBM_cAll_d18_mLH4_ch10__cs150,,Human3R,m0_strict_human3r,Camera-rotation_deg,135.58654663704078,85.18946046527073,50.397086171770056
aist__gLH_sBM_cAll_d18_mLH4_ch10__cs150,aist__gLH_sBM_cAll_d18_mLH4_ch10__cs150,,Human3R,m0_strict_human3r,Camera-translation_m,9.163412215847723,7.407616096162228,1.7557961196854945
aist__gLH_sBM_cAll_d18_mLH4_ch10__cs150,aist__gLH_sBM_cAll_d18_mLH4_ch10__cs150,,Human3R,m0_strict_human3r,Coverage,0.9933333333333333,1.0,0.00666666666666671
aist__gLH_sBM_cAll_d18_mLH4_ch10__cs150,aist__gLH_sBM_cAll_d18_mLH4_ch10__cs150,,BRIDGE3R,m15_bridge3r_fixed_v19,PA-MPJPE_mm,51.113285992141016,50.81172018547456,0.30156580666645283
aist__gLH_sBM_cAll_d18_mLH4_ch10__cs150,aist__gLH_sBM_cAll_d18_mLH4_ch10__cs150,,BRIDGE3R,m15_bridge3r_fixed_v19,Anchor-MPJPE_mm,297.3945013273742,437.99862373131776,-140.60412240394356
aist__gLH_sBM_cAll_d18_mLH4_ch10__cs150,aist__gLH_sBM_cAll_d18_mLH4_ch10__cs150,,BRIDGE3R,m15_bridge3r_fixed_v19,Anchor-root_mm,233.00474791433783,406.5934203301829,-173.58867241584505
aist__gLH_sBM_cAll_d18_mLH4_ch10__cs150,aist__gLH_sBM_cAll_d18_mLH4_ch10__cs150,,BRIDGE3R,m15_bridge3r_fixed_v19,Orientation_deg,71.06502997396679,50.511126191565246,20.55390378240154
aist__gLH_sBM_cAll_d18_mLH4_ch10__cs150,aist__gLH_sBM_cAll_d18_mLH4_ch10__cs150,,BRIDGE3R,m15_bridge3r_fixed_v19,Seam-root_mm,205.4526963553723,779.3577016480577,-573.9050052926855
aist__gLH_sBM_cAll_d18_mLH4_ch10__cs150,aist__gLH_sBM_cAll_d18_mLH4_ch10__cs150,,BRIDGE3R,m15_bridge3r_fixed_v19,Seam-orientation_deg,46.250958772213835,82.59624825095614,-36.3452894787423
aist__gLH_sBM_cAll_d18_mLH4_ch10__cs150,aist__gLH_sBM_cAll_d18_mLH4_ch10__cs150,,BRIDGE3R,m15_bridge3r_fixed_v19,Camera-rotation_deg,135.58654663704078,96.48684637651526,39.09970026052552
aist__gLH_sBM_cAll_d18_mLH4_ch10__cs150,aist__gLH_sBM_cAll_d18_mLH4_ch10__cs150,,BRIDGE3R,m15_bridge3r_fixed_v19,Camera-translation_m,9.163412215847723,6.8918126723255595,2.2715995435221634
aist__gLH_sBM_cAll_d18_mLH4_ch10__cs150,aist__gLH_sBM_cAll_d18_mLH4_ch10__cs150,,BRIDGE3R,m15_bridge3r_fixed_v19,Coverage,0.9933333333333333,1.0,0.00666666666666671
aist__gLH_sBM_cAll_d18_mLH5_ch01__cs150,aist__gLH_sBM_cAll_d18_mLH5_ch01__cs150,,Human3R,m0_strict_human3r,PA-MPJPE_mm,65.18213166683036,58.002901818861595,7.179229847968763
aist__gLH_sBM_cAll_d18_mLH5_ch01__cs150,aist__gLH_sBM_cAll_d18_mLH5_ch01__cs150,,Human3R,m0_strict_human3r,Anchor-MPJPE_mm,283.75210262028116,324.10795062948404,-40.35584800920287
aist__gLH_sBM_cAll_d18_mLH5_ch01__cs150,aist__gLH_sBM_cAll_d18_mLH5_ch01__cs150,,Human3R,m0_strict_human3r,Anchor-root_mm,262.03656097760984,308.77429077945055,-46.737729801840715
aist__gLH_sBM_cAll_d18_mLH5_ch01__cs150,aist__gLH_sBM_cAll_d18_mLH5_ch01__cs150,,Human3R,m0_strict_human3r,Orientation_deg,29.272813804486724,10.660323106251719,18.612490698235007
aist__gLH_sBM_cAll_d18_mLH5_ch01__cs150,aist__gLH_sBM_cAll_d18_mLH5_ch01__cs150,,Human3R,m0_strict_human3r,Seam-root_mm,289.2534939233614,476.15976446992903,-186.9062705465676
aist__gLH_sBM_cAll_d18_mLH5_ch01__cs150,aist__gLH_sBM_cAll_d18_mLH5_ch01__cs150,,Human3R,m0_strict_human3r,Seam-orientation_deg,15.984115666896827,14.30552423160427,1.6785914352925566
aist__gLH_sBM_cAll_d18_mLH5_ch01__cs150,aist__gLH_sBM_cAll_d18_mLH5_ch01__cs150,,Human3R,m0_strict_human3r,Camera-rotation_deg,45.25346843469816,5.669152985921774,39.58431544877639
aist__gLH_sBM_cAll_d18_mLH5_ch01__cs150,aist__gLH_sBM_cAll_d18_mLH5_ch01__cs150,,Human3R,m0_strict_human3r,Camera-translation_m,3.74546629067338,0.9144940348189528,2.8309722558544275
aist__gLH_sBM_cAll_d18_mLH5_ch01__cs150,aist__gLH_sBM_cAll_d18_mLH5_ch01__cs150,,Human3R,m0_strict_human3r,Coverage,0.98,1.0,0.020000000000000018
aist__gLH_sBM_cAll_d18_mLH5_ch01__cs150,aist__gLH_sBM_cAll_d18_mLH5_ch01__cs150,,BRIDGE3R,m15_bridge3r_fixed_v19,PA-MPJPE_mm,65.18213166683036,57.49070207641831,7.691429590412049
aist__gLH_sBM_cAll_d18_mLH5_ch01__cs150,aist__gLH_sBM_cAll_d18_mLH5_ch01__cs150,,BRIDGE3R,m15_bridge3r_fixed_v19,Anchor-MPJPE_mm,283.75210262028116,344.75089816534563,-60.99879554506447
aist__gLH_sBM_cAll_d18_mLH5_ch01__cs150,aist__gLH_sBM_cAll_d18_mLH5_ch01__cs150,,BRIDGE3R,m15_bridge3r_fixed_v19,Anchor-root_mm,262.03656097760984,325.9829543872034,-63.946393409593554
aist__gLH_sBM_cAll_d18_mLH5_ch01__cs150,aist__gLH_sBM_cAll_d18_mLH5_ch01__cs150,,BRIDGE3R,m15_bridge3r_fixed_v19,Orientation_deg,29.272813804486724,11.785952228061179,17.486861576425547
aist__gLH_sBM_cAll_d18_mLH5_ch01__cs150,aist__gLH_sBM_cAll_d18_mLH5_ch01__cs150,,BRIDGE3R,m15_bridge3r_fixed_v19,Seam-root_mm,289.2534939233614,529.344142289623,-240.09064836626163
aist__gLH_sBM_cAll_d18_mLH5_ch01__cs150,aist__gLH_sBM_cAll_d18_mLH5_ch01__cs150,,BRIDGE3R,m15_bridge3r_fixed_v19,Seam-orientation_deg,15.984115666896827,16.250098987731196,-0.26598332083436915
aist__gLH_sBM_cAll_d18_mLH5_ch01__cs150,aist__gLH_sBM_cAll_d18_mLH5_ch01__cs150,,BRIDGE3R,m15_bridge3r_fixed_v19,Camera-rotation_deg,45.25346843469816,11.959818717626392,33.29364971707177
aist__gLH_sBM_cAll_d18_mLH5_ch01__cs150,aist__gLH_sBM_cAll_d18_mLH5_ch01__cs150,,BRIDGE3R,m15_bridge3r_fixed_v19,Camera-translation_m,3.74546629067338,1.655927192946019,2.0895390977273607
aist__gLH_sBM_cAll_d18_mLH5_ch01__cs150,aist__gLH_sBM_cAll_d18_mLH5_ch01__cs150,,BRIDGE3R,m15_bridge3r_fixed_v19,Coverage,0.98,1.0,0.020000000000000018
aist__gLH_sBM_cAll_d18_mLH5_ch02__cs150,aist__gLH_sBM_cAll_d18_mLH5_ch02__cs150,,Human3R,m0_strict_human3r,PA-MPJPE_mm,67.7518708434474,63.16411998037101,4.587750863076394
aist__gLH_sBM_cAll_d18_mLH5_ch02__cs150,aist__gLH_sBM_cAll_d18_mLH5_ch02__cs150,,Human3R,m0_strict_human3r,Anchor-MPJPE_mm,451.89882888311286,341.09596840528957,110.80286047782329
aist__gLH_sBM_cAll_d18_mLH5_ch02__cs150,aist__gLH_sBM_cAll_d18_mLH5_ch02__cs150,,Human3R,m0_strict_human3r,Anchor-root_mm,432.97363344873565,289.9855307581249,142.98810269061073
aist__gLH_sBM_cAll_d18_mLH5_ch02__cs150,aist__gLH_sBM_cAll_d18_mLH5_ch02__cs150,,Human3R,m0_strict_human3r,Orientation_deg,73.28745192725654,54.49961141252622,18.78784051473032
aist__gLH_sBM_cAll_d18_mLH5_ch02__cs150,aist__gLH_sBM_cAll_d18_mLH5_ch02__cs150,,Human3R,m0_strict_human3r,Seam-root_mm,,574.8518384351931,
aist__gLH_sBM_cAll_d18_mLH5_ch02__cs150,aist__gLH_sBM_cAll_d18_mLH5_ch02__cs150,,Human3R,m0_strict_human3r,Seam-orientation_deg,,102.12657340739226,
aist__gLH_sBM_cAll_d18_mLH5_ch02__cs150,aist__gLH_sBM_cAll_d18_mLH5_ch02__cs150,,Human3R,m0_strict_human3r,Camera-rotation_deg,135.40037546302085,98.60485080059048,36.79552466243037
aist__gLH_sBM_cAll_d18_mLH5_ch02__cs150,aist__gLH_sBM_cAll_d18_mLH5_ch02__cs150,,Human3R,m0_strict_human3r,Camera-translation_m,9.107872975242936,7.07835519555814,2.029517779684796
aist__gLH_sBM_cAll_d18_mLH5_ch02__cs150,aist__gLH_sBM_cAll_d18_mLH5_ch02__cs150,,Human3R,m0_strict_human3r,Coverage,0.9666666666666667,1.0,0.033333333333333326
aist__gLH_sBM_cAll_d18_mLH5_ch02__cs150,aist__gLH_sBM_cAll_d18_mLH5_ch02__cs150,,BRIDGE3R,m15_bridge3r_fixed_v19,PA-MPJPE_mm,67.7518708434474,63.02635796414533,4.725512879302073
aist__gLH_sBM_cAll_d18_mLH5_ch02__cs150,aist__gLH_sBM_cAll_d18_mLH5_ch02__cs150,,BRIDGE3R,m15_bridge3r_fixed_v19,Anchor-MPJPE_mm,451.89882888311286,417.13728941003717,34.761539473075686
aist__gLH_sBM_cAll_d18_mLH5_ch02__cs150,aist__gLH_sBM_cAll_d18_mLH5_ch02__cs150,,BRIDGE3R,m15_bridge3r_fixed_v19,Anchor-root_mm,432.97363344873565,344.3282040543072,88.64542939442845
aist__gLH_sBM_cAll_d18_mLH5_ch02__cs150,aist__gLH_sBM_cAll_d18_mLH5_ch02__cs150,,BRIDGE3R,m15_bridge3r_fixed_v19,Orientation_deg,73.28745192725654,61.99036283566889,11.297089091587651
aist__gLH_sBM_cAll_d18_mLH5_ch02__cs150,aist__gLH_sBM_cAll_d18_mLH5_ch02__cs150,,BRIDGE3R,m15_bridge3r_fixed_v19,Seam-root_mm,,121.40835505107691,
aist__gLH_sBM_cAll_d18_mLH5_ch02__cs150,aist__gLH_sBM_cAll_d18_mLH5_ch02__cs150,,BRIDGE3R,m15_bridge3r_fixed_v19,Seam-orientation_deg,,112.06544068000264,
aist__gLH_sBM_cAll_d18_mLH5_ch02__cs150,aist__gLH_sBM_cAll_d18_mLH5_ch02__cs150,,BRIDGE3R,m15_bridge3r_fixed_v19,Camera-rotation_deg,135.40037546302085,114.31159492153742,21.08878054148343
aist__gLH_sBM_cAll_d18_mLH5_ch02__cs150,aist__gLH_sBM_cAll_d18_mLH5_ch02__cs150,,BRIDGE3R,m15_bridge3r_fixed_v19,Camera-translation_m,9.107872975242936,8.117997597789223,0.9898753774537123
aist__gLH_sBM_cAll_d18_mLH5_ch02__cs150,aist__gLH_sBM_cAll_d18_mLH5_ch02__cs150,,BRIDGE3R,m15_bridge3r_fixed_v19,Coverage,0.9666666666666667,1.0,0.033333333333333326
aist__gLH_sFM_cAll_d18_mLH4_ch19__cs150,aist__gLH_sFM_cAll_d18_mLH4_ch19__cs150,,Human3R,m0_strict_human3r,PA-MPJPE_mm,67.41622650775761,67.9773926310018,-0.5611661232441918
aist__gLH_sFM_cAll_d18_mLH4_ch19__cs150,aist__gLH_sFM_cAll_d18_mLH4_ch19__cs150,,Human3R,m0_strict_human3r,Anchor-MPJPE_mm,557.1096613774632,366.4869783355285,190.62268304193475
aist__gLH_sFM_cAll_d18_mLH4_ch19__cs150,aist__gLH_sFM_cAll_d18_mLH4_ch19__cs150,,Human3R,m0_strict_human3r,Anchor-root_mm,504.7365310172681,355.9647941185374,148.7717368987307
aist__gLH_sFM_cAll_d18_mLH4_ch19__cs150,aist__gLH_sFM_cAll_d18_mLH4_ch19__cs150,,Human3R,m0_strict_human3r,Orientation_deg,47.7977754569492,43.2281089732946,4.569666483654601
aist__gLH_sFM_cAll_d18_mLH4_ch19__cs150,aist__gLH_sFM_cAll_d18_mLH4_ch19__cs150,,Human3R,m0_strict_human3r,Seam-root_mm,789.7225668959464,728.7032743465109,61.01929254943559
aist__gLH_sFM_cAll_d18_mLH4_ch19__cs150,aist__gLH_sFM_cAll_d18_mLH4_ch19__cs150,,Human3R,m0_strict_human3r,Seam-orientation_deg,23.276384626836034,75.44055394788074,-52.16416932104471
aist__gLH_sFM_cAll_d18_mLH4_ch19__cs150,aist__gLH_sFM_cAll_d18_mLH4_ch19__cs150,,Human3R,m0_strict_human3r,Camera-rotation_deg,90.55198087196048,84.7947354108393,5.757245461121187
aist__gLH_sFM_cAll_d18_mLH4_ch19__cs150,aist__gLH_sFM_cAll_d18_mLH4_ch19__cs150,,Human3R,m0_strict_human3r,Camera-translation_m,6.9362955287903025,7.5059013537248,-0.5696058249344977
aist__gLH_sFM_cAll_d18_mLH4_ch19__cs150,aist__gLH_sFM_cAll_d18_mLH4_ch19__cs150,,Human3R,m0_strict_human3r,Coverage,0.9933333333333333,1.0,0.00666666666666671
aist__gLH_sFM_cAll_d18_mLH4_ch19__cs150,aist__gLH_sFM_cAll_d18_mLH4_ch19__cs150,,BRIDGE3R,m15_bridge3r_fixed_v19,PA-MPJPE_mm,67.41622650775761,67.58612544325177,-0.16989893549416024
aist__gLH_sFM_cAll_d18_mLH4_ch19__cs150,aist__gLH_sFM_cAll_d18_mLH4_ch19__cs150,,BRIDGE3R,m15_bridge3r_fixed_v19,Anchor-MPJPE_mm,557.1096613774632,595.5775498978487,-38.467888520385486
aist__gLH_sFM_cAll_d18_mLH4_ch19__cs150,aist__gLH_sFM_cAll_d18_mLH4_ch19__cs150,,BRIDGE3R,m15_bridge3r_fixed_v19,Anchor-root_mm,504.7365310172681,590.6748672133481,-85.93833619608
aist__gLH_sFM_cAll_d18_mLH4_ch19__cs150,aist__gLH_sFM_cAll_d18_mLH4_ch19__cs150,,BRIDGE3R,m15_bridge3r_fixed_v19,Orientation_deg,47.7977754569492,14.8800384919604,32.917736964988805
aist__gLH_sFM_cAll_d18_mLH4_ch19__cs150,aist__gLH_sFM_cAll_d18_mLH4_ch19__cs150,,BRIDGE3R,m15_bridge3r_fixed_v19,Seam-root_mm,789.7225668959464,1167.5860337036013,-377.86346680765485
aist__gLH_sFM_cAll_d18_mLH4_ch19__cs150,aist__gLH_sFM_cAll_d18_mLH4_ch19__cs150,,BRIDGE3R,m15_bridge3r_fixed_v19,Seam-orientation_deg,23.276384626836034,19.719856061289,3.5565285655470333
aist__gLH_sFM_cAll_d18_mLH4_ch19__cs150,aist__gLH_sFM_cAll_d18_mLH4_ch19__cs150,,BRIDGE3R,m15_bridge3r_fixed_v19,Camera-rotation_deg,90.55198087196048,7.002642962416662,83.54933790954382
aist__gLH_sFM_cAll_d18_mLH4_ch19__cs150,aist__gLH_sFM_cAll_d18_mLH4_ch19__cs150,,BRIDGE3R,m15_bridge3r_fixed_v19,Camera-translation_m,6.9362955287903025,0.7935322142703256,6.142763314519977
aist__gLH_sFM_cAll_d18_mLH4_ch19__cs150,aist__gLH_sFM_cAll_d18_mLH4_ch19__cs150,,BRIDGE3R,m15_bridge3r_fixed_v19,Coverage,0.9933333333333333,1.0,0.00666666666666671
aist__gLO_sBM_cAll_d15_mLO2_ch01__cs150,aist__gLO_sBM_cAll_d15_mLO2_ch01__cs150,,Human3R,m0_strict_human3r,PA-MPJPE_mm,55.17998205585767,55.297857590160554,-0.11787553430288256
aist__gLO_sBM_cAll_d15_mLO2_ch01__cs150,aist__gLO_sBM_cAll_d15_mLO2_ch01__cs150,,Human3R,m0_strict_human3r,Anchor-MPJPE_mm,379.9139728248394,1392.6724496189227,-1012.7584767940832
aist__gLO_sBM_cAll_d15_mLO2_ch01__cs150,aist__gLO_sBM_cAll_d15_mLO2_ch01__cs150,,Human3R,m0_strict_human3r,Anchor-root_mm,360.9777703731879,1328.8480767383683,-967.8703063651803
aist__gLO_sBM_cAll_d15_mLO2_ch01__cs150,aist__gLO_sBM_cAll_d15_mLO2_ch01__cs150,,Human3R,m0_strict_human3r,Orientation_deg,65.54699335662592,43.12003471148237,22.42695864514355
aist__gLO_sBM_cAll_d15_mLO2_ch01__cs150,aist__gLO_sBM_cAll_d15_mLO2_ch01__cs150,,Human3R,m0_strict_human3r,Seam-root_mm,559.8680943796189,1658.510612821862,-1098.642518442243
aist__gLO_sBM_cAll_d15_mLO2_ch01__cs150,aist__gLO_sBM_cAll_d15_mLO2_ch01__cs150,,Human3R,m0_strict_human3r,Seam-orientation_deg,42.75763928101064,84.26525301891299,-41.507613737902346
aist__gLO_sBM_cAll_d15_mLO2_ch01__cs150,aist__gLO_sBM_cAll_d15_mLO2_ch01__cs150,,Human3R,m0_strict_human3r,Camera-rotation_deg,135.03746117502163,93.52824272093645,41.509218454085186
aist__gLO_sBM_cAll_d15_mLO2_ch01__cs150,aist__gLO_sBM_cAll_d15_mLO2_ch01__cs150,,Human3R,m0_strict_human3r,Camera-translation_m,8.680694592800062,9.140875224824061,-0.4601806320239987
aist__gLO_sBM_cAll_d15_mLO2_ch01__cs150,aist__gLO_sBM_cAll_d15_mLO2_ch01__cs150,,Human3R,m0_strict_human3r,Coverage,0.9933333333333333,1.0,0.00666666666666671
aist__gLO_sBM_cAll_d15_mLO2_ch01__cs150,aist__gLO_sBM_cAll_d15_mLO2_ch01__cs150,,BRIDGE3R,m15_bridge3r_fixed_v19,PA-MPJPE_mm,55.17998205585767,55.67592662533687,-0.4959445694791995
aist__gLO_sBM_cAll_d15_mLO2_ch01__cs150,aist__gLO_sBM_cAll_d15_mLO2_ch01__cs150,,BRIDGE3R,m15_bridge3r_fixed_v19,Anchor-MPJPE_mm,379.9139728248394,742.5941472266101,-362.68017440177067
aist__gLO_sBM_cAll_d15_mLO2_ch01__cs150,aist__gLO_sBM_cAll_d15_mLO2_ch01__cs150,,BRIDGE3R,m15_bridge3r_fixed_v19,Anchor-root_mm,360.9777703731879,665.1887324510003,-304.2109620778124
aist__gLO_sBM_cAll_d15_mLO2_ch01__cs150,aist__gLO_sBM_cAll_d15_mLO2_ch01__cs150,,BRIDGE3R,m15_bridge3r_fixed_v19,Orientation_deg,65.54699335662592,32.44820480789587,33.09878854873005
aist__gLO_sBM_cAll_d15_mLO2_ch01__cs150,aist__gLO_sBM_cAll_d15_mLO2_ch01__cs150,,BRIDGE3R,m15_bridge3r_fixed_v19,Seam-root_mm,559.8680943796189,1090.9967728447175,-531.1286784650986
aist__gLO_sBM_cAll_d15_mLO2_ch01__cs150,aist__gLO_sBM_cAll_d15_mLO2_ch01__cs150,,BRIDGE3R,m15_bridge3r_fixed_v19,Seam-orientation_deg,42.75763928101064,62.56146826059368,-19.803828979583038
aist__gLO_sBM_cAll_d15_mLO2_ch01__cs150,aist__gLO_sBM_cAll_d15_mLO2_ch01__cs150,,BRIDGE3R,m15_bridge3r_fixed_v19,Camera-rotation_deg,135.03746117502163,71.79816168826522,63.23929948675641
aist__gLO_sBM_cAll_d15_mLO2_ch01__cs150,aist__gLO_sBM_cAll_d15_mLO2_ch01__cs150,,BRIDGE3R,m15_bridge3r_fixed_v19,Camera-translation_m,8.680694592800062,5.674785073337503,3.005909519462559
aist__gLO_sBM_cAll_d15_mLO2_ch01__cs150,aist__gLO_sBM_cAll_d15_mLO2_ch01__cs150,,BRIDGE3R,m15_bridge3r_fixed_v19,Coverage,0.9933333333333333,1.0,0.00666666666666671
aist__gLO_sBM_cAll_d15_mLO2_ch02__cs150,aist__gLO_sBM_cAll_d15_mLO2_ch02__cs150,,Human3R,m0_strict_human3r,PA-MPJPE_mm,38.72359670056826,46.34639094988309,-7.622794249314829
aist__gLO_sBM_cAll_d15_mLO2_ch02__cs150,aist__gLO_sBM_cAll_d15_mLO2_ch02__cs150,,Human3R,m0_strict_human3r,Anchor-MPJPE_mm,367.2209613812395,463.15475411093416,-95.93379272969469
aist__gLO_sBM_cAll_d15_mLO2_ch02__cs150,aist__gLO_sBM_cAll_d15_mLO2_ch02__cs150,,Human3R,m0_strict_human3r,Anchor-root_mm,102.9048815666223,477.1320230790016,-374.2271415123793
aist__gLO_sBM_cAll_d15_mLO2_ch02__cs150,aist__gLO_sBM_cAll_d15_mLO2_ch02__cs150,,Human3R,m0_strict_human3r,Orientation_deg,45.75375445499363,45.86377345392395,-0.11001899893031464
aist__gLO_sBM_cAll_d15_mLO2_ch02__cs150,aist__gLO_sBM_cAll_d15_mLO2_ch02__cs150,,Human3R,m0_strict_human3r,Seam-root_mm,140.8375092790362,356.7370298540996,-215.8995205750634
aist__gLO_sBM_cAll_d15_mLO2_ch02__cs150,aist__gLO_sBM_cAll_d15_mLO2_ch02__cs150,,Human3R,m0_strict_human3r,Seam-orientation_deg,38.37129173685035,89.12577739204843,-50.75448565519808
aist__gLO_sBM_cAll_d15_mLO2_ch02__cs150,aist__gLO_sBM_cAll_d15_mLO2_ch02__cs150,,Human3R,m0_strict_human3r,Camera-rotation_deg,87.84027536535133,85.26783814352629,2.572437221825041
aist__gLO_sBM_cAll_d15_mLO2_ch02__cs150,aist__gLO_sBM_cAll_d15_mLO2_ch02__cs150,,Human3R,m0_strict_human3r,Camera-translation_m,5.636580497957476,7.848366140723109,-2.2117856427656335
aist__gLO_sBM_cAll_d15_mLO2_ch02__cs150,aist__gLO_sBM_cAll_d15_mLO2_ch02__cs150,,Human3R,m0_strict_human3r,Coverage,0.98,1.0,0.020000000000000018
aist__gLO_sBM_cAll_d15_mLO2_ch02__cs150,aist__gLO_sBM_cAll_d15_mLO2_ch02__cs150,,BRIDGE3R,m15_bridge3r_fixed_v19,PA-MPJPE_mm,38.72359670056826,46.15037204420466,-7.4267753436364
aist__gLO_sBM_cAll_d15_mLO2_ch02__cs150,aist__gLO_sBM_cAll_d15_mLO2_ch02__cs150,,BRIDGE3R,m15_bridge3r_fixed_v19,Anchor-MPJPE_mm,367.2209613812395,757.0656050971219,-389.8446437158824
aist__gLO_sBM_cAll_d15_mLO2_ch02__cs150,aist__gLO_sBM_cAll_d15_mLO2_ch02__cs150,,BRIDGE3R,m15_bridge3r_fixed_v19,Anchor-root_mm,102.9048815666223,739.4432350449104,-636.5383534782881
aist__gLO_sBM_cAll_d15_mLO2_ch02__cs150,aist__gLO_sBM_cAll_d15_mLO2_ch02__cs150,,BRIDGE3R,m15_bridge3r_fixed_v19,Orientation_deg,45.75375445499363,21.871329372057012,23.88242508293662
aist__gLO_sBM_cAll_d15_mLO2_ch02__cs150,aist__gLO_sBM_cAll_d15_mLO2_ch02__cs150,,BRIDGE3R,m15_bridge3r_fixed_v19,Seam-root_mm,140.8375092790362,1469.2220594107023,-1328.3845501316662
aist__gLO_sBM_cAll_d15_mLO2_ch02__cs150,aist__gLO_sBM_cAll_d15_mLO2_ch02__cs150,,BRIDGE3R,m15_bridge3r_fixed_v19,Seam-orientation_deg,38.37129173685035,37.944406843343586,0.4268848935067666
aist__gLO_sBM_cAll_d15_mLO2_ch02__cs150,aist__gLO_sBM_cAll_d15_mLO2_ch02__cs150,,BRIDGE3R,m15_bridge3r_fixed_v19,Camera-rotation_deg,87.84027536535133,36.93421054816354,50.90606481718779
aist__gLO_sBM_cAll_d15_mLO2_ch02__cs150,aist__gLO_sBM_cAll_d15_mLO2_ch02__cs150,,BRIDGE3R,m15_bridge3r_fixed_v19,Camera-translation_m,5.636580497957476,3.9430351467766345,1.6935453511808412
aist__gLO_sBM_cAll_d15_mLO2_ch02__cs150,aist__gLO_sBM_cAll_d15_mLO2_ch02__cs150,,BRIDGE3R,m15_bridge3r_fixed_v19,Coverage,0.98,1.0,0.020000000000000018
aist__gLO_sBM_cAll_d15_mLO2_ch03__cs150,aist__gLO_sBM_cAll_d15_mLO2_ch03__cs150,,Human3R,m0_strict_human3r,PA-MPJPE_mm,44.52014841093379,46.32375849748978,-1.8036100865559845
aist__gLO_sBM_cAll_d15_mLO2_ch03__cs150,aist__gLO_sBM_cAll_d15_mLO2_ch03__cs150,,Human3R,m0_strict_human3r,Anchor-MPJPE_mm,421.507336361677,376.0366533992878,45.47068296238922
aist__gLO_sBM_cAll_d15_mLO2_ch03__cs150,aist__gLO_sBM_cAll_d15_mLO2_ch03__cs150,,Human3R,m0_strict_human3r,Anchor-root_mm,444.82678345827685,339.95719972184673,104.86958373643012
aist__gLO_sBM_cAll_d15_mLO2_ch03__cs150,aist__gLO_sBM_cAll_d15_mLO2_ch03__cs150,,Human3R,m0_strict_human3r,Orientation_deg,59.63780890404784,50.793869720913015,8.843939183134822
aist__gLO_sBM_cAll_d15_mLO2_ch03__cs150,aist__gLO_sBM_cAll_d15_mLO2_ch03__cs150,,Human3R,m0_strict_human3r,Seam-root_mm,701.2750757208271,132.225901010378,569.049174710449
aist__gLO_sBM_cAll_d15_mLO2_ch03__cs150,aist__gLO_sBM_cAll_d15_mLO2_ch03__cs150,,Human3R,m0_strict_human3r,Seam-orientation_deg,62.28641197334184,91.84574008609802,-29.559328112756177
aist__gLO_sBM_cAll_d15_mLO2_ch03__cs150,aist__gLO_sBM_cAll_d15_mLO2_ch03__cs150,,Human3R,m0_strict_human3r,Camera-rotation_deg,135.49091824957088,100.51841661543209,34.972501634138794
aist__gLO_sBM_cAll_d15_mLO2_ch03__cs150,aist__gLO_sBM_cAll_d15_mLO2_ch03__cs150,,Human3R,m0_strict_human3r,Camera-translation_m,9.214496362448326,7.46815964071528,1.746336721733046
aist__gLO_sBM_cAll_d15_mLO2_ch03__cs150,aist__gLO_sBM_cAll_d15_mLO2_ch03__cs150,,Human3R,m0_strict_human3r,Coverage,0.9933333333333333,1.0,0.00666666666666671
aist__gLO_sBM_cAll_d15_mLO2_ch03__cs150,aist__gLO_sBM_cAll_d15_mLO2_ch03__cs150,,BRIDGE3R,m15_bridge3r_fixed_v19,PA-MPJPE_mm,44.52014841093379,46.303783404652954,-1.7836349937191613
aist__gLO_sBM_cAll_d15_mLO2_ch03__cs150,aist__gLO_sBM_cAll_d15_mLO2_ch03__cs150,,BRIDGE3R,m15_bridge3r_fixed_v19,Anchor-MPJPE_mm,421.507336361677,341.24461971682854,80.26271664484847
aist__gLO_sBM_cAll_d15_mLO2_ch03__cs150,aist__gLO_sBM_cAll_d15_mLO2_ch03__cs150,,BRIDGE3R,m15_bridge3r_fixed_v19,Anchor-root_mm,444.82678345827685,281.2254663768561,163.60131708142075
aist__gLO_sBM_cAll_d15_mLO2_ch03__cs150,aist__gLO_sBM_cAll_d15_mLO2_ch03__cs150,,BRIDGE3R,m15_bridge3r_fixed_v19,Orientation_deg,59.63780890404784,51.45066562559114,8.187143278456695
aist__gLO_sBM_cAll_d15_mLO2_ch03__cs150,aist__gLO_sBM_cAll_d15_mLO2_ch03__cs150,,BRIDGE3R,m15_bridge3r_fixed_v19,Seam-root_mm,701.2750757208271,271.3510990989907,429.9239766218364
aist__gLO_sBM_cAll_d15_mLO2_ch03__cs150,aist__gLO_sBM_cAll_d15_mLO2_ch03__cs150,,BRIDGE3R,m15_bridge3r_fixed_v19,Seam-orientation_deg,62.28641197334184,98.1761070525309,-35.88969507918905
aist__gLO_sBM_cAll_d15_mLO2_ch03__cs150,aist__gLO_sBM_cAll_d15_mLO2_ch03__cs150,,BRIDGE3R,m15_bridge3r_fixed_v19,Camera-rotation_deg,135.49091824957088,101.75459230993292,33.736325939637965
aist__gLO_sBM_cAll_d15_mLO2_ch03__cs150,aist__gLO_sBM_cAll_d15_mLO2_ch03__cs150,,BRIDGE3R,m15_bridge3r_fixed_v19,Camera-translation_m,9.214496362448326,7.386676786963279,1.827819575485047
aist__gLO_sBM_cAll_d15_mLO2_ch03__cs150,aist__gLO_sBM_cAll_d15_mLO2_ch03__cs150,,BRIDGE3R,m15_bridge3r_fixed_v19,Coverage,0.9933333333333333,1.0,0.00666666666666671
aist__gLO_sBM_cAll_d15_mLO2_ch04__cs150,aist__gLO_sBM_cAll_d15_mLO2_ch04__cs150,,Human3R,m0_strict_human3r,PA-MPJPE_mm,52.358309234361165,63.10668067707741,-10.748371442716241
aist__gLO_sBM_cAll_d15_mLO2_ch04__cs150,aist__gLO_sBM_cAll_d15_mLO2_ch04__cs150,,Human3R,m0_strict_human3r,Anchor-MPJPE_mm,241.39712788441014,317.1846894154853,-75.78756153107517
aist__gLO_sBM_cAll_d15_mLO2_ch04__cs150,aist__gLO_sBM_cAll_d15_mLO2_ch04__cs150,,Human3R,m0_strict_human3r,Anchor-root_mm,249.1900400660251,357.5353358299306,-108.34529576390551
aist__gLO_sBM_cAll_d15_mLO2_ch04__cs150,aist__gLO_sBM_cAll_d15_mLO2_ch04__cs150,,Human3R,m0_strict_human3r,Orientation_deg,42.758312048571185,42.196685866142055,0.56162618242913
aist__gLO_sBM_cAll_d15_mLO2_ch04__cs150,aist__gLO_sBM_cAll_d15_mLO2_ch04__cs150,,Human3R,m0_strict_human3r,Seam-root_mm,407.1415979673503,256.15454932452667,150.98704864282365
aist__gLO_sBM_cAll_d15_mLO2_ch04__cs150,aist__gLO_sBM_cAll_d15_mLO2_ch04__cs150,,Human3R,m0_strict_human3r,Seam-orientation_deg,43.406408708964335,112.56139043871872,-69.15498172975438
aist__gLO_sBM_cAll_d15_mLO2_ch04__cs150,aist__gLO_sBM_cAll_d15_mLO2_ch04__cs150,,Human3R,m0_strict_human3r,Camera-rotation_deg,89.33161477440348,91.6059364228439,-2.27432164844042
aist__gLO_sBM_cAll_d15_mLO2_ch04__cs150,aist__gLO_sBM_cAll_d15_mLO2_ch04__cs150,,Human3R,m0_strict_human3r,Camera-translation_m,7.441111484139932,7.23940937645958,0.2017021076803518
aist__gLO_sBM_cAll_d15_mLO2_ch04__cs150,aist__gLO_sBM_cAll_d15_mLO2_ch04__cs150,,Human3R,m0_strict_human3r,Coverage,0.98,1.0,0.020000000000000018
aist__gLO_sBM_cAll_d15_mLO2_ch04__cs150,aist__gLO_sBM_cAll_d15_mLO2_ch04__cs150,,BRIDGE3R,m15_bridge3r_fixed_v19,PA-MPJPE_mm,52.358309234361165,63.207906934410445,-10.84959770004928
aist__gLO_sBM_cAll_d15_mLO2_ch04__cs150,aist__gLO_sBM_cAll_d15_mLO2_ch04__cs150,,BRIDGE3R,m15_bridge3r_fixed_v19,Anchor-MPJPE_mm,241.39712788441014,1317.209847809266,-1075.8127199248559
aist__gLO_sBM_cAll_d15_mLO2_ch04__cs150,aist__gLO_sBM_cAll_d15_mLO2_ch04__cs150,,BRIDGE3R,m15_bridge3r_fixed_v19,Anchor-root_mm,249.1900400660251,1320.3336077401657,-1071.1435676741405
aist__gLO_sBM_cAll_d15_mLO2_ch04__cs150,aist__gLO_sBM_cAll_d15_mLO2_ch04__cs150,,BRIDGE3R,m15_bridge3r_fixed_v19,Orientation_deg,42.758312048571185,18.519715454566775,24.23859659400441
aist__gLO_sBM_cAll_d15_mLO2_ch04__cs150,aist__gLO_sBM_cAll_d15_mLO2_ch04__cs150,,BRIDGE3R,m15_bridge3r_fixed_v19,Seam-root_mm,407.1415979673503,2424.4480453132,-2017.3064473458498
aist__gLO_sBM_cAll_d15_mLO2_ch04__cs150,aist__gLO_sBM_cAll_d15_mLO2_ch04__cs150,,BRIDGE3R,m15_bridge3r_fixed_v19,Seam-orientation_deg,43.406408708964335,10.605627116970505,32.80078159199383
aist__gLO_sBM_cAll_d15_mLO2_ch04__cs150,aist__gLO_sBM_cAll_d15_mLO2_ch04__cs150,,BRIDGE3R,m15_bridge3r_fixed_v19,Camera-rotation_deg,89.33161477440348,17.768131294813045,71.56348347959043
aist__gLO_sBM_cAll_d15_mLO2_ch04__cs150,aist__gLO_sBM_cAll_d15_mLO2_ch04__cs150,,BRIDGE3R,m15_bridge3r_fixed_v19,Camera-translation_m,7.441111484139932,0.6869309138869634,6.754180570252968
aist__gLO_sBM_cAll_d15_mLO2_ch04__cs150,aist__gLO_sBM_cAll_d15_mLO2_ch04__cs150,,BRIDGE3R,m15_bridge3r_fixed_v19,Coverage,0.98,1.0,0.020000000000000018
aist__gLO_sBM_cAll_d15_mLO2_ch05__cs150,aist__gLO_sBM_cAll_d15_mLO2_ch05__cs150,,Human3R,m0_strict_human3r,PA-MPJPE_mm,44.788728564067185,42.923397725116,1.8653308389511878
aist__gLO_sBM_cAll_d15_mLO2_ch05__cs150,aist__gLO_sBM_cAll_d15_mLO2_ch05__cs150,,Human3R,m0_strict_human3r,Anchor-MPJPE_mm,479.06529406909743,189.29687358522918,289.7684204838682
aist__gLO_sBM_cAll_d15_mLO2_ch05__cs150,aist__gLO_sBM_cAll_d15_mLO2_ch05__cs150,,Human3R,m0_strict_human3r,Anchor-root_mm,435.0718861201681,178.1757934275935,256.8960926925746
aist__gLO_sBM_cAll_d15_mLO2_ch05__cs150,aist__gLO_sBM_cAll_d15_mLO2_ch05__cs150,,Human3R,m0_strict_human3r,Orientation_deg,14.759909451910547,8.16090420956656,6.599005242343987
aist__gLO_sBM_cAll_d15_mLO2_ch05__cs150,aist__gLO_sBM_cAll_d15_mLO2_ch05__cs150,,Human3R,m0_strict_human3r,Seam-root_mm,447.20402545478385,113.9360543313654,333.2679711234184
aist__gLO_sBM_cAll_d15_mLO2_ch05__cs150,aist__gLO_sBM_cAll_d15_mLO2_ch05__cs150,,Human3R,m0_strict_human3r,Seam-orientation_deg,11.390940366117421,6.492933701431128,4.898006664686293
aist__gLO_sBM_cAll_d15_mLO2_ch05__cs150,aist__gLO_sBM_cAll_d15_mLO2_ch05__cs150,,Human3R,m0_strict_human3r,Camera-rotation_deg,8.770123951830021,7.5567740226550795,1.2133499291749414
aist__gLO_sBM_cAll_d15_mLO2_ch05__cs150,aist__gLO_sBM_cAll_d15_mLO2_ch05__cs150,,Human3R,m0_strict_human3r,Camera-translation_m,1.7196642274561775,0.7673467540775694,0.9523174733786082
aist__gLO_sBM_cAll_d15_mLO2_ch05__cs150,aist__gLO_sBM_cAll_d15_mLO2_ch05__cs150,,Human3R,m0_strict_human3r,Coverage,0.98,1.0,0.020000000000000018
aist__gLO_sBM_cAll_d15_mLO2_ch05__cs150,aist__gLO_sBM_cAll_d15_mLO2_ch05__cs150,,BRIDGE3R,m15_bridge3r_fixed_v19,PA-MPJPE_mm,44.788728564067185,42.7898250111883,1.998903552878886
aist__gLO_sBM_cAll_d15_mLO2_ch05__cs150,aist__gLO_sBM_cAll_d15_mLO2_ch05__cs150,,BRIDGE3R,m15_bridge3r_fixed_v19,Anchor-MPJPE_mm,479.06529406909743,300.16881858454343,178.896475484554
aist__gLO_sBM_cAll_d15_mLO2_ch05__cs150,aist__gLO_sBM_cAll_d15_mLO2_ch05__cs150,,BRIDGE3R,m15_bridge3r_fixed_v19,Anchor-root_mm,435.0718861201681,288.53715430362814,146.53473181653993
aist__gLO_sBM_cAll_d15_mLO2_ch05__cs150,aist__gLO_sBM_cAll_d15_mLO2_ch05__cs150,,BRIDGE3R,m15_bridge3r_fixed_v19,Orientation_deg,14.759909451910547,6.637365295096874,8.122544156813673
aist__gLO_sBM_cAll_d15_mLO2_ch05__cs150,aist__gLO_sBM_cAll_d15_mLO2_ch05__cs150,,BRIDGE3R,m15_bridge3r_fixed_v19,Seam-root_mm,447.20402545478385,297.8242010685833,149.37982438620054
aist__gLO_sBM_cAll_d15_mLO2_ch05__cs150,aist__gLO_sBM_cAll_d15_mLO2_ch05__cs150,,BRIDGE3R,m15_bridge3r_fixed_v19,Seam-orientation_deg,11.390940366117421,5.736838605250968,5.654101760866453
aist__gLO_sBM_cAll_d15_mLO2_ch05__cs150,aist__gLO_sBM_cAll_d15_mLO2_ch05__cs150,,BRIDGE3R,m15_bridge3r_fixed_v19,Camera-rotation_deg,8.770123951830021,2.8149626002426285,5.9551613515873925
aist__gLO_sBM_cAll_d15_mLO2_ch05__cs150,aist__gLO_sBM_cAll_d15_mLO2_ch05__cs150,,BRIDGE3R,m15_bridge3r_fixed_v19,Camera-translation_m,1.7196642274561775,0.7779558494270522,0.9417083780291253
aist__gLO_sBM_cAll_d15_mLO2_ch05__cs150,aist__gLO_sBM_cAll_d15_mLO2_ch05__cs150,,BRIDGE3R,m15_bridge3r_fixed_v19,Coverage,0.98,1.0,0.020000000000000018
aist__gLO_sBM_cAll_d15_mLO2_ch08__cs150,aist__gLO_sBM_cAll_d15_mLO2_ch08__cs150,,Human3R,m0_strict_human3r,PA-MPJPE_mm,64.07007568260155,71.32279144769824,-7.252715765096681
aist__gLO_sBM_cAll_d15_mLO2_ch08__cs150,aist__gLO_sBM_cAll_d15_mLO2_ch08__cs150,,Human3R,m0_strict_human3r,Anchor-MPJPE_mm,645.7377597477182,254.06349884348427,391.67426090423396
aist__gLO_sBM_cAll_d15_mLO2_ch08__cs150,aist__gLO_sBM_cAll_d15_mLO2_ch08__cs150,,Human3R,m0_strict_human3r,Anchor-root_mm,622.6373709769874,245.632981035441,377.00438994154644
aist__gLO_sBM_cAll_d15_mLO2_ch08__cs150,aist__gLO_sBM_cAll_d15_mLO2_ch08__cs150,,Human3R,m0_strict_human3r,Orientation_deg,13.17993419000866,9.992398684230162,3.1875355057784986
aist__gLO_sBM_cAll_d15_mLO2_ch08__cs150,aist__gLO_sBM_cAll_d15_mLO2_ch08__cs150,,Human3R,m0_strict_human3r,Seam-root_mm,560.067994274684,383.8903923672054,176.17760190747862
aist__gLO_sBM_cAll_d15_mLO2_ch08__cs150,aist__gLO_sBM_cAll_d15_mLO2_ch08__cs150,,Human3R,m0_strict_human3r,Seam-orientation_deg,10.931654382816507,7.444914323762014,3.486740059054493
aist__gLO_sBM_cAll_d15_mLO2_ch08__cs150,aist__gLO_sBM_cAll_d15_mLO2_ch08__cs150,,Human3R,m0_strict_human3r,Camera-rotation_deg,5.491040346465074,4.300103387698736,1.190936958766338
aist__gLO_sBM_cAll_d15_mLO2_ch08__cs150,aist__gLO_sBM_cAll_d15_mLO2_ch08__cs150,,Human3R,m0_strict_human3r,Camera-translation_m,1.5099680783993146,0.7528886624707816,0.757079415928533
aist__gLO_sBM_cAll_d15_mLO2_ch08__cs150,aist__gLO_sBM_cAll_d15_mLO2_ch08__cs150,,Human3R,m0_strict_human3r,Coverage,0.98,1.0,0.020000000000000018
aist__gLO_sBM_cAll_d15_mLO2_ch08__cs150,aist__gLO_sBM_cAll_d15_mLO2_ch08__cs150,,BRIDGE3R,m15_bridge3r_fixed_v19,PA-MPJPE_mm,64.07007568260155,71.28349069358958,-7.2134150109880295
aist__gLO_sBM_cAll_d15_mLO2_ch08__cs150,aist__gLO_sBM_cAll_d15_mLO2_ch08__cs150,,BRIDGE3R,m15_bridge3r_fixed_v19,Anchor-MPJPE_mm,645.7377597477182,389.8265702593763,255.9111894883419
aist__gLO_sBM_cAll_d15_mLO2_ch08__cs150,aist__gLO_sBM_cAll_d15_mLO2_ch08__cs150,,BRIDGE3R,m15_bridge3r_fixed_v19,Anchor-root_mm,622.6373709769874,375.3424583846829,247.2949125923045
aist__gLO_sBM_cAll_d15_mLO2_ch08__cs150,aist__gLO_sBM_cAll_d15_mLO2_ch08__cs150,,BRIDGE3R,m15_bridge3r_fixed_v19,Orientation_deg,13.17993419000866,9.500356567486977,3.679577622521684
aist__gLO_sBM_cAll_d15_mLO2_ch08__cs150,aist__gLO_sBM_cAll_d15_mLO2_ch08__cs150,,BRIDGE3R,m15_bridge3r_fixed_v19,Seam-root_mm,560.067994274684,563.4802210160362,-3.4122267413522422
aist__gLO_sBM_cAll_d15_mLO2_ch08__cs150,aist__gLO_sBM_cAll_d15_mLO2_ch08__cs150,,BRIDGE3R,m15_bridge3r_fixed_v19,Seam-orientation_deg,10.931654382816507,4.117766265453008,6.8138881173635
aist__gLO_sBM_cAll_d15_mLO2_ch08__cs150,aist__gLO_sBM_cAll_d15_mLO2_ch08__cs150,,BRIDGE3R,m15_bridge3r_fixed_v19,Camera-rotation_deg,5.491040346465074,2.768677631162562,2.7223627153025123
aist__gLO_sBM_cAll_d15_mLO2_ch08__cs150,aist__gLO_sBM_cAll_d15_mLO2_ch08__cs150,,BRIDGE3R,m15_bridge3r_fixed_v19,Camera-translation_m,1.5099680783993146,0.7164027245088358,0.7935653538904788
aist__gLO_sBM_cAll_d15_mLO2_ch08__cs150,aist__gLO_sBM_cAll_d15_mLO2_ch08__cs150,,BRIDGE3R,m15_bridge3r_fixed_v19,Coverage,0.98,1.0,0.020000000000000018
aist__gLO_sBM_cAll_d15_mLO2_ch10__cs150,aist__gLO_sBM_cAll_d15_mLO2_ch10__cs150,,Human3R,m0_strict_human3r,PA-MPJPE_mm,63.199691996578174,60.98405850023795,2.2156334963402244
aist__gLO_sBM_cAll_d15_mLO2_ch10__cs150,aist__gLO_sBM_cAll_d15_mLO2_ch10__cs150,,Human3R,m0_strict_human3r,Anchor-MPJPE_mm,977.8023651518382,238.58324614312403,739.2191190087142
aist__gLO_sBM_cAll_d15_mLO2_ch10__cs150,aist__gLO_sBM_cAll_d15_mLO2_ch10__cs150,,Human3R,m0_strict_human3r,Anchor-root_mm,960.6456829210227,208.63572845530786,752.0099544657148
aist__gLO_sBM_cAll_d15_mLO2_ch10__cs150,aist__gLO_sBM_cAll_d15_mLO2_ch10__cs150,,Human3R,m0_strict_human3r,Orientation_deg,10.966082049208843,9.986457639816228,0.9796244093926152
aist__gLO_sBM_cAll_d15_mLO2_ch10__cs150,aist__gLO_sBM_cAll_d15_mLO2_ch10__cs150,,Human3R,m0_strict_human3r,Seam-root_mm,314.4029626518524,129.705637675161,184.69732497669142
aist__gLO_sBM_cAll_d15_mLO2_ch10__cs150,aist__gLO_sBM_cAll_d15_mLO2_ch10__cs150,,Human3R,m0_strict_human3r,Seam-orientation_deg,10.831078320141676,9.152897175588054,1.6781811445536228
aist__gLO_sBM_cAll_d15_mLO2_ch10__cs150,aist__gLO_sBM_cAll_d15_mLO2_ch10__cs150,,Human3R,m0_strict_human3r,Camera-rotation_deg,7.9101588561059755,7.8436828168921755,0.06647603921379996
aist__gLO_sBM_cAll_d15_mLO2_ch10__cs150,aist__gLO_sBM_cAll_d15_mLO2_ch10__cs150,,Human3R,m0_strict_human3r,Camera-translation_m,2.658254225828834,0.7874376042133854,1.870816621615449
aist__gLO_sBM_cAll_d15_mLO2_ch10__cs150,aist__gLO_sBM_cAll_d15_mLO2_ch10__cs150,,Human3R,m0_strict_human3r,Coverage,0.98,1.0,0.020000000000000018
aist__gLO_sBM_cAll_d15_mLO2_ch10__cs150,aist__gLO_sBM_cAll_d15_mLO2_ch10__cs150,,BRIDGE3R,m15_bridge3r_fixed_v19,PA-MPJPE_mm,63.199691996578174,60.85341780478084,2.3462741917973347
aist__gLO_sBM_cAll_d15_mLO2_ch10__cs150,aist__gLO_sBM_cAll_d15_mLO2_ch10__cs150,,BRIDGE3R,m15_bridge3r_fixed_v19,Anchor-MPJPE_mm,977.8023651518382,352.4411287524826,625.3612363993557
aist__gLO_sBM_cAll_d15_mLO2_ch10__cs150,aist__gLO_sBM_cAll_d15_mLO2_ch10__cs150,,BRIDGE3R,m15_bridge3r_fixed_v19,Anchor-root_mm,960.6456829210227,330.8882227777127,629.75746014331
aist__gLO_sBM_cAll_d15_mLO2_ch10__cs150,aist__gLO_sBM_cAll_d15_mLO2_ch10__cs150,,BRIDGE3R,m15_bridge3r_fixed_v19,Orientation_deg,10.966082049208843,9.276009073224529,1.6900729759843145
aist__gLO_sBM_cAll_d15_mLO2_ch10__cs150,aist__gLO_sBM_cAll_d15_mLO2_ch10__cs150,,BRIDGE3R,m15_bridge3r_fixed_v19,Seam-root_mm,314.4029626518524,260.31960673808595,54.08335591376647
aist__gLO_sBM_cAll_d15_mLO2_ch10__cs150,aist__gLO_sBM_cAll_d15_mLO2_ch10__cs150,,BRIDGE3R,m15_bridge3r_fixed_v19,Seam-orientation_deg,10.831078320141676,8.606510638601629,2.224567681540048
aist__gLO_sBM_cAll_d15_mLO2_ch10__cs150,aist__gLO_sBM_cAll_d15_mLO2_ch10__cs150,,BRIDGE3R,m15_bridge3r_fixed_v19,Camera-rotation_deg,7.9101588561059755,5.91694223139371,1.9932166247122654
aist__gLO_sBM_cAll_d15_mLO2_ch10__cs150,aist__gLO_sBM_cAll_d15_mLO2_ch10__cs150,,BRIDGE3R,m15_bridge3r_fixed_v19,Camera-translation_m,2.658254225828834,0.9632182244451906,1.6950360013836436
aist__gLO_sBM_cAll_d15_mLO2_ch10__cs150,aist__gLO_sBM_cAll_d15_mLO2_ch10__cs150,,BRIDGE3R,m15_bridge3r_fixed_v19,Coverage,0.98,1.0,0.020000000000000018
aist__gLO_sBM_cAll_d15_mLO3_ch02__cs150,aist__gLO_sBM_cAll_d15_mLO3_ch02__cs150,,Human3R,m0_strict_human3r,PA-MPJPE_mm,45.70903692987312,45.884011148363676,-0.17497421849055428
aist__gLO_sBM_cAll_d15_mLO3_ch02__cs150,aist__gLO_sBM_cAll_d15_mLO3_ch02__cs150,,Human3R,m0_strict_human3r,Anchor-MPJPE_mm,637.9860737919053,326.15199770391285,311.8340760879924
aist__gLO_sBM_cAll_d15_mLO3_ch02__cs150,aist__gLO_sBM_cAll_d15_mLO3_ch02__cs150,,Human3R,m0_strict_human3r,Anchor-root_mm,623.6567670557588,327.03368243860353,296.62308461715526
aist__gLO_sBM_cAll_d15_mLO3_ch02__cs150,aist__gLO_sBM_cAll_d15_mLO3_ch02__cs150,,Human3R,m0_strict_human3r,Orientation_deg,10.288231716794979,9.697022449576592,0.5912092672183871
aist__gLO_sBM_cAll_d15_mLO3_ch02__cs150,aist__gLO_sBM_cAll_d15_mLO3_ch02__cs150,,Human3R,m0_strict_human3r,Seam-root_mm,383.98864363181247,171.99442331536042,211.99422031645204
aist__gLO_sBM_cAll_d15_mLO3_ch02__cs150,aist__gLO_sBM_cAll_d15_mLO3_ch02__cs150,,Human3R,m0_strict_human3r,Seam-orientation_deg,29.70154859911901,7.489635057002215,22.211913542116797
aist__gLO_sBM_cAll_d15_mLO3_ch02__cs150,aist__gLO_sBM_cAll_d15_mLO3_ch02__cs150,,Human3R,m0_strict_human3r,Camera-rotation_deg,7.546194849253345,4.788006262661734,2.7581885865916105
aist__gLO_sBM_cAll_d15_mLO3_ch02__cs150,aist__gLO_sBM_cAll_d15_mLO3_ch02__cs150,,Human3R,m0_strict_human3r,Camera-translation_m,1.6084175387750743,0.8216314882400657,0.7867860505350086
aist__gLO_sBM_cAll_d15_mLO3_ch02__cs150,aist__gLO_sBM_cAll_d15_mLO3_ch02__cs150,,Human3R,m0_strict_human3r,Coverage,0.98,1.0,0.020000000000000018
aist__gLO_sBM_cAll_d15_mLO3_ch02__cs150,aist__gLO_sBM_cAll_d15_mLO3_ch02__cs150,,BRIDGE3R,m15_bridge3r_fixed_v19,PA-MPJPE_mm,45.70903692987312,46.526205378841304,-0.8171684489681823
aist__gLO_sBM_cAll_d15_mLO3_ch02__cs150,aist__gLO_sBM_cAll_d15_mLO3_ch02__cs150,,BRIDGE3R,m15_bridge3r_fixed_v19,Anchor-MPJPE_mm,637.9860737919053,235.93287358894338,402.0532002029619
aist__gLO_sBM_cAll_d15_mLO3_ch02__cs150,aist__gLO_sBM_cAll_d15_mLO3_ch02__cs150,,BRIDGE3R,m15_bridge3r_fixed_v19,Anchor-root_mm,623.6567670557588,234.71690183554082,388.93986522021794
aist__gLO_sBM_cAll_d15_mLO3_ch02__cs150,aist__gLO_sBM_cAll_d15_mLO3_ch02__cs150,,BRIDGE3R,m15_bridge3r_fixed_v19,Orientation_deg,10.288231716794979,8.255024465341378,2.0332072514536
aist__gLO_sBM_cAll_d15_mLO3_ch02__cs150,aist__gLO_sBM_cAll_d15_mLO3_ch02__cs150,,BRIDGE3R,m15_bridge3r_fixed_v19,Seam-root_mm,383.98864363181247,550.643094296718,-166.65445066490554
aist__gLO_sBM_cAll_d15_mLO3_ch02__cs150,aist__gLO_sBM_cAll_d15_mLO3_ch02__cs150,,BRIDGE3R,m15_bridge3r_fixed_v19,Seam-orientation_deg,29.70154859911901,4.276013758856211,25.4255348402628
aist__gLO_sBM_cAll_d15_mLO3_ch02__cs150,aist__gLO_sBM_cAll_d15_mLO3_ch02__cs150,,BRIDGE3R,m15_bridge3r_fixed_v19,Camera-rotation_deg,7.546194849253345,1.8452662170577954,5.7009286321955495
aist__gLO_sBM_cAll_d15_mLO3_ch02__cs150,aist__gLO_sBM_cAll_d15_mLO3_ch02__cs150,,BRIDGE3R,m15_bridge3r_fixed_v19,Camera-translation_m,1.6084175387750743,1.4199691098746667,0.18844842890040758
aist__gLO_sBM_cAll_d15_mLO3_ch02__cs150,aist__gLO_sBM_cAll_d15_mLO3_ch02__cs150,,BRIDGE3R,m15_bridge3r_fixed_v19,Coverage,0.98,1.0,0.020000000000000018
aist__gLO_sBM_cAll_d15_mLO4_ch01__cs150,aist__gLO_sBM_cAll_d15_mLO4_ch01__cs150,,Human3R,m0_strict_human3r,PA-MPJPE_mm,58.23806964621474,53.75524045433778,4.482829191876959
aist__gLO_sBM_cAll_d15_mLO4_ch01__cs150,aist__gLO_sBM_cAll_d15_mLO4_ch01__cs150,,Human3R,m0_strict_human3r,Anchor-MPJPE_mm,401.9524776467321,154.02289217007666,247.92958547665546
aist__gLO_sBM_cAll_d15_mLO4_ch01__cs150,aist__gLO_sBM_cAll_d15_mLO4_ch01__cs150,,Human3R,m0_strict_human3r,Anchor-root_mm,135.53615632068812,168.16757457803794,-32.63141825734982
aist__gLO_sBM_cAll_d15_mLO4_ch01__cs150,aist__gLO_sBM_cAll_d15_mLO4_ch01__cs150,,Human3R,m0_strict_human3r,Orientation_deg,20.76609221811401,10.731739162377002,10.034353055737009
aist__gLO_sBM_cAll_d15_mLO4_ch01__cs150,aist__gLO_sBM_cAll_d15_mLO4_ch01__cs150,,Human3R,m0_strict_human3r,Seam-root_mm,4.032953850458561,425.4820303836652,-421.4490765332066
aist__gLO_sBM_cAll_d15_mLO4_ch01__cs150,aist__gLO_sBM_cAll_d15_mLO4_ch01__cs150,,Human3R,m0_strict_human3r,Seam-orientation_deg,17.592689743648194,4.650188826442572,12.94250091720562
aist__gLO_sBM_cAll_d15_mLO4_ch01__cs150,aist__gLO_sBM_cAll_d15_mLO4_ch01__cs150,,Human3R,m0_strict_human3r,Camera-rotation_deg,47.45331307699495,5.570187206148684,41.88312587084627
aist__gLO_sBM_cAll_d15_mLO4_ch01__cs150,aist__gLO_sBM_cAll_d15_mLO4_ch01__cs150,,Human3R,m0_strict_human3r,Camera-translation_m,12.167807696897297,0.3639323717391713,11.803875325158126
aist__gLO_sBM_cAll_d15_mLO4_ch01__cs150,aist__gLO_sBM_cAll_d15_mLO4_ch01__cs150,,Human3R,m0_strict_human3r,Coverage,0.9933333333333333,1.0,0.00666666666666671
aist__gLO_sBM_cAll_d15_mLO4_ch01__cs150,aist__gLO_sBM_cAll_d15_mLO4_ch01__cs150,,BRIDGE3R,m15_bridge3r_fixed_v19,PA-MPJPE_mm,58.23806964621474,53.57116366578003,4.666905980434713
aist__gLO_sBM_cAll_d15_mLO4_ch01__cs150,aist__gLO_sBM_cAll_d15_mLO4_ch01__cs150,,BRIDGE3R,m15_bridge3r_fixed_v19,Anchor-MPJPE_mm,401.9524776467321,572.7675845303833,-170.81510688365114
aist__gLO_sBM_cAll_d15_mLO4_ch01__cs150,aist__gLO_sBM_cAll_d15_mLO4_ch01__cs150,,BRIDGE3R,m15_bridge3r_fixed_v19,Anchor-root_mm,135.53615632068812,618.5977608526568,-483.0616045319687
aist__gLO_sBM_cAll_d15_mLO4_ch01__cs150,aist__gLO_sBM_cAll_d15_mLO4_ch01__cs150,,BRIDGE3R,m15_bridge3r_fixed_v19,Orientation_deg,20.76609221811401,48.478609273303235,-27.712517055189224
aist__gLO_sBM_cAll_d15_mLO4_ch01__cs150,aist__gLO_sBM_cAll_d15_mLO4_ch01__cs150,,BRIDGE3R,m15_bridge3r_fixed_v19,Seam-root_mm,4.032953850458561,1184.1638151101054,-1180.1308612596467
aist__gLO_sBM_cAll_d15_mLO4_ch01__cs150,aist__gLO_sBM_cAll_d15_mLO4_ch01__cs150,,BRIDGE3R,m15_bridge3r_fixed_v19,Seam-orientation_deg,17.592689743648194,88.00639880534794,-70.41370906169975
aist__gLO_sBM_cAll_d15_mLO4_ch01__cs150,aist__gLO_sBM_cAll_d15_mLO4_ch01__cs150,,BRIDGE3R,m15_bridge3r_fixed_v19,Camera-rotation_deg,47.45331307699495,92.10812177302337,-44.65480869602842
aist__gLO_sBM_cAll_d15_mLO4_ch01__cs150,aist__gLO_sBM_cAll_d15_mLO4_ch01__cs150,,BRIDGE3R,m15_bridge3r_fixed_v19,Camera-translation_m,12.167807696897297,5.938922529266162,6.228885167631135
aist__gLO_sBM_cAll_d15_mLO4_ch01__cs150,aist__gLO_sBM_cAll_d15_mLO4_ch01__cs150,,BRIDGE3R,m15_bridge3r_fixed_v19,Coverage,0.9933333333333333,1.0,0.00666666666666671
aist__gLO_sBM_cAll_d15_mLO5_ch01__cs150,aist__gLO_sBM_cAll_d15_mLO5_ch01__cs150,,Human3R,m0_strict_human3r,PA-MPJPE_mm,52.236398014018555,54.76806593545128,-2.531667921432728
aist__gLO_sBM_cAll_d15_mLO5_ch01__cs150,aist__gLO_sBM_cAll_d15_mLO5_ch01__cs150,,Human3R,m0_strict_human3r,Anchor-MPJPE_mm,359.1421306691338,374.68781134356317,-15.545680674429377
aist__gLO_sBM_cAll_d15_mLO5_ch01__cs150,aist__gLO_sBM_cAll_d15_mLO5_ch01__cs150,,Human3R,m0_strict_human3r,Anchor-root_mm,234.11952103236754,356.0321828901432,-121.91266185777565
aist__gLO_sBM_cAll_d15_mLO5_ch01__cs150,aist__gLO_sBM_cAll_d15_mLO5_ch01__cs150,,Human3R,m0_strict_human3r,Orientation_deg,65.40148973941166,10.78486368560882,54.61662605380284
aist__gLO_sBM_cAll_d15_mLO5_ch01__cs150,aist__gLO_sBM_cAll_d15_mLO5_ch01__cs150,,Human3R,m0_strict_human3r,Seam-root_mm,243.93988307749544,1834.9628119390034,-1591.0229288615078
aist__gLO_sBM_cAll_d15_mLO5_ch01__cs150,aist__gLO_sBM_cAll_d15_mLO5_ch01__cs150,,Human3R,m0_strict_human3r,Seam-orientation_deg,100.77691203957187,43.781138271136676,56.99577376843519
aist__gLO_sBM_cAll_d15_mLO5_ch01__cs150,aist__gLO_sBM_cAll_d15_mLO5_ch01__cs150,,Human3R,m0_strict_human3r,Camera-rotation_deg,134.9932438175627,8.057808700423466,126.93543511713924
aist__gLO_sBM_cAll_d15_mLO5_ch01__cs150,aist__gLO_sBM_cAll_d15_mLO5_ch01__cs150,,Human3R,m0_strict_human3r,Camera-translation_m,8.901612762104376,1.8589961134927482,7.042616648611628
aist__gLO_sBM_cAll_d15_mLO5_ch01__cs150,aist__gLO_sBM_cAll_d15_mLO5_ch01__cs150,,Human3R,m0_strict_human3r,Coverage,0.98,1.0,0.020000000000000018
aist__gLO_sBM_cAll_d15_mLO5_ch01__cs150,aist__gLO_sBM_cAll_d15_mLO5_ch01__cs150,,BRIDGE3R,m15_bridge3r_fixed_v19,PA-MPJPE_mm,52.236398014018555,54.387949994820765,-2.1515519808022106
aist__gLO_sBM_cAll_d15_mLO5_ch01__cs150,aist__gLO_sBM_cAll_d15_mLO5_ch01__cs150,,BRIDGE3R,m15_bridge3r_fixed_v19,Anchor-MPJPE_mm,359.1421306691338,637.225669390137,-278.0835387210032
aist__gLO_sBM_cAll_d15_mLO5_ch01__cs150,aist__gLO_sBM_cAll_d15_mLO5_ch01__cs150,,BRIDGE3R,m15_bridge3r_fixed_v19,Anchor-root_mm,234.11952103236754,638.8440175302394,-404.7244964978719
aist__gLO_sBM_cAll_d15_mLO5_ch01__cs150,aist__gLO_sBM_cAll_d15_mLO5_ch01__cs150,,BRIDGE3R,m15_bridge3r_fixed_v19,Orientation_deg,65.40148973941166,10.873292605169647,54.52819713424201
aist__gLO_sBM_cAll_d15_mLO5_ch01__cs150,aist__gLO_sBM_cAll_d15_mLO5_ch01__cs150,,BRIDGE3R,m15_bridge3r_fixed_v19,Seam-root_mm,243.93988307749544,503.5262144224272,-259.58633134493175
aist__gLO_sBM_cAll_d15_mLO5_ch01__cs150,aist__gLO_sBM_cAll_d15_mLO5_ch01__cs150,,BRIDGE3R,m15_bridge3r_fixed_v19,Seam-orientation_deg,100.77691203957187,22.18914351240014,78.58776852717173
aist__gLO_sBM_cAll_d15_mLO5_ch01__cs150,aist__gLO_sBM_cAll_d15_mLO5_ch01__cs150,,BRIDGE3R,m15_bridge3r_fixed_v19,Camera-rotation_deg,134.9932438175627,5.726711143334287,129.26653267422842
aist__gLO_sBM_cAll_d15_mLO5_ch01__cs150,aist__gLO_sBM_cAll_d15_mLO5_ch01__cs150,,BRIDGE3R,m15_bridge3r_fixed_v19,Camera-translation_m,8.901612762104376,0.5319044506726396,8.369708311431737
aist__gLO_sBM_cAll_d15_mLO5_ch01__cs150,aist__gLO_sBM_cAll_d15_mLO5_ch01__cs150,,BRIDGE3R,m15_bridge3r_fixed_v19,Coverage,0.98,1.0,0.020000000000000018
aist__gLO_sBM_cAll_d15_mLO5_ch02__cs150,aist__gLO_sBM_cAll_d15_mLO5_ch02__cs150,,Human3R,m0_strict_human3r,PA-MPJPE_mm,44.278712720851246,41.33574005434922,2.9429726665020226
aist__gLO_sBM_cAll_d15_mLO5_ch02__cs150,aist__gLO_sBM_cAll_d15_mLO5_ch02__cs150,,Human3R,m0_strict_human3r,Anchor-MPJPE_mm,405.2686314018255,322.3495355025177,82.91909589930776
aist__gLO_sBM_cAll_d15_mLO5_ch02__cs150,aist__gLO_sBM_cAll_d15_mLO5_ch02__cs150,,Human3R,m0_strict_human3r,Anchor-root_mm,328.03951517384206,323.4232197565059,4.616295417336175
aist__gLO_sBM_cAll_d15_mLO5_ch02__cs150,aist__gLO_sBM_cAll_d15_mLO5_ch02__cs150,,Human3R,m0_strict_human3r,Orientation_deg,72.3627313887358,7.857681973989955,64.50504941474584
aist__gLO_sBM_cAll_d15_mLO5_ch02__cs150,aist__gLO_sBM_cAll_d15_mLO5_ch02__cs150,,Human3R,m0_strict_human3r,Seam-root_mm,213.31059412492513,2012.5285457388818,-1799.2179516139568
aist__gLO_sBM_cAll_d15_mLO5_ch02__cs150,aist__gLO_sBM_cAll_d15_mLO5_ch02__cs150,,Human3R,m0_strict_human3r,Seam-orientation_deg,42.37636366092969,34.31726920915332,8.059094451776375
aist__gLO_sBM_cAll_d15_mLO5_ch02__cs150,aist__gLO_sBM_cAll_d15_mLO5_ch02__cs150,,Human3R,m0_strict_human3r,Camera-rotation_deg,135.90044596998925,8.367850614690978,127.53259535529827
aist__gLO_sBM_cAll_d15_mLO5_ch02__cs150,aist__gLO_sBM_cAll_d15_mLO5_ch02__cs150,,Human3R,m0_strict_human3r,Camera-translation_m,8.631351965869847,1.83612283754393,6.795229128325917
aist__gLO_sBM_cAll_d15_mLO5_ch02__cs150,aist__gLO_sBM_cAll_d15_mLO5_ch02__cs150,,Human3R,m0_strict_human3r,Coverage,0.98,1.0,0.020000000000000018
aist__gLO_sBM_cAll_d15_mLO5_ch02__cs150,aist__gLO_sBM_cAll_d15_mLO5_ch02__cs150,,BRIDGE3R,m15_bridge3r_fixed_v19,PA-MPJPE_mm,44.278712720851246,41.01794529241006,3.2607674284411843
aist__gLO_sBM_cAll_d15_mLO5_ch02__cs150,aist__gLO_sBM_cAll_d15_mLO5_ch02__cs150,,BRIDGE3R,m15_bridge3r_fixed_v19,Anchor-MPJPE_mm,405.2686314018255,534.7398219499149,-129.47119054808945
aist__gLO_sBM_cAll_d15_mLO5_ch02__cs150,aist__gLO_sBM_cAll_d15_mLO5_ch02__cs150,,BRIDGE3R,m15_bridge3r_fixed_v19,Anchor-root_mm,328.03951517384206,539.4646348311794,-211.42511965733735
aist__gLO_sBM_cAll_d15_mLO5_ch02__cs150,aist__gLO_sBM_cAll_d15_mLO5_ch02__cs150,,BRIDGE3R,m15_bridge3r_fixed_v19,Orientation_deg,72.3627313887358,8.125006470016382,64.23772491871941
aist__gLO_sBM_cAll_d15_mLO5_ch02__cs150,aist__gLO_sBM_cAll_d15_mLO5_ch02__cs150,,BRIDGE3R,m15_bridge3r_fixed_v19,Seam-root_mm,213.31059412492513,870.6174316508462,-657.3068375259211
aist__gLO_sBM_cAll_d15_mLO5_ch02__cs150,aist__gLO_sBM_cAll_d15_mLO5_ch02__cs150,,BRIDGE3R,m15_bridge3r_fixed_v19,Seam-orientation_deg,42.37636366092969,13.834211412219222,28.54215224871047
aist__gLO_sBM_cAll_d15_mLO5_ch02__cs150,aist__gLO_sBM_cAll_d15_mLO5_ch02__cs150,,BRIDGE3R,m15_bridge3r_fixed_v19,Camera-rotation_deg,135.90044596998925,5.3084570619683555,130.59198890802088
aist__gLO_sBM_cAll_d15_mLO5_ch02__cs150,aist__gLO_sBM_cAll_d15_mLO5_ch02__cs150,,BRIDGE3R,m15_bridge3r_fixed_v19,Camera-translation_m,8.631351965869847,0.45526983757140216,8.176082128298445
aist__gLO_sBM_cAll_d15_mLO5_ch02__cs150,aist__gLO_sBM_cAll_d15_mLO5_ch02__cs150,,BRIDGE3R,m15_bridge3r_fixed_v19,Coverage,0.98,1.0,0.020000000000000018
aist__gMH_sBM_cAll_d24_mMH2_ch01__cs150,aist__gMH_sBM_cAll_d24_mMH2_ch01__cs150,,Human3R,m0_strict_human3r,PA-MPJPE_mm,60.38289346975802,55.77499856961685,4.607894900141169
aist__gMH_sBM_cAll_d24_mMH2_ch01__cs150,aist__gMH_sBM_cAll_d24_mMH2_ch01__cs150,,Human3R,m0_strict_human3r,Anchor-MPJPE_mm,1496.6163691863183,737.5707623796048,759.0456068067134
aist__gMH_sBM_cAll_d24_mMH2_ch01__cs150,aist__gMH_sBM_cAll_d24_mMH2_ch01__cs150,,Human3R,m0_strict_human3r,Anchor-root_mm,1500.8870514787259,710.1131789292306,790.7738725494953
aist__gMH_sBM_cAll_d24_mMH2_ch01__cs150,aist__gMH_sBM_cAll_d24_mMH2_ch01__cs150,,Human3R,m0_strict_human3r,Orientation_deg,16.518716611444297,11.039049853080547,5.47966675836375
aist__gMH_sBM_cAll_d24_mMH2_ch01__cs150,aist__gMH_sBM_cAll_d24_mMH2_ch01__cs150,,Human3R,m0_strict_human3r,Seam-root_mm,1086.4749675860394,952.7825556444449,133.69241194159451
aist__gMH_sBM_cAll_d24_mMH2_ch01__cs150,aist__gMH_sBM_cAll_d24_mMH2_ch01__cs150,,Human3R,m0_strict_human3r,Seam-orientation_deg,21.09884370605157,9.385234378897549,11.713609327154023
aist__gMH_sBM_cAll_d24_mMH2_ch01__cs150,aist__gMH_sBM_cAll_d24_mMH2_ch01__cs150,,Human3R,m0_strict_human3r,Camera-rotation_deg,11.883561419057116,4.578133416894885,7.305428002162231
aist__gMH_sBM_cAll_d24_mMH2_ch01__cs150,aist__gMH_sBM_cAll_d24_mMH2_ch01__cs150,,Human3R,m0_strict_human3r,Camera-translation_m,2.6112796089013,1.8935831587151564,0.7176964501861438
aist__gMH_sBM_cAll_d24_mMH2_ch01__cs150,aist__gMH_sBM_cAll_d24_mMH2_ch01__cs150,,Human3R,m0_strict_human3r,Coverage,0.98,1.0,0.020000000000000018
aist__gMH_sBM_cAll_d24_mMH2_ch01__cs150,aist__gMH_sBM_cAll_d24_mMH2_ch01__cs150,,BRIDGE3R,m15_bridge3r_fixed_v19,PA-MPJPE_mm,60.38289346975802,55.43370687658411,4.949186593173906
aist__gMH_sBM_cAll_d24_mMH2_ch01__cs150,aist__gMH_sBM_cAll_d24_mMH2_ch01__cs150,,BRIDGE3R,m15_bridge3r_fixed_v19,Anchor-MPJPE_mm,1496.6163691863183,502.8209053701981,993.7954638161202
aist__gMH_sBM_cAll_d24_mMH2_ch01__cs150,aist__gMH_sBM_cAll_d24_mMH2_ch01__cs150,,BRIDGE3R,m15_bridge3r_fixed_v19,Anchor-root_mm,1500.8870514787259,495.9417886235536,1004.9452628551724
aist__gMH_sBM_cAll_d24_mMH2_ch01__cs150,aist__gMH_sBM_cAll_d24_mMH2_ch01__cs150,,BRIDGE3R,m15_bridge3r_fixed_v19,Orientation_deg,16.518716611444297,10.975187889680974,5.543528721763323
aist__gMH_sBM_cAll_d24_mMH2_ch01__cs150,aist__gMH_sBM_cAll_d24_mMH2_ch01__cs150,,BRIDGE3R,m15_bridge3r_fixed_v19,Seam-root_mm,1086.4749675860394,728.9959118988775,357.4790556871619
aist__gMH_sBM_cAll_d24_mMH2_ch01__cs150,aist__gMH_sBM_cAll_d24_mMH2_ch01__cs150,,BRIDGE3R,m15_bridge3r_fixed_v19,Seam-orientation_deg,21.09884370605157,14.603718511579135,6.495125194472436
aist__gMH_sBM_cAll_d24_mMH2_ch01__cs150,aist__gMH_sBM_cAll_d24_mMH2_ch01__cs150,,BRIDGE3R,m15_bridge3r_fixed_v19,Camera-rotation_deg,11.883561419057116,3.0601574071154816,8.823404011941635
aist__gMH_sBM_cAll_d24_mMH2_ch01__cs150,aist__gMH_sBM_cAll_d24_mMH2_ch01__cs150,,BRIDGE3R,m15_bridge3r_fixed_v19,Camera-translation_m,2.6112796089013,0.9236381204720128,1.6876414884292874
aist__gMH_sBM_cAll_d24_mMH2_ch01__cs150,aist__gMH_sBM_cAll_d24_mMH2_ch01__cs150,,BRIDGE3R,m15_bridge3r_fixed_v19,Coverage,0.98,1.0,0.020000000000000018
aist__gMH_sBM_cAll_d24_mMH2_ch02__cs150,aist__gMH_sBM_cAll_d24_mMH2_ch02__cs150,,Human3R,m0_strict_human3r,PA-MPJPE_mm,56.57650948000812,55.4207250342869,1.155784445721217
aist__gMH_sBM_cAll_d24_mMH2_ch02__cs150,aist__gMH_sBM_cAll_d24_mMH2_ch02__cs150,,Human3R,m0_strict_human3r,Anchor-MPJPE_mm,1629.3876148904003,717.0475487978642,912.3400660925361
aist__gMH_sBM_cAll_d24_mMH2_ch02__cs150,aist__gMH_sBM_cAll_d24_mMH2_ch02__cs150,,Human3R,m0_strict_human3r,Anchor-root_mm,1625.5344144600958,700.9796500033103,924.5547644567855
aist__gMH_sBM_cAll_d24_mMH2_ch02__cs150,aist__gMH_sBM_cAll_d24_mMH2_ch02__cs150,,Human3R,m0_strict_human3r,Orientation_deg,13.085443074386333,9.502292762721563,3.5831503116647703
aist__gMH_sBM_cAll_d24_mMH2_ch02__cs150,aist__gMH_sBM_cAll_d24_mMH2_ch02__cs150,,Human3R,m0_strict_human3r,Seam-root_mm,1401.3768451882195,814.8805795900836,586.4962655981359
aist__gMH_sBM_cAll_d24_mMH2_ch02__cs150,aist__gMH_sBM_cAll_d24_mMH2_ch02__cs150,,Human3R,m0_strict_human3r,Seam-orientation_deg,34.08845598364287,15.631633278744497,18.45682270489838
aist__gMH_sBM_cAll_d24_mMH2_ch02__cs150,aist__gMH_sBM_cAll_d24_mMH2_ch02__cs150,,Human3R,m0_strict_human3r,Camera-rotation_deg,10.30537982598398,6.001157795023723,4.304222030960257
aist__gMH_sBM_cAll_d24_mMH2_ch02__cs150,aist__gMH_sBM_cAll_d24_mMH2_ch02__cs150,,Human3R,m0_strict_human3r,Camera-translation_m,3.134426051603199,2.0035256210481944,1.1309004305550046
aist__gMH_sBM_cAll_d24_mMH2_ch02__cs150,aist__gMH_sBM_cAll_d24_mMH2_ch02__cs150,,Human3R,m0_strict_human3r,Coverage,0.98,1.0,0.020000000000000018
aist__gMH_sBM_cAll_d24_mMH2_ch02__cs150,aist__gMH_sBM_cAll_d24_mMH2_ch02__cs150,,BRIDGE3R,m15_bridge3r_fixed_v19,PA-MPJPE_mm,56.57650948000812,55.25810555771779,1.3184039222903294
aist__gMH_sBM_cAll_d24_mMH2_ch02__cs150,aist__gMH_sBM_cAll_d24_mMH2_ch02__cs150,,BRIDGE3R,m15_bridge3r_fixed_v19,Anchor-MPJPE_mm,1629.3876148904003,564.3789536341446,1065.0086612562557
aist__gMH_sBM_cAll_d24_mMH2_ch02__cs150,aist__gMH_sBM_cAll_d24_mMH2_ch02__cs150,,BRIDGE3R,m15_bridge3r_fixed_v19,Anchor-root_mm,1625.5344144600958,554.4227556922534,1071.1116587678425
aist__gMH_sBM_cAll_d24_mMH2_ch02__cs150,aist__gMH_sBM_cAll_d24_mMH2_ch02__cs150,,BRIDGE3R,m15_bridge3r_fixed_v19,Orientation_deg,13.085443074386333,7.465710165286393,5.61973290909994
aist__gMH_sBM_cAll_d24_mMH2_ch02__cs150,aist__gMH_sBM_cAll_d24_mMH2_ch02__cs150,,BRIDGE3R,m15_bridge3r_fixed_v19,Seam-root_mm,1401.3768451882195,700.3049671646291,701.0718780235903
aist__gMH_sBM_cAll_d24_mMH2_ch02__cs150,aist__gMH_sBM_cAll_d24_mMH2_ch02__cs150,,BRIDGE3R,m15_bridge3r_fixed_v19,Seam-orientation_deg,34.08845598364287,10.617789183307263,23.47066680033561
aist__gMH_sBM_cAll_d24_mMH2_ch02__cs150,aist__gMH_sBM_cAll_d24_mMH2_ch02__cs150,,BRIDGE3R,m15_bridge3r_fixed_v19,Camera-rotation_deg,10.30537982598398,3.68552981359977,6.619850012384211
aist__gMH_sBM_cAll_d24_mMH2_ch02__cs150,aist__gMH_sBM_cAll_d24_mMH2_ch02__cs150,,BRIDGE3R,m15_bridge3r_fixed_v19,Camera-translation_m,3.134426051603199,1.2061455724511558,1.9282804791520431
aist__gMH_sBM_cAll_d24_mMH2_ch02__cs150,aist__gMH_sBM_cAll_d24_mMH2_ch02__cs150,,BRIDGE3R,m15_bridge3r_fixed_v19,Coverage,0.98,1.0,0.020000000000000018
aist__gMH_sBM_cAll_d24_mMH3_ch01__cs150,aist__gMH_sBM_cAll_d24_mMH3_ch01__cs150,,Human3R,m0_strict_human3r,PA-MPJPE_mm,52.09555214269768,52.667402130362,-0.5718499876643222
aist__gMH_sBM_cAll_d24_mMH3_ch01__cs150,aist__gMH_sBM_cAll_d24_mMH3_ch01__cs150,,Human3R,m0_strict_human3r,Anchor-MPJPE_mm,1101.0961687073484,433.48282362620483,667.6133450811435
aist__gMH_sBM_cAll_d24_mMH3_ch01__cs150,aist__gMH_sBM_cAll_d24_mMH3_ch01__cs150,,Human3R,m0_strict_human3r,Anchor-root_mm,1104.2003867090332,412.38919213378756,691.8111945752456
aist__gMH_sBM_cAll_d24_mMH3_ch01__cs150,aist__gMH_sBM_cAll_d24_mMH3_ch01__cs150,,Human3R,m0_strict_human3r,Orientation_deg,12.983973975635825,14.488430895051433,-1.5044569194156079
aist__gMH_sBM_cAll_d24_mMH3_ch01__cs150,aist__gMH_sBM_cAll_d24_mMH3_ch01__cs150,,Human3R,m0_strict_human3r,Seam-root_mm,560.1054353260495,250.23618188780804,309.86925343824146
aist__gMH_sBM_cAll_d24_mMH3_ch01__cs150,aist__gMH_sBM_cAll_d24_mMH3_ch01__cs150,,Human3R,m0_strict_human3r,Seam-orientation_deg,14.765735269074236,3.9003925294832373,10.865342739590998
aist__gMH_sBM_cAll_d24_mMH3_ch01__cs150,aist__gMH_sBM_cAll_d24_mMH3_ch01__cs150,,Human3R,m0_strict_human3r,Camera-rotation_deg,4.04536372125028,10.075075101711047,-6.029711380460767
aist__gMH_sBM_cAll_d24_mMH3_ch01__cs150,aist__gMH_sBM_cAll_d24_mMH3_ch01__cs150,,Human3R,m0_strict_human3r,Camera-translation_m,1.8574004927572871,1.4978481256882803,0.35955236706900684
aist__gMH_sBM_cAll_d24_mMH3_ch01__cs150,aist__gMH_sBM_cAll_d24_mMH3_ch01__cs150,,Human3R,m0_strict_human3r,Coverage,0.98,1.0,0.020000000000000018
aist__gMH_sBM_cAll_d24_mMH3_ch01__cs150,aist__gMH_sBM_cAll_d24_mMH3_ch01__cs150,,BRIDGE3R,m15_bridge3r_fixed_v19,PA-MPJPE_mm,52.09555214269768,52.49448374930952,-0.39893160661184623
aist__gMH_sBM_cAll_d24_mMH3_ch01__cs150,aist__gMH_sBM_cAll_d24_mMH3_ch01__cs150,,BRIDGE3R,m15_bridge3r_fixed_v19,Anchor-MPJPE_mm,1101.0961687073484,442.9536276823017,658.1425410250467
aist__gMH_sBM_cAll_d24_mMH3_ch01__cs150,aist__gMH_sBM_cAll_d24_mMH3_ch01__cs150,,BRIDGE3R,m15_bridge3r_fixed_v19,Anchor-root_mm,1104.2003867090332,424.0173868224805,680.1829998865527
aist__gMH_sBM_cAll_d24_mMH3_ch01__cs150,aist__gMH_sBM_cAll_d24_mMH3_ch01__cs150,,BRIDGE3R,m15_bridge3r_fixed_v19,Orientation_deg,12.983973975635825,12.07762000969241,0.9063539659434152
aist__gMH_sBM_cAll_d24_mMH3_ch01__cs150,aist__gMH_sBM_cAll_d24_mMH3_ch01__cs150,,BRIDGE3R,m15_bridge3r_fixed_v19,Seam-root_mm,560.1054353260495,485.9370053850239,74.16842994102558
aist__gMH_sBM_cAll_d24_mMH3_ch01__cs150,aist__gMH_sBM_cAll_d24_mMH3_ch01__cs150,,BRIDGE3R,m15_bridge3r_fixed_v19,Seam-orientation_deg,14.765735269074236,2.2643471202154446,12.50138814885879
aist__gMH_sBM_cAll_d24_mMH3_ch01__cs150,aist__gMH_sBM_cAll_d24_mMH3_ch01__cs150,,BRIDGE3R,m15_bridge3r_fixed_v19,Camera-rotation_deg,4.04536372125028,2.269914382830028,1.7754493384202519
aist__gMH_sBM_cAll_d24_mMH3_ch01__cs150,aist__gMH_sBM_cAll_d24_mMH3_ch01__cs150,,BRIDGE3R,m15_bridge3r_fixed_v19,Camera-translation_m,1.8574004927572871,0.3957945649553917,1.4616059278018954
aist__gMH_sBM_cAll_d24_mMH3_ch01__cs150,aist__gMH_sBM_cAll_d24_mMH3_ch01__cs150,,BRIDGE3R,m15_bridge3r_fixed_v19,Coverage,0.98,1.0,0.020000000000000018
aist__gMH_sBM_cAll_d24_mMH3_ch02__cs150,aist__gMH_sBM_cAll_d24_mMH3_ch02__cs150,,Human3R,m0_strict_human3r,PA-MPJPE_mm,52.37890832587203,59.06488850081057,-6.6859801749385355
aist__gMH_sBM_cAll_d24_mMH3_ch02__cs150,aist__gMH_sBM_cAll_d24_mMH3_ch02__cs150,,Human3R,m0_strict_human3r,Anchor-MPJPE_mm,970.9306475426102,508.3686779123949,462.56196963021534
aist__gMH_sBM_cAll_d24_mMH3_ch02__cs150,aist__gMH_sBM_cAll_d24_mMH3_ch02__cs150,,Human3R,m0_strict_human3r,Anchor-root_mm,958.575121281329,497.8338965533573,460.74122472797166
aist__gMH_sBM_cAll_d24_mMH3_ch02__cs150,aist__gMH_sBM_cAll_d24_mMH3_ch02__cs150,,Human3R,m0_strict_human3r,Orientation_deg,9.822317805608472,9.682389833711607,0.13992797189686534
aist__gMH_sBM_cAll_d24_mMH3_ch02__cs150,aist__gMH_sBM_cAll_d24_mMH3_ch02__cs150,,Human3R,m0_strict_human3r,Seam-root_mm,444.38199318348825,238.49777771068273,205.88421547280552
aist__gMH_sBM_cAll_d24_mMH3_ch02__cs150,aist__gMH_sBM_cAll_d24_mMH3_ch02__cs150,,Human3R,m0_strict_human3r,Seam-orientation_deg,10.043959851102981,11.630166196647567,-1.5862063455445856
aist__gMH_sBM_cAll_d24_mMH3_ch02__cs150,aist__gMH_sBM_cAll_d24_mMH3_ch02__cs150,,Human3R,m0_strict_human3r,Camera-rotation_deg,4.856818718090366,3.593553497018868,1.2632652210714985
aist__gMH_sBM_cAll_d24_mMH3_ch02__cs150,aist__gMH_sBM_cAll_d24_mMH3_ch02__cs150,,Human3R,m0_strict_human3r,Camera-translation_m,1.8685992408981527,0.39527946943269027,1.4733197714654624
aist__gMH_sBM_cAll_d24_mMH3_ch02__cs150,aist__gMH_sBM_cAll_d24_mMH3_ch02__cs150,,Human3R,m0_strict_human3r,Coverage,0.98,1.0,0.020000000000000018
aist__gMH_sBM_cAll_d24_mMH3_ch02__cs150,aist__gMH_sBM_cAll_d24_mMH3_ch02__cs150,,BRIDGE3R,m15_bridge3r_fixed_v19,PA-MPJPE_mm,52.37890832587203,58.97006535519436,-6.591157029322325
aist__gMH_sBM_cAll_d24_mMH3_ch02__cs150,aist__gMH_sBM_cAll_d24_mMH3_ch02__cs150,,BRIDGE3R,m15_bridge3r_fixed_v19,Anchor-MPJPE_mm,970.9306475426102,326.60910255630006,644.3215449863102
aist__gMH_sBM_cAll_d24_mMH3_ch02__cs150,aist__gMH_sBM_cAll_d24_mMH3_ch02__cs150,,BRIDGE3R,m15_bridge3r_fixed_v19,Anchor-root_mm,958.575121281329,318.6373219247392,639.9377993565897
aist__gMH_sBM_cAll_d24_mMH3_ch02__cs150,aist__gMH_sBM_cAll_d24_mMH3_ch02__cs150,,BRIDGE3R,m15_bridge3r_fixed_v19,Orientation_deg,9.822317805608472,9.656229653568477,0.16608815203999505
aist__gMH_sBM_cAll_d24_mMH3_ch02__cs150,aist__gMH_sBM_cAll_d24_mMH3_ch02__cs150,,BRIDGE3R,m15_bridge3r_fixed_v19,Seam-root_mm,444.38199318348825,441.3145535492603,3.0674396342279238
aist__gMH_sBM_cAll_d24_mMH3_ch02__cs150,aist__gMH_sBM_cAll_d24_mMH3_ch02__cs150,,BRIDGE3R,m15_bridge3r_fixed_v19,Seam-orientation_deg,10.043959851102981,12.825486094408948,-2.781526243305967
aist__gMH_sBM_cAll_d24_mMH3_ch02__cs150,aist__gMH_sBM_cAll_d24_mMH3_ch02__cs150,,BRIDGE3R,m15_bridge3r_fixed_v19,Camera-rotation_deg,4.856818718090366,4.567259026837648,0.28955969125271874
aist__gMH_sBM_cAll_d24_mMH3_ch02__cs150,aist__gMH_sBM_cAll_d24_mMH3_ch02__cs150,,BRIDGE3R,m15_bridge3r_fixed_v19,Camera-translation_m,1.8685992408981527,0.6201415770319011,1.2484576638662515
aist__gMH_sBM_cAll_d24_mMH3_ch02__cs150,aist__gMH_sBM_cAll_d24_mMH3_ch02__cs150,,BRIDGE3R,m15_bridge3r_fixed_v19,Coverage,0.98,1.0,0.020000000000000018
aist__gMH_sBM_cAll_d24_mMH3_ch04__cs150,aist__gMH_sBM_cAll_d24_mMH3_ch04__cs150,,Human3R,m0_strict_human3r,PA-MPJPE_mm,50.93926118351488,50.13874949830574,0.8005116852091376
aist__gMH_sBM_cAll_d24_mMH3_ch04__cs150,aist__gMH_sBM_cAll_d24_mMH3_ch04__cs150,,Human3R,m0_strict_human3r,Anchor-MPJPE_mm,1451.6445914291685,672.5209582291418,779.1236332000267
aist__gMH_sBM_cAll_d24_mMH3_ch04__cs150,aist__gMH_sBM_cAll_d24_mMH3_ch04__cs150,,Human3R,m0_strict_human3r,Anchor-root_mm,1456.1961214852947,642.1474900802101,814.0486314050846
aist__gMH_sBM_cAll_d24_mMH3_ch04__cs150,aist__gMH_sBM_cAll_d24_mMH3_ch04__cs150,,Human3R,m0_strict_human3r,Orientation_deg,17.16676574163828,9.577396345570703,7.5893693960675765
aist__gMH_sBM_cAll_d24_mMH3_ch04__cs150,aist__gMH_sBM_cAll_d24_mMH3_ch04__cs150,,Human3R,m0_strict_human3r,Seam-root_mm,1229.1232999964852,1158.2094978177565,70.9138021787287
aist__gMH_sBM_cAll_d24_mMH3_ch04__cs150,aist__gMH_sBM_cAll_d24_mMH3_ch04__cs150,,Human3R,m0_strict_human3r,Seam-orientation_deg,33.231549990001575,7.465437964525159,25.766112025476417
aist__gMH_sBM_cAll_d24_mMH3_ch04__cs150,aist__gMH_sBM_cAll_d24_mMH3_ch04__cs150,,Human3R,m0_strict_human3r,Camera-rotation_deg,10.684153731538453,4.052603894465787,6.631549837072666
aist__gMH_sBM_cAll_d24_mMH3_ch04__cs150,aist__gMH_sBM_cAll_d24_mMH3_ch04__cs150,,Human3R,m0_strict_human3r,Camera-translation_m,2.8166080268639044,1.977298959941067,0.8393090669228374
aist__gMH_sBM_cAll_d24_mMH3_ch04__cs150,aist__gMH_sBM_cAll_d24_mMH3_ch04__cs150,,Human3R,m0_strict_human3r,Coverage,0.98,1.0,0.020000000000000018
aist__gMH_sBM_cAll_d24_mMH3_ch04__cs150,aist__gMH_sBM_cAll_d24_mMH3_ch04__cs150,,BRIDGE3R,m15_bridge3r_fixed_v19,PA-MPJPE_mm,50.93926118351488,50.048516754913656,0.8907444286012236
aist__gMH_sBM_cAll_d24_mMH3_ch04__cs150,aist__gMH_sBM_cAll_d24_mMH3_ch04__cs150,,BRIDGE3R,m15_bridge3r_fixed_v19,Anchor-MPJPE_mm,1451.6445914291685,566.7706203732229,884.8739710559456
aist__gMH_sBM_cAll_d24_mMH3_ch04__cs150,aist__gMH_sBM_cAll_d24_mMH3_ch04__cs150,,BRIDGE3R,m15_bridge3r_fixed_v19,Anchor-root_mm,1456.1961214852947,569.8787233774225,886.3173981078722
aist__gMH_sBM_cAll_d24_mMH3_ch04__cs150,aist__gMH_sBM_cAll_d24_mMH3_ch04__cs150,,BRIDGE3R,m15_bridge3r_fixed_v19,Orientation_deg,17.16676574163828,10.064448892791187,7.102316848847092
aist__gMH_sBM_cAll_d24_mMH3_ch04__cs150,aist__gMH_sBM_cAll_d24_mMH3_ch04__cs150,,BRIDGE3R,m15_bridge3r_fixed_v19,Seam-root_mm,1229.1232999964852,586.9169840884203,642.2063159080649
aist__gMH_sBM_cAll_d24_mMH3_ch04__cs150,aist__gMH_sBM_cAll_d24_mMH3_ch04__cs150,,BRIDGE3R,m15_bridge3r_fixed_v19,Seam-orientation_deg,33.231549990001575,10.150657234841386,23.08089275516019
aist__gMH_sBM_cAll_d24_mMH3_ch04__cs150,aist__gMH_sBM_cAll_d24_mMH3_ch04__cs150,,BRIDGE3R,m15_bridge3r_fixed_v19,Camera-rotation_deg,10.684153731538453,2.6749398310388353,8.009213900499617
aist__gMH_sBM_cAll_d24_mMH3_ch04__cs150,aist__gMH_sBM_cAll_d24_mMH3_ch04__cs150,,BRIDGE3R,m15_bridge3r_fixed_v19,Camera-translation_m,2.8166080268639044,0.7975675702532148,2.0190404566106896
aist__gMH_sBM_cAll_d24_mMH3_ch04__cs150,aist__gMH_sBM_cAll_d24_mMH3_ch04__cs150,,BRIDGE3R,m15_bridge3r_fixed_v19,Coverage,0.98,1.0,0.020000000000000018
aist__gMH_sBM_cAll_d24_mMH3_ch05__cs150,aist__gMH_sBM_cAll_d24_mMH3_ch05__cs150,,Human3R,m0_strict_human3r,PA-MPJPE_mm,57.162204849280045,56.22917723648974,0.9330276127903048
aist__gMH_sBM_cAll_d24_mMH3_ch05__cs150,aist__gMH_sBM_cAll_d24_mMH3_ch05__cs150,,Human3R,m0_strict_human3r,Anchor-MPJPE_mm,1581.1352878188382,709.1317913225797,872.0034964962584
aist__gMH_sBM_cAll_d24_mMH3_ch05__cs150,aist__gMH_sBM_cAll_d24_mMH3_ch05__cs150,,Human3R,m0_strict_human3r,Anchor-root_mm,1573.7135596351764,692.4508593626151,881.2627002725612
aist__gMH_sBM_cAll_d24_mMH3_ch05__cs150,aist__gMH_sBM_cAll_d24_mMH3_ch05__cs150,,Human3R,m0_strict_human3r,Orientation_deg,15.683116761331831,9.017768379011132,6.665348382320699
aist__gMH_sBM_cAll_d24_mMH3_ch05__cs150,aist__gMH_sBM_cAll_d24_mMH3_ch05__cs150,,Human3R,m0_strict_human3r,Seam-root_mm,1253.7996694277324,891.4524972670573,362.3471721606751
aist__gMH_sBM_cAll_d24_mMH3_ch05__cs150,aist__gMH_sBM_cAll_d24_mMH3_ch05__cs150,,Human3R,m0_strict_human3r,Seam-orientation_deg,19.39375075485259,8.90700816398119,10.4867425908714
aist__gMH_sBM_cAll_d24_mMH3_ch05__cs150,aist__gMH_sBM_cAll_d24_mMH3_ch05__cs150,,Human3R,m0_strict_human3r,Camera-rotation_deg,11.69264484214372,4.8051028359721375,6.887542006171582
aist__gMH_sBM_cAll_d24_mMH3_ch05__cs150,aist__gMH_sBM_cAll_d24_mMH3_ch05__cs150,,Human3R,m0_strict_human3r,Camera-translation_m,2.7973582886293595,1.8411598472878252,0.9561984413415343
aist__gMH_sBM_cAll_d24_mMH3_ch05__cs150,aist__gMH_sBM_cAll_d24_mMH3_ch05__cs150,,Human3R,m0_strict_human3r,Coverage,0.98,1.0,0.020000000000000018
aist__gMH_sBM_cAll_d24_mMH3_ch05__cs150,aist__gMH_sBM_cAll_d24_mMH3_ch05__cs150,,BRIDGE3R,m15_bridge3r_fixed_v19,PA-MPJPE_mm,57.162204849280045,56.152484804343466,1.0097200449365786
aist__gMH_sBM_cAll_d24_mMH3_ch05__cs150,aist__gMH_sBM_cAll_d24_mMH3_ch05__cs150,,BRIDGE3R,m15_bridge3r_fixed_v19,Anchor-MPJPE_mm,1581.1352878188382,595.5214257388662,985.6138620799719
aist__gMH_sBM_cAll_d24_mMH3_ch05__cs150,aist__gMH_sBM_cAll_d24_mMH3_ch05__cs150,,BRIDGE3R,m15_bridge3r_fixed_v19,Anchor-root_mm,1573.7135596351764,572.8489239471226,1000.8646356880538
aist__gMH_sBM_cAll_d24_mMH3_ch05__cs150,aist__gMH_sBM_cAll_d24_mMH3_ch05__cs150,,BRIDGE3R,m15_bridge3r_fixed_v19,Orientation_deg,15.683116761331831,9.235535915793598,6.4475808455382335
aist__gMH_sBM_cAll_d24_mMH3_ch05__cs150,aist__gMH_sBM_cAll_d24_mMH3_ch05__cs150,,BRIDGE3R,m15_bridge3r_fixed_v19,Seam-root_mm,1253.7996694277324,594.0263888269103,659.7732806008221
aist__gMH_sBM_cAll_d24_mMH3_ch05__cs150,aist__gMH_sBM_cAll_d24_mMH3_ch05__cs150,,BRIDGE3R,m15_bridge3r_fixed_v19,Seam-orientation_deg,19.39375075485259,14.589056209169112,4.804694545683478
aist__gMH_sBM_cAll_d24_mMH3_ch05__cs150,aist__gMH_sBM_cAll_d24_mMH3_ch05__cs150,,BRIDGE3R,m15_bridge3r_fixed_v19,Camera-rotation_deg,11.69264484214372,3.3063332754561694,8.38631156668755
aist__gMH_sBM_cAll_d24_mMH3_ch05__cs150,aist__gMH_sBM_cAll_d24_mMH3_ch05__cs150,,BRIDGE3R,m15_bridge3r_fixed_v19,Camera-translation_m,2.7973582886293595,0.9756176592311396,1.82174062939822
aist__gMH_sBM_cAll_d24_mMH3_ch05__cs150,aist__gMH_sBM_cAll_d24_mMH3_ch05__cs150,,BRIDGE3R,m15_bridge3r_fixed_v19,Coverage,0.98,1.0,0.020000000000000018
aist__gMH_sBM_cAll_d24_mMH3_ch06__cs150,aist__gMH_sBM_cAll_d24_mMH3_ch06__cs150,,Human3R,m0_strict_human3r,PA-MPJPE_mm,61.6598013603726,61.40848576432369,0.2513155960489044
aist__gMH_sBM_cAll_d24_mMH3_ch06__cs150,aist__gMH_sBM_cAll_d24_mMH3_ch06__cs150,,Human3R,m0_strict_human3r,Anchor-MPJPE_mm,367.6395726564304,334.96000853901484,32.679564117415566
aist__gMH_sBM_cAll_d24_mMH3_ch06__cs150,aist__gMH_sBM_cAll_d24_mMH3_ch06__cs150,,Human3R,m0_strict_human3r,Anchor-root_mm,268.5406495107127,241.03712961794216,27.503519892770527
aist__gMH_sBM_cAll_d24_mMH3_ch06__cs150,aist__gMH_sBM_cAll_d24_mMH3_ch06__cs150,,Human3R,m0_strict_human3r,Orientation_deg,73.68728649019192,69.6724969301209,4.014789560071023
aist__gMH_sBM_cAll_d24_mMH3_ch06__cs150,aist__gMH_sBM_cAll_d24_mMH3_ch06__cs150,,Human3R,m0_strict_human3r,Seam-root_mm,209.40405858091984,752.2194444605667,-542.8153858796469
aist__gMH_sBM_cAll_d24_mMH3_ch06__cs150,aist__gMH_sBM_cAll_d24_mMH3_ch06__cs150,,Human3R,m0_strict_human3r,Seam-orientation_deg,66.59318528480497,124.12178709564634,-57.528601810841366
aist__gMH_sBM_cAll_d24_mMH3_ch06__cs150,aist__gMH_sBM_cAll_d24_mMH3_ch06__cs150,,Human3R,m0_strict_human3r,Camera-rotation_deg,135.31414650164425,133.92750699756792,1.386639504076328
aist__gMH_sBM_cAll_d24_mMH3_ch06__cs150,aist__gMH_sBM_cAll_d24_mMH3_ch06__cs150,,Human3R,m0_strict_human3r,Camera-translation_m,8.622986608888228,9.12983503672971,-0.5068484278414829
aist__gMH_sBM_cAll_d24_mMH3_ch06__cs150,aist__gMH_sBM_cAll_d24_mMH3_ch06__cs150,,Human3R,m0_strict_human3r,Coverage,0.98,1.0,0.020000000000000018
aist__gMH_sBM_cAll_d24_mMH3_ch06__cs150,aist__gMH_sBM_cAll_d24_mMH3_ch06__cs150,,BRIDGE3R,m15_bridge3r_fixed_v19,PA-MPJPE_mm,61.6598013603726,61.15038983855251,0.5094115218200841
aist__gMH_sBM_cAll_d24_mMH3_ch06__cs150,aist__gMH_sBM_cAll_d24_mMH3_ch06__cs150,,BRIDGE3R,m15_bridge3r_fixed_v19,Anchor-MPJPE_mm,367.6395726564304,329.08885046984057,38.55072218658984
aist__gMH_sBM_cAll_d24_mMH3_ch06__cs150,aist__gMH_sBM_cAll_d24_mMH3_ch06__cs150,,BRIDGE3R,m15_bridge3r_fixed_v19,Anchor-root_mm,268.5406495107127,239.33422996667107,29.20641954404161
aist__gMH_sBM_cAll_d24_mMH3_ch06__cs150,aist__gMH_sBM_cAll_d24_mMH3_ch06__cs150,,BRIDGE3R,m15_bridge3r_fixed_v19,Orientation_deg,73.68728649019192,69.53538878993082,4.151897700261102
aist__gMH_sBM_cAll_d24_mMH3_ch06__cs150,aist__gMH_sBM_cAll_d24_mMH3_ch06__cs150,,BRIDGE3R,m15_bridge3r_fixed_v19,Seam-root_mm,209.40405858091984,245.3359778319472,-35.93191925102735
aist__gMH_sBM_cAll_d24_mMH3_ch06__cs150,aist__gMH_sBM_cAll_d24_mMH3_ch06__cs150,,BRIDGE3R,m15_bridge3r_fixed_v19,Seam-orientation_deg,66.59318528480497,143.34273131960944,-76.74954603480447
aist__gMH_sBM_cAll_d24_mMH3_ch06__cs150,aist__gMH_sBM_cAll_d24_mMH3_ch06__cs150,,BRIDGE3R,m15_bridge3r_fixed_v19,Camera-rotation_deg,135.31414650164425,133.95696619427838,1.3571803073658657
aist__gMH_sBM_cAll_d24_mMH3_ch06__cs150,aist__gMH_sBM_cAll_d24_mMH3_ch06__cs150,,BRIDGE3R,m15_bridge3r_fixed_v19,Camera-translation_m,8.622986608888228,9.212989161102513,-0.5900025522142851
aist__gMH_sBM_cAll_d24_mMH3_ch06__cs150,aist__gMH_sBM_cAll_d24_mMH3_ch06__cs150,,BRIDGE3R,m15_bridge3r_fixed_v19,Coverage,0.98,1.0,0.020000000000000018
aist__gMH_sBM_cAll_d24_mMH3_ch07__cs150,aist__gMH_sBM_cAll_d24_mMH3_ch07__cs150,,Human3R,m0_strict_human3r,PA-MPJPE_mm,52.53788655992907,57.46503573750785,-4.927149177578777
aist__gMH_sBM_cAll_d24_mMH3_ch07__cs150,aist__gMH_sBM_cAll_d24_mMH3_ch07__cs150,,Human3R,m0_strict_human3r,Anchor-MPJPE_mm,1074.2501894857792,593.2801575161542,480.970031969625
aist__gMH_sBM_cAll_d24_mMH3_ch07__cs150,aist__gMH_sBM_cAll_d24_mMH3_ch07__cs150,,Human3R,m0_strict_human3r,Anchor-root_mm,1062.190528270237,588.6809531776792,473.50957509255795
aist__gMH_sBM_cAll_d24_mMH3_ch07__cs150,aist__gMH_sBM_cAll_d24_mMH3_ch07__cs150,,Human3R,m0_strict_human3r,Orientation_deg,13.120999344023542,9.352002292801457,3.768997051222085
aist__gMH_sBM_cAll_d24_mMH3_ch07__cs150,aist__gMH_sBM_cAll_d24_mMH3_ch07__cs150,,Human3R,m0_strict_human3r,Seam-root_mm,1443.437971671866,157.45660769906937,1285.9813639727968
aist__gMH_sBM_cAll_d24_mMH3_ch07__cs150,aist__gMH_sBM_cAll_d24_mMH3_ch07__cs150,,Human3R,m0_strict_human3r,Seam-orientation_deg,5.4347135961251825,18.1934636000213,-12.758750003896118
aist__gMH_sBM_cAll_d24_mMH3_ch07__cs150,aist__gMH_sBM_cAll_d24_mMH3_ch07__cs150,,Human3R,m0_strict_human3r,Camera-rotation_deg,8.547226554005162,5.5586709700703905,2.9885555839347715
aist__gMH_sBM_cAll_d24_mMH3_ch07__cs150,aist__gMH_sBM_cAll_d24_mMH3_ch07__cs150,,Human3R,m0_strict_human3r,Camera-translation_m,2.047842279704084,0.7682874540780322,1.2795548256260518
aist__gMH_sBM_cAll_d24_mMH3_ch07__cs150,aist__gMH_sBM_cAll_d24_mMH3_ch07__cs150,,Human3R,m0_strict_human3r,Coverage,0.98,1.0,0.020000000000000018
aist__gMH_sBM_cAll_d24_mMH3_ch07__cs150,aist__gMH_sBM_cAll_d24_mMH3_ch07__cs150,,BRIDGE3R,m15_bridge3r_fixed_v19,PA-MPJPE_mm,52.53788655992907,57.57002756428546,-5.03214100435639
aist__gMH_sBM_cAll_d24_mMH3_ch07__cs150,aist__gMH_sBM_cAll_d24_mMH3_ch07__cs150,,BRIDGE3R,m15_bridge3r_fixed_v19,Anchor-MPJPE_mm,1074.2501894857792,381.9402351507034,692.3099543350758
aist__gMH_sBM_cAll_d24_mMH3_ch07__cs150,aist__gMH_sBM_cAll_d24_mMH3_ch07__cs150,,BRIDGE3R,m15_bridge3r_fixed_v19,Anchor-root_mm,1062.190528270237,376.08305650166864,686.1074717685685
aist__gMH_sBM_cAll_d24_mMH3_ch07__cs150,aist__gMH_sBM_cAll_d24_mMH3_ch07__cs150,,BRIDGE3R,m15_bridge3r_fixed_v19,Orientation_deg,13.120999344023542,9.196147527639408,3.924851816384134
aist__gMH_sBM_cAll_d24_mMH3_ch07__cs150,aist__gMH_sBM_cAll_d24_mMH3_ch07__cs150,,BRIDGE3R,m15_bridge3r_fixed_v19,Seam-root_mm,1443.437971671866,417.8034476207378,1025.6345240511282
aist__gMH_sBM_cAll_d24_mMH3_ch07__cs150,aist__gMH_sBM_cAll_d24_mMH3_ch07__cs150,,BRIDGE3R,m15_bridge3r_fixed_v19,Seam-orientation_deg,5.4347135961251825,16.283267830932708,-10.848554234807526
aist__gMH_sBM_cAll_d24_mMH3_ch07__cs150,aist__gMH_sBM_cAll_d24_mMH3_ch07__cs150,,BRIDGE3R,m15_bridge3r_fixed_v19,Camera-rotation_deg,8.547226554005162,5.1440118441826455,3.4032147098225165
aist__gMH_sBM_cAll_d24_mMH3_ch07__cs150,aist__gMH_sBM_cAll_d24_mMH3_ch07__cs150,,BRIDGE3R,m15_bridge3r_fixed_v19,Camera-translation_m,2.047842279704084,0.635841284426361,1.412000995277723
aist__gMH_sBM_cAll_d24_mMH3_ch07__cs150,aist__gMH_sBM_cAll_d24_mMH3_ch07__cs150,,BRIDGE3R,m15_bridge3r_fixed_v19,Coverage,0.98,1.0,0.020000000000000018
aist__gMH_sBM_cAll_d24_mMH3_ch10__cs150,aist__gMH_sBM_cAll_d24_mMH3_ch10__cs150,,Human3R,m0_strict_human3r,PA-MPJPE_mm,52.15464631695441,53.36567491464906,-1.21102859769465
aist__gMH_sBM_cAll_d24_mMH3_ch10__cs150,aist__gMH_sBM_cAll_d24_mMH3_ch10__cs150,,Human3R,m0_strict_human3r,Anchor-MPJPE_mm,1584.7158302836997,612.2742176343219,972.4416126493778
aist__gMH_sBM_cAll_d24_mMH3_ch10__cs150,aist__gMH_sBM_cAll_d24_mMH3_ch10__cs150,,Human3R,m0_strict_human3r,Anchor-root_mm,1591.6319105444927,596.0806771775891,995.5512333669036
aist__gMH_sBM_cAll_d24_mMH3_ch10__cs150,aist__gMH_sBM_cAll_d24_mMH3_ch10__cs150,,Human3R,m0_strict_human3r,Orientation_deg,17.253566033515586,10.06109680617052,7.192469227345066
aist__gMH_sBM_cAll_d24_mMH3_ch10__cs150,aist__gMH_sBM_cAll_d24_mMH3_ch10__cs150,,Human3R,m0_strict_human3r,Seam-root_mm,1507.2853451652377,1249.6888728113483,257.59647235388934
aist__gMH_sBM_cAll_d24_mMH3_ch10__cs150,aist__gMH_sBM_cAll_d24_mMH3_ch10__cs150,,Human3R,m0_strict_human3r,Seam-orientation_deg,22.15915180856688,19.647320205167958,2.511831603398921
aist__gMH_sBM_cAll_d24_mMH3_ch10__cs150,aist__gMH_sBM_cAll_d24_mMH3_ch10__cs150,,Human3R,m0_strict_human3r,Camera-rotation_deg,12.807092660022688,4.664360364686408,8.14273229533628
aist__gMH_sBM_cAll_d24_mMH3_ch10__cs150,aist__gMH_sBM_cAll_d24_mMH3_ch10__cs150,,Human3R,m0_strict_human3r,Camera-translation_m,2.8102055623573716,1.7067835676293366,1.103421994728035
aist__gMH_sBM_cAll_d24_mMH3_ch10__cs150,aist__gMH_sBM_cAll_d24_mMH3_ch10__cs150,,Human3R,m0_strict_human3r,Coverage,0.98,0.9933333333333333,0.013333333333333308
aist__gMH_sBM_cAll_d24_mMH3_ch10__cs150,aist__gMH_sBM_cAll_d24_mMH3_ch10__cs150,,BRIDGE3R,m15_bridge3r_fixed_v19,PA-MPJPE_mm,52.15464631695441,53.178375213623475,-1.0237288966690627
aist__gMH_sBM_cAll_d24_mMH3_ch10__cs150,aist__gMH_sBM_cAll_d24_mMH3_ch10__cs150,,BRIDGE3R,m15_bridge3r_fixed_v19,Anchor-MPJPE_mm,1584.7158302836997,453.2176696610459,1131.4981606226538
aist__gMH_sBM_cAll_d24_mMH3_ch10__cs150,aist__gMH_sBM_cAll_d24_mMH3_ch10__cs150,,BRIDGE3R,m15_bridge3r_fixed_v19,Anchor-root_mm,1591.6319105444927,449.3279071042494,1142.3040034402434
aist__gMH_sBM_cAll_d24_mMH3_ch10__cs150,aist__gMH_sBM_cAll_d24_mMH3_ch10__cs150,,BRIDGE3R,m15_bridge3r_fixed_v19,Orientation_deg,17.253566033515586,10.250984538876207,7.002581494639379
aist__gMH_sBM_cAll_d24_mMH3_ch10__cs150,aist__gMH_sBM_cAll_d24_mMH3_ch10__cs150,,BRIDGE3R,m15_bridge3r_fixed_v19,Seam-root_mm,1507.2853451652377,649.187206082182,858.0981390830557
aist__gMH_sBM_cAll_d24_mMH3_ch10__cs150,aist__gMH_sBM_cAll_d24_mMH3_ch10__cs150,,BRIDGE3R,m15_bridge3r_fixed_v19,Seam-orientation_deg,22.15915180856688,29.67024241889563,-7.5110906103287505
aist__gMH_sBM_cAll_d24_mMH3_ch10__cs150,aist__gMH_sBM_cAll_d24_mMH3_ch10__cs150,,BRIDGE3R,m15_bridge3r_fixed_v19,Camera-rotation_deg,12.807092660022688,2.9087656644594424,9.898326995563245
aist__gMH_sBM_cAll_d24_mMH3_ch10__cs150,aist__gMH_sBM_cAll_d24_mMH3_ch10__cs150,,BRIDGE3R,m15_bridge3r_fixed_v19,Camera-translation_m,2.8102055623573716,0.8607944330288785,1.9494111293284933
aist__gMH_sBM_cAll_d24_mMH3_ch10__cs150,aist__gMH_sBM_cAll_d24_mMH3_ch10__cs150,,BRIDGE3R,m15_bridge3r_fixed_v19,Coverage,0.98,0.9933333333333333,0.013333333333333308
aist__gMH_sBM_cAll_d24_mMH4_ch01__cs150,aist__gMH_sBM_cAll_d24_mMH4_ch01__cs150,,Human3R,m0_strict_human3r,PA-MPJPE_mm,64.14160839725518,67.35389590333763,-3.212287506082447
aist__gMH_sBM_cAll_d24_mMH4_ch01__cs150,aist__gMH_sBM_cAll_d24_mMH4_ch01__cs150,,Human3R,m0_strict_human3r,Anchor-MPJPE_mm,1445.9758262402831,651.7850564749893,794.1907697652938
aist__gMH_sBM_cAll_d24_mMH4_ch01__cs150,aist__gMH_sBM_cAll_d24_mMH4_ch01__cs150,,Human3R,m0_strict_human3r,Anchor-root_mm,1447.7128558734073,618.5735113659786,829.1393445074287
aist__gMH_sBM_cAll_d24_mMH4_ch01__cs150,aist__gMH_sBM_cAll_d24_mMH4_ch01__cs150,,Human3R,m0_strict_human3r,Orientation_deg,21.968013123301557,13.512277731904362,8.455735391397194
aist__gMH_sBM_cAll_d24_mMH4_ch01__cs150,aist__gMH_sBM_cAll_d24_mMH4_ch01__cs150,,Human3R,m0_strict_human3r,Seam-root_mm,1353.5753873011163,1007.8915860029618,345.68380129815444
aist__gMH_sBM_cAll_d24_mMH4_ch01__cs150,aist__gMH_sBM_cAll_d24_mMH4_ch01__cs150,,Human3R,m0_strict_human3r,Seam-orientation_deg,22.702196354968315,14.137252374615985,8.56494398035233
aist__gMH_sBM_cAll_d24_mMH4_ch01__cs150,aist__gMH_sBM_cAll_d24_mMH4_ch01__cs150,,Human3R,m0_strict_human3r,Camera-rotation_deg,13.250396282426648,4.486543390616768,8.76385289180988
aist__gMH_sBM_cAll_d24_mMH4_ch01__cs150,aist__gMH_sBM_cAll_d24_mMH4_ch01__cs150,,Human3R,m0_strict_human3r,Camera-translation_m,2.4761809715699834,1.768279316105342,0.7079016554646413
aist__gMH_sBM_cAll_d24_mMH4_ch01__cs150,aist__gMH_sBM_cAll_d24_mMH4_ch01__cs150,,Human3R,m0_strict_human3r,Coverage,0.98,1.0,0.020000000000000018
aist__gMH_sBM_cAll_d24_mMH4_ch01__cs150,aist__gMH_sBM_cAll_d24_mMH4_ch01__cs150,,BRIDGE3R,m15_bridge3r_fixed_v19,PA-MPJPE_mm,64.14160839725518,67.00497865792337,-2.863370260668191
aist__gMH_sBM_cAll_d24_mMH4_ch01__cs150,aist__gMH_sBM_cAll_d24_mMH4_ch01__cs150,,BRIDGE3R,m15_bridge3r_fixed_v19,Anchor-MPJPE_mm,1445.9758262402831,811.8814569039812,634.094369336302
aist__gMH_sBM_cAll_d24_mMH4_ch01__cs150,aist__gMH_sBM_cAll_d24_mMH4_ch01__cs150,,BRIDGE3R,m15_bridge3r_fixed_v19,Anchor-root_mm,1447.7128558734073,806.0858661438507,641.6269897295566
aist__gMH_sBM_cAll_d24_mMH4_ch01__cs150,aist__gMH_sBM_cAll_d24_mMH4_ch01__cs150,,BRIDGE3R,m15_bridge3r_fixed_v19,Orientation_deg,21.968013123301557,13.468168379223291,8.499844744078265
aist__gMH_sBM_cAll_d24_mMH4_ch01__cs150,aist__gMH_sBM_cAll_d24_mMH4_ch01__cs150,,BRIDGE3R,m15_bridge3r_fixed_v19,Seam-root_mm,1353.5753873011163,788.287631030036,565.2877562710803
aist__gMH_sBM_cAll_d24_mMH4_ch01__cs150,aist__gMH_sBM_cAll_d24_mMH4_ch01__cs150,,BRIDGE3R,m15_bridge3r_fixed_v19,Seam-orientation_deg,22.702196354968315,16.076608218669556,6.625588136298759
aist__gMH_sBM_cAll_d24_mMH4_ch01__cs150,aist__gMH_sBM_cAll_d24_mMH4_ch01__cs150,,BRIDGE3R,m15_bridge3r_fixed_v19,Camera-rotation_deg,13.250396282426648,3.3497359667371898,9.900660315689457
aist__gMH_sBM_cAll_d24_mMH4_ch01__cs150,aist__gMH_sBM_cAll_d24_mMH4_ch01__cs150,,BRIDGE3R,m15_bridge3r_fixed_v19,Camera-translation_m,2.4761809715699834,1.4751506454157484,1.001030326154235
aist__gMH_sBM_cAll_d24_mMH4_ch01__cs150,aist__gMH_sBM_cAll_d24_mMH4_ch01__cs150,,BRIDGE3R,m15_bridge3r_fixed_v19,Coverage,0.98,1.0,0.020000000000000018
aist__gMH_sBM_cAll_d24_mMH4_ch02__cs150,aist__gMH_sBM_cAll_d24_mMH4_ch02__cs150,,Human3R,m0_strict_human3r,PA-MPJPE_mm,56.44333702277366,54.416432098444254,2.0269049243294077
aist__gMH_sBM_cAll_d24_mMH4_ch02__cs150,aist__gMH_sBM_cAll_d24_mMH4_ch02__cs150,,Human3R,m0_strict_human3r,Anchor-MPJPE_mm,1135.3774164462327,709.1577792806243,426.21963716560845
aist__gMH_sBM_cAll_d24_mMH4_ch02__cs150,aist__gMH_sBM_cAll_d24_mMH4_ch02__cs150,,Human3R,m0_strict_human3r,Anchor-root_mm,1130.1941333502575,695.4341277866611,434.76000556359645
aist__gMH_sBM_cAll_d24_mMH4_ch02__cs150,aist__gMH_sBM_cAll_d24_mMH4_ch02__cs150,,Human3R,m0_strict_human3r,Orientation_deg,12.256177461293763,8.330594544566482,3.925582916727281
aist__gMH_sBM_cAll_d24_mMH4_ch02__cs150,aist__gMH_sBM_cAll_d24_mMH4_ch02__cs150,,Human3R,m0_strict_human3r,Seam-root_mm,1240.0427942435886,698.141566646315,541.9012275972735
aist__gMH_sBM_cAll_d24_mMH4_ch02__cs150,aist__gMH_sBM_cAll_d24_mMH4_ch02__cs150,,Human3R,m0_strict_human3r,Seam-orientation_deg,20.877074919054003,5.519793675065141,15.357281243988862
aist__gMH_sBM_cAll_d24_mMH4_ch02__cs150,aist__gMH_sBM_cAll_d24_mMH4_ch02__cs150,,Human3R,m0_strict_human3r,Camera-rotation_deg,14.369941279575006,4.407107144530954,9.962834135044051
aist__gMH_sBM_cAll_d24_mMH4_ch02__cs150,aist__gMH_sBM_cAll_d24_mMH4_ch02__cs150,,Human3R,m0_strict_human3r,Camera-translation_m,2.0463635892880414,1.8765407062721295,0.16982288301591186
aist__gMH_sBM_cAll_d24_mMH4_ch02__cs150,aist__gMH_sBM_cAll_d24_mMH4_ch02__cs150,,Human3R,m0_strict_human3r,Coverage,0.98,1.0,0.020000000000000018
aist__gMH_sBM_cAll_d24_mMH4_ch02__cs150,aist__gMH_sBM_cAll_d24_mMH4_ch02__cs150,,BRIDGE3R,m15_bridge3r_fixed_v19,PA-MPJPE_mm,56.44333702277366,54.23454723768814,2.2087897850855214
aist__gMH_sBM_cAll_d24_mMH4_ch02__cs150,aist__gMH_sBM_cAll_d24_mMH4_ch02__cs150,,BRIDGE3R,m15_bridge3r_fixed_v19,Anchor-MPJPE_mm,1135.3774164462327,559.1433485585673,576.2340678876654
aist__gMH_sBM_cAll_d24_mMH4_ch02__cs150,aist__gMH_sBM_cAll_d24_mMH4_ch02__cs150,,BRIDGE3R,m15_bridge3r_fixed_v19,Anchor-root_mm,1130.1941333502575,551.2540429720631,578.9400903781944
aist__gMH_sBM_cAll_d24_mMH4_ch02__cs150,aist__gMH_sBM_cAll_d24_mMH4_ch02__cs150,,BRIDGE3R,m15_bridge3r_fixed_v19,Orientation_deg,12.256177461293763,8.858667624964033,3.3975098363297302
aist__gMH_sBM_cAll_d24_mMH4_ch02__cs150,aist__gMH_sBM_cAll_d24_mMH4_ch02__cs150,,BRIDGE3R,m15_bridge3r_fixed_v19,Seam-root_mm,1240.0427942435886,647.7454192437152,592.2973749998733
aist__gMH_sBM_cAll_d24_mMH4_ch02__cs150,aist__gMH_sBM_cAll_d24_mMH4_ch02__cs150,,BRIDGE3R,m15_bridge3r_fixed_v19,Seam-orientation_deg,20.877074919054003,6.241056587050034,14.63601833200397
aist__gMH_sBM_cAll_d24_mMH4_ch02__cs150,aist__gMH_sBM_cAll_d24_mMH4_ch02__cs150,,BRIDGE3R,m15_bridge3r_fixed_v19,Camera-rotation_deg,14.369941279575006,3.4347598108001223,10.935181468774884
aist__gMH_sBM_cAll_d24_mMH4_ch02__cs150,aist__gMH_sBM_cAll_d24_mMH4_ch02__cs150,,BRIDGE3R,m15_bridge3r_fixed_v19,Camera-translation_m,2.0463635892880414,1.1054956330817545,0.9408679562062869
aist__gMH_sBM_cAll_d24_mMH4_ch02__cs150,aist__gMH_sBM_cAll_d24_mMH4_ch02__cs150,,BRIDGE3R,m15_bridge3r_fixed_v19,Coverage,0.98,1.0,0.020000000000000018
aist__gMH_sBM_cAll_d24_mMH5_ch01__cs150,aist__gMH_sBM_cAll_d24_mMH5_ch01__cs150,,Human3R,m0_strict_human3r,PA-MPJPE_mm,78.69971532593236,70.08271304362488,8.617002282307482
aist__gMH_sBM_cAll_d24_mMH5_ch01__cs150,aist__gMH_sBM_cAll_d24_mMH5_ch01__cs150,,Human3R,m0_strict_human3r,Anchor-MPJPE_mm,338.6940530294215,344.62263482157476,-5.928581792153238
aist__gMH_sBM_cAll_d24_mMH5_ch01__cs150,aist__gMH_sBM_cAll_d24_mMH5_ch01__cs150,,Human3R,m0_strict_human3r,Anchor-root_mm,209.32061241270216,256.95986298770333,-47.63925057500117
aist__gMH_sBM_cAll_d24_mMH5_ch01__cs150,aist__gMH_sBM_cAll_d24_mMH5_ch01__cs150,,Human3R,m0_strict_human3r,Orientation_deg,79.67420279404776,71.00457868647366,8.669624107574094
aist__gMH_sBM_cAll_d24_mMH5_ch01__cs150,aist__gMH_sBM_cAll_d24_mMH5_ch01__cs150,,Human3R,m0_strict_human3r,Seam-root_mm,354.5344666282022,437.38970897137887,-82.85524234317666
aist__gMH_sBM_cAll_d24_mMH5_ch01__cs150,aist__gMH_sBM_cAll_d24_mMH5_ch01__cs150,,Human3R,m0_strict_human3r,Seam-orientation_deg,72.08031800753538,99.23412915261301,-27.153811145077626
aist__gMH_sBM_cAll_d24_mMH5_ch01__cs150,aist__gMH_sBM_cAll_d24_mMH5_ch01__cs150,,Human3R,m0_strict_human3r,Camera-rotation_deg,135.03224446296363,134.0473922612772,0.9848522016864365
aist__gMH_sBM_cAll_d24_mMH5_ch01__cs150,aist__gMH_sBM_cAll_d24_mMH5_ch01__cs150,,Human3R,m0_strict_human3r,Camera-translation_m,9.28058209106097,9.07385079550815,0.2067312955528191
aist__gMH_sBM_cAll_d24_mMH5_ch01__cs150,aist__gMH_sBM_cAll_d24_mMH5_ch01__cs150,,Human3R,m0_strict_human3r,Coverage,0.98,1.0,0.020000000000000018
aist__gMH_sBM_cAll_d24_mMH5_ch01__cs150,aist__gMH_sBM_cAll_d24_mMH5_ch01__cs150,,BRIDGE3R,m15_bridge3r_fixed_v19,PA-MPJPE_mm,78.69971532593236,70.16309568453563,8.536619641396726
aist__gMH_sBM_cAll_d24_mMH5_ch01__cs150,aist__gMH_sBM_cAll_d24_mMH5_ch01__cs150,,BRIDGE3R,m15_bridge3r_fixed_v19,Anchor-MPJPE_mm,338.6940530294215,666.1244234709865,-327.43037044156495
aist__gMH_sBM_cAll_d24_mMH5_ch01__cs150,aist__gMH_sBM_cAll_d24_mMH5_ch01__cs150,,BRIDGE3R,m15_bridge3r_fixed_v19,Anchor-root_mm,209.32061241270216,595.2502468622815,-385.92963444957934
aist__gMH_sBM_cAll_d24_mMH5_ch01__cs150,aist__gMH_sBM_cAll_d24_mMH5_ch01__cs150,,BRIDGE3R,m15_bridge3r_fixed_v19,Orientation_deg,79.67420279404776,67.05843408463835,12.615768709409409
aist__gMH_sBM_cAll_d24_mMH5_ch01__cs150,aist__gMH_sBM_cAll_d24_mMH5_ch01__cs150,,BRIDGE3R,m15_bridge3r_fixed_v19,Seam-root_mm,354.5344666282022,619.5943268713995,-265.0598602431973
aist__gMH_sBM_cAll_d24_mMH5_ch01__cs150,aist__gMH_sBM_cAll_d24_mMH5_ch01__cs150,,BRIDGE3R,m15_bridge3r_fixed_v19,Seam-orientation_deg,72.08031800753538,122.3201362260903,-50.239818218554916
aist__gMH_sBM_cAll_d24_mMH5_ch01__cs150,aist__gMH_sBM_cAll_d24_mMH5_ch01__cs150,,BRIDGE3R,m15_bridge3r_fixed_v19,Camera-rotation_deg,135.03224446296363,126.50613690632527,8.526107556638365
aist__gMH_sBM_cAll_d24_mMH5_ch01__cs150,aist__gMH_sBM_cAll_d24_mMH5_ch01__cs150,,BRIDGE3R,m15_bridge3r_fixed_v19,Camera-translation_m,9.28058209106097,8.111091630928444,1.1694904601325256
aist__gMH_sBM_cAll_d24_mMH5_ch01__cs150,aist__gMH_sBM_cAll_d24_mMH5_ch01__cs150,,BRIDGE3R,m15_bridge3r_fixed_v19,Coverage,0.98,1.0,0.020000000000000018
aist__gMH_sBM_cAll_d24_mMH5_ch02__cs150,aist__gMH_sBM_cAll_d24_mMH5_ch02__cs150,,Human3R,m0_strict_human3r,PA-MPJPE_mm,71.83103245921379,71.92507453770322,-0.09404207848943713
aist__gMH_sBM_cAll_d24_mMH5_ch02__cs150,aist__gMH_sBM_cAll_d24_mMH5_ch02__cs150,,Human3R,m0_strict_human3r,Anchor-MPJPE_mm,403.3257503782368,483.3588642176988,-80.03311383946198
aist__gMH_sBM_cAll_d24_mMH5_ch02__cs150,aist__gMH_sBM_cAll_d24_mMH5_ch02__cs150,,Human3R,m0_strict_human3r,Anchor-root_mm,359.9823204449228,419.77062180221594,-59.788301357293165
aist__gMH_sBM_cAll_d24_mMH5_ch02__cs150,aist__gMH_sBM_cAll_d24_mMH5_ch02__cs150,,Human3R,m0_strict_human3r,Orientation_deg,69.946554651344,78.54268582282828,-8.596131171484274
aist__gMH_sBM_cAll_d24_mMH5_ch02__cs150,aist__gMH_sBM_cAll_d24_mMH5_ch02__cs150,,Human3R,m0_strict_human3r,Seam-root_mm,595.4686439902979,594.6310708295797,0.8375731607181933
aist__gMH_sBM_cAll_d24_mMH5_ch02__cs150,aist__gMH_sBM_cAll_d24_mMH5_ch02__cs150,,Human3R,m0_strict_human3r,Seam-orientation_deg,69.1915080687027,105.55405563737021,-36.36254756866751
aist__gMH_sBM_cAll_d24_mMH5_ch02__cs150,aist__gMH_sBM_cAll_d24_mMH5_ch02__cs150,,Human3R,m0_strict_human3r,Camera-rotation_deg,135.5982259473226,132.72991431614562,2.868311631176965
aist__gMH_sBM_cAll_d24_mMH5_ch02__cs150,aist__gMH_sBM_cAll_d24_mMH5_ch02__cs150,,Human3R,m0_strict_human3r,Camera-translation_m,9.415634641107676,9.015930475393004,0.39970416571467204
aist__gMH_sBM_cAll_d24_mMH5_ch02__cs150,aist__gMH_sBM_cAll_d24_mMH5_ch02__cs150,,Human3R,m0_strict_human3r,Coverage,0.98,1.0,0.020000000000000018
aist__gMH_sBM_cAll_d24_mMH5_ch02__cs150,aist__gMH_sBM_cAll_d24_mMH5_ch02__cs150,,BRIDGE3R,m15_bridge3r_fixed_v19,PA-MPJPE_mm,71.83103245921379,71.87704693705213,-0.046014477838340895
aist__gMH_sBM_cAll_d24_mMH5_ch02__cs150,aist__gMH_sBM_cAll_d24_mMH5_ch02__cs150,,BRIDGE3R,m15_bridge3r_fixed_v19,Anchor-MPJPE_mm,403.3257503782368,612.9547445713905,-209.6289941931537
aist__gMH_sBM_cAll_d24_mMH5_ch02__cs150,aist__gMH_sBM_cAll_d24_mMH5_ch02__cs150,,BRIDGE3R,m15_bridge3r_fixed_v19,Anchor-root_mm,359.9823204449228,553.7152737459631,-193.73295330104037
aist__gMH_sBM_cAll_d24_mMH5_ch02__cs150,aist__gMH_sBM_cAll_d24_mMH5_ch02__cs150,,BRIDGE3R,m15_bridge3r_fixed_v19,Orientation_deg,69.946554651344,65.66669549369723,4.279859157646769
aist__gMH_sBM_cAll_d24_mMH5_ch02__cs150,aist__gMH_sBM_cAll_d24_mMH5_ch02__cs150,,BRIDGE3R,m15_bridge3r_fixed_v19,Seam-root_mm,595.4686439902979,614.2724234452967,-18.80377945499879
aist__gMH_sBM_cAll_d24_mMH5_ch02__cs150,aist__gMH_sBM_cAll_d24_mMH5_ch02__cs150,,BRIDGE3R,m15_bridge3r_fixed_v19,Seam-orientation_deg,69.1915080687027,105.2644610953477,-36.072953026644996
aist__gMH_sBM_cAll_d24_mMH5_ch02__cs150,aist__gMH_sBM_cAll_d24_mMH5_ch02__cs150,,BRIDGE3R,m15_bridge3r_fixed_v19,Camera-rotation_deg,135.5982259473226,107.41964282461826,28.178583122704325
aist__gMH_sBM_cAll_d24_mMH5_ch02__cs150,aist__gMH_sBM_cAll_d24_mMH5_ch02__cs150,,BRIDGE3R,m15_bridge3r_fixed_v19,Camera-translation_m,9.415634641107676,7.560696190095642,1.8549384510120337
aist__gMH_sBM_cAll_d24_mMH5_ch02__cs150,aist__gMH_sBM_cAll_d24_mMH5_ch02__cs150,,BRIDGE3R,m15_bridge3r_fixed_v19,Coverage,0.98,1.0,0.020000000000000018
aist__gMH_sFM_cAll_d24_mMH3_ch18__cs150,aist__gMH_sFM_cAll_d24_mMH3_ch18__cs150,,Human3R,m0_strict_human3r,PA-MPJPE_mm,52.62241845494426,56.85551512956207,-4.233096674617812
aist__gMH_sFM_cAll_d24_mMH3_ch18__cs150,aist__gMH_sFM_cAll_d24_mMH3_ch18__cs150,,Human3R,m0_strict_human3r,Anchor-MPJPE_mm,372.13051432968297,414.0537033170908,-41.923188987407855
aist__gMH_sFM_cAll_d24_mMH3_ch18__cs150,aist__gMH_sFM_cAll_d24_mMH3_ch18__cs150,,Human3R,m0_strict_human3r,Anchor-root_mm,350.62756097988296,402.6855572517087,-52.05799627182574
aist__gMH_sFM_cAll_d24_mMH3_ch18__cs150,aist__gMH_sFM_cAll_d24_mMH3_ch18__cs150,,Human3R,m0_strict_human3r,Orientation_deg,12.18306300256604,8.17626433594203,4.006798666624011
aist__gMH_sFM_cAll_d24_mMH3_ch18__cs150,aist__gMH_sFM_cAll_d24_mMH3_ch18__cs150,,Human3R,m0_strict_human3r,Seam-root_mm,504.60186087122537,219.80985612526518,284.7920047459602
aist__gMH_sFM_cAll_d24_mMH3_ch18__cs150,aist__gMH_sFM_cAll_d24_mMH3_ch18__cs150,,Human3R,m0_strict_human3r,Seam-orientation_deg,14.896616751751143,4.480702935042228,10.415913816708915
aist__gMH_sFM_cAll_d24_mMH3_ch18__cs150,aist__gMH_sFM_cAll_d24_mMH3_ch18__cs150,,Human3R,m0_strict_human3r,Camera-rotation_deg,4.689863810656471,4.338969226258545,0.35089458439792587
aist__gMH_sFM_cAll_d24_mMH3_ch18__cs150,aist__gMH_sFM_cAll_d24_mMH3_ch18__cs150,,Human3R,m0_strict_human3r,Camera-translation_m,0.5077591705844895,0.7515653964061882,-0.24380622582169875
aist__gMH_sFM_cAll_d24_mMH3_ch18__cs150,aist__gMH_sFM_cAll_d24_mMH3_ch18__cs150,,Human3R,m0_strict_human3r,Coverage,0.98,1.0,0.020000000000000018
aist__gMH_sFM_cAll_d24_mMH3_ch18__cs150,aist__gMH_sFM_cAll_d24_mMH3_ch18__cs150,,BRIDGE3R,m15_bridge3r_fixed_v19,PA-MPJPE_mm,52.62241845494426,56.711511442713515,-4.089092987769256
aist__gMH_sFM_cAll_d24_mMH3_ch18__cs150,aist__gMH_sFM_cAll_d24_mMH3_ch18__cs150,,BRIDGE3R,m15_bridge3r_fixed_v19,Anchor-MPJPE_mm,372.13051432968297,370.8109765914882,1.3195377381947537
aist__gMH_sFM_cAll_d24_mMH3_ch18__cs150,aist__gMH_sFM_cAll_d24_mMH3_ch18__cs150,,BRIDGE3R,m15_bridge3r_fixed_v19,Anchor-root_mm,350.62756097988296,358.0224954021966,-7.394934422313668
aist__gMH_sFM_cAll_d24_mMH3_ch18__cs150,aist__gMH_sFM_cAll_d24_mMH3_ch18__cs150,,BRIDGE3R,m15_bridge3r_fixed_v19,Orientation_deg,12.18306300256604,8.04774098893374,4.135322013632301
aist__gMH_sFM_cAll_d24_mMH3_ch18__cs150,aist__gMH_sFM_cAll_d24_mMH3_ch18__cs150,,BRIDGE3R,m15_bridge3r_fixed_v19,Seam-root_mm,504.60186087122537,323.10133316024167,181.5005277109837
aist__gMH_sFM_cAll_d24_mMH3_ch18__cs150,aist__gMH_sFM_cAll_d24_mMH3_ch18__cs150,,BRIDGE3R,m15_bridge3r_fixed_v19,Seam-orientation_deg,14.896616751751143,6.405847147972606,8.490769603778537
aist__gMH_sFM_cAll_d24_mMH3_ch18__cs150,aist__gMH_sFM_cAll_d24_mMH3_ch18__cs150,,BRIDGE3R,m15_bridge3r_fixed_v19,Camera-rotation_deg,4.689863810656471,4.591923900634529,0.09793991002194158
aist__gMH_sFM_cAll_d24_mMH3_ch18__cs150,aist__gMH_sFM_cAll_d24_mMH3_ch18__cs150,,BRIDGE3R,m15_bridge3r_fixed_v19,Camera-translation_m,0.5077591705844895,0.7354618310222005,-0.22770266043771104
aist__gMH_sFM_cAll_d24_mMH3_ch18__cs150,aist__gMH_sFM_cAll_d24_mMH3_ch18__cs150,,BRIDGE3R,m15_bridge3r_fixed_v19,Coverage,0.98,1.0,0.020000000000000018
aist__gPO_sBM_cAll_d12_mPO2_ch01__cs150,aist__gPO_sBM_cAll_d12_mPO2_ch01__cs150,,Human3R,m0_strict_human3r,PA-MPJPE_mm,51.712372363475225,64.0665976358804,-12.354225272405174
aist__gPO_sBM_cAll_d12_mPO2_ch01__cs150,aist__gPO_sBM_cAll_d12_mPO2_ch01__cs150,,Human3R,m0_strict_human3r,Anchor-MPJPE_mm,361.9225180747376,178.82719978869795,183.09531828603963
aist__gPO_sBM_cAll_d12_mPO2_ch01__cs150,aist__gPO_sBM_cAll_d12_mPO2_ch01__cs150,,Human3R,m0_strict_human3r,Anchor-root_mm,309.6820781910907,159.2571470771283,150.42493111396237
aist__gPO_sBM_cAll_d12_mPO2_ch01__cs150,aist__gPO_sBM_cAll_d12_mPO2_ch01__cs150,,Human3R,m0_strict_human3r,Orientation_deg,62.94895924065029,8.443358840075973,54.505600400574316
aist__gPO_sBM_cAll_d12_mPO2_ch01__cs150,aist__gPO_sBM_cAll_d12_mPO2_ch01__cs150,,Human3R,m0_strict_human3r,Seam-root_mm,721.6136032500576,117.34999059902549,604.2636126510322
aist__gPO_sBM_cAll_d12_mPO2_ch01__cs150,aist__gPO_sBM_cAll_d12_mPO2_ch01__cs150,,Human3R,m0_strict_human3r,Seam-orientation_deg,38.98397463244846,12.047390695373213,26.936583937075245
aist__gPO_sBM_cAll_d12_mPO2_ch01__cs150,aist__gPO_sBM_cAll_d12_mPO2_ch01__cs150,,Human3R,m0_strict_human3r,Camera-rotation_deg,135.55273539958603,15.060270157505522,120.4924652420805
aist__gPO_sBM_cAll_d12_mPO2_ch01__cs150,aist__gPO_sBM_cAll_d12_mPO2_ch01__cs150,,Human3R,m0_strict_human3r,Camera-translation_m,9.145953460996523,1.3839477677759984,7.762005693220525
aist__gPO_sBM_cAll_d12_mPO2_ch01__cs150,aist__gPO_sBM_cAll_d12_mPO2_ch01__cs150,,Human3R,m0_strict_human3r,Coverage,0.98,1.0,0.020000000000000018
aist__gPO_sBM_cAll_d12_mPO2_ch01__cs150,aist__gPO_sBM_cAll_d12_mPO2_ch01__cs150,,BRIDGE3R,m15_bridge3r_fixed_v19,PA-MPJPE_mm,51.712372363475225,64.17322448295116,-12.46085211947593
aist__gPO_sBM_cAll_d12_mPO2_ch01__cs150,aist__gPO_sBM_cAll_d12_mPO2_ch01__cs150,,BRIDGE3R,m15_bridge3r_fixed_v19,Anchor-MPJPE_mm,361.9225180747376,215.31832978091455,146.60418829382303
aist__gPO_sBM_cAll_d12_mPO2_ch01__cs150,aist__gPO_sBM_cAll_d12_mPO2_ch01__cs150,,BRIDGE3R,m15_bridge3r_fixed_v19,Anchor-root_mm,309.6820781910907,194.9791155156481,114.70296267544259
aist__gPO_sBM_cAll_d12_mPO2_ch01__cs150,aist__gPO_sBM_cAll_d12_mPO2_ch01__cs150,,BRIDGE3R,m15_bridge3r_fixed_v19,Orientation_deg,62.94895924065029,8.651492636507571,54.29746660414272
aist__gPO_sBM_cAll_d12_mPO2_ch01__cs150,aist__gPO_sBM_cAll_d12_mPO2_ch01__cs150,,BRIDGE3R,m15_bridge3r_fixed_v19,Seam-root_mm,721.6136032500576,320.06237454624056,401.55122870381706
aist__gPO_sBM_cAll_d12_mPO2_ch01__cs150,aist__gPO_sBM_cAll_d12_mPO2_ch01__cs150,,BRIDGE3R,m15_bridge3r_fixed_v19,Seam-orientation_deg,38.98397463244846,2.8123458407881805,36.171628791660275
aist__gPO_sBM_cAll_d12_mPO2_ch01__cs150,aist__gPO_sBM_cAll_d12_mPO2_ch01__cs150,,BRIDGE3R,m15_bridge3r_fixed_v19,Camera-rotation_deg,135.55273539958603,3.6973406068116508,131.85539479277438
aist__gPO_sBM_cAll_d12_mPO2_ch01__cs150,aist__gPO_sBM_cAll_d12_mPO2_ch01__cs150,,BRIDGE3R,m15_bridge3r_fixed_v19,Camera-translation_m,9.145953460996523,0.8347154362594794,8.311238024737044
aist__gPO_sBM_cAll_d12_mPO2_ch01__cs150,aist__gPO_sBM_cAll_d12_mPO2_ch01__cs150,,BRIDGE3R,m15_bridge3r_fixed_v19,Coverage,0.98,1.0,0.020000000000000018
aist__gPO_sBM_cAll_d12_mPO3_ch02__cs150,aist__gPO_sBM_cAll_d12_mPO3_ch02__cs150,,Human3R,m0_strict_human3r,PA-MPJPE_mm,49.64458272061268,54.33683429528299,-4.692251574670308
aist__gPO_sBM_cAll_d12_mPO3_ch02__cs150,aist__gPO_sBM_cAll_d12_mPO3_ch02__cs150,,Human3R,m0_strict_human3r,Anchor-MPJPE_mm,1565.4752697748183,344.2172294395674,1221.2580403352508
aist__gPO_sBM_cAll_d12_mPO3_ch02__cs150,aist__gPO_sBM_cAll_d12_mPO3_ch02__cs150,,Human3R,m0_strict_human3r,Anchor-root_mm,1560.471553229429,335.9312697447189,1224.54028348471
aist__gPO_sBM_cAll_d12_mPO3_ch02__cs150,aist__gPO_sBM_cAll_d12_mPO3_ch02__cs150,,Human3R,m0_strict_human3r,Orientation_deg,14.26384001481992,12.675710876131019,1.5881291386889007
aist__gPO_sBM_cAll_d12_mPO3_ch02__cs150,aist__gPO_sBM_cAll_d12_mPO3_ch02__cs150,,Human3R,m0_strict_human3r,Seam-root_mm,699.0350254707893,1170.0793101146414,-471.04428464385217
aist__gPO_sBM_cAll_d12_mPO3_ch02__cs150,aist__gPO_sBM_cAll_d12_mPO3_ch02__cs150,,Human3R,m0_strict_human3r,Seam-orientation_deg,24.630091152171982,18.571099503976406,6.058991648195576
aist__gPO_sBM_cAll_d12_mPO3_ch02__cs150,aist__gPO_sBM_cAll_d12_mPO3_ch02__cs150,,Human3R,m0_strict_human3r,Camera-rotation_deg,9.691103544846504,8.974578541557968,0.7165250032885364
aist__gPO_sBM_cAll_d12_mPO3_ch02__cs150,aist__gPO_sBM_cAll_d12_mPO3_ch02__cs150,,Human3R,m0_strict_human3r,Camera-translation_m,2.7896982077520494,3.0502934604180605,-0.26059525266601113
aist__gPO_sBM_cAll_d12_mPO3_ch02__cs150,aist__gPO_sBM_cAll_d12_mPO3_ch02__cs150,,Human3R,m0_strict_human3r,Coverage,0.9933333333333333,1.0,0.00666666666666671
aist__gPO_sBM_cAll_d12_mPO3_ch02__cs150,aist__gPO_sBM_cAll_d12_mPO3_ch02__cs150,,BRIDGE3R,m15_bridge3r_fixed_v19,PA-MPJPE_mm,49.64458272061268,54.16511765417133,-4.52053493355865
aist__gPO_sBM_cAll_d12_mPO3_ch02__cs150,aist__gPO_sBM_cAll_d12_mPO3_ch02__cs150,,BRIDGE3R,m15_bridge3r_fixed_v19,Anchor-MPJPE_mm,1565.4752697748183,623.7541059553264,941.721163819492
aist__gPO_sBM_cAll_d12_mPO3_ch02__cs150,aist__gPO_sBM_cAll_d12_mPO3_ch02__cs150,,BRIDGE3R,m15_bridge3r_fixed_v19,Anchor-root_mm,1560.471553229429,619.5738789714615,940.8976742579675
aist__gPO_sBM_cAll_d12_mPO3_ch02__cs150,aist__gPO_sBM_cAll_d12_mPO3_ch02__cs150,,BRIDGE3R,m15_bridge3r_fixed_v19,Orientation_deg,14.26384001481992,10.023811908776496,4.2400281060434235
aist__gPO_sBM_cAll_d12_mPO3_ch02__cs150,aist__gPO_sBM_cAll_d12_mPO3_ch02__cs150,,BRIDGE3R,m15_bridge3r_fixed_v19,Seam-root_mm,699.0350254707893,1222.4764769028618,-523.4414514320725
aist__gPO_sBM_cAll_d12_mPO3_ch02__cs150,aist__gPO_sBM_cAll_d12_mPO3_ch02__cs150,,BRIDGE3R,m15_bridge3r_fixed_v19,Seam-orientation_deg,24.630091152171982,13.47811457140953,11.151976580762453
aist__gPO_sBM_cAll_d12_mPO3_ch02__cs150,aist__gPO_sBM_cAll_d12_mPO3_ch02__cs150,,BRIDGE3R,m15_bridge3r_fixed_v19,Camera-rotation_deg,9.691103544846504,13.383308998791549,-3.6922054539450446
aist__gPO_sBM_cAll_d12_mPO3_ch02__cs150,aist__gPO_sBM_cAll_d12_mPO3_ch02__cs150,,BRIDGE3R,m15_bridge3r_fixed_v19,Camera-translation_m,2.7896982077520494,1.1055284943276433,1.684169713424406
aist__gPO_sBM_cAll_d12_mPO3_ch02__cs150,aist__gPO_sBM_cAll_d12_mPO3_ch02__cs150,,BRIDGE3R,m15_bridge3r_fixed_v19,Coverage,0.9933333333333333,1.0,0.00666666666666671
aist__gPO_sBM_cAll_d12_mPO4_ch01__cs150,aist__gPO_sBM_cAll_d12_mPO4_ch01__cs150,,Human3R,m0_strict_human3r,PA-MPJPE_mm,48.564592526708225,58.094432654358755,-9.52984012765053
aist__gPO_sBM_cAll_d12_mPO4_ch01__cs150,aist__gPO_sBM_cAll_d12_mPO4_ch01__cs150,,Human3R,m0_strict_human3r,Anchor-MPJPE_mm,296.0221559950314,293.0530847320405,2.9690712629909513
aist__gPO_sBM_cAll_d12_mPO4_ch01__cs150,aist__gPO_sBM_cAll_d12_mPO4_ch01__cs150,,Human3R,m0_strict_human3r,Anchor-root_mm,215.34183416707907,229.97726726264838,-14.635433095569311
aist__gPO_sBM_cAll_d12_mPO4_ch01__cs150,aist__gPO_sBM_cAll_d12_mPO4_ch01__cs150,,Human3R,m0_strict_human3r,Orientation_deg,82.54564288424444,55.58217485705501,26.963468027189435
aist__gPO_sBM_cAll_d12_mPO4_ch01__cs150,aist__gPO_sBM_cAll_d12_mPO4_ch01__cs150,,Human3R,m0_strict_human3r,Seam-root_mm,341.0979454322947,367.77606407328244,-26.678118640987748
aist__gPO_sBM_cAll_d12_mPO4_ch01__cs150,aist__gPO_sBM_cAll_d12_mPO4_ch01__cs150,,Human3R,m0_strict_human3r,Seam-orientation_deg,71.14394271747125,104.25259883094316,-33.10865611347191
aist__gPO_sBM_cAll_d12_mPO4_ch01__cs150,aist__gPO_sBM_cAll_d12_mPO4_ch01__cs150,,Human3R,m0_strict_human3r,Camera-rotation_deg,135.07455123046955,93.63427894821521,41.44027228225434
aist__gPO_sBM_cAll_d12_mPO4_ch01__cs150,aist__gPO_sBM_cAll_d12_mPO4_ch01__cs150,,Human3R,m0_strict_human3r,Camera-translation_m,9.577639844592087,7.901592795914638,1.6760470486774484
aist__gPO_sBM_cAll_d12_mPO4_ch01__cs150,aist__gPO_sBM_cAll_d12_mPO4_ch01__cs150,,Human3R,m0_strict_human3r,Coverage,0.98,1.0,0.020000000000000018
aist__gPO_sBM_cAll_d12_mPO4_ch01__cs150,aist__gPO_sBM_cAll_d12_mPO4_ch01__cs150,,BRIDGE3R,m15_bridge3r_fixed_v19,PA-MPJPE_mm,48.564592526708225,57.80309377566534,-9.238501248957114
aist__gPO_sBM_cAll_d12_mPO4_ch01__cs150,aist__gPO_sBM_cAll_d12_mPO4_ch01__cs150,,BRIDGE3R,m15_bridge3r_fixed_v19,Anchor-MPJPE_mm,296.0221559950314,389.1639427896066,-93.14178679457518
aist__gPO_sBM_cAll_d12_mPO4_ch01__cs150,aist__gPO_sBM_cAll_d12_mPO4_ch01__cs150,,BRIDGE3R,m15_bridge3r_fixed_v19,Anchor-root_mm,215.34183416707907,334.83551998254535,-119.49368581546628
aist__gPO_sBM_cAll_d12_mPO4_ch01__cs150,aist__gPO_sBM_cAll_d12_mPO4_ch01__cs150,,BRIDGE3R,m15_bridge3r_fixed_v19,Orientation_deg,82.54564288424444,59.35353879298463,23.192104091259814
aist__gPO_sBM_cAll_d12_mPO4_ch01__cs150,aist__gPO_sBM_cAll_d12_mPO4_ch01__cs150,,BRIDGE3R,m15_bridge3r_fixed_v19,Seam-root_mm,341.0979454322947,515.7791076665469,-174.6811622342522
aist__gPO_sBM_cAll_d12_mPO4_ch01__cs150,aist__gPO_sBM_cAll_d12_mPO4_ch01__cs150,,BRIDGE3R,m15_bridge3r_fixed_v19,Seam-orientation_deg,71.14394271747125,110.69685112243192,-39.552908404960675
aist__gPO_sBM_cAll_d12_mPO4_ch01__cs150,aist__gPO_sBM_cAll_d12_mPO4_ch01__cs150,,BRIDGE3R,m15_bridge3r_fixed_v19,Camera-rotation_deg,135.07455123046955,101.20303650277023,33.87151472769932
aist__gPO_sBM_cAll_d12_mPO4_ch01__cs150,aist__gPO_sBM_cAll_d12_mPO4_ch01__cs150,,BRIDGE3R,m15_bridge3r_fixed_v19,Camera-translation_m,9.577639844592087,7.8532154589495695,1.724424385642517
aist__gPO_sBM_cAll_d12_mPO4_ch01__cs150,aist__gPO_sBM_cAll_d12_mPO4_ch01__cs150,,BRIDGE3R,m15_bridge3r_fixed_v19,Coverage,0.98,1.0,0.020000000000000018
aist__gPO_sBM_cAll_d12_mPO5_ch01__cs150,aist__gPO_sBM_cAll_d12_mPO5_ch01__cs150,,Human3R,m0_strict_human3r,PA-MPJPE_mm,49.33989636219637,54.7828876029753,-5.44299124077893
aist__gPO_sBM_cAll_d12_mPO5_ch01__cs150,aist__gPO_sBM_cAll_d12_mPO5_ch01__cs150,,Human3R,m0_strict_human3r,Anchor-MPJPE_mm,1566.5032603475534,761.7070804124959,804.7961799350575
aist__gPO_sBM_cAll_d12_mPO5_ch01__cs150,aist__gPO_sBM_cAll_d12_mPO5_ch01__cs150,,Human3R,m0_strict_human3r,Anchor-root_mm,1562.4458632269395,717.3680076777201,845.0778555492194
aist__gPO_sBM_cAll_d12_mPO5_ch01__cs150,aist__gPO_sBM_cAll_d12_mPO5_ch01__cs150,,Human3R,m0_strict_human3r,Orientation_deg,12.633685556024266,50.07476973071827,-37.441084174694005
aist__gPO_sBM_cAll_d12_mPO5_ch01__cs150,aist__gPO_sBM_cAll_d12_mPO5_ch01__cs150,,Human3R,m0_strict_human3r,Seam-root_mm,866.8870864791932,2718.5246324907894,-1851.6375460115962
aist__gPO_sBM_cAll_d12_mPO5_ch01__cs150,aist__gPO_sBM_cAll_d12_mPO5_ch01__cs150,,Human3R,m0_strict_human3r,Seam-orientation_deg,16.61479143474432,51.51514432135329,-34.90035288660897
aist__gPO_sBM_cAll_d12_mPO5_ch01__cs150,aist__gPO_sBM_cAll_d12_mPO5_ch01__cs150,,Human3R,m0_strict_human3r,Camera-rotation_deg,9.759932752092965,87.66796832976273,-77.90803557766976
aist__gPO_sBM_cAll_d12_mPO5_ch01__cs150,aist__gPO_sBM_cAll_d12_mPO5_ch01__cs150,,Human3R,m0_strict_human3r,Camera-translation_m,2.5024150400691663,7.201093523293291,-4.698678483224125
aist__gPO_sBM_cAll_d12_mPO5_ch01__cs150,aist__gPO_sBM_cAll_d12_mPO5_ch01__cs150,,Human3R,m0_strict_human3r,Coverage,0.98,1.0,0.020000000000000018
aist__gPO_sBM_cAll_d12_mPO5_ch01__cs150,aist__gPO_sBM_cAll_d12_mPO5_ch01__cs150,,BRIDGE3R,m15_bridge3r_fixed_v19,PA-MPJPE_mm,49.33989636219637,54.18512939480972,-4.845233032613351
aist__gPO_sBM_cAll_d12_mPO5_ch01__cs150,aist__gPO_sBM_cAll_d12_mPO5_ch01__cs150,,BRIDGE3R,m15_bridge3r_fixed_v19,Anchor-MPJPE_mm,1566.5032603475534,584.2419921103415,982.2612682372119
aist__gPO_sBM_cAll_d12_mPO5_ch01__cs150,aist__gPO_sBM_cAll_d12_mPO5_ch01__cs150,,BRIDGE3R,m15_bridge3r_fixed_v19,Anchor-root_mm,1562.4458632269395,576.4794728666457,985.9663903602939
aist__gPO_sBM_cAll_d12_mPO5_ch01__cs150,aist__gPO_sBM_cAll_d12_mPO5_ch01__cs150,,BRIDGE3R,m15_bridge3r_fixed_v19,Orientation_deg,12.633685556024266,30.643509701707014,-18.00982414568275
aist__gPO_sBM_cAll_d12_mPO5_ch01__cs150,aist__gPO_sBM_cAll_d12_mPO5_ch01__cs150,,BRIDGE3R,m15_bridge3r_fixed_v19,Seam-root_mm,866.8870864791932,1017.2868272288547,-150.39974074966153
aist__gPO_sBM_cAll_d12_mPO5_ch01__cs150,aist__gPO_sBM_cAll_d12_mPO5_ch01__cs150,,BRIDGE3R,m15_bridge3r_fixed_v19,Seam-orientation_deg,16.61479143474432,48.83199587792274,-32.217204443178424
aist__gPO_sBM_cAll_d12_mPO5_ch01__cs150,aist__gPO_sBM_cAll_d12_mPO5_ch01__cs150,,BRIDGE3R,m15_bridge3r_fixed_v19,Camera-rotation_deg,9.759932752092965,49.26404193059036,-39.504109178497394
aist__gPO_sBM_cAll_d12_mPO5_ch01__cs150,aist__gPO_sBM_cAll_d12_mPO5_ch01__cs150,,BRIDGE3R,m15_bridge3r_fixed_v19,Camera-translation_m,2.5024150400691663,4.153529364287493,-1.651114324218327
aist__gPO_sBM_cAll_d12_mPO5_ch01__cs150,aist__gPO_sBM_cAll_d12_mPO5_ch01__cs150,,BRIDGE3R,m15_bridge3r_fixed_v19,Coverage,0.98,1.0,0.020000000000000018
aist__gPO_sBM_cAll_d12_mPO5_ch02__cs150,aist__gPO_sBM_cAll_d12_mPO5_ch02__cs150,,Human3R,m0_strict_human3r,PA-MPJPE_mm,49.47453749640445,46.13269245610895,3.341845040295503
aist__gPO_sBM_cAll_d12_mPO5_ch02__cs150,aist__gPO_sBM_cAll_d12_mPO5_ch02__cs150,,Human3R,m0_strict_human3r,Anchor-MPJPE_mm,1047.7571761146196,292.28698236186244,755.4701937527572
aist__gPO_sBM_cAll_d12_mPO5_ch02__cs150,aist__gPO_sBM_cAll_d12_mPO5_ch02__cs150,,Human3R,m0_strict_human3r,Anchor-root_mm,1026.0381941222342,284.91488024760383,741.1233138746304
aist__gPO_sBM_cAll_d12_mPO5_ch02__cs150,aist__gPO_sBM_cAll_d12_mPO5_ch02__cs150,,Human3R,m0_strict_human3r,Orientation_deg,21.829701229226675,10.849600408737054,10.980100820489621
aist__gPO_sBM_cAll_d12_mPO5_ch02__cs150,aist__gPO_sBM_cAll_d12_mPO5_ch02__cs150,,Human3R,m0_strict_human3r,Seam-root_mm,612.7833218888624,228.0712167471079,384.7121051417545
aist__gPO_sBM_cAll_d12_mPO5_ch02__cs150,aist__gPO_sBM_cAll_d12_mPO5_ch02__cs150,,Human3R,m0_strict_human3r,Seam-orientation_deg,25.895433632881282,12.667311779474076,13.228121853407206
aist__gPO_sBM_cAll_d12_mPO5_ch02__cs150,aist__gPO_sBM_cAll_d12_mPO5_ch02__cs150,,Human3R,m0_strict_human3r,Camera-rotation_deg,11.031730623518698,6.127756317935855,4.903974305582842
aist__gPO_sBM_cAll_d12_mPO5_ch02__cs150,aist__gPO_sBM_cAll_d12_mPO5_ch02__cs150,,Human3R,m0_strict_human3r,Camera-translation_m,2.7664697126079676,0.4536219740007659,2.3128477386072017
aist__gPO_sBM_cAll_d12_mPO5_ch02__cs150,aist__gPO_sBM_cAll_d12_mPO5_ch02__cs150,,Human3R,m0_strict_human3r,Coverage,0.98,1.0,0.020000000000000018
aist__gPO_sBM_cAll_d12_mPO5_ch02__cs150,aist__gPO_sBM_cAll_d12_mPO5_ch02__cs150,,BRIDGE3R,m15_bridge3r_fixed_v19,PA-MPJPE_mm,49.47453749640445,46.08833362689647,3.3862038695079804
aist__gPO_sBM_cAll_d12_mPO5_ch02__cs150,aist__gPO_sBM_cAll_d12_mPO5_ch02__cs150,,BRIDGE3R,m15_bridge3r_fixed_v19,Anchor-MPJPE_mm,1047.7571761146196,229.42057227954356,818.3366038350761
aist__gPO_sBM_cAll_d12_mPO5_ch02__cs150,aist__gPO_sBM_cAll_d12_mPO5_ch02__cs150,,BRIDGE3R,m15_bridge3r_fixed_v19,Anchor-root_mm,1026.0381941222342,218.946802418083,807.0913917041512
aist__gPO_sBM_cAll_d12_mPO5_ch02__cs150,aist__gPO_sBM_cAll_d12_mPO5_ch02__cs150,,BRIDGE3R,m15_bridge3r_fixed_v19,Orientation_deg,21.829701229226675,8.607019924988448,13.222681304238227
aist__gPO_sBM_cAll_d12_mPO5_ch02__cs150,aist__gPO_sBM_cAll_d12_mPO5_ch02__cs150,,BRIDGE3R,m15_bridge3r_fixed_v19,Seam-root_mm,612.7833218888624,516.7420749318201,96.04124695704229
aist__gPO_sBM_cAll_d12_mPO5_ch02__cs150,aist__gPO_sBM_cAll_d12_mPO5_ch02__cs150,,BRIDGE3R,m15_bridge3r_fixed_v19,Seam-orientation_deg,25.895433632881282,12.355218873538542,13.54021475934274
aist__gPO_sBM_cAll_d12_mPO5_ch02__cs150,aist__gPO_sBM_cAll_d12_mPO5_ch02__cs150,,BRIDGE3R,m15_bridge3r_fixed_v19,Camera-rotation_deg,11.031730623518698,1.6025028827530945,9.429227740765603
aist__gPO_sBM_cAll_d12_mPO5_ch02__cs150,aist__gPO_sBM_cAll_d12_mPO5_ch02__cs150,,BRIDGE3R,m15_bridge3r_fixed_v19,Camera-translation_m,2.7664697126079676,1.0729504909189316,1.693519221689036
aist__gPO_sBM_cAll_d12_mPO5_ch02__cs150,aist__gPO_sBM_cAll_d12_mPO5_ch02__cs150,,BRIDGE3R,m15_bridge3r_fixed_v19,Coverage,0.98,1.0,0.020000000000000018
aist__gWA_sBM_cAll_d27_mWA2_ch02__cs150,aist__gWA_sBM_cAll_d27_mWA2_ch02__cs150,,Human3R,m0_strict_human3r,PA-MPJPE_mm,81.50662636756401,78.83857876588394,2.6680476016800725
aist__gWA_sBM_cAll_d27_mWA2_ch02__cs150,aist__gWA_sBM_cAll_d27_mWA2_ch02__cs150,,Human3R,m0_strict_human3r,Anchor-MPJPE_mm,683.9477813862446,218.23066869804867,465.7171126881959
aist__gWA_sBM_cAll_d27_mWA2_ch02__cs150,aist__gWA_sBM_cAll_d27_mWA2_ch02__cs150,,Human3R,m0_strict_human3r,Anchor-root_mm,667.279025962964,187.07809035526523,480.20093560769885
aist__gWA_sBM_cAll_d27_mWA2_ch02__cs150,aist__gWA_sBM_cAll_d27_mWA2_ch02__cs150,,Human3R,m0_strict_human3r,Orientation_deg,17.80056909641738,15.252839906921196,2.5477291894961844
aist__gWA_sBM_cAll_d27_mWA2_ch02__cs150,aist__gWA_sBM_cAll_d27_mWA2_ch02__cs150,,Human3R,m0_strict_human3r,Seam-root_mm,,823.0034638610656,
aist__gWA_sBM_cAll_d27_mWA2_ch02__cs150,aist__gWA_sBM_cAll_d27_mWA2_ch02__cs150,,Human3R,m0_strict_human3r,Seam-orientation_deg,,8.507791635938828,
aist__gWA_sBM_cAll_d27_mWA2_ch02__cs150,aist__gWA_sBM_cAll_d27_mWA2_ch02__cs150,,Human3R,m0_strict_human3r,Camera-rotation_deg,12.120302256837602,22.779486754822305,-10.659184497984702
aist__gWA_sBM_cAll_d27_mWA2_ch02__cs150,aist__gWA_sBM_cAll_d27_mWA2_ch02__cs150,,Human3R,m0_strict_human3r,Camera-translation_m,0.8780455262638679,1.7416008048243445,-0.8635552785604766
aist__gWA_sBM_cAll_d27_mWA2_ch02__cs150,aist__gWA_sBM_cAll_d27_mWA2_ch02__cs150,,Human3R,m0_strict_human3r,Coverage,0.9733333333333334,1.0,0.026666666666666616
aist__gWA_sBM_cAll_d27_mWA2_ch02__cs150,aist__gWA_sBM_cAll_d27_mWA2_ch02__cs150,,BRIDGE3R,m15_bridge3r_fixed_v19,PA-MPJPE_mm,81.50662636756401,79.07573585277453,2.430890514789482
aist__gWA_sBM_cAll_d27_mWA2_ch02__cs150,aist__gWA_sBM_cAll_d27_mWA2_ch02__cs150,,BRIDGE3R,m15_bridge3r_fixed_v19,Anchor-MPJPE_mm,683.9477813862446,205.2983714569388,478.6494099293058
aist__gWA_sBM_cAll_d27_mWA2_ch02__cs150,aist__gWA_sBM_cAll_d27_mWA2_ch02__cs150,,BRIDGE3R,m15_bridge3r_fixed_v19,Anchor-root_mm,667.279025962964,175.87699827258734,491.4020276903767
aist__gWA_sBM_cAll_d27_mWA2_ch02__cs150,aist__gWA_sBM_cAll_d27_mWA2_ch02__cs150,,BRIDGE3R,m15_bridge3r_fixed_v19,Orientation_deg,17.80056909641738,17.37454885931568,0.42602023710169945
aist__gWA_sBM_cAll_d27_mWA2_ch02__cs150,aist__gWA_sBM_cAll_d27_mWA2_ch02__cs150,,BRIDGE3R,m15_bridge3r_fixed_v19,Seam-root_mm,,361.295843663617,
aist__gWA_sBM_cAll_d27_mWA2_ch02__cs150,aist__gWA_sBM_cAll_d27_mWA2_ch02__cs150,,BRIDGE3R,m15_bridge3r_fixed_v19,Seam-orientation_deg,,5.525944684739895,
aist__gWA_sBM_cAll_d27_mWA2_ch02__cs150,aist__gWA_sBM_cAll_d27_mWA2_ch02__cs150,,BRIDGE3R,m15_bridge3r_fixed_v19,Camera-rotation_deg,12.120302256837602,6.210253756575132,5.91004850026247
aist__gWA_sBM_cAll_d27_mWA2_ch02__cs150,aist__gWA_sBM_cAll_d27_mWA2_ch02__cs150,,BRIDGE3R,m15_bridge3r_fixed_v19,Camera-translation_m,0.8780455262638679,0.6233263362498599,0.254719190014008
aist__gWA_sBM_cAll_d27_mWA2_ch02__cs150,aist__gWA_sBM_cAll_d27_mWA2_ch02__cs150,,BRIDGE3R,m15_bridge3r_fixed_v19,Coverage,0.9733333333333334,1.0,0.026666666666666616
aist__gWA_sBM_cAll_d27_mWA3_ch02__cs150,aist__gWA_sBM_cAll_d27_mWA3_ch02__cs150,,Human3R,m0_strict_human3r,PA-MPJPE_mm,68.37946396324058,79.29212969119142,-10.912665727950838
aist__gWA_sBM_cAll_d27_mWA3_ch02__cs150,aist__gWA_sBM_cAll_d27_mWA3_ch02__cs150,,Human3R,m0_strict_human3r,Anchor-MPJPE_mm,950.9196952379375,376.3734939381152,574.5462012998223
aist__gWA_sBM_cAll_d27_mWA3_ch02__cs150,aist__gWA_sBM_cAll_d27_mWA3_ch02__cs150,,Human3R,m0_strict_human3r,Anchor-root_mm,896.0256907305311,155.12437622333093,740.9013145072001
aist__gWA_sBM_cAll_d27_mWA3_ch02__cs150,aist__gWA_sBM_cAll_d27_mWA3_ch02__cs150,,Human3R,m0_strict_human3r,Orientation_deg,17.838732992454524,35.39554882322676,-17.556815830772237
aist__gWA_sBM_cAll_d27_mWA3_ch02__cs150,aist__gWA_sBM_cAll_d27_mWA3_ch02__cs150,,Human3R,m0_strict_human3r,Seam-root_mm,430.4731554490648,283.31236273476594,147.16079271429885
aist__gWA_sBM_cAll_d27_mWA3_ch02__cs150,aist__gWA_sBM_cAll_d27_mWA3_ch02__cs150,,Human3R,m0_strict_human3r,Seam-orientation_deg,6.753951933675873,13.813644324983908,-7.059692391308035
aist__gWA_sBM_cAll_d27_mWA3_ch02__cs150,aist__gWA_sBM_cAll_d27_mWA3_ch02__cs150,,Human3R,m0_strict_human3r,Camera-rotation_deg,7.783738108396572,3.6532482796315904,4.130489828764982
aist__gWA_sBM_cAll_d27_mWA3_ch02__cs150,aist__gWA_sBM_cAll_d27_mWA3_ch02__cs150,,Human3R,m0_strict_human3r,Camera-translation_m,3.3897984117590196,1.5910535298682202,1.7987448818907994
aist__gWA_sBM_cAll_d27_mWA3_ch02__cs150,aist__gWA_sBM_cAll_d27_mWA3_ch02__cs150,,Human3R,m0_strict_human3r,Coverage,0.98,1.0,0.020000000000000018
aist__gWA_sBM_cAll_d27_mWA3_ch02__cs150,aist__gWA_sBM_cAll_d27_mWA3_ch02__cs150,,BRIDGE3R,m15_bridge3r_fixed_v19,PA-MPJPE_mm,68.37946396324058,79.4832595021089,-11.103795538868312
aist__gWA_sBM_cAll_d27_mWA3_ch02__cs150,aist__gWA_sBM_cAll_d27_mWA3_ch02__cs150,,BRIDGE3R,m15_bridge3r_fixed_v19,Anchor-MPJPE_mm,950.9196952379375,438.6474968588816,512.2721983790559
aist__gWA_sBM_cAll_d27_mWA3_ch02__cs150,aist__gWA_sBM_cAll_d27_mWA3_ch02__cs150,,BRIDGE3R,m15_bridge3r_fixed_v19,Anchor-root_mm,896.0256907305311,257.9826923762935,638.0429983542376
aist__gWA_sBM_cAll_d27_mWA3_ch02__cs150,aist__gWA_sBM_cAll_d27_mWA3_ch02__cs150,,BRIDGE3R,m15_bridge3r_fixed_v19,Orientation_deg,17.838732992454524,32.742423780433576,-14.903690787979052
aist__gWA_sBM_cAll_d27_mWA3_ch02__cs150,aist__gWA_sBM_cAll_d27_mWA3_ch02__cs150,,BRIDGE3R,m15_bridge3r_fixed_v19,Seam-root_mm,430.4731554490648,244.40435442681527,186.06880102224952
aist__gWA_sBM_cAll_d27_mWA3_ch02__cs150,aist__gWA_sBM_cAll_d27_mWA3_ch02__cs150,,BRIDGE3R,m15_bridge3r_fixed_v19,Seam-orientation_deg,6.753951933675873,21.000407744813362,-14.246455811137489
aist__gWA_sBM_cAll_d27_mWA3_ch02__cs150,aist__gWA_sBM_cAll_d27_mWA3_ch02__cs150,,BRIDGE3R,m15_bridge3r_fixed_v19,Camera-rotation_deg,7.783738108396572,4.302504759142153,3.4812333492544196
aist__gWA_sBM_cAll_d27_mWA3_ch02__cs150,aist__gWA_sBM_cAll_d27_mWA3_ch02__cs150,,BRIDGE3R,m15_bridge3r_fixed_v19,Camera-translation_m,3.3897984117590196,1.9299731792537174,1.4598252325053023
aist__gWA_sBM_cAll_d27_mWA3_ch02__cs150,aist__gWA_sBM_cAll_d27_mWA3_ch02__cs150,,BRIDGE3R,m15_bridge3r_fixed_v19,Coverage,0.98,1.0,0.020000000000000018
aist__gWA_sBM_cAll_d27_mWA4_ch01__cs150,aist__gWA_sBM_cAll_d27_mWA4_ch01__cs150,,Human3R,m0_strict_human3r,PA-MPJPE_mm,80.99098762747644,80.6047932674874,0.38619435998904805
aist__gWA_sBM_cAll_d27_mWA4_ch01__cs150,aist__gWA_sBM_cAll_d27_mWA4_ch01__cs150,,Human3R,m0_strict_human3r,Anchor-MPJPE_mm,854.4988697753411,282.4798536068833,572.0190161684577
aist__gWA_sBM_cAll_d27_mWA4_ch01__cs150,aist__gWA_sBM_cAll_d27_mWA4_ch01__cs150,,Human3R,m0_strict_human3r,Anchor-root_mm,835.8212078647662,258.5004260292756,577.3207818354906
aist__gWA_sBM_cAll_d27_mWA4_ch01__cs150,aist__gWA_sBM_cAll_d27_mWA4_ch01__cs150,,Human3R,m0_strict_human3r,Orientation_deg,20.12901000341909,17.0730026674845,3.0560073359345914
aist__gWA_sBM_cAll_d27_mWA4_ch01__cs150,aist__gWA_sBM_cAll_d27_mWA4_ch01__cs150,,Human3R,m0_strict_human3r,Seam-root_mm,226.52124175418265,78.62864605503111,147.89259569915154
aist__gWA_sBM_cAll_d27_mWA4_ch01__cs150,aist__gWA_sBM_cAll_d27_mWA4_ch01__cs150,,Human3R,m0_strict_human3r,Seam-orientation_deg,4.394635592897167,7.605232946608507,-3.21059735371134
aist__gWA_sBM_cAll_d27_mWA4_ch01__cs150,aist__gWA_sBM_cAll_d27_mWA4_ch01__cs150,,Human3R,m0_strict_human3r,Camera-rotation_deg,7.707622555246873,6.50937462976222,1.1982479254846528
aist__gWA_sBM_cAll_d27_mWA4_ch01__cs150,aist__gWA_sBM_cAll_d27_mWA4_ch01__cs150,,Human3R,m0_strict_human3r,Camera-translation_m,2.4714366952921005,0.4939982417287179,1.9774384535633827
aist__gWA_sBM_cAll_d27_mWA4_ch01__cs150,aist__gWA_sBM_cAll_d27_mWA4_ch01__cs150,,Human3R,m0_strict_human3r,Coverage,0.98,1.0,0.020000000000000018
aist__gWA_sBM_cAll_d27_mWA4_ch01__cs150,aist__gWA_sBM_cAll_d27_mWA4_ch01__cs150,,BRIDGE3R,m15_bridge3r_fixed_v19,PA-MPJPE_mm,80.99098762747644,80.79854337693793,0.19244425053851444
aist__gWA_sBM_cAll_d27_mWA4_ch01__cs150,aist__gWA_sBM_cAll_d27_mWA4_ch01__cs150,,BRIDGE3R,m15_bridge3r_fixed_v19,Anchor-MPJPE_mm,854.4988697753411,195.49025164525924,659.0086181300818
aist__gWA_sBM_cAll_d27_mWA4_ch01__cs150,aist__gWA_sBM_cAll_d27_mWA4_ch01__cs150,,BRIDGE3R,m15_bridge3r_fixed_v19,Anchor-root_mm,835.8212078647662,167.07216840461732,668.7490394601489
aist__gWA_sBM_cAll_d27_mWA4_ch01__cs150,aist__gWA_sBM_cAll_d27_mWA4_ch01__cs150,,BRIDGE3R,m15_bridge3r_fixed_v19,Orientation_deg,20.12901000341909,16.790281516275748,3.3387284871433422
aist__gWA_sBM_cAll_d27_mWA4_ch01__cs150,aist__gWA_sBM_cAll_d27_mWA4_ch01__cs150,,BRIDGE3R,m15_bridge3r_fixed_v19,Seam-root_mm,226.52124175418265,311.71975030334914,-85.19850854916649
aist__gWA_sBM_cAll_d27_mWA4_ch01__cs150,aist__gWA_sBM_cAll_d27_mWA4_ch01__cs150,,BRIDGE3R,m15_bridge3r_fixed_v19,Seam-orientation_deg,4.394635592897167,8.665227652280606,-4.270592059383439
aist__gWA_sBM_cAll_d27_mWA4_ch01__cs150,aist__gWA_sBM_cAll_d27_mWA4_ch01__cs150,,BRIDGE3R,m15_bridge3r_fixed_v19,Camera-rotation_deg,7.707622555246873,1.0441373680503065,6.663485187196566
aist__gWA_sBM_cAll_d27_mWA4_ch01__cs150,aist__gWA_sBM_cAll_d27_mWA4_ch01__cs150,,BRIDGE3R,m15_bridge3r_fixed_v19,Camera-translation_m,2.4714366952921005,0.5939808251399129,1.8774558701521875
aist__gWA_sBM_cAll_d27_mWA4_ch01__cs150,aist__gWA_sBM_cAll_d27_mWA4_ch01__cs150,,BRIDGE3R,m15_bridge3r_fixed_v19,Coverage,0.98,1.0,0.020000000000000018
aist__gWA_sFM_cAll_d27_mWA0_ch15__cs150,aist__gWA_sFM_cAll_d27_mWA0_ch15__cs150,,Human3R,m0_strict_human3r,PA-MPJPE_mm,78.47863598589757,92.69234849549036,-14.213712509592796
aist__gWA_sFM_cAll_d27_mWA0_ch15__cs150,aist__gWA_sFM_cAll_d27_mWA0_ch15__cs150,,Human3R,m0_strict_human3r,Anchor-MPJPE_mm,306.0010828535205,326.9961518875295,-20.99506903400902
aist__gWA_sFM_cAll_d27_mWA0_ch15__cs150,aist__gWA_sFM_cAll_d27_mWA0_ch15__cs150,,Human3R,m0_strict_human3r,Anchor-root_mm,253.8936381939368,250.00670396490247,3.886934229034324
aist__gWA_sFM_cAll_d27_mWA0_ch15__cs150,aist__gWA_sFM_cAll_d27_mWA0_ch15__cs150,,Human3R,m0_strict_human3r,Orientation_deg,79.2103594978942,58.26554246111132,20.94481703678288
aist__gWA_sFM_cAll_d27_mWA0_ch15__cs150,aist__gWA_sFM_cAll_d27_mWA0_ch15__cs150,,Human3R,m0_strict_human3r,Seam-root_mm,246.349589373288,455.01588618601113,-208.66629681272312
aist__gWA_sFM_cAll_d27_mWA0_ch15__cs150,aist__gWA_sFM_cAll_d27_mWA0_ch15__cs150,,Human3R,m0_strict_human3r,Seam-orientation_deg,65.19888920486613,90.72784925799859,-25.52896005313245
aist__gWA_sFM_cAll_d27_mWA0_ch15__cs150,aist__gWA_sFM_cAll_d27_mWA0_ch15__cs150,,Human3R,m0_strict_human3r,Camera-rotation_deg,136.20231364624473,97.04616737188319,39.15614627436155
aist__gWA_sFM_cAll_d27_mWA0_ch15__cs150,aist__gWA_sFM_cAll_d27_mWA0_ch15__cs150,,Human3R,m0_strict_human3r,Camera-translation_m,9.122909570414013,7.114412891156492,2.0084966792575205
aist__gWA_sFM_cAll_d27_mWA0_ch15__cs150,aist__gWA_sFM_cAll_d27_mWA0_ch15__cs150,,Human3R,m0_strict_human3r,Coverage,0.9933333333333333,1.0,0.00666666666666671
aist__gWA_sFM_cAll_d27_mWA0_ch15__cs150,aist__gWA_sFM_cAll_d27_mWA0_ch15__cs150,,BRIDGE3R,m15_bridge3r_fixed_v19,PA-MPJPE_mm,78.47863598589757,92.57586428591996,-14.097228300022394
aist__gWA_sFM_cAll_d27_mWA0_ch15__cs150,aist__gWA_sFM_cAll_d27_mWA0_ch15__cs150,,BRIDGE3R,m15_bridge3r_fixed_v19,Anchor-MPJPE_mm,306.0010828535205,492.1203293810492,-186.11924652752873
aist__gWA_sFM_cAll_d27_mWA0_ch15__cs150,aist__gWA_sFM_cAll_d27_mWA0_ch15__cs150,,BRIDGE3R,m15_bridge3r_fixed_v19,Anchor-root_mm,253.8936381939368,409.4437771411387,-155.5501389472019
aist__gWA_sFM_cAll_d27_mWA0_ch15__cs150,aist__gWA_sFM_cAll_d27_mWA0_ch15__cs150,,BRIDGE3R,m15_bridge3r_fixed_v19,Orientation_deg,79.2103594978942,54.09413808682956,25.116221411064643
aist__gWA_sFM_cAll_d27_mWA0_ch15__cs150,aist__gWA_sFM_cAll_d27_mWA0_ch15__cs150,,BRIDGE3R,m15_bridge3r_fixed_v19,Seam-root_mm,246.349589373288,478.5121903770351,-232.16260100374708
aist__gWA_sFM_cAll_d27_mWA0_ch15__cs150,aist__gWA_sFM_cAll_d27_mWA0_ch15__cs150,,BRIDGE3R,m15_bridge3r_fixed_v19,Seam-orientation_deg,65.19888920486613,81.12147975965534,-15.92259055478921
aist__gWA_sFM_cAll_d27_mWA0_ch15__cs150,aist__gWA_sFM_cAll_d27_mWA0_ch15__cs150,,BRIDGE3R,m15_bridge3r_fixed_v19,Camera-rotation_deg,136.20231364624473,89.10571908953737,47.09659455670736
aist__gWA_sFM_cAll_d27_mWA0_ch15__cs150,aist__gWA_sFM_cAll_d27_mWA0_ch15__cs150,,BRIDGE3R,m15_bridge3r_fixed_v19,Camera-translation_m,9.122909570414013,6.785394661656785,2.3375149087572282
aist__gWA_sFM_cAll_d27_mWA0_ch15__cs150,aist__gWA_sFM_cAll_d27_mWA0_ch15__cs150,,BRIDGE3R,m15_bridge3r_fixed_v19,Coverage,0.9933333333333333,1.0,0.00666666666666671
